depth,row,col,tx,ty,tz,ik_err_m,isaac_tip_x,isaac_tip_y,isaac_tip_z,isaac_vs_target_m,joint_deviation_rad,self_collision,penetration_m,pocket_hit,pocket_pts,collision_pairs
0.215,2,0,0.2189,0.0782,0.2178,7e-05,0.2232,0.0732,0.2092,0.0108,0.05966,1,0.0,1,86,right_elbow_link|torso_link
0.14,3,0,0.144,-0.0219,0.1724,9e-05,0.1756,-0.0646,0.1643,0.0538,0.26583,1,0.00049,0,0,right_hand_base_link|torso_link
0.3037,4,0,0.3076,0.0348,0.0682,6e-05,0.3045,0.0261,0.0547,0.0163,0.07608,1,0.0,1,170,right_elbow_link|torso_link;right_shoulder_yaw_link|torso_link
0.2576,6,0,0.2615,0.0371,0.2003,6e-05,0.2605,0.0376,0.1958,0.0046,0.03386,1,0.0,1,94,right_elbow_link|torso_link
0.3325,8,0,0.3365,0.1187,-0.0547,7e-05,0.3843,0.0463,-0.0284,0.0907,0.25494,1,3e-05,1,26,right_shoulder_yaw_link|torso_link
0.1127,9,0,0.1167,-0.013,0.2029,8e-05,0.1565,-0.0612,0.2091,0.0628,0.31958,1,0.0003,0,0,right_hand_Link1_1|torso_link;right_hand_base_link|torso_link
0.2939,11,0,0.2979,-0.171,0.0816,6e-05,0.2979,-0.171,0.0816,0.0001,0.0,0,0.0,0,0,
0.4182,13,0,0.4222,0.053,-0.1202,0.03054,0.4446,0.0369,-0.0363,0.0884,0.33137,1,4e-05,0,0,right_shoulder_roll_link|torso_link;right_shoulder_yaw_link|torso_link
0.4655,14,0,0.4695,-0.2716,0.0646,7e-05,0.4694,-0.2716,0.0647,0.0001,0.0,0,0.0,0,0,
0.1797,15,0,0.1837,0.0357,0.1607,5e-05,0.1929,0.0218,0.1531,0.0183,0.0681,1,0.0,1,72,right_wrist_roll_link|torso_link
0.1677,19,0,0.1717,-0.0498,0.1783,7e-05,0.1728,-0.0522,0.1778,0.0027,0.01516,1,0.00057,0,0,right_hand_base_link|torso_link
0.4204,24,0,0.4243,-0.1882,0.0461,4e-05,0.4243,-0.1882,0.0461,0.0,0.0,0,0.0,0,0,
0.186,25,0,0.1899,-0.0019,0.0825,4e-05,0.1989,-0.0197,0.077,0.0206,0.04587,1,0.00018,1,637,right_hand_base_link|torso_link;right_wrist_pitch_link|torso_link;right_wrist_roll_link|torso_link;right_wrist_yaw_link|torso_link
0.0845,27,0,0.0884,-0.0051,0.2006,5e-05,0.1483,-0.0716,0.2175,0.0911,0.48713,1,0.0,0,0,right_hand_Link1_1|torso_link;right_hand_base_link|torso_link
0.241,28,0,0.245,-0.165,0.1533,6e-05,0.2451,-0.165,0.1533,0.0001,0.0,0,0.0,0,0,
0.2696,29,0,0.2736,0.1773,0.1581,5e-05,0.2836,0.1505,0.1184,0.049,0.20265,1,0.0,1,206,left_hand_base_link|right_hand_Link1_2;left_hand_base_link|right_hand_Link1_3;left_hand_base_link|right_hand_Link2_2;left_hand_base_link|right_hand_Link2_3;right_shoulder_yaw_link|torso_link
0.1388,30,0,0.1427,-0.0026,0.2108,8e-05,0.1699,-0.0204,0.2024,0.0336,0.14079,1,0.0,0,0,right_hand_base_link|torso_link
0.2314,31,0,0.2353,0.0933,0.157,6e-05,0.2551,0.0645,0.1394,0.0391,0.10207,1,3e-05,1,170,right_elbow_link|torso_link;right_wrist_roll_link|torso_link
0.5958,32,0,0.5997,-0.1151,0.1479,0.03903,0.5615,-0.1166,0.1551,0.0389,0.0,0,0.0,0,0,
0.1754,33,0,0.1794,-0.0829,0.2123,9e-05,0.1795,-0.0829,0.2124,0.0001,0.0,0,0.0,0,0,
0.0884,34,0,0.0924,-0.0018,0.1909,0.0001,0.154,-0.0692,0.203,0.0921,0.49231,1,5e-05,0,0,right_hand_Link1_1|torso_link;right_hand_base_link|torso_link
0.5255,40,0,0.5294,-0.3144,0.0156,0.03858,0.4963,-0.3034,0.0312,0.0382,0.0,0,0.0,0,0,
0.1656,43,0,0.1695,-0.0123,0.1423,0.0001,0.196,-0.0523,0.1362,0.0484,0.24279,1,0.0,0,0,right_hand_base_link|torso_link;right_wrist_pitch_link|torso_link;right_wrist_yaw_link|torso_link
0.1133,44,0,0.1172,-0.0035,0.1961,6e-05,0.1642,-0.055,0.1989,0.0698,0.35697,1,0.00125,0,0,right_hand_base_link|torso_link
0.3294,46,0,0.3333,0.1446,0.1821,9e-05,0.3501,0.1205,0.165,0.0339,0.17155,1,8e-05,1,20,right_shoulder_yaw_link|torso_link
0.4345,48,0,0.4384,-0.3063,0.1796,7e-05,0.4384,-0.3063,0.1796,0.0001,0.0,0,0.0,0,0,
0.1021,49,0,0.1061,0.0084,0.1838,5e-05,0.1703,-0.0624,0.1899,0.0958,0.5088,1,7e-05,0,0,right_hand_base_link|torso_link
0.4259,50,0,0.4298,0.0231,0.037,8e-05,0.4335,0.0072,0.0328,0.0168,0.0447,1,1e-05,1,34,right_shoulder_yaw_link|torso_link
0.1948,51,0,0.1987,-0.0573,0.0891,6e-05,0.1988,-0.0577,0.089,0.0004,0.00243,1,9e-05,1,284,right_hand_base_link|torso_link;right_wrist_roll_link|torso_link
0.2057,54,0,0.2096,-0.119,0.1895,5e-05,0.2097,-0.119,0.1895,0.0001,0.0,0,0.0,0,0,
0.4407,55,0,0.4446,0.0554,0.1596,5e-05,0.4471,0.0489,0.1576,0.0072,0.02096,1,2e-05,1,30,right_shoulder_roll_link|torso_link;right_shoulder_yaw_link|torso_link
0.3608,56,0,0.3647,-0.2398,0.21,4e-05,0.3648,-0.2398,0.21,0.0001,0.0,0,0.0,0,0,
0.1171,58,0,0.121,-0.0242,0.1623,6e-05,0.1583,-0.082,0.1616,0.0688,0.35423,1,7e-05,0,0,right_hand_Link1_1|torso_link;right_hand_base_link|torso_link
0.5236,60,0,0.5275,-0.3684,0.2739,0.00646,0.5217,-0.3657,0.2738,0.0064,0.0,0,0.0,0,0,
0.2122,61,0,0.2162,-0.0783,0.0687,4e-05,0.2162,-0.0783,0.0687,0.0001,0.0,1,0.0,1,210,right_wrist_roll_link|torso_link
0.0956,62,0,0.0996,-0.0081,0.199,0.0001,0.1507,-0.0687,0.212,0.0803,0.4261,1,0.00032,0,0,right_hand_Link1_1|torso_link;right_hand_base_link|torso_link
0.4698,63,0,0.4737,-0.1733,0.255,8e-05,0.4736,-0.1733,0.255,0.0001,0.0,0,0.0,0,0,
0.263,65,0,0.267,0.1004,0.1419,6e-05,0.2666,0.0927,0.1229,0.0205,0.12753,1,0.0,1,254,right_elbow_link|torso_link
0.159,66,0,0.1629,0.0539,0.1737,5e-05,0.1771,0.0374,0.1645,0.0237,0.08944,1,6e-05,1,58,right_wrist_roll_link|torso_link
0.2199,67,0,0.2238,-0.0954,0.1278,6e-05,0.2239,-0.0954,0.1278,0.0001,0.0,0,0.0,0,0,
0.4528,68,0,0.4567,-0.356,0.1375,5e-05,0.4567,-0.3559,0.1375,0.0001,0.0,0,0.0,0,0,
0.1521,69,0,0.1561,-0.0772,0.1199,8e-05,0.1609,-0.0932,0.1187,0.0167,0.0682,1,5e-05,0,0,right_hand_base_link|torso_link
0.3115,72,0,0.3155,0.1321,0.087,5e-05,0.3209,0.0973,0.0505,0.0507,0.20516,1,0.00024,1,222,left_hand_Link2_1|right_hand_Link2_2;left_hand_Link2_1|right_hand_Link2_3;right_shoulder_yaw_link|torso_link
0.1512,73,0,0.1552,0.0365,0.2089,8e-05,0.1657,0.0316,0.2013,0.0138,0.03918,1,0.00073,0,0,logo_link|right_hand_base_link;right_hand_base_link|torso_link;right_wrist_pitch_link|torso_link;right_wrist_roll_link|torso_link
0.1404,74,0,0.1444,0.0166,0.2063,5e-05,0.1685,0.0009,0.2025,0.0291,0.12972,1,0.0,0,0,right_hand_base_link|torso_link;right_wrist_roll_link|torso_link;right_wrist_yaw_link|torso_link
0.3047,76,0,0.3086,0.1255,0.1123,5e-05,0.314,0.0965,0.0743,0.0481,0.18151,1,0.0,1,250,right_shoulder_yaw_link|torso_link
0.262,77,0,0.2659,-0.0756,0.0125,8e-05,0.266,-0.0756,0.0124,0.0001,0.0,1,0.0,0,0,right_elbow_link|torso_link
0.2042,79,0,0.2082,-0.0282,0.2038,7e-05,0.2082,-0.0282,0.2038,0.0001,0.0,0,0.0,0,0,
0.2341,80,0,0.238,0.1013,0.2015,5e-05,0.2368,0.1011,0.1901,0.0115,0.09859,1,0.0,1,162,right_elbow_link|torso_link
0.2163,81,0,0.2203,-0.0944,0.1584,8e-05,0.2203,-0.0944,0.1584,0.0,0.0,0,0.0,0,0,
0.4902,82,0,0.4942,0.0651,0.1665,9e-05,0.4941,0.065,0.1665,0.0001,0.0,1,0.0,0,0,right_shoulder_roll_link|torso_link
0.2439,83,0,0.2479,0.145,0.1825,5e-05,0.2515,0.138,0.1634,0.0207,0.13503,1,0.0,1,216,right_elbow_link|torso_link;right_shoulder_yaw_link|torso_link
0.1581,84,0,0.1621,0.0611,0.144,4e-05,0.1782,0.0394,0.1307,0.0301,0.10584,1,0.0,1,134,right_wrist_pitch_link|torso_link;right_wrist_roll_link|torso_link
0.1803,86,0,0.1843,0.0321,0.1416,4e-05,0.1859,0.0234,0.1306,0.0141,0.04558,1,8e-05,1,89,right_wrist_pitch_link|torso_link;right_wrist_roll_link|torso_link
0.5582,88,0,0.5621,-0.3254,0.1181,0.03876,0.5267,-0.3134,0.1273,0.0385,0.0,0,0.0,0,0,
0.2045,89,0,0.2084,0.1234,0.1514,7e-05,0.2357,0.0894,0.1264,0.0503,0.12293,1,0.0,1,200,right_elbow_link|torso_link;right_wrist_roll_link|torso_link
0.1155,91,0,0.1194,0.02,0.1593,6e-05,0.1889,-0.0604,0.1525,0.1065,0.54008,1,0.0,0,0,right_hand_base_link|torso_link
0.4757,92,0,0.4796,0.0581,0.0881,8e-05,0.4796,0.0581,0.0881,0.0001,0.0,1,0.0,0,0,right_shoulder_roll_link|torso_link;right_shoulder_yaw_link|torso_link
0.0923,93,0,0.0962,0.0053,0.1945,7e-05,0.1602,-0.0618,0.2063,0.0935,0.49838,1,0.00041,0,0,right_hand_base_link|torso_link
0.1135,94,0,0.1175,0.0165,0.1752,8e-05,0.1857,-0.0611,0.1748,0.1034,0.54977,1,0.00019,0,0,right_hand_base_link|torso_link
0.1493,95,0,0.1533,0.0053,0.1964,5e-05,0.1682,-0.0069,0.1941,0.0194,0.08272,1,0.00011,0,0,right_hand_Link1_1|torso_link;right_hand_base_link|torso_link;right_wrist_yaw_link|torso_link
0.4871,97,0,0.491,0.1007,0.1101,0.0001,0.5111,0.0585,0.1143,0.0469,0.08673,1,0.0,0,0,right_shoulder_roll_link|torso_link
0.3768,99,0,0.3808,0.0121,0.0303,8e-05,0.3828,-0.0153,0.0166,0.0307,0.10751,1,0.0,0,0,right_shoulder_yaw_link|torso_link
0.4827,100,0,0.4867,0.1605,0.0811,0.02981,0.5193,0.0374,0.1015,0.129,0.22394,1,0.0,0,0,right_shoulder_roll_link|torso_link
0.3422,101,0,0.3462,-0.0314,0.0599,4e-05,0.3453,-0.037,0.0549,0.0076,0.04133,1,0.0,0,0,right_shoulder_yaw_link|torso_link
0.1285,102,0,0.1324,-0.0565,0.1611,8e-05,0.1512,-0.0994,0.1607,0.0469,0.23395,1,0.0,0,0,right_hand_Link1_1|torso_link;right_hand_base_link|torso_link
0.1959,104,0,0.1999,0.0379,0.177,4e-05,0.2104,0.023,0.1708,0.0193,0.06952,1,0.0,1,36,right_wrist_roll_link|torso_link
0.5319,107,0,0.5359,-0.1386,0.1841,7e-05,0.5358,-0.1386,0.1841,0.0001,0.0,0,0.0,0,0,
0.2459,108,0,0.2498,0.0563,0.0417,8e-05,0.2624,0.017,0.0232,0.0452,0.10725,1,5e-05,1,131,right_elbow_link|torso_link;right_wrist_roll_link|torso_link
0.1146,109,0,0.1185,0.0367,0.1742,5e-05,0.1673,-0.0034,0.1669,0.0636,0.21513,1,8e-05,0,0,right_hand_Link1_1|torso_link;right_hand_base_link|torso_link
0.5181,110,0,0.522,-0.3351,0.0928,0.01204,0.5114,-0.331,0.0963,0.0119,0.0,0,0.0,0,0,
0.1358,112,0,0.1398,0.049,0.1705,7e-05,0.162,0.0294,0.1646,0.0302,0.07986,1,0.00052,1,28,right_hand_base_link|torso_link;right_wrist_pitch_link|torso_link;right_wrist_roll_link|torso_link
0.4218,113,0,0.4257,0.1364,0.1349,7e-05,0.4484,0.0917,0.1209,0.0521,0.12553,1,0.0,0,0,right_shoulder_roll_link|torso_link;right_shoulder_yaw_link|torso_link
0.2192,115,0,0.2232,-0.0643,0.158,6e-05,0.2232,-0.0643,0.158,0.0,0.0,0,0.0,0,0,
0.2369,116,0,0.2409,-0.0647,0.1501,4e-05,0.2409,-0.0647,0.1501,0.0001,0.0,0,0.0,0,0,
0.5326,117,0,0.5365,-0.3244,0.194,0.0019,0.5348,-0.3237,0.1943,0.0019,0.0,0,0.0,0,0,
0.4593,118,0,0.4633,-0.1015,-0.0091,9e-05,0.4632,-0.1015,-0.0091,0.0001,0.0,0,0.0,0,0,
0.36,122,0,0.364,-0.3245,-0.0424,7e-05,0.3677,-0.3266,-0.03,0.0131,0.04694,0,0.0,0,0,
0.1671,124,0,0.1711,-0.0209,0.2153,5e-05,0.1738,-0.0225,0.2131,0.0039,0.01251,1,0.00035,0,0,right_hand_base_link|torso_link
0.1919,125,0,0.1958,0.1422,0.0885,8e-05,0.2306,0.1087,0.0753,0.05,0.14324,1,0.0,1,372,left_wrist_pitch_link|right_hand_Link2_2;right_elbow_link|torso_link;right_wrist_roll_link|torso_link
0.1719,126,0,0.1758,0.069,0.1561,3e-05,0.1947,0.0445,0.1414,0.0342,0.1153,1,0.0,1,138,right_wrist_roll_link|torso_link
0.2896,128,0,0.2936,0.138,-0.009,7e-05,0.312,0.0745,-0.0255,0.0682,0.26195,1,3e-05,1,184,right_shoulder_yaw_link|torso_link
0.4219,130,0,0.4259,0.156,-0.0354,0.0282,0.463,0.0332,-0.0254,0.1287,0.22435,1,0.0,0,0,right_shoulder_roll_link|torso_link
0.3721,131,0,0.376,-0.1025,0.2245,5e-05,0.3761,-0.1025,0.2245,0.0001,0.0,0,0.0,0,0,
0.1681,132,0,0.172,-0.0994,0.1603,0.0001,0.1721,-0.0994,0.1603,0.0001,0.0,0,0.0,0,0,
0.4246,135,0,0.4285,-0.2754,0.1043,5e-05,0.4285,-0.2754,0.1043,0.0,0.0,0,0.0,0,0,
0.335,136,0,0.3389,0.1222,0.1776,5e-05,0.3499,0.0958,0.143,0.0449,0.15974,1,0.0,1,32,right_shoulder_yaw_link|torso_link
0.139,137,0,0.143,0.0368,0.1816,9e-05,0.1633,0.0203,0.1777,0.0265,0.07495,1,0.00052,0,0,right_hand_Link1_1|torso_link;right_hand_base_link|torso_link;right_wrist_pitch_link|torso_link;right_wrist_roll_link|torso_link;right_wrist_yaw_link|torso_link
0.1065,138,0,0.1105,-0.0291,0.1833,5e-05,0.15,-0.0895,0.188,0.0723,0.37981,1,0.0002,0,0,right_hand_Link1_1|torso_link;right_hand_base_link|torso_link
0.2734,139,0,0.2774,0.1475,0.0366,4e-05,0.2844,0.1034,-0.0068,0.0623,0.2199,1,0.0,1,334,right_elbow_link|torso_link;right_shoulder_yaw_link|torso_link
0.4551,140,0,0.4591,0.1622,0.2595,0.0001,0.4997,0.0907,0.267,0.0826,0.169,1,0.0,0,0,right_shoulder_roll_link|torso_link
0.1518,141,0,0.1558,-0.013,0.1358,4e-05,0.1898,-0.0711,0.1282,0.0678,0.34434,1,0.0,0,0,right_hand_base_link|torso_link
0.0784,143,0,0.0824,-0.0012,0.1993,5e-05,0.149,-0.0681,0.2156,0.0958,0.51322,1,0.0,0,0,right_hand_Link1_1|torso_link;right_hand_base_link|torso_link
0.1015,144,0,0.1055,-0.0066,0.2039,9e-05,0.1537,-0.0631,0.2155,0.0752,0.39271,1,8e-05,0,0,right_hand_Link1_1|torso_link;right_hand_base_link|torso_link
0.3212,145,0,0.3251,0.0411,0.2163,3e-05,0.3265,0.0363,0.204,0.0132,0.07256,1,0.0,1,68,right_shoulder_yaw_link|torso_link
0.5289,146,0,0.5329,-0.2985,0.2067,9e-05,0.5328,-0.2985,0.2067,0.0001,0.0,0,0.0,0,0,
0.3039,147,0,0.3078,-0.2032,0.2329,5e-05,0.3079,-0.2032,0.2329,0.0001,0.0,0,0.0,0,0,
0.2179,148,0,0.2219,-0.0687,0.1046,5e-05,0.222,-0.0687,0.1046,0.0001,0.0,0,0.0,1,36,
0.1705,149,0,0.1744,-0.0588,0.1816,7e-05,0.1745,-0.0588,0.1816,0.0001,0.0,1,0.0,0,0,right_hand_base_link|torso_link
0.3949,151,0,0.3989,-0.0952,0.2326,0.0001,0.3988,-0.0952,0.2326,0.0001,0.0,0,0.0,0,0,
0.077,152,0,0.081,0.0004,0.1994,5e-05,0.1487,-0.0662,0.2163,0.0964,0.51599,1,1e-05,0,0,right_hand_Link1_1|torso_link;right_hand_base_link|torso_link
0.294,154,0,0.2979,0.1791,-0.0157,6e-05,0.3496,0.0906,-0.0302,0.1035,0.33105,1,2e-05,1,102,right_shoulder_yaw_link|torso_link
0.251,155,0,0.255,-0.007,0.1451,9e-05,0.2575,-0.0131,0.1431,0.0069,0.02276,1,0.0,1,84,right_elbow_link|torso_link;right_wrist_roll_link|torso_link
0.3591,157,0,0.3631,-0.0879,-0.0815,8e-05,0.3819,-0.0941,-0.0225,0.0622,0.26812,1,0.0,0,0,right_shoulder_yaw_link|torso_link
0.5369,160,0,0.5409,-0.0351,0.2417,0.0001,0.5408,-0.0351,0.2417,0.0001,0.0,0,0.0,0,0,
0.4654,161,0,0.4694,0.1361,0.1599,9e-05,0.4966,0.0851,0.1602,0.0578,0.11567,1,0.0,0,0,right_shoulder_roll_link|torso_link
0.3118,162,0,0.3157,-0.2033,0.2212,5e-05,0.3158,-0.2034,0.2212,0.0001,0.0,0,0.0,0,0,
0.605,163,0,0.609,-0.1786,0.1518,0.04834,0.5615,-0.1755,0.1603,0.0483,0.0,0,0.0,0,0,
0.1429,164,0,0.1468,-0.0125,0.2073,9e-05,0.1696,-0.0303,0.2004,0.0298,0.12596,1,0.00012,0,0,right_hand_base_link|torso_link
0.177,166,0,0.181,0.073,0.2038,3e-05,0.2053,0.0488,0.1966,0.035,0.12259,1,0.0,1,94,right_elbow_link|torso_link;right_wrist_roll_link|torso_link
0.301,167,0,0.3049,-0.0339,0.1406,6e-05,0.305,-0.0339,0.1406,0.0001,0.0,1,0.0,1,6,right_elbow_link|torso_link;right_shoulder_yaw_link|torso_link
0.3246,169,0,0.3286,-0.1626,0.2375,4e-05,0.3286,-0.1626,0.2375,0.0,0.0,0,0.0,0,0,
0.4596,171,0,0.4635,-0.015,0.2105,5e-05,0.4635,-0.015,0.2105,0.0,0.0,0,0.0,0,0,
0.1826,173,0,0.1866,-0.0192,0.1861,0.0001,0.1866,-0.0192,0.1861,0.0001,0.0,1,0.0,0,0,right_wrist_roll_link|torso_link
0.4308,174,0,0.4348,-0.2565,-0.0835,0.0001,0.4654,-0.2463,-0.0386,0.0554,0.22684,0,0.00037,0,0,
0.4025,176,0,0.4065,-0.1223,0.1823,4e-05,0.4064,-0.1223,0.1823,0.0001,0.0,0,0.0,0,0,
0.6115,177,0,0.6154,-0.1586,0.1925,0.04797,0.5678,-0.157,0.1976,0.0479,0.0,0,0.0,0,0,
0.1819,178,0,0.1859,-0.0602,0.2046,6e-05,0.1859,-0.0601,0.2046,0.0001,0.0,0,0.0,0,0,
0.1546,179,0,0.1586,0.1002,0.1198,0.0001,0.1908,0.0596,0.0949,0.0575,0.17415,1,0.0,1,584,right_wrist_pitch_link|torso_link;right_wrist_roll_link|torso_link
0.0843,180,0,0.0882,-0.0058,0.197,5e-05,0.1487,-0.0739,0.2131,0.0925,0.49526,1,0.0,0,0,right_hand_Link1_1|torso_link;right_hand_base_link|torso_link
0.1374,184,0,0.1414,-0.0223,0.183,4e-05,0.1726,-0.0634,0.178,0.0518,0.25832,1,0.0,0,0,right_hand_base_link|torso_link
0.6135,185,0,0.6175,-0.1901,0.248,0.04853,0.5692,-0.1858,0.2488,0.0485,0.0,0,0.0,0,0,
0.5369,187,0,0.5409,-0.351,0.0566,0.04562,0.5013,-0.3354,0.0718,0.0452,0.0,0,0.0,0,0,
0.4036,190,0,0.4076,-0.2356,0.2252,6e-05,0.4075,-0.2356,0.2252,0.0001,0.0,0,0.0,0,0,
0.2193,192,0,0.2232,-0.055,0.0978,4e-05,0.2233,-0.055,0.0978,0.0001,0.0,1,0.0,1,103,right_wrist_roll_link|torso_link
0.2578,193,0,0.2617,-0.1138,0.0948,3e-05,0.2618,-0.1138,0.0948,0.0001,0.0,0,0.0,0,0,
0.4067,194,0,0.4107,0.0024,0.1796,4e-05,0.4113,-0.0001,0.1784,0.0029,0.01335,1,1e-05,1,6,right_shoulder_yaw_link|torso_link
0.1172,196,0,0.1211,-0.0143,0.1801,6e-05,0.1629,-0.0719,0.1835,0.0712,0.37102,1,0.00046,0,0,right_hand_base_link|torso_link
0.3707,198,0,0.3746,-0.3263,-0.0967,0.0001,0.4086,-0.3288,-0.0303,0.0747,0.31792,0,0.0,0,0,
0.0768,199,0,0.0808,-0.0004,0.2001,5e-05,0.1507,-0.0599,0.2075,0.0922,0.4824,1,0.0,0,0,right_hand_Link1_1|torso_link;right_hand_base_link|torso_link
0.2868,202,0,0.2908,-0.0564,0.0187,7e-05,0.2909,-0.0564,0.0187,0.0001,0.0,1,0.0,0,0,right_elbow_link|torso_link;right_shoulder_yaw_link|torso_link
0.2355,204,0,0.2394,0.0411,0.0463,8e-05,0.2552,-0.0004,0.032,0.0467,0.12665,1,0.0,1,94,right_elbow_link|torso_link;right_wrist_roll_link|torso_link
0.3582,206,0,0.3621,-0.0524,0.1482,3e-05,0.3621,-0.0539,0.1466,0.0022,0.01727,1,0.0,0,0,right_shoulder_yaw_link|torso_link
0.3739,207,0,0.3779,0.0064,0.0239,6e-05,0.3794,-0.021,0.0105,0.0305,0.10794,1,0.0,0,0,right_shoulder_yaw_link|torso_link
0.2528,209,0,0.2567,-0.0396,0.2028,3e-05,0.2568,-0.0396,0.2028,0.0001,0.0,0,0.0,0,0,
0.5872,210,0,0.5912,-0.1475,0.1741,0.02597,0.5655,-0.147,0.1778,0.026,0.0,0,0.0,0,0,
0.4481,211,0,0.4521,-0.0344,-0.0217,0.0001,0.452,-0.0344,-0.0217,0.0001,0.0,0,0.0,0,0,
0.2055,214,0,0.2095,0.0498,0.1741,0.0001,0.2254,0.0282,0.1668,0.0278,0.09413,1,0.0,1,62,right_elbow_link|torso_link;right_wrist_roll_link|torso_link
0.1103,215,0,0.1142,-0.0093,0.191,7e-05,0.1607,-0.0656,0.1955,0.0732,0.38004,1,0.00034,0,0,right_hand_base_link|torso_link
0.4277,216,0,0.4317,0.1788,0.213,8e-05,0.4757,0.1095,0.2066,0.0823,0.17912,1,0.0,0,0,right_shoulder_roll_link|torso_link
0.3783,217,0,0.3823,-0.0333,0.1336,5e-05,0.3827,-0.0387,0.1299,0.0066,0.03839,1,0.0,0,0,right_shoulder_yaw_link|torso_link
0.0834,218,0,0.0873,-0.0018,0.1998,5e-05,0.149,-0.0686,0.2175,0.0926,0.49606,1,0.0,0,0,right_hand_Link1_1|torso_link;right_hand_base_link|torso_link
0.1952,219,0,0.1991,-0.1038,0.2004,6e-05,0.1992,-0.1038,0.2004,0.0001,0.0,0,0.0,0,0,
0.1242,220,0,0.1281,-0.0257,0.1467,5e-05,0.162,-0.083,0.1418,0.0668,0.34112,1,0.0,0,0,right_hand_Link1_1|torso_link;right_hand_base_link|torso_link
0.1009,221,0,0.1049,0.006,0.1783,6e-05,0.169,-0.0664,0.1827,0.0968,0.51779,1,0.00017,0,0,right_hand_base_link|torso_link
0.2034,225,0,0.2073,-0.1173,0.1972,5e-05,0.2074,-0.1173,0.1973,0.0001,0.0,0,0.0,0,0,
0.1378,226,0,0.1418,0.0113,0.2053,6e-05,0.1685,-0.0071,0.2008,0.0327,0.14728,1,0.0,0,0,right_hand_Link1_1|torso_link;right_hand_base_link|torso_link;right_wrist_yaw_link|torso_link
0.2263,227,0,0.2302,-0.0256,0.0331,9e-05,0.2306,-0.0318,0.0301,0.0069,0.01877,1,0.0,1,99,right_elbow_link|torso_link;right_wrist_pitch_link|torso_link;right_wrist_roll_link|torso_link
0.2285,228,0,0.2325,0.1021,0.1231,7e-05,0.2589,0.0584,0.0977,0.057,0.14139,1,0.0,1,196,right_elbow_link|torso_link;right_wrist_roll_link|torso_link
0.3012,230,0,0.3052,0.1977,0.0786,7e-05,0.3165,0.1486,0.0759,0.0504,0.29867,1,0.03557,1,114,left_hand_Link1_1|right_hand_Link2_2;left_hand_Link1_1|right_hand_Link2_3;left_hand_base_link|right_hand_Link2_2;left_hand_base_link|right_hand_Link2_3;right_shoulder_yaw_link|torso_link
0.1885,231,0,0.1925,-0.0645,0.1593,4e-05,0.1925,-0.0645,0.1593,0.0001,0.0,0,0.0,0,0,
0.1902,232,0,0.1942,0.0633,0.1946,3e-05,0.2142,0.0407,0.1876,0.031,0.10736,1,0.0,1,78,right_elbow_link|torso_link;right_wrist_roll_link|torso_link
0.4089,233,0,0.4128,0.1629,0.1617,8e-05,0.4445,0.1083,0.1426,0.066,0.15833,1,0.0,0,0,right_shoulder_roll_link|torso_link;right_shoulder_yaw_link|torso_link
0.3024,234,0,0.3064,-0.0114,0.2262,5e-05,0.3064,-0.0114,0.2254,0.0008,0.00507,1,0.0,1,2,right_shoulder_yaw_link|torso_link
0.2418,235,0,0.2458,-0.1826,0.0307,3e-05,0.2458,-0.1827,0.0307,0.0001,0.0,0,0.0,0,0,
0.1296,236,0,0.1336,0.0361,0.1942,4e-05,0.1629,0.0171,0.1907,0.0351,0.14358,1,0.00122,0,0,right_hand_Link1_1|torso_link;right_hand_base_link|torso_link;right_wrist_pitch_link|torso_link;right_wrist_roll_link|torso_link;right_wrist_yaw_link|torso_link
0.4704,238,0,0.4743,0.0407,0.0367,0.0001,0.4742,0.0407,0.0367,0.0001,0.0,1,0.0,0,0,right_shoulder_roll_link|torso_link;right_shoulder_yaw_link|torso_link
0.4916,239,0,0.4956,-0.1919,-0.0555,0.01879,0.4838,-0.1891,-0.0398,0.0199,0.0137,0,0.0,0,0,
0.4622,240,0,0.4661,-0.065,0.2212,8e-05,0.466,-0.0651,0.2212,0.0001,0.0,0,0.0,0,0,
0.167,241,0,0.1709,-0.0287,0.2024,6e-05,0.1729,-0.0306,0.2007,0.0033,0.0124,1,0.00057,0,0,right_hand_base_link|torso_link
0.5365,242,0,0.5405,-0.1275,0.1024,0.0001,0.5404,-0.1275,0.1024,0.0001,0.0,0,0.0,0,0,
0.4189,243,0,0.4229,0.1732,0.003,0.01691,0.4714,0.0531,0.004,0.1295,0.26041,1,0.0,0,0,right_shoulder_roll_link|torso_link
0.2621,244,0,0.266,0.1412,0.1828,5e-05,0.2702,0.1289,0.1517,0.0337,0.14255,1,0.0,1,198,right_elbow_link|torso_link;right_shoulder_yaw_link|torso_link
0.1913,245,0,0.1953,0.0417,0.2109,4e-05,0.2039,0.0315,0.2069,0.0139,0.05237,1,0.0,1,30,right_elbow_link|torso_link;right_wrist_roll_link|torso_link
0.4315,246,0,0.4354,-0.0253,0.1866,9e-05,0.4354,-0.0253,0.1866,0.0001,0.0,0,0.0,0,0,
0.1742,247,0,0.1781,0.0174,0.171,7e-05,0.183,0.0099,0.167,0.0099,0.03999,1,0.0,1,6,right_wrist_roll_link|torso_link
0.3795,249,0,0.3835,-0.0696,-0.1126,9e-05,0.4206,-0.0671,-0.0245,0.0956,0.41246,1,0.0,0,0,right_shoulder_yaw_link|torso_link
0.1436,251,0,0.1476,-0.0029,0.185,6e-05,0.181,-0.0374,0.1787,0.0484,0.23689,1,0.00038,0,0,right_hand_base_link|torso_link
0.3212,252,0,0.3252,0.1751,0.1394,6e-05,0.3586,0.1365,0.1318,0.0516,0.21111,1,0.00058,1,36,left_hand_base_link|right_hand_Link2_2;left_hand_base_link|right_hand_Link2_3;right_shoulder_yaw_link|torso_link
0.3225,253,0,0.3264,-0.1383,0.2162,4e-05,0.3265,-0.1383,0.2162,0.0001,0.0,0,0.0,0,0,
0.3459,254,0,0.3498,0.1913,0.182,9e-05,0.3873,0.1436,0.1635,0.0634,0.22122,1,4e-05,1,12,right_shoulder_roll_link|torso_link;right_shoulder_yaw_link|torso_link
0.1545,255,0,0.1585,-0.0548,0.2044,5e-05,0.1613,-0.0616,0.2046,0.0074,0.0356,1,0.00111,0,0,right_hand_base_link|torso_link
0.1026,256,0,0.1066,-0.0117,0.1898,9e-05,0.1547,-0.0726,0.1983,0.078,0.40973,1,0.00018,0,0,right_hand_Link1_1|torso_link;right_hand_base_link|torso_link
0.2474,258,0,0.2513,-0.1993,0.082,4e-05,0.2514,-0.1993,0.082,0.0001,0.0,0,0.0,0,0,
0.1048,259,0,0.1088,-0.0188,0.1874,0.0001,0.1523,-0.0772,0.1939,0.0732,0.38577,1,0.0,0,0,right_hand_Link1_1|torso_link;right_hand_base_link|torso_link
0.4599,261,0,0.4639,0.1153,-0.0445,0.04149,0.4662,0.0272,-0.024,0.0905,0.14259,1,0.0,0,0,right_shoulder_roll_link|torso_link
0.1213,263,0,0.1253,0.0375,0.1814,4e-05,0.1741,0.0002,0.1778,0.0615,0.26823,1,0.0,0,0,right_hand_base_link|torso_link;right_wrist_yaw_link|torso_link
0.2646,264,0,0.2686,0.1005,0.0631,8e-05,0.2678,0.082,0.0388,0.0306,0.15725,1,0.0001,1,288,right_elbow_link|torso_link;right_wrist_roll_link|torso_link
0.4314,265,0,0.4354,-0.2665,-0.0358,9e-05,0.4353,-0.2665,-0.0357,0.0001,0.0,0,0.0,0,0,
0.3513,267,0,0.3552,-0.0661,0.2318,9e-05,0.3553,-0.0661,0.2318,0.0001,0.0,1,0.0,0,0,right_shoulder_yaw_link|torso_link
0.2987,268,0,0.3027,0.0155,0.1256,6e-05,0.3012,0.0134,0.1191,0.007,0.04009,1,0.0,1,146,right_elbow_link|torso_link;right_shoulder_yaw_link|torso_link
0.1529,271,0,0.1569,0.0652,0.2135,4e-05,0.1753,0.049,0.2073,0.0253,0.09743,1,0.0,1,18,right_wrist_roll_link|torso_link
0.1293,272,0,0.1333,-0.0018,0.1939,9e-05,0.1784,-0.0427,0.1829,0.0618,0.30278,1,7e-05,0,0,right_hand_base_link|torso_link
0.1693,273,0,0.1732,-0.082,0.1754,9e-05,0.1733,-0.082,0.1754,0.0001,0.0,0,0.0,0,0,
0.4946,275,0,0.4986,-0.3272,0.2298,7e-05,0.4985,-0.3271,0.2298,0.0001,0.0,0,0.0,0,0,
0.3241,276,0,0.328,0.0809,0.1547,4e-05,0.3302,0.0653,0.129,0.0302,0.12473,1,0.0,1,122,right_shoulder_yaw_link|torso_link
0.2275,277,0,0.2314,0.0135,0.0842,9e-05,0.2379,-0.0064,0.0757,0.0226,0.06708,1,1e-05,1,96,right_wrist_roll_link|torso_link
0.4235,278,0,0.4275,0.0276,0.107,9e-05,0.4305,0.0156,0.1025,0.0132,0.04263,1,0.0,1,18,right_shoulder_yaw_link|torso_link
0.5624,279,0,0.5663,-0.0513,0.2657,0.00215,0.5642,-0.0516,0.2657,0.0021,0.0,0,0.0,0,0,
0.3475,280,0,0.3514,-0.0721,0.2099,3e-05,0.3515,-0.0721,0.2099,0.0001,0.0,1,0.0,0,0,right_shoulder_yaw_link|torso_link
0.2922,281,0,0.2962,-0.2159,0.0013,5e-05,0.2962,-0.2159,0.0013,0.0,0.0,0,0.0,0,0,
0.5691,283,0,0.5731,-0.1647,0.0822,0.02916,0.5454,-0.1635,0.0908,0.0291,0.0,0,0.0,0,0,
0.4617,285,0,0.4657,-0.0173,0.1279,0.0001,0.4656,-0.0173,0.1279,0.0001,0.0,0,0.0,1,2,
0.2118,286,0,0.2157,0.0311,0.1668,3e-05,0.2254,0.0157,0.1612,0.019,0.06549,1,0.0,1,80,right_elbow_link|torso_link;right_wrist_roll_link|torso_link
0.3471,287,0,0.351,-0.1432,0.2094,3e-05,0.351,-0.1432,0.2094,0.0001,0.0,0,0.0,0,0,
0.1162,288,0,0.1201,0.0061,0.1555,8e-05,0.1805,-0.0723,0.1494,0.0991,0.52548,1,0.00037,0,0,right_hand_base_link|torso_link
0.2154,291,0,0.2194,0.0884,0.1658,7e-05,0.2403,0.0588,0.1464,0.0411,0.11296,1,0.0,1,206,right_elbow_link|torso_link;right_wrist_roll_link|torso_link
0.3385,292,0,0.3425,0.0144,-0.0153,9e-05,0.3398,-0.0071,-0.0264,0.0243,0.11281,1,3e-05,0,0,right_shoulder_yaw_link|torso_link
0.1798,293,0,0.1837,-0.1272,0.0994,4e-05,0.1838,-0.1272,0.0993,0.0001,0.0,0,0.0,0,0,
0.2659,294,0,0.2699,0.1594,0.086,8e-05,0.272,0.1285,0.0991,0.0336,0.22293,1,1e-05,1,350,left_hand_base_link|right_hand_Link2_2;left_hand_base_link|right_hand_Link2_3;right_elbow_link|torso_link;right_shoulder_yaw_link|torso_link
0.3802,296,0,0.3842,0.153,0.0686,8e-05,0.424,0.0929,0.0662,0.0722,0.19989,1,0.0,1,18,left_hand_Link1_2|right_hand_Link2_2;left_hand_Link1_3|right_hand_Link2_2;right_shoulder_yaw_link|torso_link
0.3525,297,0,0.3565,-0.1695,0.1328,0.0001,0.3566,-0.1695,0.1328,0.0001,0.0,0,0.0,0,0,
0.1792,300,0,0.1832,-0.089,0.1197,4e-05,0.1832,-0.089,0.1197,0.0001,0.0,0,0.0,0,0,
0.3335,303,0,0.3374,-0.2441,0.1278,3e-05,0.3375,-0.2441,0.1278,0.0001,0.0,0,0.0,0,0,
0.2825,305,0,0.2865,0.1089,0.1865,4e-05,0.2882,0.0987,0.1587,0.0297,0.11625,1,0.0,1,174,right_elbow_link|torso_link;right_shoulder_yaw_link|torso_link
0.1829,306,0,0.1869,0.0425,0.1688,4e-05,0.1995,0.0255,0.1614,0.0224,0.08167,1,0.0,1,70,right_wrist_roll_link|torso_link
0.1566,307,0,0.1606,0.0548,0.1834,5e-05,0.1738,0.0402,0.1744,0.0216,0.0829,1,0.0,1,20,right_wrist_roll_link|torso_link
0.3903,310,0,0.3943,0.0341,0.1719,6e-05,0.3975,0.023,0.1638,0.0141,0.06159,1,0.0,1,10,right_shoulder_yaw_link|torso_link
0.4924,311,0,0.4964,-0.264,0.1589,6e-05,0.4963,-0.264,0.1589,0.0001,0.0,0,0.0,0,0,
0.4366,312,0,0.4405,0.0145,0.0608,7e-05,0.4421,0.008,0.0593,0.0069,0.01862,1,0.0,1,46,right_shoulder_yaw_link|torso_link
0.1888,313,0,0.1928,0.0068,0.2003,6e-05,0.1938,0.0054,0.1993,0.002,0.00993,1,2e-05,0,0,right_wrist_roll_link|torso_link
0.3854,315,0,0.3893,-0.2684,0.1582,5e-05,0.3893,-0.2684,0.1582,0.0,0.0,0,0.0,0,0,
0.3834,316,0,0.3874,-0.0402,0.2149,6e-05,0.3874,-0.0402,0.215,0.0001,0.0,1,0.0,0,0,right_shoulder_yaw_link|torso_link
0.2595,317,0,0.2635,-0.04,0.1512,9e-05,0.2636,-0.0399,0.1512,0.0001,0.0,1,0.0,1,8,right_elbow_link|torso_link;right_wrist_roll_link|torso_link
0.4092,318,0,0.4132,0.1596,0.236,7e-05,0.4407,0.1177,0.2233,0.0518,0.13343,1,0.0,0,0,right_shoulder_roll_link|torso_link;right_shoulder_yaw_link|torso_link
0.3326,320,0,0.3366,-0.2012,0.1529,4e-05,0.3366,-0.2012,0.1529,0.0,0.0,0,0.0,0,0,
0.2305,321,0,0.2344,0.1195,0.0286,3e-05,0.2473,0.0992,0.017,0.0267,0.17971,1,2e-05,1,366,right_elbow_link|torso_link;right_wrist_roll_link|torso_link
0.1315,323,0,0.1355,0.0205,0.1987,5e-05,0.1698,-0.0028,0.1942,0.0417,0.2003,1,0.00048,0,0,right_hand_Link1_1|torso_link;right_hand_base_link|torso_link;right_wrist_yaw_link|torso_link
0.1818,324,0,0.1857,-0.0132,0.2033,9e-05,0.1858,-0.0132,0.2033,0.0001,0.0,1,0.0,0,0,right_wrist_roll_link|torso_link
0.43,325,0,0.4339,-0.1926,-0.1169,0.00627,0.4751,-0.1901,-0.0331,0.0934,0.39722,0,0.0,0,0,
0.3096,326,0,0.3136,-0.258,0.0113,4e-05,0.3136,-0.258,0.0113,0.0,0.0,0,0.0,0,0,
0.5312,327,0,0.5352,0.1226,0.196,0.02904,0.544,0.0299,0.2196,0.0961,0.16242,1,0.0,0,0,right_shoulder_roll_link|torso_link
0.3461,328,0,0.35,-0.0037,-0.0451,6e-05,0.3574,-0.0297,-0.0246,0.034,0.14832,1,0.0,0,0,right_shoulder_yaw_link|torso_link
0.3918,329,0,0.3958,-0.275,-0.0078,9e-05,0.3957,-0.275,-0.0077,0.0001,0.0,0,0.0,0,0,
0.078,330,0,0.082,-0.0011,0.1987,5e-05,0.1484,-0.0701,0.2173,0.0976,0.52404,1,0.0,0,0,right_hand_Link1_1|torso_link;right_hand_base_link|torso_link
0.3743,331,0,0.3783,-0.1693,0.2234,4e-05,0.3783,-0.1693,0.2234,0.0,0.0,0,0.0,0,0,
0.1811,332,0,0.1851,0.0034,0.1245,5e-05,0.1886,-0.0035,0.1216,0.0082,0.0278,1,0.00029,1,37,right_hand_base_link|torso_link;right_wrist_pitch_link|torso_link;right_wrist_roll_link|torso_link;right_wrist_yaw_link|torso_link
0.2566,333,0,0.2606,-0.0855,0.0624,9e-05,0.2607,-0.0855,0.0624,0.0001,0.0,0,0.0,0,0,
0.5033,334,0,0.5072,-0.0699,0.0956,8e-05,0.5071,-0.0699,0.0956,0.0001,0.0,0,0.0,0,0,
0.1582,335,0,0.1622,-0.0758,0.1619,4e-05,0.163,-0.0787,0.1617,0.003,0.01655,1,0.00076,0,0,right_hand_base_link|torso_link
0.1548,336,0,0.1587,-0.0381,0.177,8e-05,0.1725,-0.0622,0.1774,0.0278,0.1316,1,0.00038,0,0,right_hand_base_link|torso_link
0.2506,337,0,0.2545,0.0613,0.1138,7e-05,0.266,0.0353,0.0985,0.0323,0.07808,1,4e-05,1,196,right_elbow_link|torso_link;right_wrist_roll_link|torso_link
0.2812,338,0,0.2851,0.133,0.2261,3e-05,0.293,0.1203,0.1927,0.0366,0.13709,1,0.0,1,80,right_shoulder_yaw_link|torso_link
0.2965,339,0,0.3005,-0.1011,0.1635,7e-05,0.3006,-0.101,0.1635,0.0001,0.0,0,0.0,0,0,
0.3555,341,0,0.3594,-0.239,-0.0853,6e-05,0.3814,-0.2348,-0.0211,0.068,0.29185,0,0.0,0,0,
0.1887,342,0,0.1926,0.0081,0.1222,5e-05,0.1937,0.0023,0.1169,0.0079,0.02709,1,0.0,1,73,right_wrist_pitch_link|torso_link;right_wrist_roll_link|torso_link;right_wrist_yaw_link|torso_link
0.0891,343,0,0.0931,0.0119,0.1954,7e-05,0.1641,-0.0547,0.2047,0.0978,0.5179,1,0.0,0,0,right_hand_base_link|torso_link
0.2856,346,0,0.2895,0.0383,0.2086,5e-05,0.2893,0.0377,0.2034,0.0053,0.02836,1,0.0,1,114,right_elbow_link|torso_link;right_shoulder_yaw_link|torso_link
0.3558,347,0,0.3597,0.1698,-0.0483,0.00019,0.3978,0.1177,-0.0337,0.0662,0.29511,1,0.0,0,0,left_hand_Link1_2|right_hand_base_link;left_hand_Link1_3|right_hand_base_link;left_hand_Link2_1|right_hand_base_link;right_shoulder_roll_link|torso_link;right_shoulder_yaw_link|torso_link
0.3502,349,0,0.3541,-0.2625,0.1764,6e-05,0.3542,-0.2626,0.1764,0.0001,0.0,0,0.0,0,0,
0.3071,350,0,0.3111,-0.0915,0.2177,6e-05,0.3111,-0.0915,0.2178,0.0001,0.0,0,0.0,0,0,
0.2379,352,0,0.2419,0.0138,0.2006,9e-05,0.2428,0.0123,0.1993,0.0022,0.00964,1,4e-05,1,76,right_elbow_link|torso_link;right_wrist_roll_link|torso_link
0.5384,353,0,0.5424,-0.3829,0.1996,0.02861,0.5167,-0.3711,0.2027,0.0284,0.0,0,0.0,0,0,
0.4001,354,0,0.404,-0.2475,0.1633,5e-05,0.404,-0.2475,0.1633,0.0,0.0,0,0.0,0,0,
0.1616,355,0,0.1656,-0.0045,0.1135,8e-05,0.201,-0.0607,0.1042,0.0671,0.33878,1,5e-05,1,27,right_hand_base_link|torso_link;right_wrist_pitch_link|torso_link;right_wrist_yaw_link|torso_link
0.1355,356,0,0.1395,0.0168,0.1659,5e-05,0.1909,-0.04,0.1607,0.0768,0.39779,1,9e-05,0,0,right_hand_base_link|torso_link;right_wrist_yaw_link|torso_link
0.1957,358,0,0.1996,-0.0191,0.093,4e-05,0.2006,-0.0232,0.091,0.0046,0.01519,1,0.0,1,470,right_hand_base_link|torso_link;right_wrist_pitch_link|torso_link;right_wrist_roll_link|torso_link;right_wrist_yaw_link|torso_link
0.4156,360,0,0.4196,-0.1793,-0.0235,9e-05,0.4195,-0.1793,-0.0235,0.0001,0.0,0,0.0,0,0,
0.4905,361,0,0.4945,-0.2262,0.1465,6e-05,0.4944,-0.2262,0.1465,0.0001,0.0,0,0.0,0,0,
0.2795,364,0,0.2835,-0.0406,0.1444,7e-05,0.2836,-0.0406,0.1444,0.0001,0.0,1,0.0,0,0,right_elbow_link|torso_link
0.5186,366,0,0.5225,-0.2155,0.2123,0.0001,0.5224,-0.2155,0.2123,0.0001,0.0,0,0.0,0,0,
0.2219,367,0,0.2258,-0.038,0.0366,3e-05,0.2261,-0.0423,0.0346,0.0048,0.01307,1,0.0,1,243,right_elbow_link|torso_link;right_wrist_pitch_link|torso_link;right_wrist_roll_link|torso_link
0.1847,368,0,0.1886,-0.056,0.1595,4e-05,0.1887,-0.056,0.1595,0.0001,0.0,1,0.0,0,0,right_hand_base_link|torso_link
0.2244,369,0,0.2284,0.0769,0.153,7e-05,0.2516,0.043,0.1386,0.0435,0.12674,1,0.0,1,176,right_elbow_link|torso_link;right_wrist_roll_link|torso_link
0.5169,370,0,0.5209,-0.0442,0.2048,8e-05,0.5208,-0.0443,0.2048,0.0001,0.0,0,0.0,0,0,
0.1442,372,0,0.1482,0.0472,0.179,7e-05,0.1606,0.0344,0.1722,0.0191,0.07518,1,0.00042,1,6,right_hand_base_link|torso_link;right_wrist_pitch_link|torso_link;right_wrist_roll_link|torso_link
0.3051,375,0,0.3091,0.014,-0.0069,8e-05,0.3047,-0.0016,-0.021,0.0215,0.08568,1,0.0,1,10,right_elbow_link|torso_link;right_shoulder_yaw_link|torso_link
0.3007,376,0,0.3047,-0.2811,-0.0401,4e-05,0.3094,-0.2812,-0.0215,0.0192,0.07803,0,0.0,0,0,
0.3674,377,0,0.3714,-0.3152,-0.0135,6e-05,0.3713,-0.3152,-0.0135,0.0001,0.0,0,0.0,0,0,
0.2915,379,0,0.2954,-0.2257,-0.0268,5e-05,0.2959,-0.2269,-0.0243,0.0028,0.00666,0,0.0,0,0,
0.2787,380,0,0.2826,0.1849,0.2103,7e-05,0.3029,0.1605,0.1721,0.0496,0.19814,1,0.0,1,40,right_shoulder_yaw_link|torso_link
0.1216,381,0,0.1256,0.0397,0.1814,4e-05,0.1683,0.0097,0.1771,0.0524,0.18563,1,0.0,0,0,right_hand_Link1_1|torso_link;right_hand_base_link|torso_link;right_wrist_yaw_link|torso_link
0.5037,383,0,0.5076,0.0255,0.2314,8e-05,0.5076,0.0255,0.2314,0.0001,0.0,0,0.0,0,0,
0.5422,384,0,0.5462,-0.3059,0.1885,0.00534,0.5411,-0.3043,0.1892,0.0053,0.0,0,0.0,0,0,
0.0961,385,0,0.1001,-0.0148,0.1879,5e-05,0.1508,-0.0795,0.1971,0.0827,0.43963,1,0.0,0,0,right_hand_Link1_1|torso_link;right_hand_base_link|torso_link
0.5179,386,0,0.5218,0.107,0.227,0.00752,0.5426,0.0383,0.2459,0.0742,0.13363,1,0.0,0,0,right_shoulder_roll_link|torso_link
0.1003,388,0,0.1043,-0.0163,0.1937,5e-05,0.151,-0.0761,0.2026,0.0764,0.40322,1,0.0,0,0,right_hand_Link1_1|torso_link;right_hand_base_link|torso_link
0.3455,389,0,0.3494,-0.2002,0.1697,0.0001,0.3495,-0.2003,0.1697,0.0001,0.0,0,0.0,0,0,
0.3899,391,0,0.3938,-0.167,-0.0037,6e-05,0.3938,-0.167,-0.0037,0.0,0.0,0,0.0,0,0,
0.274,393,0,0.278,0.1745,0.0866,7e-05,0.2829,0.135,0.0742,0.0417,0.24454,1,0.01629,1,368,left_hand_Link1_1|right_hand_Link1_2;left_hand_Link1_1|right_hand_Link1_3;left_hand_Link1_2|right_hand_Link1_2;left_hand_Link1_2|right_hand_Link1_3;left_hand_base_link|right_hand_Link1_2;left_hand_base_link|right_hand_Link1_3;left_hand_base_link|right_hand_Link2_2;left_hand_base_link|right_hand_Link2_3;left_wrist_pitch_link|right_hand_Link2_2;left_wrist_yaw_link|right_hand_Link2_2;left_wrist_yaw_link|right_hand_Link2_3;right_shoulder_yaw_link|torso_link
0.1133,394,0,0.1173,-0.016,0.2016,8e-05,0.1561,-0.0636,0.2064,0.0616,0.31182,1,0.0002,0,0,right_hand_Link1_1|torso_link;right_hand_base_link|torso_link
0.5227,395,0,0.5266,-0.0389,0.1685,8e-05,0.5266,-0.0389,0.1685,0.0001,0.0,0,0.0,0,0,
0.1998,396,0,0.2038,-0.1145,0.2062,6e-05,0.2038,-0.1145,0.2062,0.0001,0.0,0,0.0,0,0,
0.1905,397,0,0.1945,0.0757,0.1751,9e-05,0.2239,0.0423,0.1656,0.0455,0.14976,1,1e-05,1,114,right_elbow_link|torso_link;right_wrist_roll_link|torso_link
0.3626,398,0,0.3666,-0.0636,0.1423,9e-05,0.3666,-0.0646,0.1414,0.0014,0.0109,1,0.0,0,0,right_shoulder_yaw_link|torso_link
0.1564,399,0,0.1603,-0.0716,0.1291,8e-05,0.1655,-0.0869,0.1282,0.0161,0.06551,1,2e-05,0,0,right_hand_base_link|torso_link
0.3339,400,0,0.3378,0.1337,0.0864,7e-05,0.351,0.0842,0.0442,0.0664,0.21756,1,0.00094,1,158,left_hand_Link1_2|right_hand_Link2_2;left_hand_Link1_2|right_hand_Link2_3;right_shoulder_yaw_link|torso_link
0.4693,402,0,0.4733,0.0487,0.2253,7e-05,0.4732,0.0487,0.2253,0.0001,0.0,1,0.0,0,0,right_shoulder_roll_link|torso_link
0.2009,404,0,0.2049,0.0207,0.0615,3e-05,0.2076,0.0042,0.0509,0.0198,0.0556,1,0.0,1,786,right_wrist_pitch_link|torso_link;right_wrist_roll_link|torso_link
0.1274,406,0,0.1313,-0.0179,0.2089,6e-05,0.1611,-0.0576,0.2144,0.05,0.24227,1,3e-05,0,0,right_hand_base_link|torso_link
0.2999,407,0,0.3039,-0.2197,0.1017,5e-05,0.3039,-0.2197,0.1017,0.0,0.0,0,0.0,0,0,
0.3712,408,0,0.3752,-0.2629,-0.0974,9e-05,0.4056,-0.2613,-0.0238,0.0796,0.34205,0,0.0,0,0,
0.217,409,0,0.221,-0.0765,0.2071,8e-05,0.221,-0.0765,0.2071,0.0001,0.0,0,0.0,0,0,
0.4122,410,0,0.4162,-0.0897,-0.0008,9e-05,0.4161,-0.0897,-0.0008,0.0001,0.0,0,0.0,0,0,
0.2001,411,0,0.2041,0.1295,0.0748,9e-05,0.2471,0.0815,0.0598,0.0661,0.16112,1,6e-05,1,354,right_elbow_link|torso_link;right_wrist_roll_link|torso_link
0.1296,412,0,0.1336,-0.0245,0.1526,4e-05,0.1671,-0.0805,0.149,0.0654,0.33489,1,0.0,0,0,right_hand_base_link|torso_link
0.4677,414,0,0.4716,-0.1675,0.0964,8e-05,0.4715,-0.1675,0.0964,0.0001,0.0,0,0.0,0,0,
0.1812,415,0,0.1852,-0.0029,0.2081,8e-05,0.1852,-0.0028,0.2081,0.0001,0.0,1,0.0,0,0,right_wrist_roll_link|torso_link
0.3131,416,0,0.3171,-0.0675,0.0606,6e-05,0.3168,-0.0681,0.0597,0.0012,0.00856,1,0.0,0,0,right_shoulder_yaw_link|torso_link
0.0824,419,0,0.0864,-0.0045,0.197,5e-05,0.1486,-0.0732,0.2138,0.0942,0.50474,1,0.0,0,0,right_hand_Link1_1|torso_link;right_hand_base_link|torso_link
0.2331,420,0,0.237,-0.0842,0.0272,3e-05,0.237,-0.0842,0.0272,0.0001,0.0,1,0.0,0,0,right_elbow_link|torso_link;right_wrist_roll_link|torso_link
0.5193,421,0,0.5233,-0.3229,0.0228,0.03298,0.4951,-0.3129,0.0358,0.0326,0.0,0,0.0,0,0,
0.3389,422,0,0.3429,-0.118,0.169,4e-05,0.3429,-0.118,0.169,0.0001,0.0,0,0.0,0,0,
0.2219,423,0,0.2259,0.1087,0.2099,5e-05,0.2244,0.1088,0.1975,0.0125,0.10133,1,0.0,1,146,right_elbow_link|torso_link
0.5684,424,0,0.5723,-0.2151,0.0912,0.03029,0.5436,-0.2112,0.0997,0.0302,0.0,0,0.0,0,0,
0.3438,426,0,0.3478,0.0298,0.2217,8e-05,0.3496,0.0249,0.2132,0.01,0.0578,1,0.0,1,14,right_shoulder_yaw_link|torso_link
0.1398,427,0,0.1438,-0.0017,0.2048,7e-05,0.1694,-0.0216,0.1996,0.0328,0.14718,1,0.0,0,0,right_hand_base_link|torso_link
0.266,428,0,0.2699,-0.2228,0.0433,7e-05,0.27,-0.2229,0.0432,0.0001,0.0,0,0.0,0,0,
0.4811,430,0,0.485,-0.3378,0.2634,7e-05,0.485,-0.3378,0.2634,0.0,0.0,0,0.0,0,0,
0.1101,432,0,0.1141,0.0197,0.1651,7e-05,0.1889,-0.0666,0.1603,0.1143,0.60922,1,0.0004,0,0,right_hand_base_link|torso_link
0.4559,435,0,0.4599,-0.2279,0.2629,6e-05,0.4598,-0.2279,0.2629,0.0001,0.0,0,0.0,0,0,
0.0857,437,0,0.0897,-0.0083,0.1967,5e-05,0.1484,-0.0763,0.212,0.0912,0.48777,1,0.0,0,0,right_hand_Link1_1|torso_link;right_hand_base_link|torso_link
0.3025,440,0,0.3064,0.1329,0.1381,5e-05,0.302,0.1115,0.1358,0.022,0.17467,1,0.0,1,182,left_hand_base_link|right_hand_Link2_2;right_shoulder_yaw_link|torso_link
0.1521,441,0,0.1561,0.0013,0.2115,5e-05,0.1706,-0.0086,0.2073,0.0181,0.06454,1,0.0,0,0,right_hand_base_link|torso_link
0.1725,443,0,0.1765,-0.1068,0.1487,8e-05,0.1765,-0.1068,0.1487,0.0001,0.0,0,0.0,0,0,
0.3462,446,0,0.3501,-0.2006,0.2198,8e-05,0.3502,-0.2006,0.2198,0.0001,0.0,0,0.0,0,0,
0.2531,447,0,0.257,0.0518,0.1831,6e-05,0.2574,0.0495,0.1761,0.0073,0.05308,1,5e-05,1,134,right_elbow_link|torso_link
0.2999,449,0,0.3039,-0.1713,-0.0408,5e-05,0.3078,-0.1719,-0.0246,0.0167,0.06778,0,0.0,0,0,
0.2881,451,0,0.2921,0.1576,0.0072,9e-05,0.3212,0.0882,-0.0315,0.0846,0.27768,1,0.0,1,228,right_shoulder_yaw_link|torso_link
0.2872,452,0,0.2912,-0.1836,0.174,8e-05,0.2913,-0.1836,0.174,0.0001,0.0,0,0.0,0,0,
0.2471,455,0,0.251,-0.1554,0.0819,4e-05,0.2511,-0.1554,0.0819,0.0001,0.0,0,0.0,0,0,
0.4878,456,0,0.4918,-0.3522,0.1129,9e-05,0.4917,-0.3521,0.1129,0.0001,0.0,0,0.0,0,0,
0.0819,457,0,0.0859,-0.0041,0.1964,5e-05,0.1484,-0.0724,0.2133,0.0941,0.50475,1,0.00035,0,0,right_hand_Link1_1|torso_link;right_hand_base_link|torso_link
0.462,459,0,0.4659,-0.3073,-0.0432,0.01039,0.4578,-0.3043,-0.0379,0.0101,0.0,0,0.0,0,0,
0.2221,460,0,0.2261,-0.1418,0.0537,4e-05,0.2261,-0.1418,0.0537,0.0,0.0,0,0.0,0,0,
0.1217,461,0,0.1257,-0.0395,0.1512,7e-05,0.1535,-0.0919,0.1485,0.0594,0.30579,1,0.0,0,0,right_hand_Link1_1|torso_link;right_hand_base_link|torso_link
0.3874,462,0,0.3914,0.039,0.0736,6e-05,0.3957,0.0125,0.0585,0.0308,0.10668,1,0.0,1,40,right_shoulder_yaw_link|torso_link
0.0899,463,0,0.0938,-0.009,0.2024,5e-05,0.1487,-0.0706,0.2152,0.0835,0.4428,1,0.00029,0,0,right_hand_Link1_1|torso_link;right_hand_base_link|torso_link
0.327,464,0,0.3309,-0.1379,0.1776,4e-05,0.331,-0.1379,0.1776,0.0001,0.0,0,0.0,0,0,
0.182,467,0,0.186,-0.0717,0.207,7e-05,0.186,-0.0717,0.207,0.0,0.0,0,0.0,0,0,
0.4831,468,0,0.4871,-0.0404,0.2479,5e-05,0.4871,-0.0404,0.2479,0.0001,0.0,0,0.0,0,0,
0.2642,469,0,0.2682,-0.0618,0.0964,9e-05,0.2683,-0.0618,0.0964,0.0001,0.0,0,0.0,1,1,
0.1447,471,0,0.1487,-0.0166,0.1331,5e-05,0.1824,-0.0756,0.1248,0.0685,0.35208,1,0.00094,0,0,right_hand_base_link|torso_link
0.217,472,0,0.221,-0.071,0.1934,8e-05,0.221,-0.071,0.1935,0.0001,0.0,0,0.0,0,0,
0.1407,473,0,0.1447,0.0777,0.1341,4e-05,0.1612,0.054,0.114,0.0351,0.11523,1,2e-05,1,230,right_hand_base_link|torso_link;right_wrist_pitch_link|torso_link;right_wrist_roll_link|torso_link
0.3081,474,0,0.312,0.126,0.1612,4e-05,0.3189,0.1025,0.1231,0.0453,0.16712,1,0.0,1,146,right_shoulder_yaw_link|torso_link
0.0937,475,0,0.0977,-0.0101,0.2018,5e-05,0.1495,-0.0697,0.2136,0.0798,0.42245,1,0.00028,0,0,right_hand_Link1_1|torso_link;right_hand_base_link|torso_link
0.1293,477,0,0.1333,-0.0112,0.195,5e-05,0.1671,-0.0517,0.1959,0.0528,0.2604,1,0.00055,0,0,right_hand_base_link|torso_link
0.4031,478,0,0.4071,0.1519,-0.0165,0.00317,0.4624,0.0424,-0.0201,0.1227,0.22362,1,0.0,0,0,right_shoulder_roll_link|torso_link
0.4027,479,0,0.4067,-0.1735,0.0318,5e-05,0.4066,-0.1735,0.0318,0.0001,0.0,0,0.0,0,0,
0.46,480,0,0.464,-0.0477,-0.0833,0.01356,0.4721,-0.0332,-0.0386,0.0477,0.18222,0,0.0,0,0,
0.179,481,0,0.183,-0.0347,0.1832,4e-05,0.183,-0.0347,0.1832,0.0001,0.0,0,0.0,0,0,
0.5067,482,0,0.5107,-0.2675,-0.028,0.0295,0.486,-0.2612,-0.0139,0.0292,0.0,0,0.0,0,0,
0.0821,484,0,0.0861,0.0047,0.1957,9e-05,0.1542,-0.0633,0.211,0.0975,0.51962,1,4e-05,0,0,right_hand_Link1_1|torso_link;right_hand_base_link|torso_link
0.1358,485,0,0.1398,0.0445,0.2042,9e-05,0.1651,0.0266,0.2018,0.0311,0.09463,1,2e-05,0,0,logo_link|right_hand_base_link;right_hand_base_link|torso_link;right_wrist_pitch_link|torso_link;right_wrist_roll_link|torso_link
0.2336,486,0,0.2375,-0.0878,0.2245,6e-05,0.2376,-0.0877,0.2246,0.0001,0.0,0,0.0,0,0,
0.4572,487,0,0.4612,-0.0399,0.0493,6e-05,0.4611,-0.0399,0.0493,0.0001,0.0,0,0.0,0,0,
0.0972,488,0,0.1011,-0.0015,0.2011,8e-05,0.1563,-0.0605,0.2113,0.0814,0.42738,1,0.00026,0,0,right_hand_Link1_1|torso_link;right_hand_base_link|torso_link
0.1398,489,0,0.1438,-0.0346,0.1936,5e-05,0.1629,-0.0662,0.1964,0.037,0.17819,1,0.0,0,0,right_hand_base_link|torso_link
0.2978,491,0,0.3017,0.1397,0.0981,6e-05,0.3162,0.102,0.0629,0.0536,0.19811,1,0.0019,1,260,left_hand_base_link|right_hand_Link2_2;left_hand_base_link|right_hand_Link2_3;right_shoulder_yaw_link|torso_link
0.3426,492,0,0.3466,-0.053,-0.0668,5e-05,0.3604,-0.0709,-0.0219,0.0503,0.22224,1,0.0,0,0,right_shoulder_yaw_link|torso_link
0.2339,493,0,0.2379,0.1317,0.104,7e-05,0.236,0.1119,0.0793,0.0317,0.18935,1,3e-05,1,370,left_wrist_pitch_link|right_hand_Link2_2;right_elbow_link|torso_link;right_wrist_roll_link|torso_link
0.1897,494,0,0.1937,0.0654,0.1075,0.0001,0.2154,0.0299,0.0914,0.0446,0.13737,1,0.0,1,311,right_wrist_roll_link|torso_link
0.4695,497,0,0.4734,0.0495,0.0632,0.0001,0.4733,0.0494,0.0632,0.0001,0.0,1,0.0,0,0,right_shoulder_roll_link|torso_link;right_shoulder_yaw_link|torso_link
0.4768,498,0,0.4807,0.0062,0.2107,9e-05,0.4807,0.0062,0.2107,0.0001,0.0,0,0.0,0,0,
0.2504,499,0,0.2543,-0.0576,0.0626,9e-05,0.2544,-0.0576,0.0626,0.0001,0.0,1,0.0,1,7,right_elbow_link|torso_link;right_wrist_roll_link|torso_link
0.1493,500,0,0.1533,0.0654,0.1876,5e-05,0.1694,0.0489,0.1763,0.0257,0.09667,1,0.0,1,12,right_wrist_roll_link|torso_link
0.4083,502,0,0.4122,-0.0727,0.1154,6e-05,0.4122,-0.0727,0.1155,0.0001,0.0,1,0.0,0,0,right_shoulder_yaw_link|torso_link
0.1,503,0,0.1039,0.0018,0.1951,7e-05,0.1625,-0.0593,0.2013,0.0849,0.4463,1,0.00028,0,0,right_hand_base_link|torso_link
0.4436,505,0,0.4476,-0.2897,0.1156,6e-05,0.4475,-0.2897,0.1156,0.0001,0.0,0,0.0,0,0,
0.1907,507,0,0.1946,0.1412,0.0978,8e-05,0.2439,0.0803,0.0674,0.0841,0.20985,1,0.0,1,350,right_elbow_link|torso_link;right_wrist_roll_link|torso_link
0.1934,508,0,0.1973,0.0785,0.1259,9e-05,0.2301,0.0347,0.1116,0.0566,0.17443,1,0.0,1,146,right_elbow_link|torso_link;right_wrist_roll_link|torso_link
0.5408,511,0,0.5448,-0.1917,0.0285,0.02297,0.5239,-0.1896,0.0374,0.0228,0.0,0,0.0,0,0,
0.3378,512,0,0.3418,-0.1171,0.0505,4e-05,0.3418,-0.1171,0.0505,0.0001,0.0,1,0.0,0,0,right_shoulder_yaw_link|torso_link
0.2698,513,0,0.2738,-0.0327,0.058,7e-05,0.2743,-0.0358,0.0567,0.0034,0.00835,1,0.0,1,26,right_elbow_link|torso_link;right_wrist_roll_link|torso_link
0.5687,514,0,0.5727,-0.1531,0.2281,0.00269,0.57,-0.153,0.2282,0.0027,0.0,0,0.0,0,0,
0.1856,515,0,0.1896,-0.0227,0.2041,0.0001,0.1896,-0.0227,0.2041,0.0,0.0,0,0.0,0,0,
0.3416,516,0,0.3456,0.0803,0.2294,0.0001,0.3516,0.069,0.2123,0.0213,0.09574,1,0.0,1,14,right_shoulder_yaw_link|torso_link
0.2926,517,0,0.2966,-0.0102,0.1095,6e-05,0.2956,-0.0111,0.1064,0.0034,0.02044,1,0.0,1,30,right_elbow_link|torso_link;right_shoulder_yaw_link|torso_link;right_wrist_roll_link|torso_link
0.3137,518,0,0.3176,0.1686,0.0371,7e-05,0.2848,0.1602,0.0268,0.0354,0.50679,1,0.02638,1,44,left_hand_Link1_2|right_hand_Link1_2;left_hand_Link2_1|right_hand_Link1_2;left_hand_Link2_1|right_hand_Link1_3;left_hand_base_link|right_hand_Link1_2;left_hand_base_link|right_hand_Link1_3;left_hand_base_link|right_hand_Link2_2;left_hand_base_link|right_hand_Link2_3;left_wrist_pitch_link|right_hand_Link2_2;left_wrist_yaw_link|right_hand_Link2_2;left_wrist_yaw_link|right_hand_Link2_3;right_shoulder_yaw_link|torso_link
0.3959,520,0,0.3999,-0.261,0.1439,5e-05,0.3998,-0.261,0.1439,0.0001,0.0,0,0.0,0,0,
0.2295,521,0,0.2334,0.1229,0.1404,6e-05,0.232,0.1126,0.1129,0.0294,0.1635,1,0.0,1,246,right_elbow_link|torso_link
0.313,523,0,0.317,-0.0417,-0.0009,6e-05,0.315,-0.0484,-0.0061,0.0088,0.04391,1,0.0,0,0,right_shoulder_yaw_link|torso_link
0.2414,524,0,0.2454,0.0679,0.0263,9e-05,0.2542,0.0321,0.0053,0.0424,0.09338,1,1e-05,1,143,right_elbow_link|torso_link;right_wrist_roll_link|torso_link
0.4618,526,0,0.4657,0.0598,-0.0878,0.04504,0.4539,0.0296,-0.0398,0.0579,0.10968,1,5e-05,0,0,right_shoulder_roll_link|torso_link;right_shoulder_yaw_link|torso_link
0.2647,529,0,0.2687,0.0698,0.1151,6e-05,0.276,0.0467,0.0955,0.0312,0.07848,1,0.0,1,174,right_elbow_link|torso_link;right_wrist_roll_link|torso_link
0.0866,530,0,0.0905,0.0087,0.1962,8e-05,0.1593,-0.0601,0.2106,0.0983,0.52616,1,0.00043,0,0,right_hand_base_link|torso_link
0.2466,531,0,0.2506,0.1596,0.1524,6e-05,0.2551,0.1474,0.1275,0.0281,0.16339,1,0.00019,1,264,left_hand_base_link|right_hand_Link1_2;left_hand_base_link|right_hand_Link1_3;right_elbow_link|torso_link;right_shoulder_yaw_link|torso_link
0.2539,532,0,0.2579,-0.1207,0.1429,4e-05,0.2579,-0.1207,0.1429,0.0,0.0,0,0.0,0,0,
0.3755,534,0,0.3795,-0.0374,0.2173,4e-05,0.3795,-0.0374,0.2173,0.0,0.0,1,0.0,0,0,right_shoulder_yaw_link|torso_link
0.2769,535,0,0.2808,0.1629,0.2131,8e-05,0.2941,0.1419,0.1678,0.0517,0.17499,1,0.0,1,100,right_shoulder_yaw_link|torso_link
0.5519,537,0,0.5558,-0.2724,0.177,0.00697,0.5491,-0.2708,0.178,0.0069,0.0,0,0.0,0,0,
0.2673,538,0,0.2712,0.1403,0.1507,6e-05,0.2765,0.1274,0.128,0.0267,0.14807,1,1e-05,1,232,right_elbow_link|torso_link;right_shoulder_yaw_link|torso_link
0.3873,539,0,0.3912,-0.1846,0.0696,6e-05,0.3912,-0.1846,0.0696,0.0001,0.0,0,0.0,0,0,
0.2056,540,0,0.2096,0.1028,0.2013,6e-05,0.2072,0.1031,0.1883,0.0132,0.10745,1,0.0,1,130,right_elbow_link|torso_link
0.1153,543,0,0.1192,-0.0102,0.2051,7e-05,0.1588,-0.055,0.2094,0.0599,0.29819,1,0.00014,0,0,right_hand_base_link|torso_link
0.1346,545,0,0.1385,0.0396,0.195,0.0001,0.1649,0.0204,0.1923,0.0328,0.11204,1,1e-05,0,0,right_hand_base_link|torso_link;right_wrist_pitch_link|torso_link;right_wrist_roll_link|torso_link
0.4628,546,0,0.4668,-0.3142,-0.0853,0.03649,0.4502,-0.3187,-0.0383,0.05,0.12738,0,0.0,0,0,
0.3162,547,0,0.3202,-0.0523,0.1177,5e-05,0.3203,-0.0523,0.1177,0.0001,0.0,1,0.0,0,0,right_shoulder_yaw_link|torso_link
0.5998,549,0,0.6037,-0.1321,0.254,0.03243,0.5713,-0.1323,0.2542,0.0324,0.0,0,0.0,0,0,
0.1988,550,0,0.2027,-0.0525,0.1304,7e-05,0.2028,-0.0524,0.1304,0.0001,0.0,0,0.0,1,1,
0.1682,551,0,0.1722,0.0009,0.1525,8e-05,0.1896,-0.0206,0.1506,0.0277,0.13828,1,0.00017,0,0,right_hand_base_link|torso_link;right_wrist_pitch_link|torso_link;right_wrist_roll_link|torso_link;right_wrist_yaw_link|torso_link
0.5148,552,0,0.5188,-0.153,-0.0029,0.0104,0.5096,-0.1527,0.0017,0.0103,0.0,0,0.0,0,0,
0.0888,554,0,0.0928,-0.0034,0.2022,5e-05,0.1494,-0.0668,0.2187,0.0866,0.46192,1,0.0,0,0,right_hand_Link1_1|torso_link;right_hand_base_link|torso_link
0.4153,555,0,0.4193,0.077,0.1073,9e-05,0.43,0.0514,0.1014,0.0284,0.09005,1,0.0,1,50,right_shoulder_yaw_link|torso_link
0.0886,556,0,0.0926,0.0022,0.1968,9e-05,0.1552,-0.064,0.2108,0.0922,0.49198,1,0.00033,0,0,right_hand_Link1_1|torso_link;right_hand_base_link|torso_link
0.132,561,0,0.136,-0.0283,0.1672,5e-05,0.1644,-0.0752,0.1676,0.0549,0.27595,1,0.00079,0,0,right_hand_base_link|torso_link
0.1585,563,0,0.1625,-0.0722,0.1325,7e-05,0.1667,-0.085,0.1319,0.0134,0.04688,1,9e-05,0,0,right_hand_base_link|torso_link
0.4244,564,0,0.4283,0.1303,0.0647,7e-05,0.4525,0.0782,0.0524,0.0587,0.12514,1,0.0,0,0,right_shoulder_roll_link|torso_link;right_shoulder_yaw_link|torso_link
0.4103,565,0,0.4143,0.1775,0.1431,0.0001,0.4548,0.1094,0.1244,0.0814,0.18005,1,0.0,0,0,right_shoulder_roll_link|torso_link;right_shoulder_yaw_link|torso_link
0.3762,566,0,0.3802,-0.0967,-0.0086,6e-05,0.3801,-0.0969,-0.0086,0.0003,0.00087,1,7e-05,0,0,right_shoulder_yaw_link|torso_link
0.2008,568,0,0.2048,0.0646,0.0624,9e-05,0.2289,0.0173,0.0441,0.0562,0.16067,1,0.0,1,182,right_wrist_roll_link|torso_link
0.5112,569,0,0.5152,-0.3022,0.1931,8e-05,0.5151,-0.3022,0.1931,0.0001,0.0,0,0.0,0,0,
0.2666,571,0,0.2706,-0.2023,0.0262,7e-05,0.2707,-0.2023,0.0262,0.0001,0.0,0,0.0,0,0,
0.1753,572,0,0.1793,-0.0088,0.2085,4e-05,0.1793,-0.0087,0.2085,0.0001,0.0,1,0.0,0,0,right_hand_base_link|torso_link;right_wrist_roll_link|torso_link
0.2466,573,0,0.2506,-0.1237,0.1975,5e-05,0.2507,-0.1237,0.1975,0.0001,0.0,0,0.0,0,0,
0.1421,574,0,0.146,0.0494,0.147,6e-05,0.1761,0.0233,0.1366,0.0412,0.10486,1,8e-05,1,47,right_hand_base_link|torso_link;right_wrist_pitch_link|torso_link;right_wrist_roll_link|torso_link;right_wrist_yaw_link|torso_link
0.5568,575,0,0.5608,-0.0894,0.2116,0.0001,0.5607,-0.0894,0.2117,0.0001,0.0,0,0.0,0,0,
0.4939,577,0,0.4979,-0.1596,0.0173,0.0001,0.4978,-0.1596,0.0173,0.0001,0.0,0,0.0,0,0,
0.4817,578,0,0.4857,0.0599,0.2319,9e-05,0.4856,0.0599,0.2319,0.0001,0.0,1,0.0,0,0,right_shoulder_roll_link|torso_link
0.328,579,0,0.3319,-0.1827,0.1843,4e-05,0.332,-0.1827,0.1843,0.0001,0.0,0,0.0,0,0,
0.2433,580,0,0.2473,-0.1083,0.1863,5e-05,0.2473,-0.1083,0.1863,0.0001,0.0,0,0.0,0,0,
0.5085,582,0,0.5125,-0.1422,-0.0496,0.02763,0.4892,-0.1421,-0.0354,0.0273,0.0,0,0.0,0,0,
0.1575,584,0,0.1615,0.0775,0.1957,3e-05,0.19,0.0516,0.1875,0.0394,0.1409,1,1e-05,1,42,right_elbow_link|torso_link;right_wrist_roll_link|torso_link
0.3312,586,0,0.3351,-0.3142,-0.0548,9e-05,0.3449,-0.3146,-0.0233,0.0329,0.13644,0,0.0,0,0,
0.085,587,0,0.089,0.0007,0.1943,0.0001,0.152,-0.0653,0.2088,0.0924,0.49334,1,0.00013,0,0,right_hand_Link1_1|torso_link;right_hand_base_link|torso_link
0.1088,588,0,0.1127,0.013,0.2015,4e-05,0.1717,-0.0381,0.2019,0.078,0.40204,1,0.00027,0,0,right_hand_base_link|torso_link
0.1212,589,0,0.1251,0.016,0.1874,7e-05,0.1806,-0.0358,0.1841,0.076,0.39035,1,0.0,0,0,right_hand_base_link|torso_link
0.1289,591,0,0.1328,-0.0199,0.2084,6e-05,0.1593,-0.0551,0.2129,0.0443,0.21137,1,0.00162,0,0,right_hand_base_link|torso_link
0.1757,592,0,0.1797,-0.078,0.2034,9e-05,0.1798,-0.0779,0.2035,0.0001,0.0,0,0.0,0,0,
0.3317,593,0,0.3357,0.0232,0.0004,5e-05,0.3333,-0.001,-0.0173,0.0301,0.11001,1,0.0,1,12,right_shoulder_yaw_link|torso_link
0.2299,595,0,0.2338,0.0958,0.107,7e-05,0.2656,0.0508,0.0928,0.0569,0.15419,1,1e-05,1,178,right_elbow_link|torso_link;right_wrist_roll_link|torso_link
0.5764,597,0,0.5804,-0.3414,0.2039,0.04739,0.5362,-0.3256,0.2085,0.0472,0.0,0,0.0,0,0,
0.3082,598,0,0.3122,0.1681,0.1681,5e-05,0.2982,0.1504,0.1432,0.0336,0.2101,1,0.0,1,58,left_hand_base_link|right_hand_Link2_2;left_hand_base_link|right_hand_Link2_3;right_shoulder_yaw_link|torso_link
0.2505,599,0,0.2545,-0.1619,0.1652,5e-05,0.2545,-0.1619,0.1652,0.0001,0.0,0,0.0,0,0,
0.1314,603,0,0.1353,-0.0011,0.192,9e-05,0.1787,-0.0396,0.18,0.0592,0.28284,1,0.00094,0,0,right_hand_base_link|torso_link
0.1396,606,0,0.1436,-0.0206,0.1937,4e-05,0.1686,-0.0523,0.1929,0.0404,0.19353,1,0.00059,0,0,right_hand_base_link|torso_link
0.13,608,0,0.134,-0.0512,0.1961,9e-05,0.152,-0.0809,0.1951,0.0347,0.15841,1,0.0,0,0,right_hand_Link1_1|torso_link;right_hand_base_link|torso_link
0.3314,609,0,0.3354,-0.0222,0.2253,3e-05,0.3355,-0.0231,0.2225,0.0029,0.02462,1,0.0,0,0,right_shoulder_yaw_link|torso_link
0.3866,611,0,0.3906,-0.0322,0.061,5e-05,0.3911,-0.0438,0.056,0.0126,0.05393,1,0.0,0,0,right_shoulder_yaw_link|torso_link
0.3685,612,0,0.3725,-0.2118,0.194,5e-05,0.3725,-0.2118,0.1941,0.0001,0.0,0,0.0,0,0,
0.2708,613,0,0.2748,-0.1639,0.0786,9e-05,0.2749,-0.1639,0.0786,0.0001,0.0,0,0.0,0,0,
0.4425,616,0,0.4465,-0.0437,0.0948,9e-05,0.4464,-0.0438,0.0948,0.0001,0.0,0,0.0,0,0,
0.217,617,0,0.2209,0.0741,0.1718,7e-05,0.2473,0.0399,0.1616,0.0444,0.13754,1,0.0,1,152,right_elbow_link|torso_link;right_wrist_roll_link|torso_link
0.278,618,0,0.2819,0.1579,0.0782,8e-05,0.2786,0.1316,0.0738,0.0268,0.21804,1,0.02227,1,344,left_hand_Link1_1|right_hand_Link1_2;left_hand_Link1_1|right_hand_Link1_3;left_hand_Link1_2|right_hand_Link1_2;left_hand_Link1_2|right_hand_Link1_3;left_hand_base_link|right_hand_Link1_2;left_hand_base_link|right_hand_Link1_3;left_hand_base_link|right_hand_Link2_2;left_hand_base_link|right_hand_Link2_3;left_wrist_pitch_link|right_hand_Link2_2;left_wrist_pitch_link|right_hand_Link2_3;left_wrist_yaw_link|right_hand_Link2_2;left_wrist_yaw_link|right_hand_Link2_3;right_elbow_link|torso_link;right_shoulder_yaw_link|torso_link
0.4406,619,0,0.4446,0.0871,0.0354,0.0001,0.4545,0.0623,0.031,0.0271,0.0562,1,0.0,0,0,right_shoulder_roll_link|torso_link;right_shoulder_yaw_link|torso_link
0.2237,620,0,0.2277,-0.0942,0.1097,5e-05,0.2277,-0.0942,0.1097,0.0,0.0,0,0.0,1,6,
0.1688,621,0,0.1728,0.0865,0.1547,3e-05,0.2089,0.0478,0.1412,0.0546,0.17873,1,0.0,1,134,right_elbow_link|torso_link;right_wrist_roll_link|torso_link
0.0834,622,0,0.0874,0.0018,0.1933,0.0001,0.1536,-0.0667,0.2078,0.0964,0.51666,1,0.00027,0,0,right_hand_Link1_1|torso_link;right_hand_base_link|torso_link
0.346,623,0,0.35,0.0687,0.1939,6e-05,0.3544,0.0559,0.1759,0.0225,0.1009,1,0.0,1,28,right_shoulder_yaw_link|torso_link
0.5232,625,0,0.5272,-0.0539,0.2263,8e-05,0.5271,-0.0539,0.2263,0.0001,0.0,0,0.0,0,0,
0.5106,626,0,0.5145,-0.1469,0.1081,7e-05,0.5145,-0.1469,0.1081,0.0,0.0,0,0.0,0,0,
0.1604,628,0,0.1644,-0.0224,0.2106,7e-05,0.1714,-0.0254,0.2046,0.0096,0.04046,1,0.00082,0,0,right_hand_base_link|torso_link
0.1186,629,0,0.1226,0.0459,0.1772,4e-05,0.1771,0.0087,0.17,0.0664,0.28161,1,0.0,0,0,right_hand_base_link|torso_link;right_wrist_pitch_link|torso_link;right_wrist_roll_link|torso_link;right_wrist_yaw_link|torso_link
0.0846,630,0,0.0886,0.0007,0.1971,0.0001,0.1513,-0.0655,0.2132,0.0926,0.4956,1,0.0,0,0,right_hand_Link1_1|torso_link;right_hand_base_link|torso_link
0.1333,632,0,0.1372,0.0167,0.1942,6e-05,0.173,-0.012,0.1912,0.046,0.22704,1,3e-05,0,0,right_hand_base_link|torso_link;right_wrist_yaw_link|torso_link
0.1295,633,0,0.1335,-0.0633,0.1605,8e-05,0.1492,-0.1029,0.1604,0.0426,0.20601,1,0.00025,0,0,right_hand_Link1_1|torso_link
0.2112,634,0,0.2152,0.1627,0.0891,9e-05,0.2122,0.128,0.0951,0.0354,0.25289,1,1e-05,1,495,left_hand_base_link|right_hand_Link1_2;left_hand_base_link|right_hand_Link1_3;left_wrist_pitch_link|right_hand_Link2_2;left_wrist_pitch_link|right_hand_Link2_3;left_wrist_roll_link|right_hand_Link2_2;left_wrist_yaw_link|right_hand_Link1_2;left_wrist_yaw_link|right_hand_Link1_3;left_wrist_yaw_link|right_hand_Link2_2;left_wrist_yaw_link|right_hand_Link2_3;right_elbow_link|torso_link;right_wrist_roll_link|torso_link
0.3293,636,0,0.3332,-0.0197,-0.0228,5e-05,0.331,-0.0303,-0.024,0.0109,0.07521,1,1e-05,0,0,right_shoulder_yaw_link|torso_link
0.3648,637,0,0.3688,0.0482,0.054,8e-05,0.372,0.0143,0.0313,0.0409,0.14394,1,0.0,1,20,right_shoulder_yaw_link|torso_link
0.463,640,0,0.467,-0.0443,0.0358,9e-05,0.4669,-0.0443,0.0358,0.0001,0.0,0,0.0,0,0,
0.0839,642,0,0.0878,0.0082,0.1946,8e-05,0.1582,-0.0614,0.2091,0.1001,0.53593,1,0.00035,0,0,right_hand_base_link|torso_link
0.1194,643,0,0.1234,0.0518,0.1609,9e-05,0.1681,0.0296,0.1549,0.0502,0.18629,1,0.00016,1,48,right_hand_base_link|torso_link;right_wrist_pitch_link|torso_link;right_wrist_roll_link|torso_link;right_wrist_yaw_link|torso_link
0.2472,644,0,0.2512,0.1776,0.0625,4e-05,0.2546,0.1463,0.1231,0.0683,0.38526,1,0.00044,1,398,left_hand_base_link|right_hand_Link1_2;left_hand_base_link|right_hand_Link1_3;right_elbow_link|torso_link;right_shoulder_yaw_link|torso_link
0.3511,645,0,0.3551,0.0317,0.0721,3e-05,0.3551,0.0121,0.0545,0.0264,0.10815,1,0.0,1,38,right_shoulder_yaw_link|torso_link
0.5214,646,0,0.5254,-0.2089,0.0821,9e-05,0.5253,-0.2088,0.0822,0.0001,0.0,0,0.0,0,0,
0.0971,648,0,0.1011,-0.023,0.182,5e-05,0.149,-0.0911,0.1892,0.0835,0.4414,1,0.0,0,0,right_hand_Link1_1|torso_link
0.3998,649,0,0.4037,0.0248,0.0247,5e-05,0.4084,-0.0031,0.0143,0.0301,0.08869,1,0.0,1,6,right_shoulder_yaw_link|torso_link
0.3653,651,0,0.3692,-0.2207,0.148,6e-05,0.3693,-0.2207,0.148,0.0001,0.0,0,0.0,0,0,
0.3918,652,0,0.3958,-0.2371,0.1911,5e-05,0.3957,-0.2371,0.1911,0.0001,0.0,0,0.0,0,0,
0.497,653,0,0.5009,-0.1028,0.151,6e-05,0.5009,-0.1028,0.151,0.0001,0.0,0,0.0,0,0,
0.1762,654,0,0.1802,-0.056,0.1513,5e-05,0.1809,-0.058,0.1508,0.0021,0.01287,1,0.00055,0,0,right_hand_base_link|torso_link
0.1861,655,0,0.1901,0.0596,0.1545,3e-05,0.2065,0.0364,0.1422,0.031,0.10395,1,0.0,1,131,right_wrist_roll_link|torso_link
0.1035,656,0,0.1074,-0.0135,0.1814,9e-05,0.1556,-0.076,0.1872,0.0792,0.41864,1,0.0001,0,0,right_hand_Link1_1|torso_link;right_hand_base_link|torso_link
0.4464,657,0,0.4504,-0.1091,-0.0242,8e-05,0.4503,-0.1091,-0.0241,0.0001,0.0,0,0.0,0,0,
0.1458,658,0,0.1498,-0.0468,0.1582,4e-05,0.1663,-0.0811,0.1579,0.0381,0.1837,1,0.0,0,0,right_hand_base_link|torso_link
0.1216,660,0,0.1256,0.0261,0.1872,6e-05,0.172,-0.0114,0.1834,0.0598,0.26364,1,0.0,0,0,right_hand_base_link|torso_link;right_wrist_yaw_link|torso_link
0.2666,661,0,0.2705,-0.1218,0.1802,3e-05,0.2706,-0.1218,0.1802,0.0001,0.0,0,0.0,0,0,
0.2676,662,0,0.2715,0.0444,0.0189,8e-05,0.2698,0.0332,0.0074,0.0162,0.10391,1,0.0,1,150,right_elbow_link|torso_link;right_wrist_roll_link|torso_link
0.3857,664,0,0.3896,-0.1238,0.017,5e-05,0.3896,-0.1238,0.017,0.0,0.0,0,0.0,0,0,
0.2597,665,0,0.2637,0.1785,0.1611,5e-05,0.2784,0.1459,0.1103,0.0622,0.20422,1,0.00019,1,286,left_hand_base_link|right_hand_Link1_2;left_hand_base_link|right_hand_Link1_3;left_hand_base_link|right_hand_Link2_2;left_hand_base_link|right_hand_Link2_3;right_shoulder_yaw_link|torso_link
0.1582,666,0,0.1622,0.0609,0.1482,4e-05,0.1778,0.0402,0.135,0.0291,0.10298,1,0.0,1,127,right_wrist_pitch_link|torso_link;right_wrist_roll_link|torso_link
0.2545,667,0,0.2584,0.1013,0.2168,5e-05,0.258,0.1024,0.2142,0.0029,0.07256,1,0.0,1,128,right_elbow_link|torso_link;right_shoulder_yaw_link|torso_link
0.1041,668,0,0.1081,0.0051,0.1718,5e-05,0.1715,-0.069,0.1726,0.0975,0.52191,1,0.00014,0,0,right_hand_base_link|torso_link
0.551,669,0,0.555,-0.2248,0.1791,0.0001,0.5549,-0.2248,0.1792,0.0001,0.0,0,0.0,0,0,
0.436,670,0,0.44,0.0889,0.0136,0.0001,0.4523,0.0586,0.0091,0.033,0.06486,1,5e-05,0,0,right_shoulder_roll_link|torso_link;right_shoulder_yaw_link|torso_link
0.3837,671,0,0.3876,-0.2159,-0.0731,7e-05,0.4047,-0.2128,-0.0261,0.0501,0.21186,0,0.0,0,0,
0.3002,672,0,0.3041,-0.0143,0.1585,6e-05,0.3042,-0.0143,0.1585,0.0001,0.00015,1,0.0,1,96,right_elbow_link|torso_link;right_shoulder_yaw_link|torso_link
0.4155,673,0,0.4195,-0.2638,0.1683,4e-05,0.4194,-0.2638,0.1683,0.0001,0.0,0,0.0,0,0,
0.2615,674,0,0.2655,0.0679,0.05,8e-05,0.2752,0.0549,0.0478,0.0164,0.10126,1,0.0,1,232,right_elbow_link|torso_link;right_wrist_roll_link|torso_link
0.3749,675,0,0.3789,0.1831,0.1242,9e-05,0.4212,0.1064,0.0865,0.0953,0.23523,1,4e-05,1,20,right_shoulder_roll_link|torso_link;right_shoulder_yaw_link|torso_link
0.2335,676,0,0.2375,0.0919,0.2181,5e-05,0.2361,0.0926,0.2086,0.0097,0.0805,1,0.0,1,118,right_elbow_link|torso_link
0.2536,677,0,0.2575,0.1832,0.0652,4e-05,0.1948,0.1825,0.0986,0.071,0.50383,1,0.0106,1,224,left_hand_base_link|right_hand_Link1_2;left_hand_base_link|right_hand_Link1_3;left_hand_base_link|right_hand_Link2_1;left_wrist_pitch_link|right_hand_Link2_2;left_wrist_pitch_link|right_hand_Link2_3;left_wrist_pitch_link|right_hand_base_link;left_wrist_yaw_link|right_hand_Link1_2;left_wrist_yaw_link|right_hand_Link1_3;left_wrist_yaw_link|right_hand_Link2_2;left_wrist_yaw_link|right_hand_Link2_3;left_wrist_yaw_link|right_hand_base_link;right_elbow_link|torso_link;right_shoulder_yaw_link|torso_link
0.3762,678,0,0.3802,-0.132,-0.0685,5e-05,0.3937,-0.1304,-0.0259,0.0447,0.18915,0,0.0,0,0,
0.0883,679,0,0.0923,-0.0101,0.1955,5e-05,0.1485,-0.0766,0.2094,0.0882,0.47137,1,0.00038,0,0,right_hand_Link1_1|torso_link;right_hand_base_link|torso_link
0.2641,680,0,0.268,-0.0027,0.1613,7e-05,0.2675,-0.0022,0.1601,0.0014,0.015,1,0.0,1,62,right_elbow_link|torso_link;right_wrist_roll_link|torso_link
0.491,682,0,0.4949,-0.206,0.2025,6e-05,0.4949,-0.2059,0.2025,0.0001,0.0,0,0.0,0,0,
0.3434,684,0,0.3474,0.0758,-0.0342,5e-05,0.368,0.0232,-0.0294,0.0567,0.20098,1,0.0,1,38,right_shoulder_yaw_link|torso_link
0.1248,686,0,0.1288,0.0262,0.17,5e-05,0.1861,-0.029,0.1642,0.0798,0.38625,1,0.0,0,0,right_hand_base_link|torso_link;right_wrist_yaw_link|torso_link
0.1621,687,0,0.1661,-0.061,0.17,9e-05,0.1679,-0.0656,0.1694,0.005,0.02848,1,0.00111,0,0,right_hand_base_link|torso_link
0.1525,688,0,0.1565,-0.0184,0.1927,7e-05,0.1759,-0.0385,0.1877,0.0283,0.12462,1,0.00046,0,0,right_hand_base_link|torso_link
0.1903,689,0,0.1943,0.0316,0.1949,4e-05,0.2007,0.023,0.1906,0.0115,0.04466,1,0.0,1,2,right_wrist_roll_link|torso_link
0.3602,690,0,0.3641,-0.2171,0.233,4e-05,0.3642,-0.2171,0.2331,0.0001,0.0,0,0.0,0,0,
0.0881,692,0,0.092,0.0137,0.1908,6e-05,0.1656,-0.0576,0.2014,0.1031,0.54725,1,0.0,0,0,right_hand_base_link|torso_link
0.3037,696,0,0.3077,0.1195,-0.0118,0.0001,0.3224,0.063,-0.0272,0.0604,0.24707,1,1e-05,1,154,right_shoulder_yaw_link|torso_link
0.1909,697,0,0.1949,0.1432,0.0856,8e-05,0.231,0.1087,0.0743,0.0512,0.1469,1,0.00017,1,384,left_wrist_pitch_link|right_hand_Link2_2;right_elbow_link|torso_link;right_wrist_roll_link|torso_link
0.1897,699,0,0.1937,-0.0606,0.0993,7e-05,0.194,-0.0614,0.0991,0.0008,0.00577,1,0.00022,1,53,right_hand_base_link|torso_link
0.192,700,0,0.196,0.0862,0.0818,9e-05,0.223,0.0387,0.0581,0.0595,0.16611,1,0.0,1,338,right_wrist_roll_link|torso_link
0.16,701,0,0.164,0.0808,0.1356,3e-05,0.1881,0.0499,0.1173,0.0432,0.14041,1,0.0,1,210,right_wrist_pitch_link|torso_link;right_wrist_roll_link|torso_link
0.4548,702,0,0.4587,-0.0963,0.1629,6e-05,0.4587,-0.0963,0.1629,0.0,0.0,0,0.0,0,0,
0.1978,703,0,0.2018,0.0306,0.1005,3e-05,0.2044,0.0159,0.0879,0.0195,0.05594,1,0.0,1,489,right_wrist_pitch_link|torso_link;right_wrist_roll_link|torso_link
0.0791,704,0,0.0831,0.0029,0.1995,5e-05,0.1495,-0.0647,0.2188,0.0967,0.51954,1,3e-05,0,0,right_hand_Link1_1|torso_link;right_hand_base_link|torso_link
0.1927,705,0,0.1966,0.0621,0.1947,0.0001,0.2158,0.0402,0.1877,0.03,0.10353,1,0.0,1,86,right_elbow_link|torso_link;right_wrist_roll_link|torso_link
0.1275,707,0,0.1314,0.0536,0.1589,7e-05,0.1725,0.0265,0.1455,0.051,0.15847,1,0.0,1,41,right_hand_base_link|torso_link;right_wrist_pitch_link|torso_link;right_wrist_roll_link|torso_link;right_wrist_yaw_link|torso_link
0.3497,708,0,0.3537,-0.1744,0.0251,8e-05,0.3538,-0.1744,0.0251,0.0001,0.0,0,0.0,0,0,
0.1515,710,0,0.1555,-0.0201,0.1964,8e-05,0.174,-0.0402,0.1927,0.0276,0.12142,1,0.0,0,0,right_hand_base_link|torso_link
0.5756,712,0,0.5796,-0.2577,0.2712,0.02121,0.5589,-0.2532,0.2708,0.0212,0.0,0,0.0,0,0,
0.3593,713,0,0.3633,-0.0989,0.1053,0.0001,0.3634,-0.0989,0.1053,0.0001,0.0,1,0.0,0,0,right_shoulder_yaw_link|torso_link
0.2171,714,0,0.2211,-0.0043,0.0749,3e-05,0.2227,-0.0145,0.0689,0.0119,0.03538,1,0.0,1,311,right_wrist_pitch_link|torso_link;right_wrist_roll_link|torso_link
0.2644,717,0,0.2684,-0.0056,0.2215,7e-05,0.2684,-0.0056,0.2215,0.0001,0.0,1,0.0,1,32,right_elbow_link|torso_link
0.1255,718,0,0.1295,0.0073,0.1458,6e-05,0.188,-0.0745,0.1348,0.1011,0.53408,1,0.00061,0,0,right_hand_base_link|torso_link
0.1304,719,0,0.1343,-0.0284,0.1598,5e-05,0.1639,-0.0779,0.158,0.0578,0.29142,1,0.0012,0,0,right_hand_base_link|torso_link
0.0932,720,0,0.0971,-0.0151,0.1985,5e-05,0.1499,-0.0731,0.2036,0.0787,0.4129,1,0.00042,0,0,right_hand_Link1_1|torso_link;right_hand_base_link|torso_link
0.358,721,0,0.3619,-0.3189,-0.1044,8e-05,0.3985,-0.3223,-0.0252,0.0873,0.37444,0,0.0,0,0,
0.4094,723,0,0.4133,0.0078,-0.1642,0.04106,0.445,0.0138,-0.0364,0.1318,0.44964,1,0.0,0,0,right_shoulder_roll_link|torso_link;right_shoulder_yaw_link|torso_link
0.2867,724,0,0.2907,-0.1184,0.142,8e-05,0.2908,-0.1184,0.142,0.0001,0.0,0,0.0,0,0,
0.2917,725,0,0.2956,-0.0345,0.2317,6e-05,0.2957,-0.0345,0.2318,0.0001,0.0,1,0.0,0,0,right_shoulder_yaw_link|torso_link
0.1528,726,0,0.1568,-0.0219,0.198,8e-05,0.1726,-0.0382,0.194,0.023,0.09947,1,0.0,0,0,right_hand_base_link|torso_link
0.4997,727,0,0.5036,0.1349,0.1558,0.01286,0.536,0.0347,0.1675,0.1059,0.18704,1,0.0,0,0,right_shoulder_roll_link|torso_link
0.133,728,0,0.1369,0.0542,0.1506,7e-05,0.1745,0.0237,0.1416,0.0492,0.14725,1,0.0,1,42,right_hand_base_link|torso_link;right_wrist_pitch_link|torso_link;right_wrist_roll_link|torso_link;right_wrist_yaw_link|torso_link
0.2441,729,0,0.2481,0.1004,0.1404,6e-05,0.2463,0.0938,0.1209,0.0207,0.13572,1,0.0,1,210,right_elbow_link|torso_link
0.0933,730,0,0.0973,0.0063,0.2023,7e-05,0.1599,-0.0533,0.2116,0.0869,0.45931,1,0.00057,0,0,right_hand_base_link|torso_link
0.3236,732,0,0.3276,-0.0088,0.2,4e-05,0.3275,-0.0097,0.1966,0.0035,0.02495,1,0.0,1,2,right_shoulder_yaw_link|torso_link
0.4427,733,0,0.4467,-0.0965,0.091,6e-05,0.4466,-0.0965,0.091,0.0001,0.0,0,0.0,0,0,
0.1684,737,0,0.1723,-0.0743,0.2011,4e-05,0.1724,-0.0743,0.2011,0.0001,0.0,1,0.0,0,0,right_hand_base_link|torso_link
0.286,739,0,0.2899,-0.1434,0.0168,7e-05,0.29,-0.1434,0.0168,0.0001,0.0,0,0.0,0,0,
0.2727,740,0,0.2767,-0.1446,0.117,9e-05,0.2768,-0.1446,0.117,0.0001,0.0,0,0.0,0,0,
0.2531,741,0,0.2571,0.0323,0.0248,8e-05,0.2693,-0.0074,0.0113,0.0437,0.11146,1,0.0,1,49,right_elbow_link|torso_link;right_wrist_roll_link|torso_link
0.2507,742,0,0.2547,-0.16,0.0889,4e-05,0.2547,-0.16,0.0889,0.0001,0.0,0,0.0,0,0,
0.1019,743,0,0.1059,0.026,0.1778,8e-05,0.1838,-0.0501,0.1781,0.109,0.55786,1,7e-05,0,0,right_hand_base_link|torso_link
0.3466,746,0,0.3506,0.1565,0.1972,5e-05,0.3719,0.1289,0.1864,0.0365,0.16803,1,1e-05,1,40,right_shoulder_yaw_link|torso_link
0.5804,747,0,0.5844,-0.023,0.1987,0.02759,0.5576,-0.0284,0.2016,0.0275,0.0,0,0.0,0,0,
0.1084,749,0,0.1123,0.0023,0.2035,6e-05,0.1632,-0.0478,0.2077,0.0715,0.36812,1,0.00081,0,0,right_hand_base_link|torso_link
0.3238,751,0,0.3277,0.0577,0.1446,4e-05,0.3278,0.0472,0.126,0.0214,0.09592,1,0.0,1,146,right_shoulder_yaw_link|torso_link
0.1103,753,0,0.1143,-0.0281,0.1854,4e-05,0.1516,-0.0839,0.1896,0.0672,0.35016,1,0.0,0,0,right_hand_Link1_1|torso_link;right_hand_base_link|torso_link
0.5666,754,0,0.5705,-0.2361,0.1199,0.02437,0.5473,-0.2321,0.1257,0.0243,0.0,0,0.0,0,0,
0.2226,755,0,0.2265,-0.0626,0.1388,5e-05,0.2266,-0.0626,0.1388,0.0001,0.0,0,0.0,0,0,
0.2235,757,0,0.2275,0.0428,0.1172,9e-05,0.2413,0.0156,0.106,0.0325,0.0985,1,0.0,1,114,right_elbow_link|torso_link;right_wrist_roll_link|torso_link
0.1787,759,0,0.1827,-0.0436,0.1871,5e-05,0.1827,-0.0436,0.1871,0.0001,0.0,0,0.0,0,0,
0.4906,760,0,0.4946,-0.2338,0.1757,9e-05,0.4945,-0.2338,0.1757,0.0001,0.0,0,0.0,0,0,
0.2616,762,0,0.2655,-0.1756,0.1976,4e-05,0.2656,-0.1756,0.1976,0.0001,0.0,0,0.0,0,0,
0.2954,763,0,0.2993,-0.1846,0.1821,7e-05,0.2994,-0.1847,0.1821,0.0001,0.0,0,0.0,0,0,
0.374,765,0,0.378,-0.3365,-0.1312,0.00877,0.4236,-0.349,-0.0299,0.1118,0.47435,0,0.0,0,0,
0.5404,767,0,0.5443,-0.3981,0.2621,0.03431,0.5138,-0.3831,0.2624,0.034,0.0,0,0.0,0,0,
0.2658,768,0,0.2698,0.1067,0.1447,6e-05,0.2699,0.0975,0.1231,0.0235,0.13214,1,0.0,1,250,right_elbow_link|torso_link
0.5927,769,0,0.5966,-0.062,0.1179,0.04665,0.5517,-0.068,0.1286,0.0465,0.0,0,0.0,0,0,
0.3092,771,0,0.3131,-0.2346,0.0913,5e-05,0.3132,-0.2347,0.0913,0.0001,0.0,0,0.0,0,0,
0.2033,774,0,0.2073,0.0096,0.096,3e-05,0.2091,-0.0008,0.0884,0.013,0.04035,1,0.0,1,447,right_wrist_pitch_link|torso_link;right_wrist_roll_link|torso_link
0.1264,776,0,0.1304,0.0182,0.1681,6e-05,0.1903,-0.0477,0.1627,0.0892,0.46208,1,0.0,0,0,right_hand_base_link|torso_link
0.3314,778,0,0.3354,-0.1404,0.0999,4e-05,0.3354,-0.1404,0.0999,0.0,0.0,0,0.0,0,0,
0.3368,779,0,0.3408,-0.279,-0.067,9e-05,0.3556,-0.2757,-0.0215,0.048,0.20375,0,0.0,0,0,
0.4001,782,0,0.4041,-0.3085,0.1802,4e-05,0.404,-0.3085,0.1802,0.0001,0.0,0,0.0,0,0,
0.2941,783,0,0.2981,-0.0336,0.0049,7e-05,0.2957,-0.0382,-0.0001,0.0072,0.03797,1,0.0,0,0,right_shoulder_yaw_link|torso_link
0.2926,784,0,0.2966,-0.1671,0.1808,7e-05,0.2966,-0.1671,0.1808,0.0001,0.0,0,0.0,0,0,
0.5216,786,0,0.5256,-0.2543,0.0737,0.00038,0.5253,-0.2542,0.0738,0.0004,0.0,0,0.0,0,0,
0.3085,787,0,0.3125,-0.0462,0.0142,6e-05,0.3108,-0.0506,0.0101,0.0062,0.03477,1,0.0,0,0,right_shoulder_yaw_link|torso_link
0.181,788,0,0.1849,0.048,0.1342,4e-05,0.1996,0.0251,0.1232,0.0294,0.10024,1,0.0,1,116,right_wrist_roll_link|torso_link
0.1863,789,0,0.1903,-0.07,0.1137,9e-05,0.1903,-0.07,0.1137,0.0001,0.0,1,0.0,0,0,right_hand_base_link|torso_link
0.2249,791,0,0.2289,0.1205,0.2007,5e-05,0.2284,0.1187,0.1849,0.0159,0.11663,1,0.0,1,180,right_elbow_link|torso_link
0.2437,792,0,0.2476,-0.1043,0.1931,5e-05,0.2477,-0.1043,0.1931,0.0001,0.0,0,0.0,0,0,
0.129,795,0,0.133,0.0088,0.1995,8e-05,0.1717,-0.0215,0.1938,0.0495,0.23848,1,0.0003,0,0,right_hand_base_link|torso_link
0.1485,797,0,0.1525,-0.0701,0.1297,9e-05,0.1593,-0.09,0.1286,0.021,0.08892,1,0.00031,0,0,right_hand_base_link|torso_link
0.3843,799,0,0.3883,0.0299,-0.0726,8e-05,0.4157,0.0071,-0.0343,0.0523,0.18273,1,0.0,1,34,right_shoulder_yaw_link|torso_link
0.2896,800,0,0.2936,-0.2332,0.0842,6e-05,0.2936,-0.2333,0.0842,0.0001,0.0,0,0.0,0,0,
0.3285,801,0,0.3325,0.0325,0.0024,6e-05,0.3299,0.0065,-0.0176,0.0329,0.11806,1,0.0,1,46,right_shoulder_yaw_link|torso_link
0.515,802,0,0.519,0.0501,0.2116,9e-05,0.5189,0.0501,0.2116,0.0001,0.0,1,0.0,0,0,right_shoulder_roll_link|torso_link
0.3288,803,0,0.3328,0.0146,0.2135,3e-05,0.3334,0.0115,0.2057,0.0084,0.05332,1,0.0,1,22,right_shoulder_yaw_link|torso_link
0.2188,805,0,0.2228,0.092,0.1413,7e-05,0.2588,0.0441,0.1266,0.0617,0.17872,1,2e-05,1,162,right_elbow_link|torso_link;right_wrist_roll_link|torso_link
0.4602,806,0,0.4642,0.1097,0.026,0.00657,0.4916,0.0406,0.0327,0.0747,0.13571,1,0.0,0,0,right_shoulder_roll_link|torso_link
0.3638,808,0,0.3678,0.0614,0.2425,0.0001,0.371,0.0559,0.2412,0.0065,0.05715,1,0.0,1,16,right_shoulder_yaw_link|torso_link
0.5377,810,0,0.5417,-0.2994,0.0461,0.03355,0.5119,-0.2905,0.058,0.0333,0.0,0,0.0,0,0,
0.1398,811,0,0.1437,-0.0494,0.1944,7e-05,0.1568,-0.0754,0.1978,0.0294,0.13271,1,0.0,0,0,right_hand_Link1_1|torso_link;right_hand_base_link|torso_link
0.3213,813,0,0.3253,-0.1427,0.0499,5e-05,0.3253,-0.1427,0.0499,0.0,0.0,0,0.0,0,0,
0.2739,814,0,0.2778,0.1396,0.1404,6e-05,0.282,0.1239,0.1128,0.032,0.15623,1,0.00014,1,254,left_hand_base_link|right_hand_Link2_2;left_hand_base_link|right_hand_Link2_3;right_elbow_link|torso_link;right_shoulder_yaw_link|torso_link
0.1741,816,0,0.178,0.0554,0.1393,4e-05,0.1936,0.0324,0.127,0.0304,0.10401,1,0.0,1,137,right_wrist_pitch_link|torso_link;right_wrist_roll_link|torso_link
0.1576,817,0,0.1615,-0.0338,0.2051,8e-05,0.1718,-0.0396,0.1966,0.0146,0.05482,1,0.00046,0,0,right_hand_base_link|torso_link
0.2391,819,0,0.2431,-0.1266,0.1794,6e-05,0.2431,-0.1266,0.1794,0.0,0.0,0,0.0,0,0,
0.2216,820,0,0.2255,0.0859,0.1021,8e-05,0.2564,0.0368,0.0839,0.0608,0.16953,1,0.0,1,222,right_elbow_link|torso_link;right_wrist_roll_link|torso_link
0.2978,821,0,0.3018,-0.096,0.0961,6e-05,0.3018,-0.096,0.0961,0.0,0.0,1,0.0,0,0,right_shoulder_yaw_link|torso_link
0.2949,826,0,0.2989,0.0799,0.0847,7e-05,0.2949,0.0635,0.0577,0.0318,0.12283,1,1e-05,1,268,right_elbow_link|torso_link;right_shoulder_yaw_link|torso_link
0.3227,827,0,0.3266,-0.225,0.1444,4e-05,0.3267,-0.225,0.1444,0.0001,0.0,0,0.0,0,0,
0.5631,828,0,0.567,-0.2247,0.1637,0.01042,0.5569,-0.2232,0.1654,0.0104,0.0,0,0.0,0,0,
0.4981,831,0,0.5021,-0.3156,0.0656,0.0001,0.502,-0.3156,0.0656,0.0001,0.0,0,0.0,0,0,
0.099,833,0,0.1029,0.0149,0.2009,5e-05,0.1672,-0.0436,0.208,0.0872,0.45323,1,0.0003,0,0,right_hand_base_link|torso_link
0.2525,834,0,0.2564,0.0996,0.1899,5e-05,0.2562,0.0979,0.1789,0.0111,0.09937,1,0.0,1,166,right_elbow_link|torso_link
0.2475,835,0,0.2514,-0.0108,0.2139,9e-05,0.2515,-0.0108,0.2139,0.0001,0.0,1,0.0,0,0,right_elbow_link|torso_link
0.4117,836,0,0.4156,0.1913,0.0228,0.01349,0.365,0.1363,0.0066,0.0764,0.86986,1,0.01416,0,0,left_hand_Link1_2|right_hand_Link2_1;left_hand_Link1_2|right_hand_Link2_2;left_hand_Link1_2|right_hand_base_link;left_hand_Link1_3|right_hand_Link2_1;left_hand_Link1_3|right_hand_Link2_2;left_hand_Link1_3|right_hand_base_link;left_hand_Link2_2|right_hand_Link2_2;left_hand_Link2_2|right_hand_Link2_3;left_hand_Link2_3|right_hand_Link2_2;left_hand_Link2_3|right_hand_Link2_3;left_hand_base_link|right_hand_Link2_2;right_shoulder_roll_link|torso_link
0.2273,837,0,0.2313,-0.1047,0.0886,5e-05,0.2313,-0.1047,0.0886,0.0,0.0,0,0.0,0,0,
0.3207,838,0,0.3246,-0.0924,0.1541,5e-05,0.3247,-0.0924,0.1542,0.0001,0.0,1,0.0,0,0,right_shoulder_yaw_link|torso_link
0.5616,839,0,0.5655,-0.1712,0.0804,0.02282,0.5439,-0.1699,0.0873,0.0227,0.0,0,0.0,0,0,
0.2743,841,0,0.2782,-0.0486,0.2198,8e-05,0.2783,-0.0486,0.2198,0.0001,0.0,0,0.0,0,0,
0.2497,842,0,0.2537,0.1889,0.0413,5e-05,0.2195,0.1673,0.0296,0.0421,0.28655,1,0.03391,1,496,left_hand_base_link|right_hand_Link1_1;left_hand_base_link|right_hand_Link1_2;left_hand_base_link|right_hand_Link2_1;left_wrist_pitch_link|right_hand_Link1_1;left_wrist_pitch_link|right_hand_Link1_2;left_wrist_pitch_link|right_hand_Link1_3;left_wrist_pitch_link|right_hand_Link2_1;left_wrist_pitch_link|right_hand_Link2_2;left_wrist_pitch_link|right_hand_Link2_3;left_wrist_pitch_link|right_hand_base_link;left_wrist_roll_link|right_hand_Link1_1;left_wrist_roll_link|right_hand_Link2_2;left_wrist_roll_link|right_hand_Link2_3;left_wrist_yaw_link|right_hand_Link1_2;left_wrist_yaw_link|right_hand_Link1_3;left_wrist_yaw_link|right_hand_Link2_2;left_wrist_yaw_link|right_hand_Link2_3;left_wrist_yaw_link|right_hand_base_link;right_elbow_link|torso_link;right_shoulder_yaw_link|torso_link
0.187,843,0,0.1909,-0.1287,0.1055,4e-05,0.191,-0.1287,0.1055,0.0001,0.0,0,0.0,0,0,
0.0914,844,0,0.0954,0.0143,0.2001,6e-05,0.1654,-0.0479,0.2083,0.094,0.49577,1,0.00062,0,0,right_hand_base_link|torso_link
0.5545,845,0,0.5585,-0.3857,0.2019,0.04422,0.5187,-0.3677,0.2066,0.0439,0.0,0,0.0,0,0,
0.0849,846,0,0.0888,0.0075,0.1969,8e-05,0.1569,-0.0606,0.2121,0.0975,0.52104,1,0.00027,0,0,right_hand_base_link|torso_link
0.2938,847,0,0.2978,0.101,0.1875,4e-05,0.3,0.09,0.16,0.0298,0.12031,1,4e-05,1,150,right_elbow_link|torso_link;right_shoulder_yaw_link|torso_link
0.4624,849,0,0.4664,0.1196,-0.0485,0.04739,0.466,0.0256,-0.0253,0.0968,0.14908,1,0.0,0,0,right_shoulder_roll_link|torso_link
0.4611,850,0,0.4651,-0.3611,0.1324,6e-05,0.465,-0.3611,0.1324,0.0001,0.0,0,0.0,0,0,
0.34,851,0,0.344,0.05,-0.0962,0.0001,0.389,0.0015,-0.0213,0.0999,0.42281,1,0.0,0,0,right_shoulder_yaw_link|torso_link
0.59,852,0,0.5939,-0.2331,0.2345,0.03098,0.5634,-0.228,0.2358,0.0309,0.0,0,0.0,0,0,
0.5087,853,0,0.5127,-0.176,0.2135,8e-05,0.5126,-0.176,0.2135,0.0001,0.0,0,0.0,0,0,
0.5211,855,0,0.5251,0.0272,0.0024,0.03754,0.4932,0.017,0.0184,0.0371,0.0,1,0.0,0,0,right_shoulder_roll_link|torso_link
0.1464,856,0,0.1504,0.0502,0.2059,6e-05,0.1638,0.0385,0.2008,0.0185,0.07089,1,0.00099,0,0,logo_link|right_hand_base_link;right_hand_base_link|torso_link;right_wrist_roll_link|torso_link
0.3642,858,0,0.3682,-0.058,0.0029,8e-05,0.368,-0.0672,-0.0005,0.0098,0.0406,1,0.0,0,0,right_shoulder_yaw_link|torso_link
0.1584,859,0,0.1623,-0.0776,0.1296,8e-05,0.164,-0.0839,0.1293,0.0066,0.03002,1,0.00137,0,0,right_hand_base_link|torso_link
0.1306,863,0,0.1345,-0.0594,0.1504,7e-05,0.1514,-0.1008,0.149,0.0447,0.22235,1,0.0,0,0,right_hand_Link1_1|torso_link;right_hand_base_link|torso_link
0.1297,864,0,0.1336,-0.0484,0.1871,8e-05,0.1523,-0.0826,0.1887,0.039,0.18749,1,3e-05,0,0,right_hand_Link1_1|torso_link;right_hand_base_link|torso_link
0.4387,866,0,0.4426,-0.0228,0.18,5e-05,0.4426,-0.0229,0.18,0.0001,0.0,0,0.0,0,0,
0.1253,867,0,0.1292,-0.0259,0.1838,6e-05,0.1611,-0.0733,0.1852,0.0571,0.28775,1,0.00037,0,0,right_hand_base_link|torso_link
0.1676,868,0,0.1716,0.0861,0.1553,3e-05,0.2081,0.0473,0.1422,0.0549,0.17952,1,1e-05,1,135,right_wrist_roll_link|torso_link
0.166,869,0,0.17,0.0146,0.1387,7e-05,0.1886,-0.0059,0.1369,0.0277,0.1088,1,7e-05,1,22,right_hand_base_link|torso_link;right_wrist_pitch_link|torso_link;right_wrist_roll_link|torso_link;right_wrist_yaw_link|torso_link
0.2475,870,0,0.2515,0.1166,0.1737,5e-05,0.2513,0.1093,0.1491,0.0257,0.13603,1,0.0,1,240,right_elbow_link|torso_link
0.2248,872,0,0.2288,-0.1436,0.1011,6e-05,0.2289,-0.1436,0.1011,0.0001,0.0,0,0.0,0,0,
0.3648,873,0,0.3688,-0.2004,0.2418,4e-05,0.3688,-0.2004,0.2418,0.0,0.0,0,0.0,0,0,
0.516,875,0,0.5199,-0.128,-0.0088,0.01406,0.5076,-0.1282,-0.0024,0.0139,0.0,0,0.0,0,0,
0.5388,876,0,0.5427,-0.3535,0.2136,0.01589,0.5281,-0.3476,0.215,0.0158,0.0,0,0.0,0,0,
0.2748,879,0,0.2787,0.008,0.2141,6e-05,0.2788,0.008,0.2141,0.0001,0.0,1,0.0,1,50,right_elbow_link|torso_link;right_shoulder_yaw_link|torso_link
0.5576,881,0,0.5616,-0.0233,0.1359,0.01533,0.547,-0.0263,0.1392,0.0153,0.0,0,0.0,0,0,
0.0932,882,0,0.0972,0.0091,0.1892,6e-05,0.1653,-0.0594,0.1965,0.0969,0.51015,1,0.0,0,0,right_hand_base_link|torso_link
0.241,883,0,0.2449,0.1039,0.1305,7e-05,0.2432,0.0959,0.1097,0.0223,0.14384,1,0.0,1,224,right_elbow_link|torso_link
0.1049,885,0,0.1089,-0.0179,0.1745,9e-05,0.1538,-0.0789,0.1782,0.0759,0.39842,1,0.0,0,0,right_hand_Link1_1|torso_link;right_hand_base_link|torso_link
0.4922,886,0,0.4961,-0.2534,0.0628,9e-05,0.496,-0.2533,0.0629,0.0001,0.0,0,0.0,0,0,
0.5263,888,0,0.5302,-0.1392,-0.0093,0.02341,0.5096,-0.1391,0.0013,0.0232,0.0,0,0.0,0,0,
0.427,891,0,0.431,-0.1704,-0.0804,0.0001,0.4533,-0.1669,-0.0365,0.0493,0.20714,0,0.0,0,0,
0.2046,892,0,0.2085,-0.1017,0.1633,4e-05,0.2085,-0.1017,0.1633,0.0001,0.0,0,0.0,0,0,
0.2309,893,0,0.2349,0.0858,0.0487,8e-05,0.2556,0.0328,0.0214,0.0631,0.14832,1,1e-05,1,143,right_elbow_link|torso_link;right_wrist_roll_link|torso_link
0.3286,895,0,0.3326,-0.1165,0.2213,4e-05,0.3326,-0.1165,0.2214,0.0001,0.0,0,0.0,0,0,
0.2063,896,0,0.2103,-0.0778,0.1609,9e-05,0.2104,-0.0778,0.1609,0.0001,0.0,0,0.0,0,0,
0.1307,897,0,0.1346,-0.0455,0.1899,8e-05,0.1535,-0.0777,0.1909,0.0373,0.18046,1,0.0004,0,0,right_hand_Link1_1|torso_link;right_hand_base_link|torso_link
0.4825,898,0,0.4865,0.0121,-0.0094,0.00552,0.4819,0.0107,-0.0068,0.0055,0.0,1,0.0,0,0,right_shoulder_roll_link|torso_link
0.3148,899,0,0.3187,-0.0919,0.045,5e-05,0.3187,-0.0919,0.0448,0.0002,0.00045,1,4e-05,0,0,right_shoulder_yaw_link|torso_link
0.4691,901,0,0.473,-0.1767,0.1752,9e-05,0.4729,-0.1767,0.1752,0.0001,0.0,0,0.0,0,0,
0.2717,904,0,0.2757,-0.0126,0.2133,7e-05,0.2757,-0.0126,0.2133,0.0,0.0,1,0.0,1,20,right_elbow_link|torso_link
0.2022,905,0,0.2062,0.0941,0.1752,7e-05,0.2325,0.062,0.1567,0.0454,0.13245,1,0.0,1,196,right_elbow_link|torso_link;right_wrist_roll_link|torso_link
0.0902,907,0,0.0941,0.0007,0.1985,9e-05,0.1541,-0.0637,0.2128,0.0892,0.47538,1,0.00017,0,0,right_hand_Link1_1|torso_link;right_hand_base_link|torso_link
0.0867,912,0,0.0906,0.0073,0.1906,8e-05,0.1594,-0.063,0.2035,0.0992,0.53297,1,0.0,0,0,right_hand_base_link|torso_link
0.389,913,0,0.393,-0.07,0.1191,8e-05,0.3931,-0.0708,0.1188,0.0009,0.00539,1,0.0,0,0,right_shoulder_yaw_link|torso_link
0.5115,914,0,0.5154,-0.3658,0.0327,0.03756,0.4841,-0.3519,0.0468,0.0371,0.0,0,0.0,0,0,
0.1106,918,0,0.1145,0.0147,0.1676,8e-05,0.184,-0.0661,0.1645,0.1066,0.56378,1,2e-05,0,0,right_hand_base_link|torso_link
0.4912,919,0,0.4951,-0.2037,0.1612,8e-05,0.495,-0.2037,0.1612,0.0001,0.0,0,0.0,0,0,
0.228,923,0,0.2319,0.1568,0.1072,8e-05,0.2322,0.1322,0.0957,0.0272,0.20715,1,0.0,1,368,left_wrist_pitch_link|right_hand_Link2_2;left_wrist_yaw_link|right_hand_Link2_2;right_elbow_link|torso_link
0.0982,926,0,0.1022,0.0144,0.1964,5e-05,0.1693,-0.0485,0.2027,0.0922,0.48064,1,9e-05,0,0,right_hand_base_link|torso_link
0.2634,927,0,0.2673,0.0143,0.1899,7e-05,0.2667,0.0147,0.1874,0.0025,0.01716,1,0.0,1,110,right_elbow_link|torso_link;right_wrist_roll_link|torso_link
0.4256,929,0,0.4296,0.1529,0.1946,6e-05,0.4561,0.1084,0.1839,0.0529,0.12602,1,0.0,0,0,right_shoulder_roll_link|torso_link;right_shoulder_yaw_link|torso_link
0.5372,930,0,0.5412,-0.1353,0.0722,0.00178,0.5395,-0.1353,0.0727,0.0018,0.0,0,0.0,0,0,
0.0884,932,0,0.0924,-0.0061,0.1987,5e-05,0.1494,-0.0712,0.214,0.0879,0.46905,1,0.0,0,0,right_hand_Link1_1|torso_link;right_hand_base_link|torso_link
0.3309,933,0,0.3348,-0.0932,0.1484,4e-05,0.3349,-0.0932,0.1484,0.0001,0.0,1,0.0,0,0,right_shoulder_yaw_link|torso_link
0.5247,934,0,0.5286,-0.255,0.0767,0.00119,0.5275,-0.2547,0.077,0.0011,0.0,0,0.0,0,0,
0.2776,935,0,0.2815,0.0933,0.1284,6e-05,0.2817,0.0844,0.1109,0.0196,0.12077,1,0.0,1,264,right_elbow_link|torso_link
0.3481,936,0,0.3521,0.1821,0.0829,6e-05,0.292,0.1956,0.1129,0.0685,0.65345,1,0.02468,1,20,left_hand_base_link|right_hand_Link2_1;left_hand_base_link|right_hand_Link2_2;left_hand_base_link|right_hand_Link2_3;left_hand_base_link|right_hand_base_link;right_shoulder_yaw_link|torso_link
0.2309,937,0,0.2349,-0.0446,0.1344,4e-05,0.2349,-0.0446,0.1344,0.0,0.0,1,0.0,1,2,right_wrist_roll_link|torso_link
0.3575,938,0,0.3615,0.1656,0.0871,8e-05,0.4029,0.1092,0.0833,0.0701,0.2212,1,0.00257,1,50,left_hand_Link1_2|right_hand_Link2_2;left_hand_Link1_3|right_hand_Link2_2;right_shoulder_yaw_link|torso_link
0.1709,939,0,0.1749,0.0721,0.2081,3e-05,0.1979,0.0501,0.2012,0.0326,0.11681,1,0.0,1,76,right_elbow_link|torso_link;right_wrist_roll_link|torso_link
0.4132,941,0,0.4171,0.022,0.0037,6e-05,0.4218,-0.0012,-0.0026,0.0245,0.06302,1,1e-05,1,32,right_shoulder_yaw_link|torso_link
0.2953,944,0,0.2993,-0.0041,0.0861,6e-05,0.2976,-0.0061,0.0812,0.0055,0.03187,1,0.0,1,48,right_elbow_link|torso_link;right_shoulder_yaw_link|torso_link;right_wrist_roll_link|torso_link
0.3434,945,0,0.3474,-0.1182,0.1437,4e-05,0.3474,-0.1182,0.1437,0.0001,0.0,0,0.0,0,0,
0.1712,946,0,0.1752,-0.0442,0.1093,9e-05,0.1857,-0.0702,0.1046,0.0284,0.11129,1,0.00026,1,2,right_hand_base_link|torso_link
0.0866,947,0,0.0905,0.0018,0.1976,9e-05,0.1538,-0.0647,0.2127,0.093,0.49719,1,0.00033,0,0,right_hand_Link1_1|torso_link;right_hand_base_link|torso_link
0.2782,948,0,0.2822,-0.1876,0.0655,7e-05,0.2822,-0.1876,0.0655,0.0,0.0,0,0.0,0,0,
0.3127,949,0,0.3166,0.1009,0.1908,3e-05,0.3214,0.0862,0.1622,0.0325,0.13163,1,0.0,1,120,right_shoulder_yaw_link|torso_link
0.3608,950,0,0.3648,0.1188,0.0944,0.0001,0.3808,0.0726,0.0639,0.0577,0.18893,1,0.0,1,28,right_shoulder_yaw_link|torso_link
0.2303,953,0,0.2343,0.0058,0.2273,0.0001,0.2344,0.0059,0.2273,0.0001,0.0,1,0.0,1,26,right_elbow_link|torso_link;right_wrist_roll_link|torso_link
0.1833,954,0,0.1872,0.073,0.1576,3e-05,0.2144,0.0404,0.1458,0.0441,0.1453,1,2e-05,1,133,right_elbow_link|torso_link;right_wrist_roll_link|torso_link
0.2411,955,0,0.2451,-0.0712,0.0426,0.0001,0.2451,-0.0712,0.0426,0.0001,0.0,1,0.0,1,2,right_elbow_link|torso_link;right_wrist_roll_link|torso_link
0.1482,956,0,0.1521,-0.0618,0.2014,6e-05,0.1546,-0.0686,0.2019,0.0073,0.03612,1,0.00104,0,0,right_hand_Link1_1|torso_link;right_hand_base_link|torso_link
0.0876,958,0,0.0916,-0.0061,0.2011,5e-05,0.1489,-0.0707,0.2166,0.0877,0.4675,1,0.0,0,0,right_hand_Link1_1|torso_link;right_hand_base_link|torso_link
0.1341,960,0,0.1381,-0.0284,0.2053,6e-05,0.1606,-0.0632,0.2102,0.0418,0.20072,1,0.0,0,0,right_hand_base_link|torso_link
0.4628,961,0,0.4668,0.0812,-0.0111,0.01314,0.4754,0.0346,-0.0035,0.048,0.08418,1,0.0,0,0,right_shoulder_roll_link|torso_link
0.5588,962,0,0.5627,-0.1608,0.1968,0.0001,0.5626,-0.1608,0.1968,0.0001,0.0,0,0.0,0,0,
0.2565,963,0,0.2605,-0.1072,0.1663,4e-05,0.2605,-0.1072,0.1663,0.0,0.0,0,0.0,0,0,
0.1777,964,0,0.1817,0.0787,0.1913,0.0001,0.2114,0.0487,0.1829,0.043,0.14637,1,0.0,1,104,right_elbow_link|torso_link;right_wrist_roll_link|torso_link
0.5609,966,0,0.5649,0.0881,0.1518,0.04793,0.5402,0.023,0.1695,0.0718,0.09304,1,0.0,0,0,right_shoulder_roll_link|torso_link
0.2407,968,0,0.2447,-0.0597,0.1356,4e-05,0.2447,-0.0597,0.1356,0.0,0.0,0,0.0,1,1,
0.4005,970,0,0.4045,-0.0888,0.0604,7e-05,0.4044,-0.0888,0.0605,0.0001,0.0,1,0.0,0,0,right_shoulder_yaw_link|torso_link
0.2824,971,0,0.2864,-0.2171,-0.0244,6e-05,0.2864,-0.2172,-0.0244,0.0001,0.0,0,0.0,0,0,
0.1647,972,0,0.1686,0.044,0.2001,5e-05,0.1771,0.0345,0.1942,0.014,0.05605,1,0.0,0,0,right_wrist_roll_link|torso_link
0.1676,973,0,0.1715,-0.0891,0.1713,0.0001,0.1716,-0.0891,0.1713,0.0001,0.0,0,0.0,0,0,
0.3372,974,0,0.3412,0.1676,0.0523,6e-05,0.266,0.1774,0.0547,0.0758,0.77628,1,0.02479,1,32,left_hand_Link1_1|right_hand_Link1_2;left_hand_Link1_1|right_hand_Link2_1;left_hand_Link1_1|right_hand_base_link;left_hand_Link1_2|right_hand_Link2_1;left_hand_Link1_2|right_hand_base_link;left_hand_base_link|right_hand_Link1_1;left_hand_base_link|right_hand_Link1_2;left_hand_base_link|right_hand_Link1_3;left_hand_base_link|right_hand_Link2_1;left_hand_base_link|right_hand_Link2_2;left_hand_base_link|right_hand_Link2_3;left_hand_base_link|right_hand_base_link;left_wrist_pitch_link|right_hand_Link2_2;left_wrist_pitch_link|right_hand_Link2_3;left_wrist_yaw_link|right_hand_Link2_2;left_wrist_yaw_link|right_hand_Link2_3;right_shoulder_yaw_link|torso_link
0.2545,975,0,0.2584,-0.1078,0.0046,8e-05,0.2585,-0.1078,0.0045,0.0001,0.0,0,0.0,0,0,
0.1939,976,0,0.1978,-0.0951,0.193,6e-05,0.1979,-0.0951,0.193,0.0001,0.0,0,0.0,0,0,
0.3361,978,0,0.34,-0.2263,0.1163,3e-05,0.34,-0.2263,0.1163,0.0001,0.0,0,0.0,0,0,
0.1431,980,0,0.1471,-0.0148,0.189,8e-05,0.1779,-0.046,0.1791,0.0449,0.21034,1,0.00078,0,0,right_hand_base_link|torso_link
0.079,981,0,0.083,0.001,0.2003,5e-05,0.1486,-0.0672,0.22,0.0967,0.51885,1,0.0,0,0,right_hand_Link1_1|torso_link;right_hand_base_link|torso_link
0.4612,985,0,0.4652,0.083,-0.0517,0.03298,0.4601,0.0256,-0.0345,0.0601,0.08813,1,2e-05,0,0,right_shoulder_roll_link|torso_link
0.1239,989,0,0.1278,0.0418,0.1561,0.0001,0.1753,0.0104,0.1415,0.0588,0.18069,1,8e-05,1,11,right_hand_base_link|torso_link
0.4222,990,0,0.4262,-0.0095,0.1363,9e-05,0.4262,-0.0101,0.1361,0.0006,0.00242,1,0.0,1,8,right_shoulder_yaw_link|torso_link
0.2013,991,0,0.2053,-0.1558,0.0693,7e-05,0.2054,-0.1558,0.0693,0.0001,0.0,0,0.0,0,0,
0.3659,992,0,0.3698,-0.2187,0.0893,5e-05,0.3699,-0.2187,0.0893,0.0001,0.0,0,0.0,0,0,
0.3093,993,0,0.3133,0.132,0.1126,5e-05,0.3184,0.0961,0.0644,0.0603,0.19671,1,0.0,1,244,left_hand_Link1_1|right_hand_Link2_2;right_shoulder_yaw_link|torso_link
0.3503,995,0,0.3543,0.1686,-0.0566,0.00028,0.3925,0.122,-0.033,0.0647,0.3309,1,0.00015,0,0,left_hand_Link1_1|right_hand_base_link;left_hand_Link1_2|right_hand_base_link;right_shoulder_roll_link|torso_link;right_shoulder_yaw_link|torso_link
0.0926,996,0,0.0966,-0.0058,0.2025,4e-05,0.1498,-0.0671,0.2174,0.0826,0.43888,1,0.00011,0,0,right_hand_Link1_1|torso_link;right_hand_base_link|torso_link
0.2594,997,0,0.2633,0.178,0.1028,8e-05,0.2577,0.1525,0.1311,0.0385,0.27692,1,0.00122,1,296,left_hand_base_link|right_hand_Link1_2;left_hand_base_link|right_hand_Link1_3;right_shoulder_yaw_link|torso_link
0.2536,998,0,0.2576,0.1671,0.0605,4e-05,0.274,0.1433,0.0673,0.0297,0.20657,1,0.0,1,354,left_hand_base_link|right_hand_Link1_2;left_wrist_pitch_link|right_hand_base_link;right_elbow_link|torso_link;right_shoulder_yaw_link|torso_link
0.3911,999,0,0.3951,-0.0479,0.0349,8e-05,0.3955,-0.0575,0.032,0.01,0.03885,1,2e-05,0,0,right_shoulder_yaw_link|torso_link
0.1836,1000,0,0.1876,0.0068,0.2174,7e-05,0.1877,0.0068,0.2174,0.0001,0.0,1,0.0,0,0,right_wrist_roll_link|torso_link
0.1354,1002,0,0.1394,0.055,0.198,7e-05,0.1622,0.0376,0.1933,0.029,0.08034,1,0.00021,0,0,right_hand_base_link|torso_link;right_wrist_pitch_link|torso_link;right_wrist_roll_link|torso_link
0.0816,1004,0,0.0856,0.0035,0.1949,0.0001,0.1527,-0.0645,0.2107,0.0968,0.51675,1,0.0,0,0,right_hand_Link1_1|torso_link;right_hand_base_link|torso_link
0.116,1006,0,0.12,-0.0102,0.2028,7e-05,0.1597,-0.0563,0.2072,0.061,0.30606,1,0.00078,0,0,right_hand_base_link|torso_link
0.1068,1007,0,0.1107,-0.0185,0.191,9e-05,0.1523,-0.0747,0.1989,0.0704,0.368,1,0.00037,0,0,right_hand_Link1_1|torso_link;right_hand_base_link|torso_link
0.1338,1008,0,0.1377,0.0533,0.2026,7e-05,0.1631,0.0352,0.1989,0.0314,0.07309,1,0.0005,0,0,logo_link|right_hand_base_link;right_hand_base_link|torso_link;right_wrist_pitch_link|torso_link;right_wrist_roll_link|torso_link
0.1052,1010,0,0.1092,0.0005,0.1834,6e-05,0.1664,-0.0664,0.1887,0.0881,0.46756,1,0.00023,0,0,right_hand_base_link|torso_link
0.1161,1011,0,0.1201,0.0218,0.198,7e-05,0.1727,-0.0183,0.1955,0.0662,0.33533,1,0.00023,0,0,right_hand_Link1_1|torso_link;right_hand_base_link|torso_link;right_wrist_yaw_link|torso_link
0.1745,1012,0,0.1784,0.0032,0.2003,9e-05,0.1785,0.0033,0.2003,0.0001,0.00034,1,1e-05,0,0,right_wrist_roll_link|torso_link
0.2423,1016,0,0.2462,0.1321,0.1785,5e-05,0.248,0.1325,0.1799,0.0023,0.12626,1,0.0,1,176,right_elbow_link|torso_link;right_shoulder_yaw_link|torso_link
0.2786,1019,0,0.2826,-0.1939,-0.0132,6e-05,0.2827,-0.1939,-0.0132,0.0001,0.0,0,0.0,0,0,
0.0791,1020,0,0.0831,0.0006,0.1985,5e-05,0.149,-0.0679,0.2175,0.0969,0.52082,1,0.0,0,0,right_hand_Link1_1|torso_link;right_hand_base_link|torso_link
0.3045,1023,0,0.3084,-0.1965,0.0677,5e-05,0.3085,-0.1965,0.0677,0.0001,0.0,0,0.0,0,0,
0.1361,1024,0,0.1401,0.0049,0.1582,6e-05,0.1881,-0.0598,0.1542,0.0806,0.40051,1,0.0,0,0,right_hand_base_link|torso_link
0.333,1027,0,0.3369,0.1314,0.2443,8e-05,0.3464,0.1207,0.2432,0.0144,0.11862,1,0.0,1,30,right_shoulder_yaw_link|torso_link
0.2002,1028,0,0.2042,-0.1153,0.1372,4e-05,0.2042,-0.1153,0.1372,0.0,0.0,0,0.0,0,0,
0.2589,1029,0,0.2629,0.1489,0.1222,7e-05,0.2721,0.1364,0.1099,0.0198,0.15551,1,1e-05,1,260,right_elbow_link|torso_link;right_shoulder_yaw_link|torso_link
0.1464,1031,0,0.1504,-0.0158,0.1814,8e-05,0.1806,-0.051,0.1734,0.047,0.22736,1,0.00051,0,0,right_hand_base_link|torso_link
0.4971,1032,0,0.5011,0.0588,0.2463,8e-05,0.501,0.0588,0.2463,0.0001,0.0,1,0.0,0,0,right_shoulder_roll_link|torso_link
0.3282,1033,0,0.3322,-0.1046,0.1689,5e-05,0.3322,-0.1046,0.1689,0.0,0.0,0,0.0,0,0,
0.4687,1036,0,0.4726,0.0461,0.24,6e-05,0.4726,0.0461,0.24,0.0,0.0,1,0.0,0,0,right_shoulder_roll_link|torso_link
0.2094,1039,0,0.2134,0.0792,0.1947,7e-05,0.2348,0.0558,0.1891,0.0322,0.1051,1,5e-05,1,116,right_elbow_link|torso_link;right_wrist_roll_link|torso_link
0.3428,1041,0,0.3467,-0.0191,-0.0388,9e-05,0.3509,-0.0378,-0.0243,0.024,0.10565,1,0.0,0,0,right_shoulder_yaw_link|torso_link
0.1892,1045,0,0.1931,0.0431,0.1715,4e-05,0.2057,0.0259,0.1642,0.0226,0.08099,1,0.0,1,64,right_wrist_roll_link|torso_link
0.3009,1047,0,0.3049,0.1779,0.168,6e-05,0.3087,0.1538,0.1574,0.0267,0.20979,1,0.00013,1,44,left_hand_base_link|right_hand_Link2_2;left_hand_base_link|right_hand_Link2_3;right_shoulder_yaw_link|torso_link
0.2213,1048,0,0.2252,0.1046,0.1974,6e-05,0.2232,0.1042,0.1836,0.014,0.10942,1,0.0,1,172,right_elbow_link|torso_link
0.1757,1049,0,0.1796,-0.0194,0.1199,7e-05,0.1994,-0.0531,0.1156,0.0393,0.1934,1,0.0,1,4,right_hand_base_link|torso_link;right_wrist_pitch_link|torso_link;right_wrist_roll_link|torso_link;right_wrist_yaw_link|torso_link
0.2665,1050,0,0.2705,0.0354,0.1383,7e-05,0.2747,0.0309,0.1401,0.0065,0.04063,1,0.0,1,164,right_elbow_link|torso_link;right_wrist_roll_link|torso_link
0.1943,1051,0,0.1982,-0.0613,0.088,6e-05,0.1983,-0.0612,0.088,0.0001,0.0,1,0.0,1,271,right_hand_base_link|torso_link;right_wrist_roll_link|torso_link
0.2121,1052,0,0.2161,-0.0295,0.1954,6e-05,0.2162,-0.0295,0.1954,0.0001,0.0,1,0.0,0,0,right_wrist_roll_link|torso_link
0.3808,1053,0,0.3848,-0.3138,0.1193,6e-05,0.3847,-0.3138,0.1193,0.0001,0.0,0,0.0,0,0,
0.1739,1054,0,0.1779,0.037,0.1136,4e-05,0.1817,0.0244,0.1028,0.017,0.05459,1,3e-05,1,369,right_hand_base_link|torso_link;right_wrist_pitch_link|torso_link;right_wrist_roll_link|torso_link;right_wrist_yaw_link|torso_link
0.3162,1056,0,0.3202,0.0697,0.0079,7e-05,0.3169,0.0349,-0.023,0.0467,0.15416,1,0.0,1,112,right_shoulder_yaw_link|torso_link
0.5735,1057,0,0.5774,-0.1639,0.2188,0.00814,0.5693,-0.1635,0.2193,0.0081,0.0,0,0.0,0,0,
0.3635,1060,0,0.3674,-0.3244,-0.1121,9e-05,0.4118,-0.3285,-0.0278,0.0954,0.41123,0,0.0,0,0,
0.216,1061,0,0.2199,-0.0826,0.1371,7e-05,0.22,-0.0826,0.1371,0.0001,0.0,0,0.0,0,0,
0.3399,1063,0,0.3439,0.0923,0.2443,4e-05,0.3487,0.086,0.2434,0.008,0.08589,1,0.0,1,14,right_shoulder_yaw_link|torso_link
0.268,1066,0,0.272,0.0503,0.0757,7e-05,0.2722,0.0378,0.0623,0.0183,0.08509,1,0.0,1,260,right_elbow_link|torso_link;right_wrist_roll_link|torso_link
0.3884,1067,0,0.3923,-0.102,0.1237,9e-05,0.3924,-0.102,0.1237,0.0001,0.0,1,0.0,0,0,right_shoulder_yaw_link|torso_link
0.1088,1068,0,0.1128,-0.0058,0.183,6e-05,0.1635,-0.0691,0.1882,0.0813,0.42793,1,0.0002,0,0,right_hand_base_link|torso_link
0.1442,1069,0,0.1482,0.0043,0.2001,6e-05,0.1684,-0.011,0.1961,0.0256,0.11083,1,9e-05,0,0,right_hand_Link1_1|torso_link;right_hand_base_link|torso_link;right_wrist_yaw_link|torso_link
0.0971,1070,0,0.1011,0.0031,0.2018,7e-05,0.1594,-0.0535,0.2089,0.0816,0.42592,1,0.00065,0,0,right_hand_base_link|torso_link
0.5304,1072,0,0.5343,-0.3539,0.101,0.02764,0.5099,-0.344,0.1084,0.0273,0.0,0,0.0,0,0,
0.3098,1073,0,0.3137,0.1941,0.1876,9e-05,0.3382,0.1656,0.1763,0.0392,0.21345,1,7e-05,1,28,left_hand_base_link|right_hand_Link2_2;right_shoulder_yaw_link|torso_link
0.0942,1076,0,0.0982,0.0038,0.1853,7e-05,0.1624,-0.0662,0.1937,0.0954,0.5106,1,0.00041,0,0,right_hand_base_link|torso_link
0.4554,1077,0,0.4594,-0.3308,0.1044,0.0001,0.4593,-0.3308,0.1044,0.0001,0.0,0,0.0,0,0,
0.2339,1078,0,0.2378,-0.0506,0.1743,4e-05,0.2379,-0.0506,0.1743,0.0001,0.0,0,0.0,0,0,
0.1687,1084,0,0.1727,-0.0929,0.1361,7e-05,0.1728,-0.0929,0.1361,0.0001,0.0,0,0.0,0,0,
0.1825,1086,0,0.1864,0.1158,0.0816,9e-05,0.2356,0.0475,0.0531,0.0889,0.24621,1,0.0,1,234,right_elbow_link|torso_link;right_wrist_roll_link|torso_link
0.1541,1087,0,0.158,0.0345,0.1114,5e-05,0.1802,0.0194,0.1143,0.027,0.07455,1,0.0,1,107,right_hand_base_link|torso_link;right_wrist_pitch_link|torso_link;right_wrist_roll_link|torso_link;right_wrist_yaw_link|torso_link
0.1346,1089,0,0.1386,-0.0232,0.1859,5e-05,0.168,-0.0636,0.1845,0.0499,0.24454,1,2e-05,0,0,right_hand_base_link|torso_link
0.5338,1091,0,0.5378,-0.0821,0.1965,9e-05,0.5377,-0.0821,0.1965,0.0001,0.0,0,0.0,0,0,
0.362,1092,0,0.3659,-0.3062,-0.0501,7e-05,0.3736,-0.3066,-0.0282,0.0232,0.09384,0,0.0,0,0,
0.2232,1093,0,0.2272,-0.1376,0.1525,8e-05,0.2273,-0.1376,0.1525,0.0001,0.0,0,0.0,0,0,
0.2554,1096,0,0.2593,0.0533,0.1353,7e-05,0.2697,0.041,0.1365,0.0161,0.05031,1,2e-05,1,174,right_elbow_link|torso_link;right_wrist_roll_link|torso_link
0.0937,1097,0,0.0977,0.0137,0.1973,6e-05,0.1664,-0.0497,0.2052,0.0938,0.49425,1,0.00014,0,0,right_hand_base_link|torso_link
0.2808,1098,0,0.2848,-0.0997,0.2132,8e-05,0.2849,-0.0997,0.2132,0.0001,0.0,0,0.0,0,0,
0.2255,1099,0,0.2294,-0.003,0.1082,3e-05,0.233,-0.0142,0.1032,0.0127,0.04144,1,0.0,1,63,right_wrist_roll_link|torso_link
0.3971,1101,0,0.4011,-0.2786,0.2216,7e-05,0.401,-0.2786,0.2216,0.0001,0.0,0,0.0,0,0,
0.2752,1102,0,0.2792,0.0833,0.1889,5e-05,0.2793,0.0811,0.1794,0.0098,0.08148,1,0.0,1,144,right_elbow_link|torso_link;right_shoulder_yaw_link|torso_link
0.4962,1104,0,0.5002,0.0109,0.1277,8e-05,0.5001,0.0109,0.1277,0.0001,0.0,0,0.0,0,0,
0.0815,1106,0,0.0854,0.005,0.1999,0.0001,0.1527,-0.0621,0.2175,0.0966,0.51704,1,0.0003,0,0,right_hand_Link1_1|torso_link;right_hand_base_link|torso_link
0.4289,1107,0,0.4329,-0.2573,0.1574,8e-05,0.4328,-0.2572,0.1574,0.0001,0.0,0,0.0,0,0,
0.2821,1108,0,0.2861,0.0086,0.1161,6e-05,0.285,0.008,0.1126,0.0037,0.03931,1,0.0,1,108,right_elbow_link|torso_link;right_wrist_roll_link|torso_link
0.1325,1109,0,0.1365,0.0415,0.1783,9e-05,0.1698,0.0151,0.1763,0.0426,0.16154,1,2e-05,0,0,right_hand_base_link|torso_link;right_wrist_pitch_link|torso_link;right_wrist_roll_link|torso_link;right_wrist_yaw_link|torso_link
0.265,1110,0,0.269,0.0595,0.2277,5e-05,0.2687,0.0594,0.221,0.0067,0.04127,1,3e-05,1,96,right_elbow_link|torso_link;right_shoulder_yaw_link|torso_link
0.2666,1114,0,0.2706,-0.0066,0.0764,7e-05,0.2727,-0.0172,0.0714,0.0119,0.03074,1,0.0,1,78,right_elbow_link|torso_link;right_wrist_roll_link|torso_link
0.44,1115,0,0.4439,0.092,0.0343,9e-05,0.4556,0.0635,0.0295,0.0311,0.06371,1,0.0,0,0,right_shoulder_roll_link|torso_link;right_shoulder_yaw_link|torso_link
0.2864,1116,0,0.2904,0.1263,0.1763,4e-05,0.2943,0.1095,0.1394,0.0407,0.14898,1,0.0,1,180,right_elbow_link|torso_link;right_shoulder_yaw_link|torso_link
0.3029,1117,0,0.3069,-0.0522,0.2338,5e-05,0.3069,-0.0522,0.2338,0.0,0.0,1,0.0,0,0,right_shoulder_yaw_link|torso_link
0.4909,1118,0,0.4949,-0.3323,0.1082,8e-05,0.4948,-0.3322,0.1082,0.0001,0.0,0,0.0,0,0,
0.2249,1119,0,0.2288,0.0405,0.074,8e-05,0.2455,0.0034,0.0614,0.0426,0.12323,1,0.0,1,128,right_elbow_link|torso_link;right_wrist_roll_link|torso_link
0.1527,1120,0,0.1567,-0.0173,0.1944,7e-05,0.1743,-0.0367,0.1919,0.0263,0.12099,1,0.00011,0,0,right_hand_base_link|torso_link
0.2448,1123,0,0.2488,0.161,0.1783,5e-05,0.2544,0.1483,0.147,0.0343,0.15195,1,1e-05,1,248,right_elbow_link|torso_link;right_shoulder_yaw_link|torso_link
0.3469,1126,0,0.3508,0.1173,0.1501,6e-05,0.3618,0.085,0.1151,0.0488,0.16724,1,0.0,1,44,right_shoulder_yaw_link|torso_link
0.1104,1127,0,0.1144,-0.0263,0.1828,9e-05,0.1524,-0.0823,0.1868,0.0678,0.35413,1,0.0,0,0,right_hand_Link1_1|torso_link;right_hand_base_link|torso_link
0.1291,1128,0,0.133,-0.025,0.1979,6e-05,0.1589,-0.0619,0.2015,0.0452,0.21884,1,0.00069,0,0,right_hand_base_link|torso_link
0.3135,1129,0,0.3175,-0.1112,0.1414,6e-05,0.3175,-0.1112,0.1414,0.0,0.0,0,0.0,0,0,
0.2515,1130,0,0.2555,-0.1239,0.2236,5e-05,0.2555,-0.1239,0.2236,0.0001,0.0,0,0.0,0,0,
0.1991,1132,0,0.2031,-0.045,0.1763,9e-05,0.2032,-0.045,0.1763,0.0001,0.0,0,0.0,0,0,
0.5154,1133,0,0.5194,0.0106,0.2137,8e-05,0.5193,0.0106,0.2137,0.0001,0.0,0,0.0,0,0,
0.3105,1135,0,0.3144,0.1063,0.2149,9e-05,0.3208,0.0933,0.188,0.0305,0.12403,1,0.0,1,54,right_shoulder_yaw_link|torso_link
0.4985,1136,0,0.5024,-0.1352,0.0935,7e-05,0.5024,-0.1352,0.0935,0.0,0.0,0,0.0,0,0,
0.2378,1139,0,0.2418,-0.0472,0.1092,3e-05,0.2418,-0.0471,0.1092,0.0001,0.0,1,0.0,1,4,right_wrist_roll_link|torso_link
0.1805,1140,0,0.1845,-0.0059,0.1972,9e-05,0.1846,-0.0058,0.1972,0.0001,0.0,1,0.0,0,0,right_wrist_roll_link|torso_link
0.2488,1141,0,0.2528,-0.1067,0.1792,5e-05,0.2528,-0.1066,0.1792,0.0001,0.0,0,0.0,0,0,
0.2724,1142,0,0.2764,-0.1068,0.1624,0.0001,0.2765,-0.1068,0.1624,0.0001,0.0,0,0.0,0,0,
0.3033,1143,0,0.3072,0.0264,0.1947,5e-05,0.3069,0.0251,0.1886,0.0063,0.03565,1,0.0,1,88,right_elbow_link|torso_link;right_shoulder_yaw_link|torso_link
0.1915,1144,0,0.1954,-0.058,0.2184,5e-05,0.1955,-0.0579,0.2184,0.0001,0.0,0,0.0,0,0,
0.2806,1148,0,0.2845,0.0357,0.19,5e-05,0.2838,0.035,0.1836,0.0064,0.03545,1,1e-05,1,130,right_elbow_link|torso_link;right_shoulder_yaw_link|torso_link
0.3127,1149,0,0.3166,0.1573,-0.0309,7e-05,0.3706,0.0707,-0.031,0.1021,0.303,1,0.0,1,62,right_shoulder_yaw_link|torso_link
0.3268,1150,0,0.3308,0.1899,0.1981,8e-05,0.3636,0.1482,0.1667,0.0617,0.21991,1,0.00019,1,32,right_shoulder_yaw_link|torso_link
0.4074,1151,0,0.4114,-0.2641,-0.0822,9e-05,0.4357,-0.2642,-0.035,0.0531,0.22317,0,0.0,0,0,
0.2815,1152,0,0.2854,-0.1265,0.1045,8e-05,0.2855,-0.1265,0.1045,0.0001,0.0,0,0.0,0,0,
0.3017,1153,0,0.3057,0.0662,0.1095,6e-05,0.3032,0.0557,0.0896,0.0227,0.09548,1,0.0,1,234,right_elbow_link|torso_link;right_shoulder_yaw_link|torso_link
0.2402,1156,0,0.2441,-0.0317,0.1209,3e-05,0.2441,-0.0324,0.1202,0.001,0.00494,1,1e-05,1,21,right_elbow_link|torso_link;right_wrist_roll_link|torso_link
0.4025,1158,0,0.4065,-0.0856,0.0283,6e-05,0.4064,-0.0856,0.0283,0.0001,0.0,1,0.0,0,0,right_shoulder_yaw_link|torso_link
0.3137,1159,0,0.3176,0.0518,0.2213,3e-05,0.3192,0.047,0.2074,0.0148,0.07737,1,0.0,1,60,right_shoulder_yaw_link|torso_link
0.3255,1160,0,0.3295,0.0589,0.0671,6e-05,0.3277,0.0391,0.0441,0.0304,0.11745,1,0.0,1,182,right_shoulder_yaw_link|torso_link
0.1302,1162,0,0.1342,-0.002,0.1449,6e-05,0.1836,-0.0757,0.1359,0.0892,0.46869,1,0.00051,0,0,right_hand_base_link|torso_link
0.3172,1163,0,0.3212,0.108,0.0688,6e-05,0.322,0.0714,0.0274,0.0553,0.18112,1,0.0,1,240,right_shoulder_yaw_link|torso_link
0.4294,1165,0,0.4334,-0.1654,0.0932,8e-05,0.4333,-0.1654,0.0932,0.0001,0.0,0,0.0,0,0,
0.4002,1167,0,0.4041,0.0417,-0.0117,8e-05,0.412,0.0036,-0.0232,0.0405,0.10114,1,0.0,1,26,right_shoulder_yaw_link|torso_link
0.5555,1168,0,0.5594,-0.27,0.2082,0.00636,0.5533,-0.2685,0.2088,0.0063,0.0,0,0.0,0,0,
0.288,1169,0,0.292,0.0645,0.0089,9e-05,0.2872,0.042,-0.0147,0.0329,0.12904,1,0.0,1,134,right_elbow_link|torso_link;right_shoulder_yaw_link|torso_link
0.3846,1170,0,0.3886,0.0252,0.2146,4e-05,0.3905,0.0199,0.2103,0.0071,0.03604,1,2e-05,1,10,right_shoulder_yaw_link|torso_link
0.2842,1171,0,0.2882,0.0674,0.2124,4e-05,0.2884,0.0647,0.1995,0.0132,0.06316,1,0.0,1,110,right_elbow_link|torso_link;right_shoulder_yaw_link|torso_link
0.2926,1172,0,0.2965,0.176,0.2384,5e-05,0.3129,0.1611,0.2259,0.0254,0.16786,1,0.0,1,30,right_shoulder_yaw_link|torso_link
0.4502,1173,0,0.4541,0.0069,0.1753,5e-05,0.4541,0.0069,0.1753,0.0,0.0,1,0.0,1,10,right_shoulder_yaw_link|torso_link
0.2737,1174,0,0.2777,0.1779,0.2038,7e-05,0.2942,0.1507,0.1497,0.0627,0.19831,1,1e-05,1,112,right_shoulder_yaw_link|torso_link
0.3683,1175,0,0.3722,0.0363,0.074,5e-05,0.3748,0.0099,0.055,0.0326,0.12427,1,0.0,1,14,right_shoulder_yaw_link|torso_link
0.2265,1176,0,0.2305,0.0298,0.0599,8e-05,0.2455,-0.0061,0.0491,0.0404,0.11682,1,0.0,1,82,right_elbow_link|torso_link;right_wrist_roll_link|torso_link
0.167,1177,0,0.1709,0.0947,0.1646,9e-05,0.2093,0.0556,0.1494,0.0569,0.18461,1,5e-05,1,140,right_elbow_link|torso_link;right_wrist_roll_link|torso_link
0.2744,1181,0,0.2783,0.0311,0.1163,6e-05,0.2799,0.0317,0.1189,0.0031,0.05387,1,0.0,1,170,right_elbow_link|torso_link;right_wrist_roll_link|torso_link
0.5247,1182,0,0.5287,-0.3558,0.2349,0.00282,0.5261,-0.3547,0.235,0.0028,0.0,0,0.0,0,0,
0.2582,1184,0,0.2621,-0.1861,0.005,8e-05,0.2622,-0.1861,0.005,0.0001,0.0,0,0.0,0,0,
0.2016,1185,0,0.2055,-0.003,0.2054,5e-05,0.2056,-0.003,0.2054,0.0001,0.0,1,0.0,0,0,right_wrist_roll_link|torso_link
0.375,1186,0,0.379,0.0509,-0.0071,6e-05,0.3859,0.0026,-0.0279,0.053,0.14727,1,0.0,1,28,right_shoulder_yaw_link|torso_link
0.4511,1188,0,0.4551,-0.3635,0.1421,6e-05,0.455,-0.3635,0.1421,0.0001,0.0,0,0.0,0,0,
0.4315,1189,0,0.4355,-0.2861,-0.0857,0.00456,0.4615,-0.2788,-0.039,0.0539,0.21919,0,0.00015,0,0,
0.4755,1191,0,0.4794,0.1135,0.148,0.0001,0.4963,0.0795,0.1482,0.038,0.07588,1,0.0,0,0,right_shoulder_roll_link|torso_link
0.3144,1193,0,0.3184,-0.0325,0.0743,6e-05,0.3175,-0.0343,0.0714,0.0035,0.02201,1,0.0,1,4,right_elbow_link|torso_link;right_shoulder_yaw_link|torso_link
0.1585,1196,0,0.1625,0.0114,0.1693,0.0001,0.1836,-0.0082,0.1645,0.0292,0.13626,1,0.0,0,0,right_hand_base_link|torso_link;right_wrist_pitch_link|torso_link;right_wrist_roll_link|torso_link;right_wrist_yaw_link|torso_link
0.1452,1197,0,0.1491,-0.0293,0.1755,9e-05,0.1748,-0.0658,0.1694,0.045,0.22205,1,0.0,0,0,right_hand_base_link|torso_link
0.5274,1198,0,0.5314,0.0655,0.2519,0.00045,0.5396,0.0418,0.2582,0.0259,0.04692,1,0.0,0,0,right_shoulder_roll_link|torso_link
0.261,1199,0,0.265,0.0466,0.0993,7e-05,0.2683,0.0329,0.088,0.018,0.0667,1,1e-05,1,226,right_elbow_link|torso_link;right_wrist_roll_link|torso_link
0.4499,1200,0,0.4539,0.1283,0.2576,8e-05,0.4715,0.0967,0.2561,0.0362,0.08373,1,1e-05,0,0,right_shoulder_roll_link|torso_link
0.185,1202,0,0.189,-0.0196,0.1177,6e-05,0.1983,-0.0349,0.1154,0.018,0.08391,1,0.00061,1,19,right_hand_base_link|torso_link;right_wrist_pitch_link|torso_link;right_wrist_roll_link|torso_link;right_wrist_yaw_link|torso_link
0.2363,1203,0,0.2403,0.1323,0.0918,8e-05,0.2453,0.1106,0.0643,0.0354,0.18344,1,5e-05,1,364,left_wrist_pitch_link|right_hand_Link2_2;left_wrist_pitch_link|right_hand_Link2_3;left_wrist_yaw_link|right_hand_Link2_2;left_wrist_yaw_link|right_hand_Link2_3;right_elbow_link|torso_link
0.4348,1205,0,0.4388,0.0441,0.2448,5e-05,0.4388,0.0441,0.2448,0.0001,0.0,1,0.0,0,0,right_shoulder_roll_link|torso_link;right_shoulder_yaw_link|torso_link
0.4258,1206,0,0.4298,-0.0287,0.2219,7e-05,0.4297,-0.0287,0.2219,0.0001,0.0,0,0.0,0,0,
0.417,1207,0,0.4209,-0.1011,-0.0433,6e-05,0.4235,-0.1001,-0.0367,0.0072,0.02061,0,0.0,0,0,
0.1506,1208,0,0.1546,0.0367,0.1431,6e-05,0.1808,0.0134,0.1385,0.0353,0.10885,1,0.0,1,36,right_hand_base_link|torso_link;right_wrist_pitch_link|torso_link;right_wrist_roll_link|torso_link;right_wrist_yaw_link|torso_link
0.2407,1209,0,0.2446,-0.1821,0.0813,4e-05,0.2447,-0.1821,0.0813,0.0001,0.0,0,0.0,0,0,
0.0863,1210,0,0.0902,-0.0119,0.1903,6e-05,0.1487,-0.0822,0.2026,0.0923,0.49271,1,0.0,0,0,right_hand_Link1_1|torso_link
0.4372,1212,0,0.4412,-0.1641,0.0164,8e-05,0.4411,-0.1641,0.0164,0.0001,0.0,0,0.0,0,0,
0.245,1213,0,0.2489,-0.0265,0.1608,3e-05,0.2489,-0.0265,0.1608,0.0001,0.0,1,0.0,1,24,right_elbow_link|torso_link;right_wrist_roll_link|torso_link
0.1874,1214,0,0.1914,0.1,0.1933,7e-05,0.229,0.0633,0.1838,0.0534,0.16804,1,0.0,1,122,right_elbow_link|torso_link;right_wrist_roll_link|torso_link
0.4838,1217,0,0.4877,0.0142,0.1277,8e-05,0.4876,0.0141,0.1277,0.0001,0.0,0,0.0,0,0,
0.3466,1218,0,0.3505,0.1581,0.0826,6e-05,0.3936,0.0938,0.0729,0.078,0.22607,1,0.00903,1,32,left_hand_Link1_2|right_hand_Link2_2;left_hand_Link1_2|right_hand_Link2_3;left_hand_Link1_3|right_hand_Link2_2;left_hand_Link1_3|right_hand_Link2_3;right_shoulder_yaw_link|torso_link
0.1786,1219,0,0.1826,0.0101,0.1886,7e-05,0.1852,0.0062,0.1867,0.0051,0.02088,1,2e-05,0,0,right_wrist_roll_link|torso_link
0.0967,1220,0,0.1007,0.0186,0.1826,4e-05,0.1761,-0.0584,0.1888,0.1079,0.57302,1,0.0003,0,0,right_hand_base_link|torso_link
0.2528,1221,0,0.2568,-0.1047,0.1513,4e-05,0.2568,-0.1047,0.1513,0.0,0.0,0,0.0,0,0,
0.3264,1222,0,0.3304,0.0923,0.098,5e-05,0.332,0.065,0.0645,0.0433,0.1568,1,0.0,1,190,right_shoulder_yaw_link|torso_link
0.2255,1223,0,0.2294,0.1049,0.1566,6e-05,0.2372,0.0894,0.1352,0.0275,0.11921,1,3e-05,1,188,right_elbow_link|torso_link
0.1163,1224,0,0.1202,-0.0109,0.1754,6e-05,0.1655,-0.0721,0.1775,0.0762,0.39839,1,0.00044,0,0,right_hand_base_link|torso_link
0.3307,1228,0,0.3346,-0.0781,0.2001,4e-05,0.3347,-0.0781,0.2001,0.0001,0.0,1,0.0,0,0,right_shoulder_yaw_link|torso_link
0.4626,1229,0,0.4666,-0.342,0.2576,6e-05,0.4666,-0.342,0.2576,0.0001,0.0,0,0.0,0,0,
0.2631,1230,0,0.2671,-0.0566,0.0556,8e-05,0.2671,-0.0566,0.0556,0.0,0.0,1,0.0,1,1,right_elbow_link|torso_link;right_wrist_roll_link|torso_link
0.218,1231,0,0.2219,0.1199,0.1899,6e-05,0.2207,0.1173,0.1714,0.0187,0.12896,1,0.0,1,204,right_elbow_link|torso_link
0.0828,1232,0,0.0868,-0.0055,0.1956,5e-05,0.1483,-0.0738,0.2117,0.0934,0.50063,1,0.00037,0,0,right_hand_Link1_1|torso_link;right_hand_base_link|torso_link
0.2163,1233,0,0.2202,-0.0987,0.1256,7e-05,0.2203,-0.0987,0.1256,0.0001,0.0,0,0.0,0,0,
0.0965,1234,0,0.1005,0.0185,0.1924,5e-05,0.1742,-0.0456,0.1931,0.0977,0.50248,1,0.0,0,0,right_hand_base_link|torso_link
0.2268,1235,0,0.2308,0.1394,0.2022,5e-05,0.2314,0.1388,0.1948,0.0074,0.10571,1,0.0,1,184,right_elbow_link|torso_link;right_shoulder_yaw_link|torso_link
0.2774,1237,0,0.2813,-0.0357,0.2268,7e-05,0.2814,-0.0356,0.2268,0.0001,0.0,0,0.0,0,0,
0.3414,1238,0,0.3454,-0.0007,-0.004,4e-05,0.3437,-0.0215,-0.0168,0.0245,0.0924,1,0.0,0,0,right_shoulder_yaw_link|torso_link
0.3949,1239,0,0.3989,-0.309,-0.083,9e-05,0.4238,-0.3138,-0.0346,0.0546,0.2299,0,0.00011,0,0,
0.1826,1240,0,0.1865,-0.0834,0.1293,4e-05,0.1866,-0.0834,0.1293,0.0001,0.0,0,0.0,0,0,
0.254,1244,0,0.258,0.0643,0.2158,5e-05,0.2571,0.0648,0.2089,0.0069,0.05411,1,0.0,1,124,right_elbow_link|torso_link
0.1459,1245,0,0.1498,0.0434,0.1773,7e-05,0.1603,0.0319,0.1704,0.017,0.06692,1,0.00055,1,8,right_hand_base_link|torso_link;right_wrist_pitch_link|torso_link;right_wrist_roll_link|torso_link
0.3029,1246,0,0.3069,0.0304,0.1644,5e-05,0.3061,0.0285,0.1577,0.007,0.03702,1,0.0,1,150,right_elbow_link|torso_link;right_shoulder_yaw_link|torso_link
0.15,1247,0,0.154,-0.0034,0.1184,0.0001,0.1949,-0.0755,0.1029,0.0843,0.43413,1,1e-05,1,2,right_hand_base_link|torso_link
0.5461,1250,0,0.5501,-0.3561,0.2135,0.02371,0.5283,-0.3472,0.2155,0.0236,0.0,0,0.0,0,0,
0.4316,1251,0,0.4356,-0.2264,0.2226,6e-05,0.4355,-0.2264,0.2226,0.0001,0.0,0,0.0,0,0,
0.2156,1252,0,0.2195,-0.0257,0.1037,4e-05,0.2203,-0.0292,0.102,0.004,0.0126,1,0.0,1,86,right_wrist_pitch_link|torso_link;right_wrist_roll_link|torso_link
0.2983,1253,0,0.3023,-0.1554,0.2181,7e-05,0.3023,-0.1554,0.2182,0.0001,0.0,0,0.0,0,0,
0.2503,1254,0,0.2542,-0.2278,0.0062,8e-05,0.2543,-0.2278,0.0062,0.0001,0.0,0,0.0,0,0,
0.4317,1255,0,0.4357,-0.3584,0.1067,8e-05,0.4356,-0.3584,0.1067,0.0001,0.0,0,0.0,0,0,
0.1182,1256,0,0.1221,-0.0246,0.1885,8e-05,0.1567,-0.075,0.1927,0.0612,0.31273,1,8e-05,0,0,right_hand_Link1_1|torso_link;right_hand_base_link|torso_link
0.1864,1257,0,0.1904,0.0071,0.1918,6e-05,0.1925,0.0039,0.1902,0.0042,0.01764,1,0.0,0,0,right_wrist_roll_link|torso_link
0.4494,1258,0,0.4534,-0.0888,-0.0464,8e-05,0.4563,-0.0818,-0.039,0.0106,0.02735,0,0.00011,0,0,
0.418,1262,0,0.4219,0.1125,0.2364,6e-05,0.4319,0.095,0.2301,0.0211,0.0625,1,1e-05,0,0,right_shoulder_roll_link|torso_link;right_shoulder_yaw_link|torso_link
0.169,1263,0,0.1729,0.0645,0.1386,3e-05,0.191,0.0392,0.1244,0.0342,0.11507,1,3e-05,1,155,right_wrist_pitch_link|torso_link;right_wrist_roll_link|torso_link
0.4581,1264,0,0.4621,-0.2829,0.2176,5e-05,0.462,-0.2828,0.2176,0.0001,0.0,0,0.0,0,0,
0.0782,1268,0,0.0822,-0.0014,0.1998,5e-05,0.1481,-0.0705,0.219,0.0974,0.52442,1,0.0,0,0,right_hand_Link1_1|torso_link;right_hand_base_link|torso_link
0.175,1269,0,0.179,0.0759,0.0939,0.0001,0.2053,0.0348,0.0747,0.0524,0.15926,1,0.0,1,622,right_wrist_roll_link|torso_link
0.3096,1270,0,0.3135,-0.0901,0.0117,6e-05,0.3131,-0.0913,0.0108,0.0015,0.0103,1,0.0,0,0,right_shoulder_yaw_link|torso_link
0.5037,1271,0,0.5077,0.0028,-0.0325,0.03228,0.481,-0.0048,-0.0168,0.0319,0.0,1,0.0,0,0,right_shoulder_roll_link|torso_link
0.2411,1272,0,0.2451,-0.1079,0.0512,3e-05,0.2451,-0.1079,0.0512,0.0,0.0,0,0.0,0,0,
0.2227,1273,0,0.2267,0.103,0.1924,6e-05,0.2246,0.1024,0.1784,0.0142,0.1116,1,0.0,1,178,right_elbow_link|torso_link
0.1501,1274,0,0.1541,0.0163,0.2014,4e-05,0.1681,0.0072,0.1983,0.017,0.06936,1,4e-05,0,0,right_hand_base_link|torso_link;right_wrist_roll_link|torso_link;right_wrist_yaw_link|torso_link
0.3766,1275,0,0.3805,-0.193,0.0983,4e-05,0.3806,-0.193,0.0982,0.0001,0.0,0,0.0,0,0,
0.4124,1276,0,0.4164,-0.2064,0.2268,8e-05,0.4163,-0.2064,0.2268,0.0001,0.0,0,0.0,0,0,
0.1034,1277,0,0.1073,-0.0004,0.1836,6e-05,0.1644,-0.0673,0.1894,0.0881,0.4669,1,0.0002,0,0,right_hand_base_link|torso_link
0.4448,1278,0,0.4487,-0.2668,0.1299,8e-05,0.4487,-0.2667,0.1299,0.0001,0.0,0,0.0,0,0,
0.2473,1279,0,0.2513,0.0768,0.0472,8e-05,0.2643,0.0421,0.0286,0.0414,0.09066,1,0.0,1,204,right_elbow_link|torso_link;right_wrist_roll_link|torso_link
0.1231,1281,0,0.1271,-0.0255,0.1924,7e-05,0.1581,-0.0699,0.1954,0.0542,0.27015,1,0.00012,0,0,right_hand_base_link|torso_link
0.3681,1282,0,0.3721,0.0395,0.0259,9e-05,0.3752,0.0019,0.0048,0.0432,0.14179,1,0.0,1,6,right_shoulder_yaw_link|torso_link
0.317,1283,0,0.3209,-0.1787,0.1326,5e-05,0.321,-0.1787,0.1326,0.0001,0.0,0,0.0,0,0,
0.0821,1284,0,0.086,-0.0033,0.2006,5e-05,0.1482,-0.0708,0.2186,0.0936,0.50088,1,0.0,0,0,right_hand_Link1_1|torso_link;right_hand_base_link|torso_link
0.3447,1286,0,0.3486,-0.0794,0.1788,4e-05,0.3487,-0.0794,0.1788,0.0001,0.0,1,0.0,0,0,right_shoulder_yaw_link|torso_link
0.1797,1287,0,0.1836,0.0505,0.2111,4e-05,0.1956,0.0377,0.206,0.0183,0.06889,1,0.0,1,28,right_elbow_link|torso_link;right_wrist_roll_link|torso_link
0.1083,1288,0,0.1123,0.0329,0.1771,6e-05,0.1702,-0.0147,0.1716,0.0752,0.29526,1,7e-05,0,0,right_hand_Link1_1|torso_link;right_hand_base_link|torso_link
0.2356,1289,0,0.2395,-0.0851,0.0671,3e-05,0.2396,-0.0851,0.0671,0.0001,0.0,0,0.0,0,0,
0.3714,1291,0,0.3754,0.0062,0.0464,8e-05,0.3765,-0.0162,0.0333,0.0259,0.10015,1,0.0,0,0,right_shoulder_yaw_link|torso_link
0.3308,1293,0,0.3348,0.1939,0.0653,7e-05,0.2769,0.2022,0.0912,0.0639,0.71446,1,0.00228,1,18,left_hand_base_link|right_hand_Link1_2;left_hand_base_link|right_hand_Link1_3;left_hand_base_link|right_hand_Link2_1;left_hand_base_link|right_hand_Link2_2;left_hand_base_link|right_hand_Link2_3;left_hand_base_link|right_hand_base_link;left_wrist_yaw_link|right_hand_Link2_1;left_wrist_yaw_link|right_hand_Link2_2;right_shoulder_roll_link|torso_link;right_shoulder_yaw_link|torso_link
0.3118,1294,0,0.3158,-0.1407,0.0413,5e-05,0.3158,-0.1407,0.0413,0.0,0.0,1,0.0,0,0,right_shoulder_yaw_link|torso_link
0.2345,1295,0,0.2384,-0.0189,0.1986,4e-05,0.2385,-0.0189,0.1986,0.0001,0.0,1,0.0,0,0,right_elbow_link|torso_link;right_wrist_roll_link|torso_link
0.3135,1296,0,0.3174,0.1147,-0.0154,8e-05,0.3429,0.0566,-0.0317,0.0655,0.24118,1,0.0,1,98,right_shoulder_yaw_link|torso_link
0.2685,1297,0,0.2725,0.0361,0.1525,6e-05,0.2738,0.0303,0.1454,0.0093,0.04217,1,2e-05,1,162,right_elbow_link|torso_link;right_wrist_roll_link|torso_link
0.1303,1298,0,0.1342,0.0468,0.189,9e-05,0.1619,0.026,0.1862,0.0348,0.10365,1,0.0,0,0,right_hand_base_link|torso_link;right_wrist_pitch_link|torso_link;right_wrist_roll_link|torso_link
0.295,1299,0,0.299,-0.1695,-0.0209,6e-05,0.2991,-0.1696,-0.0209,0.0001,0.0,0,0.0,0,0,
0.5902,1300,0,0.5942,-0.0506,0.1486,0.03947,0.5559,-0.0564,0.1558,0.0394,0.0,0,0.0,0,0,
0.4174,1301,0,0.4214,0.0451,-0.0757,0.0006,0.4423,0.0542,-0.0369,0.045,0.20149,1,0.00019,0,0,right_shoulder_roll_link|torso_link;right_shoulder_yaw_link|torso_link
0.3612,1302,0,0.3652,-0.0387,-0.0397,5e-05,0.3704,-0.0581,-0.0272,0.0237,0.08083,1,0.0,0,0,right_shoulder_yaw_link|torso_link
0.3252,1303,0,0.3291,0.1073,0.2236,4e-05,0.3375,0.0924,0.1982,0.0306,0.12368,1,0.0,1,16,right_shoulder_yaw_link|torso_link
0.4606,1305,0,0.4645,-0.3134,0.0589,8e-05,0.4645,-0.3134,0.0589,0.0,0.0,0,0.0,0,0,
0.1098,1306,0,0.1138,0.0047,0.1992,5e-05,0.1666,-0.0461,0.2007,0.0733,0.37211,1,0.00056,0,0,right_hand_base_link|torso_link
0.0983,1308,0,0.1023,-0.0008,0.1863,7e-05,0.1605,-0.0677,0.1943,0.089,0.4721,1,0.00022,0,0,right_hand_base_link|torso_link
0.433,1309,0,0.437,-0.251,0.1601,9e-05,0.4369,-0.251,0.1601,0.0001,0.0,0,0.0,0,0,
0.3995,1310,0,0.4034,0.051,-0.0047,8e-05,0.4125,0.0093,-0.0181,0.0447,0.11161,1,0.0,1,24,right_shoulder_yaw_link|torso_link
0.4098,1313,0,0.4138,-0.2257,0.2368,8e-05,0.4137,-0.2257,0.2368,0.0001,0.0,0,0.0,0,0,
0.5008,1314,0,0.5047,-0.1745,0.262,8e-05,0.5046,-0.1745,0.262,0.0001,0.0,0,0.0,0,0,
0.5815,1315,0,0.5855,0.0014,0.2345,0.03135,0.5551,-0.006,0.2359,0.0313,0.0,1,0.0,0,0,right_shoulder_roll_link|torso_link
0.183,1316,0,0.187,0.0037,0.1976,7e-05,0.187,0.0036,0.197,0.0006,0.00446,1,1e-05,0,0,right_wrist_roll_link|torso_link
0.1796,1317,0,0.1836,-0.0989,0.1279,5e-05,0.1836,-0.0989,0.1279,0.0001,0.0,0,0.0,0,0,
0.2705,1321,0,0.2744,0.1331,0.0955,7e-05,0.2741,0.1057,0.0812,0.031,0.18489,1,0.0,1,368,left_hand_base_link|right_hand_Link2_2;left_hand_base_link|right_hand_Link2_3;right_elbow_link|torso_link
0.112,1322,0,0.116,0.033,0.1892,6e-05,0.1765,-0.0149,0.1898,0.0771,0.38853,1,0.0,0,0,right_hand_Link1_1|torso_link;right_hand_base_link|torso_link;right_wrist_yaw_link|torso_link
0.2695,1323,0,0.2735,0.0552,0.2176,5e-05,0.2731,0.0549,0.211,0.0066,0.04197,1,0.0,1,110,right_elbow_link|torso_link;right_shoulder_yaw_link|torso_link
0.3318,1324,0,0.3357,-0.0513,0.2369,3e-05,0.3358,-0.0514,0.2365,0.0004,0.00381,1,0.0,0,0,right_shoulder_yaw_link|torso_link
0.4299,1328,0,0.4339,-0.2274,-0.1122,0.00759,0.4705,-0.2272,-0.0348,0.0856,0.36088,0,0.0,0,0,
0.112,1329,0,0.116,0.0216,0.1894,8e-05,0.1704,-0.0234,0.1856,0.0707,0.30979,1,4e-05,0,0,right_hand_Link1_1|torso_link;right_hand_base_link|torso_link
0.0894,1332,0,0.0933,0.0074,0.1897,7e-05,0.1619,-0.0635,0.2009,0.0992,0.53173,1,0.00034,0,0,right_hand_base_link|torso_link
0.0968,1333,0,0.1007,-0.0077,0.1871,9e-05,0.1545,-0.0721,0.1962,0.0844,0.44525,1,0.00022,0,0,right_hand_Link1_1|torso_link;right_hand_base_link|torso_link
0.2203,1334,0,0.2242,0.0982,0.1669,7e-05,0.251,0.0634,0.1487,0.0475,0.13093,1,1e-05,1,166,right_elbow_link|torso_link;right_wrist_roll_link|torso_link
0.1053,1335,0,0.1093,0.0065,0.1834,5e-05,0.1707,-0.0628,0.1886,0.0927,0.49107,1,0.00011,0,0,right_hand_base_link|torso_link
0.1021,1337,0,0.106,-0.0286,0.1835,5e-05,0.149,-0.0936,0.1887,0.0781,0.41192,1,0.0,0,0,right_hand_Link1_1|torso_link
0.1488,1338,0,0.1527,0.0491,0.1676,6e-05,0.1626,0.0365,0.1581,0.0186,0.07265,1,0.0,1,58,right_hand_base_link|torso_link;right_wrist_pitch_link|torso_link;right_wrist_roll_link|torso_link
0.0977,1339,0,0.1017,0.0187,0.1876,4e-05,0.1769,-0.0526,0.1899,0.1036,0.54286,1,0.0001,0,0,right_hand_base_link|torso_link
0.122,1340,0,0.126,0.0021,0.1633,8e-05,0.1806,-0.0698,0.1593,0.0904,0.4802,1,3e-05,0,0,right_hand_base_link|torso_link
0.1159,1341,0,0.1199,-0.0362,0.1899,5e-05,0.1507,-0.0848,0.1928,0.0576,0.29323,1,0.00035,0,0,right_hand_Link1_1|torso_link;right_hand_base_link|torso_link
0.2313,1343,0,0.2353,-0.143,0.1344,6e-05,0.2353,-0.143,0.1344,0.0001,0.0,0,0.0,0,0,
0.3062,1344,0,0.3101,-0.1183,0.1243,6e-05,0.3102,-0.1183,0.1243,0.0001,0.0,0,0.0,0,0,
0.6106,1346,0,0.6146,-0.1042,0.1825,0.04885,0.5662,-0.1069,0.1885,0.0488,0.0,0,0.0,0,0,
0.2202,1347,0,0.2241,0.1469,0.039,3e-05,0.2351,0.1177,0.0117,0.0414,0.21457,1,0.0,1,436,right_elbow_link|torso_link;right_wrist_roll_link|torso_link
0.0886,1350,0,0.0926,0.0074,0.1878,7e-05,0.1624,-0.0643,0.1979,0.1006,0.53977,1,0.00027,0,0,right_hand_base_link|torso_link
0.1697,1351,0,0.1736,-0.0467,0.1273,4e-05,0.184,-0.0698,0.1247,0.0255,0.11884,1,0.00014,0,0,right_hand_base_link|torso_link
0.1567,1352,0,0.1607,-0.0998,0.1227,9e-05,0.1608,-0.0998,0.1227,0.0001,0.0,1,0.0,0,0,right_hand_base_link|torso_link
0.0989,1353,0,0.1029,0.0254,0.1866,9e-05,0.1687,-0.0263,0.1828,0.0838,0.37235,1,0.00033,0,0,right_hand_base_link|torso_link
0.2125,1354,0,0.2165,0.041,0.1864,0.0001,0.2274,0.0257,0.1807,0.0196,0.06786,1,0.0,1,44,right_elbow_link|torso_link;right_wrist_roll_link|torso_link
0.1157,1355,0,0.1197,0.026,0.1917,7e-05,0.1689,-0.011,0.1869,0.0617,0.26859,1,0.00014,0,0,right_hand_Link1_1|torso_link;right_hand_base_link|torso_link
0.13,1356,0,0.134,-0.0335,0.2053,7e-05,0.1548,-0.0668,0.2103,0.0396,0.18889,1,7e-05,0,0,right_hand_Link1_1|torso_link;right_hand_base_link|torso_link
0.311,1357,0,0.3149,0.1676,0.0916,5e-05,0.2923,0.1527,0.1379,0.0536,0.35452,1,0.00172,1,72,left_hand_base_link|right_hand_Link2_2;left_hand_base_link|right_hand_Link2_3;right_shoulder_yaw_link|torso_link
0.2339,1359,0,0.2379,-0.1678,0.0701,4e-05,0.2379,-0.1678,0.0701,0.0,0.0,0,0.0,0,0,
0.3104,1361,0,0.3144,-0.1883,0.1761,5e-05,0.3145,-0.1883,0.1761,0.0001,0.0,0,0.0,0,0,
0.1097,1363,0,0.1136,0.0101,0.2013,5e-05,0.169,-0.0407,0.2032,0.0752,0.37955,1,0.00025,0,0,right_hand_base_link|torso_link
0.3191,1366,0,0.323,0.1324,0.082,9e-05,0.326,0.1004,0.0546,0.0422,0.21283,1,0.00046,1,184,left_hand_Link1_1|right_hand_Link2_2;left_hand_Link1_1|right_hand_Link2_3;left_hand_Link1_2|right_hand_Link2_2;left_hand_Link2_1|right_hand_Link2_2;left_hand_Link2_1|right_hand_Link2_3;left_hand_base_link|right_hand_Link2_2;right_shoulder_yaw_link|torso_link
0.1008,1368,0,0.1048,-0.0032,0.2021,8e-05,0.1572,-0.0578,0.2088,0.076,0.39431,1,0.00036,0,0,right_hand_Link1_1|torso_link;right_hand_base_link|torso_link
0.295,1372,0,0.299,0.1145,0.0658,7e-05,0.3012,0.0873,0.0346,0.0414,0.16371,1,0.0,1,334,right_elbow_link|torso_link;right_shoulder_yaw_link|torso_link
0.2204,1376,0,0.2244,-0.0795,0.1591,7e-05,0.2245,-0.0795,0.1591,0.0001,0.0,0,0.0,0,0,
0.2598,1378,0,0.2637,0.1631,0.1577,5e-05,0.2711,0.1417,0.1162,0.0473,0.17781,1,0.0,1,286,left_hand_base_link|right_hand_Link1_2;right_elbow_link|torso_link;right_shoulder_yaw_link|torso_link
0.3708,1379,0,0.3748,-0.1504,0.0262,8e-05,0.3749,-0.1504,0.0262,0.0001,0.0,0,0.0,0,0,
0.4479,1380,0,0.4518,0.0373,0.2327,7e-05,0.4518,0.0373,0.2327,0.0001,0.0,1,0.0,0,0,right_shoulder_roll_link|torso_link;right_shoulder_yaw_link|torso_link
0.0959,1383,0,0.0999,0.0101,0.1803,6e-05,0.1694,-0.0636,0.1857,0.1014,0.54185,1,0.0,0,0,right_hand_base_link|torso_link
0.4003,1384,0,0.4042,0.0789,0.0468,7e-05,0.4162,0.0343,0.0279,0.0499,0.13326,1,0.0,1,30,right_shoulder_yaw_link|torso_link
0.1759,1385,0,0.1799,0.1126,0.1081,8e-05,0.2277,0.0541,0.084,0.0793,0.22944,1,0.0,1,243,right_elbow_link|torso_link;right_wrist_roll_link|torso_link
0.1298,1388,0,0.1337,-0.0235,0.1807,5e-05,0.1656,-0.0714,0.1819,0.0575,0.29132,1,0.0,0,0,right_hand_base_link|torso_link
0.4127,1389,0,0.4167,-0.2035,0.2172,7e-05,0.4166,-0.2035,0.2172,0.0001,0.0,0,0.0,0,0,
0.2187,1390,0,0.2226,0.0593,0.124,8e-05,0.2391,0.0298,0.1098,0.0367,0.1083,1,0.0,1,139,right_elbow_link|torso_link;right_wrist_roll_link|torso_link
0.5746,1391,0,0.5785,-0.1558,0.1302,0.02169,0.5574,-0.1552,0.1349,0.0216,0.0,0,0.0,0,0,
0.2585,1392,0,0.2624,-0.1716,0.0311,9e-05,0.2625,-0.1716,0.0311,0.0001,0.0,0,0.0,0,0,
0.3858,1393,0,0.3897,-0.0993,0.2542,3e-05,0.3898,-0.0993,0.2542,0.0001,0.0,0,0.0,0,0,
0.283,1394,0,0.2869,-0.1279,0.1841,9e-05,0.287,-0.1279,0.1841,0.0001,0.0,0,0.0,0,0,
0.2491,1396,0,0.2531,-0.0875,0.2298,4e-05,0.2531,-0.0875,0.2298,0.0001,0.0,0,0.0,0,0,
0.1433,1397,0,0.1473,-0.0158,0.1279,5e-05,0.1826,-0.0793,0.1176,0.0734,0.38299,1,0.00017,0,0,right_hand_base_link|torso_link
0.5233,1398,0,0.5272,0.0243,0.2625,9e-05,0.5271,0.0243,0.2625,0.0001,0.0,1,0.0,0,0,right_shoulder_roll_link|torso_link
0.4244,1399,0,0.4284,-0.3177,0.0691,8e-05,0.4283,-0.3177,0.0691,0.0001,0.0,0,0.0,0,0,
0.1116,1400,0,0.1156,-0.0191,0.1936,9e-05,0.1544,-0.0726,0.2009,0.0665,0.34387,1,8e-05,0,0,right_hand_Link1_1|torso_link;right_hand_base_link|torso_link
0.4121,1401,0,0.416,0.0401,-0.1208,0.02227,0.4431,0.0386,-0.0345,0.0905,0.36551,1,4e-05,0,0,right_shoulder_roll_link|torso_link;right_shoulder_yaw_link|torso_link
0.2505,1402,0,0.2544,0.0919,0.1391,6e-05,0.2529,0.0864,0.1226,0.0175,0.12482,1,0.0,1,200,right_elbow_link|torso_link
0.3481,1404,0,0.3521,-0.0524,-0.0093,9e-05,0.3514,-0.0622,-0.0136,0.0108,0.04515,1,0.0,0,0,right_shoulder_yaw_link|torso_link
0.2167,1405,0,0.2206,-0.1311,0.1583,9e-05,0.2207,-0.1311,0.1583,0.0001,0.0,0,0.0,0,0,
0.3492,1406,0,0.3531,0.1669,0.0148,7e-05,0.4037,0.1013,0.0159,0.0829,0.25038,1,0.00016,1,30,left_hand_Link1_1|right_hand_base_link;left_hand_base_link|right_hand_Link2_2;right_shoulder_yaw_link|torso_link
0.1289,1408,0,0.1329,-0.018,0.1407,8e-05,0.1694,-0.0789,0.1336,0.0713,0.33764,1,0.00041,0,0,right_hand_base_link|torso_link
0.4143,1410,0,0.4182,-0.1607,-0.1086,9e-05,0.4591,-0.1515,-0.0318,0.0875,0.37502,0,0.0,0,0,
0.4541,1412,0,0.4581,-0.2067,0.2259,5e-05,0.458,-0.2067,0.2259,0.0001,0.0,0,0.0,0,0,
0.3781,1413,0,0.3821,-0.2507,0.0438,4e-05,0.382,-0.2507,0.0438,0.0001,0.0,0,0.0,0,0,
0.1727,1414,0,0.1767,-0.119,0.0978,5e-05,0.1767,-0.119,0.0978,0.0,0.0,0,0.0,0,0,
0.2999,1415,0,0.3038,-0.1625,0.0504,6e-05,0.3039,-0.1625,0.0504,0.0001,0.0,0,0.0,0,0,
0.2487,1416,0,0.2526,-0.0234,0.067,8e-05,0.2539,-0.0304,0.0641,0.0077,0.02208,1,0.0,1,36,right_elbow_link|torso_link;right_wrist_roll_link|torso_link
0.1749,1417,0,0.1789,0.0686,0.0971,3e-05,0.1844,0.0451,0.074,0.0335,0.08487,1,4e-05,1,1037,right_wrist_pitch_link|torso_link;right_wrist_roll_link|torso_link
0.4033,1419,0,0.4072,-0.2632,-0.1041,9e-05,0.4473,-0.264,-0.0338,0.0809,0.34518,0,0.0,0,0,
0.1381,1421,0,0.142,0.0216,0.1378,0.0001,0.2005,-0.0534,0.1243,0.0961,0.49815,1,0.0,1,1,right_hand_base_link|torso_link;right_wrist_yaw_link|torso_link
0.101,1424,0,0.105,-0.008,0.2026,9e-05,0.1522,-0.0652,0.2151,0.0752,0.39552,1,0.00011,0,0,right_hand_Link1_1|torso_link;right_hand_base_link|torso_link
0.4207,1425,0,0.4247,0.1633,0.203,7e-05,0.4561,0.1126,0.1912,0.0608,0.14383,1,0.0,0,0,right_shoulder_roll_link|torso_link;right_shoulder_yaw_link|torso_link
0.2507,1426,0,0.2547,-0.0015,0.0871,8e-05,0.2582,-0.0147,0.0814,0.0148,0.04197,1,0.0,1,74,right_elbow_link|torso_link;right_wrist_roll_link|torso_link
0.0769,1427,0,0.0809,0.0007,0.1992,5e-05,0.1482,-0.069,0.2194,0.0989,0.53241,1,0.0,0,0,right_hand_Link1_1|torso_link;right_hand_base_link|torso_link
0.1124,1429,0,0.1164,-0.0118,0.1724,6e-05,0.1627,-0.0743,0.1745,0.0778,0.40631,1,0.00041,0,0,right_hand_base_link|torso_link
0.3257,1430,0,0.3296,-0.2312,0.1061,4e-05,0.3297,-0.2312,0.1061,0.0001,0.0,0,0.0,0,0,
0.3578,1431,0,0.3618,0.1741,0.2003,7e-05,0.3927,0.1315,0.1783,0.057,0.19267,1,0.0001,1,14,right_shoulder_roll_link|torso_link;right_shoulder_yaw_link|torso_link
0.4867,1432,0,0.4907,-0.3285,0.0162,0.00941,0.4828,-0.3254,0.0201,0.0093,0.0,0,0.0,0,0,
0.5544,1433,0,0.5584,-0.1065,0.2231,9e-05,0.5583,-0.1065,0.2231,0.0001,0.0,0,0.0,0,0,
0.1232,1434,0,0.1272,-0.0288,0.1988,8e-05,0.1554,-0.0711,0.2038,0.0511,0.25411,1,0.0,0,0,right_hand_Link1_1|torso_link;right_hand_base_link|torso_link
0.3087,1439,0,0.3126,-0.1113,0.1521,6e-05,0.3127,-0.1113,0.1521,0.0001,0.0,0,0.0,0,0,
0.1361,1441,0,0.1401,-0.0631,0.1638,7e-05,0.1529,-0.0936,0.1636,0.0331,0.15615,1,0.0,0,0,right_hand_Link1_1|torso_link;right_hand_base_link|torso_link
0.0956,1444,0,0.0996,-0.0098,0.1936,4e-05,0.1512,-0.0722,0.2053,0.0818,0.43329,1,0.00012,0,0,right_hand_Link1_1|torso_link;right_hand_base_link|torso_link
0.4277,1445,0,0.4317,0.0826,-0.0969,0.03342,0.4492,0.0383,-0.0372,0.0764,0.21278,1,0.0,0,0,right_shoulder_roll_link|torso_link;right_shoulder_yaw_link|torso_link
0.3718,1446,0,0.3758,-0.209,0.0521,7e-05,0.3758,-0.209,0.052,0.0001,0.0,0,0.0,0,0,
0.1539,1447,0,0.1579,-0.0006,0.1343,0.0001,0.195,-0.0582,0.1258,0.0691,0.31644,1,0.0,0,0,right_hand_base_link|torso_link
0.3125,1448,0,0.3164,-0.0942,0.2311,5e-05,0.3165,-0.0942,0.2311,0.0001,0.0,0,0.0,0,0,
0.2061,1452,0,0.2101,-0.026,0.0723,4e-05,0.2111,-0.0309,0.0702,0.0055,0.01706,1,0.0,1,556,right_wrist_pitch_link|torso_link;right_wrist_roll_link|torso_link
0.1207,1454,0,0.1246,0.0318,0.1831,5e-05,0.1737,-0.0062,0.1782,0.0623,0.25978,1,0.0,0,0,right_hand_Link1_1|torso_link;right_hand_base_link|torso_link;right_wrist_yaw_link|torso_link
0.3858,1455,0,0.3898,-0.1405,-0.0983,7e-05,0.4181,-0.1372,-0.0245,0.0791,0.33992,0,0.0,0,0,
0.2471,1457,0,0.251,-0.1513,0.2221,6e-05,0.2511,-0.1513,0.2221,0.0001,0.0,0,0.0,0,0,
0.3601,1459,0,0.364,-0.2935,-0.0209,8e-05,0.3639,-0.2934,-0.0208,0.0001,0.0,0,0.0,0,0,
0.2476,1461,0,0.2516,-0.0574,0.1218,3e-05,0.2516,-0.0574,0.1218,0.0,0.0,1,0.0,1,2,right_wrist_roll_link|torso_link
0.2574,1462,0,0.2614,0.073,0.0896,7e-05,0.2743,0.0472,0.0772,0.0314,0.07675,1,0.0,1,200,right_elbow_link|torso_link;right_wrist_roll_link|torso_link
0.4261,1463,0,0.43,-0.1082,0.039,6e-05,0.43,-0.1082,0.039,0.0001,0.0,0,0.0,0,0,
0.26,1464,0,0.2639,0.0578,0.0385,8e-05,0.2669,0.0394,0.0248,0.0231,0.10114,1,0.0,1,198,right_elbow_link|torso_link;right_wrist_roll_link|torso_link
0.4002,1465,0,0.4041,-0.3532,-0.1114,0.01961,0.4249,-0.3588,-0.0377,0.0768,0.30399,0,0.0,0,0,
0.1558,1466,0,0.1597,-0.0676,0.1105,6e-05,0.1664,-0.0879,0.1079,0.0215,0.09739,1,0.00112,0,0,right_hand_base_link|torso_link
0.1614,1467,0,0.1654,0.026,0.1908,8e-05,0.1698,0.0205,0.1876,0.0077,0.03337,1,7e-05,0,0,right_hand_base_link|torso_link;right_wrist_roll_link|torso_link
0.1442,1468,0,0.1482,0.0094,0.1941,5e-05,0.1721,-0.0098,0.1906,0.0309,0.14483,1,0.0,0,0,right_hand_base_link|torso_link;right_wrist_yaw_link|torso_link
0.1186,1469,0,0.1225,0.0247,0.1974,6e-05,0.1724,-0.0109,0.1934,0.0614,0.3053,1,0.0,0,0,right_hand_Link1_1|torso_link;right_hand_base_link|torso_link;right_wrist_yaw_link|torso_link
0.1777,1473,0,0.1816,-0.0207,0.0937,6e-05,0.2025,-0.0614,0.0852,0.0466,0.23789,1,0.0003,1,297,right_hand_base_link|torso_link;right_wrist_pitch_link|torso_link;right_wrist_roll_link|torso_link;right_wrist_yaw_link|torso_link
0.375,1474,0,0.3789,-0.1147,0.1807,6e-05,0.379,-0.1147,0.1807,0.0001,0.0,0,0.0,0,0,
0.3552,1475,0,0.3592,0.0463,0.1344,8e-05,0.3616,0.029,0.1155,0.0257,0.11339,1,0.0,1,46,right_shoulder_yaw_link|torso_link
0.3007,1476,0,0.3047,-0.0113,-0.0072,7e-05,0.301,-0.0214,-0.0165,0.0142,0.06377,1,0.0,0,0,right_shoulder_yaw_link|torso_link
0.2706,1477,0,0.2745,-0.034,0.2131,8e-05,0.2746,-0.0339,0.2131,0.0001,0.0,0,0.0,0,0,
0.2348,1478,0,0.2387,-0.1401,0.2015,7e-05,0.2388,-0.1401,0.2015,0.0001,0.0,0,0.0,0,0,
0.5151,1480,0,0.5191,-0.0808,0.2015,6e-05,0.519,-0.0808,0.2015,0.0001,0.0,0,0.0,0,0,
0.1886,1482,0,0.1926,0.0308,0.074,3e-05,0.1954,0.0148,0.0621,0.0201,0.05745,1,0.0,1,1022,right_wrist_pitch_link|torso_link;right_wrist_roll_link|torso_link;right_wrist_yaw_link|torso_link
0.2762,1483,0,0.2801,-0.159,0.1056,9e-05,0.2802,-0.159,0.1055,0.0001,0.0,0,0.0,0,0,
0.1933,1484,0,0.1972,0.1108,0.1366,8e-05,0.2411,0.0579,0.115,0.072,0.20727,1,0.0,1,211,right_elbow_link|torso_link;right_wrist_roll_link|torso_link
0.3246,1485,0,0.3286,0.0623,-0.0175,4e-05,0.3328,0.0199,-0.0256,0.0434,0.16935,1,0.0,1,48,right_shoulder_yaw_link|torso_link
0.2339,1486,0,0.2378,-0.0895,0.1414,5e-05,0.2379,-0.0895,0.1414,0.0001,0.0,0,0.0,0,0,
0.5055,1487,0,0.5095,-0.0954,0.0961,7e-05,0.5094,-0.0954,0.0961,0.0001,0.0,0,0.0,0,0,
0.3504,1488,0,0.3543,-0.217,0.0973,8e-05,0.3544,-0.217,0.0973,0.0001,0.0,0,0.0,0,0,
0.3217,1489,0,0.3257,0.1195,0.0781,4e-05,0.3373,0.0842,0.0566,0.0429,0.19624,1,0.0,1,168,left_hand_Link1_1|right_hand_Link2_2;right_shoulder_yaw_link|torso_link
0.1942,1491,0,0.1982,0.0553,0.2113,3e-05,0.2119,0.0398,0.2059,0.0213,0.0763,1,0.0,1,68,right_elbow_link|torso_link;right_wrist_roll_link|torso_link
0.2193,1492,0,0.2232,-0.0221,0.1694,5e-05,0.2232,-0.0221,0.1693,0.0001,0.00115,1,4e-05,0,0,right_wrist_roll_link|torso_link
0.1724,1494,0,0.1764,0.0783,0.1718,3e-05,0.2081,0.045,0.1619,0.0471,0.15944,1,1e-05,1,88,right_elbow_link|torso_link;right_wrist_roll_link|torso_link
0.1408,1496,0,0.1448,-0.0616,0.1609,6e-05,0.1552,-0.0859,0.1611,0.0264,0.12066,1,0.00048,0,0,right_hand_Link1_1|torso_link;right_hand_base_link|torso_link
0.4829,1497,0,0.4868,-0.1138,0.0716,6e-05,0.4868,-0.1138,0.0716,0.0,0.0,0,0.0,0,0,
0.1345,1500,0,0.1384,-0.0428,0.1992,7e-05,0.1546,-0.0724,0.2035,0.0341,0.15704,1,3e-05,0,0,right_hand_Link1_1|torso_link;right_hand_base_link|torso_link
0.1206,1501,0,0.1246,-0.0047,0.202,5e-05,0.1645,-0.0477,0.2045,0.0587,0.29467,1,0.00068,0,0,right_hand_base_link|torso_link
0.4936,1503,0,0.4976,-0.1309,0.0886,8e-05,0.4975,-0.1309,0.0886,0.0001,0.0,0,0.0,0,0,
0.2386,1504,0,0.2426,0.0965,0.1752,6e-05,0.241,0.0946,0.1616,0.0138,0.11328,1,0.0,1,204,right_elbow_link|torso_link
0.2231,1505,0,0.227,0.0731,0.1403,7e-05,0.2507,0.0374,0.1265,0.045,0.13267,1,0.0,1,174,right_elbow_link|torso_link;right_wrist_roll_link|torso_link
0.2586,1506,0,0.2625,-0.0228,0.1652,9e-05,0.2626,-0.0228,0.1652,0.0001,0.0,1,0.0,1,32,right_elbow_link|torso_link;right_wrist_roll_link|torso_link
0.1632,1507,0,0.1672,-0.061,0.1284,6e-05,0.1748,-0.0809,0.127,0.0213,0.09476,1,0.0,0,0,right_hand_base_link|torso_link
0.5207,1508,0,0.5246,-0.4113,0.1397,0.03437,0.4952,-0.3957,0.1468,0.034,0.0,0,0.0,0,0,
0.2051,1509,0,0.2091,-0.0897,0.1947,4e-05,0.2091,-0.0897,0.1947,0.0001,0.0,0,0.0,0,0,
0.2632,1510,0,0.2672,-0.1215,0.0858,0.0001,0.2673,-0.1215,0.0858,0.0001,0.0,0,0.0,0,0,
0.084,1511,0,0.0879,0.0063,0.2009,9e-05,0.1541,-0.06,0.218,0.0953,0.50937,1,0.00051,0,0,right_hand_Link1_1|torso_link;right_hand_base_link|torso_link
0.3473,1512,0,0.3513,0.1059,0.1753,4e-05,0.3607,0.0817,0.1465,0.0387,0.14349,1,0.0,1,24,right_shoulder_yaw_link|torso_link
0.2726,1513,0,0.2765,-0.0396,0.1971,8e-05,0.2766,-0.0395,0.1971,0.0001,0.0,0,0.0,0,0,
0.3859,1514,0,0.3899,-0.2373,0.2111,8e-05,0.3898,-0.2372,0.2111,0.0001,0.0,0,0.0,0,0,
0.1996,1515,0,0.2036,0.083,0.0623,9e-05,0.2299,0.0313,0.0381,0.0628,0.1703,1,0.0,1,195,right_wrist_roll_link|torso_link
0.2268,1517,0,0.2307,-0.1452,0.106,6e-05,0.2308,-0.1452,0.106,0.0001,0.0,0,0.0,0,0,
0.2031,1518,0,0.2071,-0.0798,0.1665,0.0001,0.2072,-0.0798,0.1665,0.0001,0.0,0,0.0,0,0,
0.4024,1519,0,0.4063,-0.0611,0.0486,5e-05,0.4065,-0.0645,0.0478,0.0035,0.01342,1,0.0,0,0,right_shoulder_yaw_link|torso_link
0.3077,1521,0,0.3117,0.1627,-0.027,9e-05,0.3653,0.0764,-0.0316,0.1017,0.30854,1,0.0,1,74,right_shoulder_yaw_link|torso_link
0.2121,1523,0,0.216,-0.1334,0.0866,6e-05,0.2161,-0.1334,0.0866,0.0001,0.0,0,0.0,0,0,
0.46,1524,0,0.464,0.1307,-0.0097,0.03168,0.4819,0.0324,0.0068,0.1013,0.16875,1,1e-05,0,0,right_shoulder_roll_link|torso_link
0.1479,1525,0,0.1519,-0.0507,0.1832,5e-05,0.1633,-0.0736,0.1843,0.0256,0.11502,1,0.0,0,0,right_hand_base_link|torso_link
0.5467,1528,0,0.5507,-0.3665,0.2018,0.0293,0.5241,-0.3552,0.2048,0.0291,0.0,0,0.0,0,0,
0.3266,1531,0,0.3305,-0.2213,0.1821,4e-05,0.3306,-0.2214,0.1821,0.0001,0.0,0,0.0,0,0,
0.3665,1532,0,0.3704,0.0838,0.2074,6e-05,0.3772,0.0729,0.2055,0.013,0.08957,1,0.0,1,16,right_shoulder_yaw_link|torso_link
0.4555,1534,0,0.4594,0.0195,0.2369,7e-05,0.4594,0.0195,0.2369,0.0,0.0,0,0.0,0,0,
0.4123,1535,0,0.4163,-0.3528,-0.1172,0.0317,0.4257,-0.3576,-0.0382,0.0797,0.29296,0,0.0,0,0,
0.3054,1536,0,0.3093,-0.2294,0.1556,5e-05,0.3094,-0.2294,0.1556,0.0001,0.0,0,0.0,0,0,
0.5753,1537,0,0.5792,-0.2682,0.2265,0.02384,0.5561,-0.2629,0.2279,0.0238,0.0,0,0.0,0,0,
0.1124,1538,0,0.1164,0.0041,0.1988,5e-05,0.1676,-0.0468,0.2008,0.0722,0.3691,1,0.00013,0,0,right_hand_base_link|torso_link
0.3399,1541,0,0.3438,0.1073,-0.0805,8e-05,0.4149,0.0532,-0.0349,0.1003,0.20013,1,0.0,1,34,right_shoulder_yaw_link|torso_link
0.4762,1542,0,0.4802,-0.2896,-0.0625,0.02731,0.4616,-0.2908,-0.0391,0.0299,0.03458,0,0.0,0,0,
0.4305,1543,0,0.4345,-0.0024,-0.0761,0.0001,0.452,0.0176,-0.0382,0.0463,0.19013,1,9e-05,0,0,right_shoulder_roll_link|torso_link
0.2739,1544,0,0.2778,0.0859,0.178,5e-05,0.278,0.0832,0.168,0.0104,0.09016,1,0.0,1,168,right_elbow_link|torso_link;right_shoulder_yaw_link|torso_link
0.1442,1545,0,0.1482,0.0623,0.1966,5e-05,0.1625,0.0486,0.1868,0.0221,0.08537,1,0.00016,1,4,right_hand_base_link|torso_link;right_wrist_roll_link|torso_link
0.4589,1546,0,0.4629,0.0433,-0.0468,0.01431,0.456,0.0333,-0.0363,0.0161,0.02332,1,3e-05,0,0,right_shoulder_roll_link|torso_link;right_shoulder_yaw_link|torso_link
0.3408,1548,0,0.3447,0.1663,0.0881,6e-05,0.3617,0.1321,0.093,0.0385,0.23481,1,0.0083,1,30,left_hand_Link1_1|right_hand_Link2_2;left_hand_Link1_2|right_hand_Link2_2;left_hand_Link1_2|right_hand_Link2_3;left_hand_Link1_3|right_hand_Link2_2;left_hand_Link1_3|right_hand_Link2_3;left_hand_base_link|right_hand_Link2_2;right_shoulder_yaw_link|torso_link
0.0845,1551,0,0.0885,0.001,0.1991,0.0001,0.1509,-0.065,0.2162,0.0924,0.4949,1,0.0,0,0,right_hand_Link1_1|torso_link;right_hand_base_link|torso_link
0.2296,1552,0,0.2335,-0.0461,0.0678,3e-05,0.2335,-0.0461,0.0678,0.0001,0.0,1,0.0,1,51,right_elbow_link|torso_link;right_wrist_pitch_link|torso_link;right_wrist_roll_link|torso_link
0.2093,1553,0,0.2132,0.0376,0.1108,0.0001,0.2283,0.0094,0.1006,0.0336,0.10586,1,0.0,1,120,right_wrist_roll_link|torso_link
0.1866,1554,0,0.1906,-0.0286,0.1721,9e-05,0.1907,-0.0286,0.1721,0.0001,0.0,0,0.0,0,0,
0.2365,1555,0,0.2405,0.1082,0.194,5e-05,0.2397,0.1066,0.1804,0.0137,0.10919,1,0.0,1,176,right_elbow_link|torso_link
0.385,1556,0,0.389,-0.1007,0.2205,8e-05,0.3891,-0.1007,0.2205,0.0001,0.0,0,0.0,0,0,
0.1541,1557,0,0.1581,0.0137,0.1455,9e-05,0.1941,-0.026,0.1389,0.054,0.25302,1,0.0,1,1,right_hand_base_link|torso_link;right_wrist_pitch_link|torso_link;right_wrist_yaw_link|torso_link
0.1318,1559,0,0.1358,0.0005,0.1919,8e-05,0.1791,-0.0385,0.1817,0.0592,0.28751,1,0.00018,0,0,right_hand_base_link|torso_link
0.5553,1560,0,0.5592,-0.0304,0.1466,0.00948,0.5501,-0.0322,0.1485,0.0094,0.0,0,0.0,0,0,
0.3956,1561,0,0.3995,-0.318,0.1272,5e-05,0.3995,-0.318,0.1272,0.0001,0.0,0,0.0,0,0,
0.3644,1562,0,0.3684,0.087,0.0491,9e-05,0.3769,0.0381,0.0171,0.0591,0.17895,1,0.0,1,68,right_shoulder_yaw_link|torso_link
0.3378,1563,0,0.3418,0.1838,0.0512,9e-05,0.2964,0.1866,0.0579,0.046,0.67951,1,0.01362,1,24,left_hand_Link1_1|right_hand_Link1_2;left_hand_Link1_1|right_hand_base_link;left_hand_Link1_2|right_hand_Link1_2;left_hand_Link1_2|right_hand_Link1_3;left_hand_Link2_2|right_hand_Link1_2;left_hand_Link2_2|right_hand_Link1_3;left_hand_base_link|right_hand_Link1_2;left_hand_base_link|right_hand_Link1_3;left_hand_base_link|right_hand_Link2_2;left_hand_base_link|right_hand_Link2_3;left_hand_base_link|right_hand_base_link;left_wrist_yaw_link|right_hand_Link2_2;left_wrist_yaw_link|right_hand_Link2_3;right_shoulder_yaw_link|torso_link
0.2321,1564,0,0.236,0.0189,0.1757,9e-05,0.2408,0.0103,0.172,0.0105,0.03546,1,0.0,1,40,right_elbow_link|torso_link;right_wrist_roll_link|torso_link
0.3601,1567,0,0.3641,-0.1721,0.1661,8e-05,0.3642,-0.1722,0.1661,0.0001,0.0,0,0.0,0,0,
0.3247,1568,0,0.3286,-0.1545,-0.0166,4e-05,0.3287,-0.1545,-0.0166,0.0001,0.0,0,0.0,0,0,
0.2977,1571,0,0.3016,0.0853,0.2179,4e-05,0.3044,0.0782,0.1967,0.0225,0.10056,1,0.0,1,110,right_shoulder_yaw_link|torso_link
0.3519,1574,0,0.3559,0.127,-0.021,6e-05,0.3901,0.051,-0.0346,0.0845,0.23905,1,0.00014,1,34,right_shoulder_yaw_link|torso_link
0.2088,1575,0,0.2128,0.0201,0.1579,4e-05,0.2197,0.0077,0.1525,0.0152,0.05388,1,0.0,1,70,right_wrist_roll_link|torso_link
0.347,1576,0,0.3509,-0.1036,0.171,3e-05,0.351,-0.1036,0.171,0.0001,0.0,0,0.0,0,0,
0.2884,1577,0,0.2923,-0.1044,0.0819,7e-05,0.2924,-0.1044,0.0819,0.0001,0.0,0,0.0,0,0,
0.3507,1580,0,0.3547,0.0601,0.2142,4e-05,0.3588,0.0502,0.2004,0.0174,0.08283,1,0.0,1,10,right_shoulder_yaw_link|torso_link
0.1249,1581,0,0.1289,-0.032,0.1904,8e-05,0.156,-0.076,0.195,0.0519,0.26043,1,0.00017,0,0,right_hand_Link1_1|torso_link;right_hand_base_link|torso_link
0.3545,1582,0,0.3584,-0.139,-0.0572,8e-05,0.3673,-0.139,-0.0248,0.0336,0.14111,0,0.0,0,0,
0.1151,1583,0,0.119,0.006,0.1731,0.0001,0.1788,-0.0658,0.1718,0.0935,0.49578,1,0.00035,0,0,right_hand_base_link|torso_link
0.3272,1584,0,0.3311,-0.2771,0.0728,3e-05,0.3311,-0.2771,0.0728,0.0001,0.0,0,0.0,0,0,
0.515,1585,0,0.519,-0.2104,0.2613,0.0001,0.5189,-0.2104,0.2613,0.0001,0.0,0,0.0,0,0,
0.0943,1586,0,0.0982,0.0129,0.1938,6e-05,0.1676,-0.0565,0.2038,0.0986,0.52664,1,0.00054,0,0,right_hand_base_link|torso_link
0.4565,1587,0,0.4605,0.0196,0.2168,8e-05,0.4604,0.0195,0.2168,0.0001,0.0,0,0.0,0,0,
0.3325,1588,0,0.3364,0.0773,0.1549,3e-05,0.3393,0.0605,0.1298,0.0303,0.12626,1,0.0,1,102,right_shoulder_yaw_link|torso_link
0.3803,1589,0,0.3843,-0.1624,-0.1065,8e-05,0.4168,-0.1619,-0.0225,0.0901,0.38814,0,0.0,0,0,
0.2936,1590,0,0.2976,-0.1317,0.2379,7e-05,0.2976,-0.1317,0.238,0.0001,0.0,0,0.0,0,0,
0.3877,1591,0,0.3917,-0.0754,0.2246,4e-05,0.3917,-0.0754,0.2246,0.0,0.0,0,0.0,0,0,
0.1523,1592,0,0.1562,0.02,0.1771,0.0001,0.1749,0.0046,0.1735,0.0245,0.10745,1,0.00061,0,0,right_hand_base_link|torso_link;right_wrist_pitch_link|torso_link;right_wrist_roll_link|torso_link;right_wrist_yaw_link|torso_link
0.4054,1593,0,0.4093,0.0599,0.2581,5e-05,0.411,0.0566,0.2564,0.004,0.01578,1,1e-05,1,30,right_shoulder_roll_link|torso_link;right_shoulder_yaw_link|torso_link
0.1694,1595,0,0.1734,0.1151,0.0957,9e-05,0.2253,0.0513,0.07,0.0862,0.24866,1,0.0,1,286,right_elbow_link|torso_link;right_wrist_roll_link|torso_link
0.4388,1596,0,0.4428,-0.0577,-0.0004,7e-05,0.4427,-0.0577,-0.0004,0.0001,0.0,0,0.0,0,0,
0.28,1598,0,0.284,0.1037,0.0408,9e-05,0.2764,0.0725,-0.0004,0.0522,0.17428,1,9e-05,1,214,right_elbow_link|torso_link
0.2715,1600,0,0.2754,-0.0784,0.2292,9e-05,0.2755,-0.0784,0.2292,0.0001,0.0,0,0.0,0,0,
0.1877,1601,0,0.1916,-0.0103,0.1802,8e-05,0.1915,-0.0102,0.1798,0.0004,0.00375,1,0.00011,0,0,right_wrist_roll_link|torso_link
0.1287,1603,0,0.1327,0.0213,0.155,5e-05,0.1918,-0.0459,0.1469,0.0899,0.43141,1,0.00016,0,0,right_hand_base_link|torso_link
0.1023,1604,0,0.1063,-0.0073,0.1782,8e-05,0.1594,-0.0733,0.1834,0.0849,0.44702,1,0.00033,0,0,right_hand_base_link|torso_link
0.2715,1605,0,0.2755,-0.0759,0.1935,9e-05,0.2755,-0.0759,0.1935,0.0001,0.0,0,0.0,0,0,
0.2737,1607,0,0.2777,0.1136,0.2226,4e-05,0.2815,0.1054,0.195,0.029,0.11563,1,5e-05,1,132,right_shoulder_yaw_link|torso_link
0.2477,1609,0,0.2517,0.0919,0.0905,7e-05,0.2712,0.0519,0.0685,0.0496,0.11325,1,1e-05,1,230,right_elbow_link|torso_link;right_wrist_roll_link|torso_link
0.5717,1611,0,0.5757,-0.1756,0.2568,0.00574,0.5699,-0.1752,0.2568,0.0058,0.0,0,0.0,0,0,
0.3049,1613,0,0.3089,-0.0232,0.2172,5e-05,0.3089,-0.0231,0.2172,0.0001,0.0,1,0.0,1,2,right_shoulder_yaw_link|torso_link
0.2403,1615,0,0.2443,-0.0456,0.2157,4e-05,0.2443,-0.0456,0.2157,0.0,0.0,0,0.0,0,0,
0.5639,1616,0,0.5679,-0.1532,0.0473,0.0352,0.5351,-0.1524,0.0596,0.035,0.0,0,0.0,0,0,
0.3369,1617,0,0.3409,-0.0554,0.2046,4e-05,0.3409,-0.0554,0.2044,0.0002,0.00118,1,5e-05,0,0,right_shoulder_yaw_link|torso_link
0.4312,1618,0,0.4351,0.0538,0.229,5e-05,0.4351,0.0538,0.229,0.0,0.0,1,0.0,1,4,right_shoulder_roll_link|torso_link;right_shoulder_yaw_link|torso_link
0.3315,1621,0,0.3354,0.0586,0.1765,3e-05,0.3373,0.0478,0.1578,0.0216,0.10122,1,0.0,1,90,right_shoulder_yaw_link|torso_link
0.1559,1623,0,0.1598,-0.03,0.2087,8e-05,0.1716,-0.0359,0.1991,0.0163,0.0627,1,6e-05,0,0,right_hand_base_link|torso_link
0.2233,1624,0,0.2273,-0.1434,0.0797,5e-05,0.2273,-0.1434,0.0797,0.0,0.0,0,0.0,0,0,
0.488,1625,0,0.4919,-0.1675,-0.0037,9e-05,0.4919,-0.1675,-0.0037,0.0,0.0,0,0.0,0,0,
0.0871,1627,0,0.091,-0.0003,0.1969,0.0001,0.152,-0.0661,0.212,0.091,0.48627,1,0.0,0,0,right_hand_Link1_1|torso_link;right_hand_base_link|torso_link
0.3996,1628,0,0.4035,-0.2342,0.0645,4e-05,0.4035,-0.2342,0.0646,0.0001,0.0,0,0.0,0,0,
0.2253,1629,0,0.2293,-0.0015,0.1238,3e-05,0.2329,-0.0117,0.1193,0.0117,0.03905,1,0.0,1,68,right_wrist_roll_link|torso_link
0.1528,1631,0,0.1567,0.0037,0.193,5e-05,0.1681,-0.0037,0.1884,0.0143,0.05094,1,0.0001,0,0,right_hand_Link1_1|torso_link;right_hand_base_link|torso_link;right_wrist_yaw_link|torso_link
0.2186,1635,0,0.2225,-0.0301,0.1723,5e-05,0.2226,-0.0301,0.1723,0.0001,0.0,1,0.0,0,0,right_wrist_roll_link|torso_link
0.4479,1636,0,0.4519,-0.293,0.249,9e-05,0.4518,-0.293,0.249,0.0001,0.0,0,0.0,0,0,
0.5877,1638,0,0.5917,0.0412,0.2243,0.04854,0.548,0.0194,0.229,0.0491,0.01348,1,0.0,0,0,right_shoulder_roll_link|torso_link
0.3497,1639,0,0.3537,-0.2885,0.0481,3e-05,0.3537,-0.2886,0.0481,0.0001,0.0,0,0.0,0,0,
0.4727,1640,0,0.4767,-0.1452,0.2313,9e-05,0.4766,-0.1452,0.2313,0.0001,0.0,0,0.0,0,0,
0.4434,1641,0,0.4473,-0.102,0.182,8e-05,0.4472,-0.102,0.182,0.0001,0.0,0,0.0,0,0,
0.3912,1642,0,0.3951,-0.2632,0.2369,5e-05,0.3951,-0.2632,0.2369,0.0001,0.0,0,0.0,0,0,
0.5206,1643,0,0.5246,-0.0636,0.2124,8e-05,0.5245,-0.0636,0.2124,0.0001,0.0,0,0.0,0,0,
0.2813,1645,0,0.2853,0.1505,0.105,7e-05,0.2751,0.1199,0.1015,0.0325,0.2231,1,0.00013,1,346,left_hand_base_link|right_hand_Link2_2;left_hand_base_link|right_hand_Link2_3;right_elbow_link|torso_link;right_shoulder_yaw_link|torso_link
0.4059,1648,0,0.4098,-0.084,0.2065,3e-05,0.4098,-0.084,0.2065,0.0,0.0,0,0.0,0,0,
0.478,1649,0,0.4819,-0.3349,0.1799,7e-05,0.4819,-0.3349,0.1799,0.0,0.0,0,0.0,0,0,
0.0815,1650,0,0.0854,-0.0038,0.2009,5e-05,0.1479,-0.0714,0.2188,0.0938,0.50227,1,0.0,0,0,right_hand_Link1_1|torso_link;right_hand_base_link|torso_link
0.5489,1651,0,0.5528,-0.2707,0.1377,0.01056,0.5428,-0.2683,0.1399,0.0105,0.0,0,0.0,0,0,
0.2095,1657,0,0.2134,-0.0684,0.1885,9e-05,0.2135,-0.0683,0.1885,0.0001,0.0,0,0.0,0,0,
0.3949,1658,0,0.3988,-0.2668,0.1851,4e-05,0.3988,-0.2668,0.1851,0.0,0.0,0,0.0,0,0,
0.4855,1659,0,0.4895,-0.1272,-0.0323,0.00049,0.4891,-0.1272,-0.0321,0.0005,0.0,0,0.0,0,0,
0.1117,1660,0,0.1157,-0.0277,0.1866,0.0001,0.1519,-0.0807,0.1907,0.0643,0.33328,1,0.0003,0,0,right_hand_Link1_1|torso_link;right_hand_base_link|torso_link
0.2035,1661,0,0.2074,0.0896,0.0995,8e-05,0.2453,0.0335,0.08,0.0705,0.20315,1,0.0,1,187,right_elbow_link|torso_link;right_wrist_roll_link|torso_link
0.1182,1662,0,0.1221,0.0098,0.1681,8e-05,0.1841,-0.0661,0.1652,0.0981,0.52199,1,0.00041,0,0,right_hand_base_link|torso_link
0.1595,1663,0,0.1635,-0.0231,0.1507,5e-05,0.1862,-0.0619,0.1481,0.045,0.22327,1,0.00036,0,0,right_hand_base_link|torso_link
0.355,1664,0,0.359,-0.2751,0.0392,7e-05,0.359,-0.2752,0.0392,0.0001,0.0,0,0.0,0,0,
0.3849,1665,0,0.3889,0.0366,0.2124,6e-05,0.3916,0.0293,0.2065,0.0098,0.04673,1,0.0,1,4,right_shoulder_yaw_link|torso_link
0.1227,1666,0,0.1267,-0.0493,0.1511,7e-05,0.1504,-0.1007,0.1486,0.0566,0.28775,1,0.00031,0,0,right_hand_Link1_1|torso_link;right_hand_base_link|torso_link
0.4485,1667,0,0.4525,-0.148,0.1986,9e-05,0.4524,-0.148,0.1986,0.0001,0.0,0,0.0,0,0,
0.2569,1669,0,0.2609,0.0864,0.177,6e-05,0.26,0.0848,0.1666,0.0106,0.09635,1,0.0,1,194,right_elbow_link|torso_link
0.5463,1672,0,0.5503,-0.2229,0.1422,0.00027,0.55,-0.2228,0.1422,0.0003,0.0,0,0.0,0,0,
0.2211,1673,0,0.225,0.1297,0.2216,5e-05,0.224,0.131,0.2163,0.0055,0.08799,1,0.0,1,148,right_elbow_link|torso_link;right_shoulder_yaw_link|torso_link
0.1121,1674,0,0.116,0.0007,0.1885,5e-05,0.1688,-0.0571,0.1895,0.0782,0.40372,1,0.00086,0,0,right_hand_base_link|torso_link
0.2542,1675,0,0.2581,-0.1137,0.1168,4e-05,0.2582,-0.1137,0.1168,0.0001,0.0,0,0.0,0,0,
0.14,1676,0,0.144,-0.0619,0.1528,6e-05,0.1551,-0.0888,0.1522,0.0291,0.13243,1,0.0002,0,0,right_hand_Link1_1|torso_link;right_hand_base_link|torso_link
0.3669,1677,0,0.3709,-0.0718,0.2436,5e-05,0.371,-0.0718,0.2436,0.0001,0.0,0,0.0,0,0,
0.555,1679,0,0.559,-0.0935,0.1978,0.0001,0.5589,-0.0935,0.1978,0.0001,0.0,0,0.0,0,0,
0.2268,1681,0,0.2308,0.1456,0.035,4e-05,0.2414,0.1148,0.0066,0.0433,0.21525,1,0.0,1,396,right_elbow_link|torso_link
0.2285,1682,0,0.2324,0.162,0.1257,7e-05,0.2324,0.1396,0.0994,0.0345,0.20597,1,5e-05,1,342,left_wrist_pitch_link|right_hand_Link2_2;left_wrist_yaw_link|right_hand_Link2_2;right_elbow_link|torso_link
0.1451,1684,0,0.1491,-0.0483,0.1261,7e-05,0.166,-0.0882,0.1213,0.0436,0.21651,1,6e-05,0,0,right_hand_base_link|torso_link
0.4889,1685,0,0.4929,-0.1053,-0.0298,0.00187,0.4913,-0.1054,-0.0289,0.0018,0.0,0,0.0,0,0,
0.272,1686,0,0.276,-0.0645,0.0158,8e-05,0.2761,-0.0645,0.0158,0.0001,0.0,1,0.0,0,0,right_elbow_link|torso_link
0.4131,1688,0,0.4171,0.0137,0.2378,7e-05,0.417,0.0137,0.2378,0.0001,0.0,1,0.0,1,32,right_shoulder_yaw_link|torso_link
0.4073,1690,0,0.4113,-0.0633,0.1057,6e-05,0.4112,-0.0633,0.1057,0.0001,0.0,1,0.0,0,0,right_shoulder_yaw_link|torso_link
0.1278,1692,0,0.1318,-0.026,0.1506,4e-05,0.1646,-0.0815,0.1468,0.0646,0.32978,1,0.0,0,0,right_hand_base_link|torso_link
0.193,1694,0,0.1969,0.0612,0.1774,3e-05,0.2179,0.0359,0.1692,0.0339,0.11518,1,0.0,1,60,right_elbow_link|torso_link;right_wrist_roll_link|torso_link
0.5148,1696,0,0.5188,-0.3236,0.135,0.0001,0.5187,-0.3236,0.135,0.0001,0.0,0,0.0,0,0,
0.1773,1698,0,0.1813,-0.0313,0.1771,4e-05,0.1813,-0.0313,0.1771,0.0,0.0,1,0.0,0,0,right_hand_base_link|torso_link
0.4361,1699,0,0.4401,0.1545,0.1819,9e-05,0.4697,0.1035,0.174,0.0595,0.13251,1,0.0,0,0,right_shoulder_roll_link|torso_link;right_shoulder_yaw_link|torso_link
0.2614,1701,0,0.2654,-0.083,0.1246,0.0001,0.2655,-0.083,0.1246,0.0001,0.0,0,0.0,0,0,
0.1727,1702,0,0.1766,0.0776,0.1468,3e-05,0.1986,0.0486,0.1293,0.0404,0.13004,1,0.0,1,171,right_wrist_roll_link|torso_link
0.1311,1706,0,0.1351,0.0091,0.155,6e-05,0.1901,-0.064,0.1487,0.0917,0.47016,1,0.0,0,0,right_hand_base_link|torso_link
0.4658,1707,0,0.4697,0.1121,0.1211,9e-05,0.4859,0.079,0.1194,0.0369,0.07305,1,1e-05,0,0,right_shoulder_roll_link|torso_link
0.2719,1711,0,0.2759,-0.0585,0.1296,8e-05,0.276,-0.0585,0.1296,0.0001,0.0,0,0.0,0,0,
0.1052,1713,0,0.1092,-0.0079,0.1848,7e-05,0.1596,-0.0707,0.1912,0.0808,0.42545,1,0.00014,0,0,right_hand_base_link|torso_link
0.461,1714,0,0.4649,-0.4272,-0.0229,0.04732,0.4302,-0.4055,-0.0011,0.0464,0.0,0,0.0,0,0,
0.5704,1716,0,0.5744,-0.011,0.0939,0.0403,0.5368,-0.0196,0.1049,0.0401,0.0,0,0.0,0,0,
0.2115,1717,0,0.2155,-0.0245,0.1693,5e-05,0.2155,-0.0244,0.1693,0.0001,0.0,1,0.0,0,0,right_wrist_roll_link|torso_link
0.1808,1719,0,0.1848,0.0619,0.1485,3e-05,0.2022,0.0375,0.1355,0.0327,0.10922,1,0.0,1,142,right_wrist_roll_link|torso_link
0.3718,1720,0,0.3757,-0.0009,0.163,5e-05,0.3768,-0.0077,0.1567,0.0093,0.05209,1,0.0,1,6,right_shoulder_yaw_link|torso_link
0.5181,1722,0,0.5221,0.002,0.1,0.0001,0.522,0.002,0.1,0.0001,0.0,0,0.0,0,0,
0.3459,1723,0,0.3498,0.0253,0.2117,8e-05,0.3515,0.02,0.203,0.0103,0.05968,1,0.0,1,16,right_shoulder_yaw_link|torso_link
0.3395,1724,0,0.3435,-0.1252,0.1487,4e-05,0.3435,-0.1252,0.1487,0.0001,0.0,0,0.0,0,0,
0.563,1725,0,0.5669,-0.2561,0.1661,0.01562,0.5519,-0.2529,0.1685,0.0156,0.0,0,0.0,0,0,
0.302,1726,0,0.3059,0.1097,0.1358,5e-05,0.3076,0.0897,0.1015,0.0397,0.15031,1,0.0,1,214,right_elbow_link|torso_link;right_shoulder_yaw_link|torso_link
0.3017,1728,0,0.3057,-0.0149,0.188,5e-05,0.3057,-0.0149,0.188,0.0,0.0,1,0.0,1,58,right_elbow_link|torso_link;right_shoulder_yaw_link|torso_link
0.3639,1729,0,0.3678,-0.1749,0.1793,7e-05,0.3679,-0.175,0.1793,0.0001,0.0,0,0.0,0,0,
0.3026,1730,0,0.3065,0.1361,0.132,5e-05,0.297,0.1167,0.1343,0.0217,0.18078,1,1e-05,1,184,left_hand_base_link|right_hand_Link2_2;left_hand_base_link|right_hand_Link2_3;right_shoulder_yaw_link|torso_link
0.5279,1731,0,0.5319,-0.1866,0.2606,7e-05,0.5318,-0.1866,0.2606,0.0001,0.0,0,0.0,0,0,
0.2254,1732,0,0.2293,0.0486,0.0941,8e-05,0.2465,0.0134,0.0808,0.0414,0.12011,1,0.0,1,142,right_elbow_link|torso_link;right_wrist_roll_link|torso_link
0.4074,1733,0,0.4114,0.133,-0.0997,0.04261,0.4461,0.0445,-0.0361,0.1143,0.23946,1,0.00036,0,0,right_shoulder_roll_link|torso_link;right_shoulder_yaw_link|torso_link
0.2738,1734,0,0.2778,0.0504,0.1287,6e-05,0.2769,0.0429,0.1149,0.0158,0.0709,1,1e-05,1,186,right_elbow_link|torso_link;right_wrist_roll_link|torso_link
0.2258,1736,0,0.2298,0.162,0.0647,3e-05,0.234,0.1317,0.0972,0.0447,0.28621,1,0.0,1,452,left_wrist_pitch_link|right_hand_Link2_2;left_wrist_pitch_link|right_hand_Link2_3;left_wrist_yaw_link|right_hand_Link2_2;right_elbow_link|torso_link
0.3383,1738,0,0.3423,-0.2005,0.1501,3e-05,0.3423,-0.2005,0.1501,0.0001,0.0,0,0.0,0,0,
0.4554,1739,0,0.4594,-0.2327,0.1772,7e-05,0.4593,-0.2326,0.1772,0.0001,0.0,0,0.0,0,0,
0.3083,1740,0,0.3123,0.0452,0.2027,4e-05,0.3127,0.0415,0.1906,0.0126,0.06615,1,0.0,1,86,right_shoulder_yaw_link|torso_link
0.2624,1741,0,0.2664,0.1094,0.1696,5e-05,0.2665,0.1014,0.1459,0.0251,0.12699,1,0.0,1,240,right_elbow_link|torso_link
0.2948,1742,0,0.2987,-0.2092,-0.0239,5e-05,0.2988,-0.2092,-0.024,0.0001,0.0,0,0.0,0,0,
0.3467,1743,0,0.3507,0.095,0.2128,4e-05,0.3578,0.085,0.21,0.0126,0.10453,1,0.0,1,12,right_shoulder_yaw_link|torso_link
0.118,1744,0,0.1219,-0.0254,0.2045,9e-05,0.1531,-0.0685,0.2099,0.0535,0.26899,1,0.0,0,0,right_hand_Link1_1|torso_link;right_hand_base_link|torso_link
0.2172,1745,0,0.2212,0.018,0.1823,3e-05,0.2255,0.0105,0.1787,0.0093,0.03364,1,0.0,1,16,right_elbow_link|torso_link;right_wrist_roll_link|torso_link
0.171,1746,0,0.175,-0.0665,0.1728,7e-05,0.175,-0.0665,0.1728,0.0,0.0,1,0.0,0,0,right_hand_base_link|torso_link
0.1719,1747,0,0.1759,0.0098,0.1811,8e-05,0.1789,0.0054,0.179,0.0058,0.02469,1,2e-05,0,0,right_wrist_roll_link|torso_link
0.0946,1748,0,0.0986,-0.0175,0.1982,6e-05,0.1487,-0.0796,0.2078,0.0804,0.42447,1,0.0,0,0,right_hand_Link1_1|torso_link;right_hand_base_link|torso_link
0.4441,1749,0,0.4481,0.1306,0.1583,9e-05,0.4671,0.0944,0.1518,0.0414,0.09367,1,0.0,0,0,right_shoulder_roll_link|torso_link;right_shoulder_yaw_link|torso_link
0.1933,1750,0,0.1972,0.0176,0.2208,5e-05,0.1974,0.0175,0.2202,0.0007,0.00411,1,2e-05,0,0,right_elbow_link|torso_link;right_wrist_roll_link|torso_link
0.1637,1753,0,0.1676,0.01,0.1613,8e-05,0.1867,-0.0091,0.1569,0.0274,0.13181,1,4e-05,1,8,right_hand_base_link|torso_link;right_wrist_pitch_link|torso_link;right_wrist_roll_link|torso_link;right_wrist_yaw_link|torso_link
0.2896,1754,0,0.2936,-0.1042,0.0441,7e-05,0.2937,-0.1042,0.0441,0.0001,0.0,0,0.0,0,0,
0.4034,1755,0,0.4074,-0.2219,0.0354,7e-05,0.4073,-0.2219,0.0354,0.0001,0.0,0,0.0,0,0,
0.2095,1756,0,0.2135,-0.1135,0.2078,4e-05,0.2135,-0.1135,0.2078,0.0,0.0,0,0.0,0,0,
0.4492,1758,0,0.4532,-0.0692,0.1927,4e-05,0.4532,-0.0692,0.1927,0.0,0.0,0,0.0,0,0,
0.2536,1759,0,0.2576,0.0226,0.2265,7e-05,0.2575,0.0228,0.2256,0.0009,0.00605,1,2e-05,1,46,right_elbow_link|torso_link
0.2564,1760,0,0.2604,0.0702,0.0936,7e-05,0.2743,0.0454,0.084,0.03,0.07325,1,0.0,1,186,right_elbow_link|torso_link;right_wrist_roll_link|torso_link
0.2951,1761,0,0.299,-0.0133,0.1648,6e-05,0.2991,-0.0133,0.1648,0.0001,0.0,1,0.0,1,98,right_elbow_link|torso_link;right_shoulder_yaw_link|torso_link
0.4462,1762,0,0.4502,-0.1306,0.2471,9e-05,0.4501,-0.1306,0.2471,0.0001,0.0,0,0.0,0,0,
0.5046,1763,0,0.5086,-0.3279,0.0749,0.0031,0.5059,-0.3269,0.0759,0.0031,0.0,0,0.0,0,0,
0.3059,1764,0,0.3099,0.0843,0.1666,4e-05,0.3107,0.0735,0.1431,0.0258,0.10796,1,0.0,1,154,right_elbow_link|torso_link;right_shoulder_yaw_link|torso_link
0.3108,1765,0,0.3148,0.1841,0.1692,5e-05,0.3312,0.1614,0.1734,0.0283,0.20255,1,1e-05,1,36,left_hand_base_link|right_hand_Link2_2;right_shoulder_yaw_link|torso_link
0.2004,1766,0,0.2043,-0.1045,0.1826,5e-05,0.2044,-0.1045,0.1826,0.0001,0.0,0,0.0,0,0,
0.4192,1768,0,0.4231,0.0889,0.217,7e-05,0.4292,0.0767,0.212,0.0146,0.04604,1,0.0,1,8,right_shoulder_roll_link|torso_link;right_shoulder_yaw_link|torso_link
0.3145,1769,0,0.3184,-0.2164,0.1595,5e-05,0.3185,-0.2164,0.1595,0.0001,0.0,0,0.0,0,0,
0.1731,1771,0,0.1771,-0.0828,0.1982,9e-05,0.1772,-0.0828,0.1982,0.0001,0.0,0,0.0,0,0,
0.3681,1772,0,0.3721,-0.2593,0.0582,6e-05,0.3721,-0.2593,0.0582,0.0001,0.0,0,0.0,0,0,
0.1444,1773,0,0.1484,0.0659,0.1424,5e-05,0.1626,0.0462,0.1272,0.0287,0.10028,1,0.0,1,131,right_hand_base_link|torso_link;right_wrist_pitch_link|torso_link;right_wrist_roll_link|torso_link
0.2585,1775,0,0.2625,0.1907,0.0668,9e-05,0.265,0.1599,0.1257,0.0665,0.38978,1,0.0083,1,284,left_hand_base_link|right_hand_Link1_2;left_wrist_pitch_link|right_hand_Link2_1;left_wrist_pitch_link|right_hand_Link2_2;left_wrist_pitch_link|right_hand_Link2_3;left_wrist_pitch_link|right_hand_base_link;left_wrist_roll_link|right_hand_Link2_1;left_wrist_roll_link|right_hand_Link2_2;left_wrist_yaw_link|right_hand_Link1_2;left_wrist_yaw_link|right_hand_Link1_3;left_wrist_yaw_link|right_hand_Link2_2;left_wrist_yaw_link|right_hand_Link2_3;left_wrist_yaw_link|right_hand_base_link;right_shoulder_yaw_link|torso_link
0.1228,1776,0,0.1267,-0.0132,0.1807,5e-05,0.1681,-0.0684,0.1809,0.069,0.35565,1,0.00046,0,0,right_hand_base_link|torso_link
0.0885,1777,0,0.0924,-0.0004,0.2,0.0001,0.1519,-0.0648,0.2156,0.0891,0.47305,1,0.0,0,0,right_hand_Link1_1|torso_link;right_hand_base_link|torso_link
0.3513,1779,0,0.3553,0.1527,0.1977,5e-05,0.3766,0.1221,0.1795,0.0415,0.16725,1,0.00034,1,38,right_shoulder_yaw_link|torso_link
0.1066,1781,0,0.1106,0.0297,0.1811,7e-05,0.1751,-0.0227,0.1761,0.0833,0.37477,1,0.0,0,0,right_hand_base_link|torso_link
0.5738,1782,0,0.5777,-0.2758,0.2781,0.0237,0.5548,-0.2701,0.2774,0.0236,0.0,0,0.0,0,0,
0.514,1783,0,0.518,0.0339,-0.002,0.03531,0.4883,0.0239,0.0133,0.0348,0.0,1,0.0,0,0,right_shoulder_roll_link|torso_link
0.1152,1784,0,0.1192,-0.0285,0.1705,8e-05,0.154,-0.0828,0.1721,0.0646,0.33477,1,0.0,0,0,right_hand_Link1_1|torso_link;right_hand_base_link|torso_link
0.4336,1785,0,0.4376,-0.0571,0.1045,4e-05,0.4375,-0.0571,0.1045,0.0001,0.0,0,0.0,0,0,
0.3225,1786,0,0.3265,-0.1448,0.1903,5e-05,0.3265,-0.1448,0.1903,0.0001,0.0,0,0.0,0,0,
0.4625,1787,0,0.4665,0.1168,-0.0007,0.02313,0.4836,0.0354,0.0122,0.0842,0.14564,1,0.0,0,0,right_shoulder_roll_link|torso_link
0.1271,1789,0,0.131,-0.0397,0.1946,8e-05,0.153,-0.0759,0.1978,0.0425,0.20865,1,0.00053,0,0,right_hand_Link1_1|torso_link;right_hand_base_link|torso_link
0.0861,1791,0,0.0901,0.0023,0.1902,9e-05,0.1553,-0.0664,0.2031,0.0956,0.51199,1,0.00032,0,0,right_hand_Link1_1|torso_link;right_hand_base_link|torso_link
0.0876,1793,0,0.0916,-0.0077,0.1985,5e-05,0.1488,-0.0739,0.2138,0.0888,0.47426,1,0.0,0,0,right_hand_Link1_1|torso_link;right_hand_base_link|torso_link
0.3844,1794,0,0.3883,0.0178,0.2032,6e-05,0.39,0.0124,0.1988,0.0072,0.03672,1,0.0,1,8,right_shoulder_yaw_link|torso_link
0.4573,1799,0,0.4613,-0.3023,-0.0154,0.0001,0.4612,-0.3023,-0.0154,0.0001,0.0,0,0.0,0,0,
0.2174,1801,0,0.2214,0.0395,0.2234,9e-05,0.2259,0.0348,0.2262,0.0071,0.02701,1,2e-05,1,46,right_elbow_link|torso_link;right_wrist_roll_link|torso_link
0.4069,1802,0,0.4109,-0.0048,0.1268,4e-05,0.4121,-0.011,0.124,0.0069,0.02934,1,0.0,0,0,right_shoulder_yaw_link|torso_link
0.1014,1803,0,0.1054,0.0181,0.1734,0.0001,0.1789,-0.0591,0.1741,0.1066,0.55568,1,0.0,0,0,right_hand_base_link|torso_link
0.3751,1806,0,0.3791,-0.2878,0.052,6e-05,0.3791,-0.2877,0.052,0.0001,0.0,0,0.0,0,0,
0.3632,1807,0,0.3672,-0.0528,0.158,9e-05,0.3673,-0.0545,0.1565,0.0023,0.01865,1,0.0,0,0,right_shoulder_yaw_link|torso_link
0.2488,1809,0,0.2528,-0.0981,0.0565,0.0001,0.2528,-0.0981,0.0565,0.0001,0.0,0,0.0,0,0,
0.1401,1810,0,0.144,0.0381,0.1416,7e-05,0.1809,0.0156,0.1324,0.0442,0.15921,1,0.00027,1,43,right_hand_base_link|torso_link;right_wrist_pitch_link|torso_link;right_wrist_roll_link|torso_link;right_wrist_yaw_link|torso_link
0.2319,1811,0,0.2359,0.0567,0.0524,8e-05,0.2546,0.0108,0.0346,0.0527,0.14,1,0.0,1,124,right_elbow_link|torso_link;right_wrist_roll_link|torso_link
0.5155,1812,0,0.5194,-0.0669,0.0207,0.00511,0.5149,-0.0675,0.0228,0.005,0.0,0,0.0,0,0,
0.4402,1815,0,0.4442,-0.2666,0.044,6e-05,0.4441,-0.2666,0.044,0.0001,0.0,0,0.0,0,0,
0.485,1817,0,0.4889,0.1618,0.0313,0.04934,0.5057,0.0325,0.0582,0.1332,0.21724,1,0.0,0,0,right_shoulder_roll_link|torso_link
0.3047,1819,0,0.3086,-0.193,0.193,6e-05,0.3087,-0.193,0.193,0.0001,0.0,0,0.0,0,0,
0.4173,1820,0,0.4213,-0.2267,0.2446,4e-05,0.4213,-0.2267,0.2446,0.0,0.0,0,0.0,0,0,
0.3019,1821,0,0.3059,0.0719,0.1429,5e-05,0.3048,0.0634,0.1238,0.0209,0.08997,1,0.0,1,224,right_elbow_link|torso_link;right_shoulder_yaw_link|torso_link
0.3029,1822,0,0.3069,0.1796,0.2286,4e-05,0.3285,0.1569,0.2069,0.0382,0.18433,1,0.00045,1,34,right_shoulder_yaw_link|torso_link
0.1347,1823,0,0.1386,-0.0242,0.1821,5e-05,0.1672,-0.0672,0.1834,0.0516,0.2594,1,0.00013,0,0,right_hand_base_link|torso_link
0.3094,1824,0,0.3133,0.0504,0.213,4e-05,0.3143,0.0462,0.1997,0.0139,0.07246,1,2e-05,1,76,right_shoulder_yaw_link|torso_link
0.1963,1825,0,0.2002,-0.0548,0.2046,4e-05,0.2003,-0.0548,0.2046,0.0001,0.0,0,0.0,0,0,
0.0843,1826,0,0.0883,0.0089,0.1911,8e-05,0.1604,-0.0625,0.2039,0.1023,0.5493,1,0.00029,0,0,right_hand_base_link|torso_link
0.1411,1828,0,0.1451,0.0113,0.1992,5e-05,0.1674,-0.0046,0.1954,0.0277,0.12505,1,1e-05,0,0,right_hand_Link1_1|torso_link;right_hand_base_link|torso_link;right_wrist_yaw_link|torso_link
0.26,1830,0,0.2639,-0.0961,0.1685,4e-05,0.264,-0.0961,0.1685,0.0001,0.0,0,0.0,0,0,
0.3,1831,0,0.3039,0.0835,0.18,4e-05,0.3048,0.0749,0.1583,0.0233,0.09972,1,4e-05,1,136,right_elbow_link|torso_link;right_shoulder_yaw_link|torso_link
0.4333,1832,0,0.4372,-0.2694,-0.145,0.04014,0.454,-0.2782,-0.0332,0.1134,0.42297,0,0.0,0,0,
0.3684,1834,0,0.3724,0.1232,-0.0364,8e-05,0.4154,0.0507,-0.0341,0.0843,0.19748,1,1e-05,1,28,right_shoulder_yaw_link|torso_link
0.4327,1835,0,0.4366,0.0072,0.2333,5e-05,0.4366,0.0072,0.2333,0.0,0.0,1,0.0,1,8,right_shoulder_yaw_link|torso_link
0.2309,1836,0,0.2349,-0.0878,0.1293,5e-05,0.2349,-0.0878,0.1293,0.0001,0.0,0,0.0,0,0,
0.1247,1837,0,0.1286,0.0259,0.1865,5e-05,0.1741,-0.0104,0.182,0.0584,0.26452,1,0.0,0,0,right_hand_Link1_1|torso_link;right_hand_base_link|torso_link;right_wrist_yaw_link|torso_link
0.3891,1840,0,0.3931,-0.0892,0.2254,3e-05,0.3931,-0.0892,0.2254,0.0001,0.0,0,0.0,0,0,
0.1883,1841,0,0.1923,-0.1198,0.0843,9e-05,0.1924,-0.1198,0.0843,0.0001,0.0,0,0.0,0,0,
0.5871,1842,0,0.5911,-0.2121,0.279,0.025,0.5663,-0.2088,0.2782,0.025,0.0,0,0.0,0,0,
0.2544,1844,0,0.2583,0.0536,0.1147,7e-05,0.266,0.0337,0.1016,0.025,0.0589,1,0.0,1,196,right_elbow_link|torso_link;right_wrist_roll_link|torso_link
0.2388,1845,0,0.2427,0.0654,0.0931,7e-05,0.2603,0.0278,0.0757,0.045,0.11879,1,0.0,1,213,right_elbow_link|torso_link;right_wrist_roll_link|torso_link
0.2221,1846,0,0.2261,-0.1037,0.2227,9e-05,0.2261,-0.1037,0.2227,0.0,0.0,0,0.0,0,0,
0.3542,1847,0,0.3581,0.1058,0.2316,9e-05,0.3657,0.0956,0.2317,0.0127,0.09698,1,0.0,1,34,right_shoulder_yaw_link|torso_link
0.4719,1850,0,0.4759,-0.133,-0.1127,0.03381,0.4813,-0.1357,-0.0385,0.0744,0.26322,0,0.0,0,0,
0.0939,1852,0,0.0978,-0.0128,0.2015,5e-05,0.1491,-0.0721,0.2116,0.0791,0.41707,1,1e-05,0,0,right_hand_Link1_1|torso_link;right_hand_base_link|torso_link
0.2226,1853,0,0.2265,-0.1784,0.0735,5e-05,0.2266,-0.1784,0.0735,0.0001,0.0,0,0.0,0,0,
0.1995,1854,0,0.2035,0.0411,0.2204,3e-05,0.2106,0.0326,0.217,0.0116,0.04319,1,0.0,1,50,right_elbow_link|torso_link;right_wrist_roll_link|torso_link
0.1105,1855,0,0.1145,-0.0257,0.1899,0.0001,0.1521,-0.0789,0.1947,0.0653,0.33874,1,0.0,0,0,right_hand_Link1_1|torso_link;right_hand_base_link|torso_link
0.2911,1857,0,0.295,-0.1152,0.0572,7e-05,0.2951,-0.1152,0.0571,0.0001,0.0,0,0.0,0,0,
0.5239,1859,0,0.5278,-0.1947,-0.0039,0.02151,0.5089,-0.1927,0.0057,0.0213,0.0,0,0.0,0,0,
0.5763,1860,0,0.5803,-0.1355,0.1694,0.01587,0.5646,-0.1356,0.1718,0.0159,0.0,0,0.0,0,0,
0.4367,1861,0,0.4407,-0.3804,-0.0437,0.01757,0.4279,-0.3732,-0.0347,0.0172,0.0,0,0.0,0,0,
0.2461,1863,0,0.2501,0.1988,0.0369,5e-05,0.2082,0.1667,-0.0132,0.0728,0.42372,1,0.02508,1,476,left_hand_base_link|right_hand_Link1_2;left_hand_base_link|right_hand_Link1_3;left_wrist_pitch_link|right_hand_Link1_1;left_wrist_pitch_link|right_hand_Link2_2;left_wrist_pitch_link|right_hand_Link2_3;left_wrist_pitch_link|right_hand_base_link;left_wrist_roll_link|right_hand_Link2_2;left_wrist_yaw_link|right_hand_Link1_2;left_wrist_yaw_link|right_hand_Link2_2;left_wrist_yaw_link|right_hand_Link2_3;right_elbow_link|torso_link;right_shoulder_yaw_link|torso_link
0.4617,1865,0,0.4656,-0.0694,0.0131,8e-05,0.4656,-0.0694,0.0132,0.0001,0.0,0,0.0,0,0,
0.1086,1867,0,0.1126,0.0207,0.2038,9e-05,0.1707,-0.0176,0.1979,0.0698,0.34659,1,0.00042,0,0,right_hand_base_link|torso_link;right_wrist_yaw_link|torso_link
0.4197,1868,0,0.4236,-0.1639,0.2593,3e-05,0.4236,-0.1639,0.2593,0.0,0.0,0,0.0,0,0,
0.4259,1869,0,0.4299,-0.3606,0.0662,8e-05,0.4298,-0.3606,0.0662,0.0001,0.0,0,0.0,0,0,
0.0851,1870,0,0.089,0.0087,0.1982,8e-05,0.1576,-0.0593,0.214,0.0979,0.52346,1,0.00049,0,0,right_hand_Link1_1|torso_link;right_hand_base_link|torso_link
0.2635,1872,0,0.2674,0.0445,0.0825,7e-05,0.2706,0.0311,0.072,0.0173,0.07206,1,1e-05,1,262,right_elbow_link|torso_link;right_wrist_roll_link|torso_link
0.1171,1873,0,0.1211,-0.0224,0.1992,8e-05,0.1548,-0.0695,0.2054,0.0582,0.29585,1,0.0,0,0,right_hand_Link1_1|torso_link;right_hand_base_link|torso_link
0.4455,1874,0,0.4495,-0.3111,0.2626,5e-05,0.4494,-0.3111,0.2626,0.0001,0.0,0,0.0,0,0,
0.3905,1876,0,0.3945,0.1217,-0.0671,0.00613,0.4442,0.0586,-0.0321,0.0876,0.20602,1,5e-05,0,0,right_shoulder_roll_link|torso_link;right_shoulder_yaw_link|torso_link
0.2166,1878,0,0.2206,-0.0622,0.2101,7e-05,0.2207,-0.0622,0.2102,0.0001,0.0,0,0.0,0,0,
0.3831,1880,0,0.3871,0.1702,0.0126,0.0001,0.35,0.1422,-0.0285,0.0621,0.63128,1,0.01523,0,0,left_hand_Link1_1|right_hand_base_link;left_hand_Link1_2|right_hand_Link1_1;left_hand_Link1_2|right_hand_Link1_2;left_hand_Link1_2|right_hand_base_link;left_hand_Link1_3|right_hand_Link1_2;left_hand_Link2_1|right_hand_Link1_1;left_hand_Link2_1|right_hand_Link2_2;left_hand_Link2_1|right_hand_Link2_3;left_hand_Link2_1|right_hand_base_link;left_hand_base_link|right_hand_Link1_1;left_hand_base_link|right_hand_Link2_2;left_hand_base_link|right_hand_Link2_3;left_hand_base_link|right_hand_base_link;right_shoulder_roll_link|torso_link;right_shoulder_yaw_link|torso_link
0.4614,1881,0,0.4653,-0.2023,0.2352,6e-05,0.4653,-0.2023,0.2352,0.0,0.0,0,0.0,0,0,
0.1958,1882,0,0.1997,0.0593,0.1019,9e-05,0.2202,0.0239,0.0868,0.0435,0.13319,1,0.0,1,270,right_wrist_roll_link|torso_link
0.2592,1883,0,0.2631,-0.0711,0.0755,9e-05,0.2632,-0.071,0.0755,0.0001,0.0,0,0.0,0,0,
0.1611,1886,0,0.165,-0.006,0.1388,0.0001,0.1978,-0.0566,0.1318,0.0607,0.31624,1,0.0,0,0,right_hand_base_link|torso_link;right_wrist_pitch_link|torso_link;right_wrist_yaw_link|torso_link
0.4728,1887,0,0.4767,-0.1263,0.205,9e-05,0.4766,-0.1263,0.205,0.0001,0.0,0,0.0,0,0,
0.3853,1889,0,0.3892,-0.2059,0.08,2e-05,0.3892,-0.2059,0.08,0.0,0.0,0,0.0,0,0,
0.2865,1890,0,0.2904,-0.1163,0.075,7e-05,0.2905,-0.1163,0.0749,0.0001,0.0,0,0.0,0,0,
0.4086,1891,0,0.4125,-0.0932,0.2096,4e-05,0.4125,-0.0932,0.2096,0.0,0.0,0,0.0,0,0,
0.1866,1892,0,0.1905,-0.0425,0.1983,4e-05,0.1906,-0.0425,0.1983,0.0001,0.0,0,0.0,0,0,
0.2821,1893,0,0.286,-0.0881,0.1875,8e-05,0.2861,-0.0881,0.1875,0.0001,0.0,0,0.0,0,0,
0.1271,1894,0,0.1311,-0.0533,0.182,9e-05,0.1513,-0.0922,0.1818,0.0438,0.21469,1,0.0,0,0,right_hand_Link1_1|torso_link;right_hand_base_link|torso_link
0.2406,1895,0,0.2445,-0.1322,0.0176,0.0001,0.2446,-0.1322,0.0175,0.0001,0.0,0,0.0,0,0,
0.3853,1896,0,0.3893,-0.0355,0.0565,4e-05,0.3898,-0.047,0.0516,0.0125,0.05356,1,0.0,0,0,right_shoulder_yaw_link|torso_link
0.2906,1897,0,0.2946,0.1427,0.2211,8e-05,0.3055,0.1254,0.1837,0.0426,0.15365,1,0.0,1,52,right_shoulder_yaw_link|torso_link
0.1759,1898,0,0.1799,-0.0184,0.208,4e-05,0.1799,-0.0184,0.208,0.0,0.0,1,0.0,0,0,right_hand_base_link|torso_link
0.2655,1899,0,0.2695,-0.1408,0.1738,4e-05,0.2695,-0.1408,0.1738,0.0,0.0,0,0.0,0,0,
0.2752,1900,0,0.2792,-0.1399,0.1249,9e-05,0.2793,-0.1399,0.1249,0.0001,0.0,0,0.0,0,0,
0.4637,1901,0,0.4676,0.0209,0.2051,5e-05,0.4676,0.0209,0.2051,0.0,0.0,0,0.0,0,0,
0.4427,1902,0,0.4467,0.0119,0.2156,9e-05,0.4466,0.0119,0.2156,0.0001,0.0,1,0.0,1,20,right_shoulder_yaw_link|torso_link
0.1391,1904,0,0.143,0.0296,0.1922,4e-05,0.1639,0.0154,0.1882,0.0256,0.09614,1,0.0002,0,0,right_hand_Link1_1|torso_link;right_hand_base_link|torso_link;right_wrist_pitch_link|torso_link;right_wrist_roll_link|torso_link;right_wrist_yaw_link|torso_link
0.443,1905,0,0.4469,0.0055,0.1612,9e-05,0.4468,0.0055,0.1612,0.0001,0.0,1,0.0,1,24,right_shoulder_yaw_link|torso_link
0.3923,1906,0,0.3963,-0.3194,-0.0928,9e-05,0.4287,-0.3262,-0.0351,0.0665,0.28206,0,0.00027,0,0,
0.209,1909,0,0.2129,-0.0638,0.1909,9e-05,0.213,-0.0637,0.1909,0.0001,0.0,0,0.0,0,0,
0.2312,1910,0,0.2352,0.0859,0.1899,6e-05,0.2334,0.0859,0.1796,0.0104,0.09422,1,0.0,1,146,right_elbow_link|torso_link
0.3613,1911,0,0.3653,-0.0396,0.134,0.0001,0.3653,-0.043,0.1308,0.0046,0.03118,1,0.0,0,0,right_shoulder_yaw_link|torso_link
0.5012,1912,0,0.5051,-0.3074,0.2138,7e-05,0.5051,-0.3074,0.2138,0.0,0.0,0,0.0,0,0,
0.1121,1914,0,0.1161,-0.0008,0.2033,6e-05,0.1631,-0.0486,0.2069,0.0672,0.34402,1,0.00081,0,0,right_hand_base_link|torso_link
0.2936,1915,0,0.2975,0.1363,0.0479,8e-05,0.2965,0.0893,-0.0065,0.0719,0.21446,1,0.0,1,280,right_elbow_link|torso_link;right_shoulder_yaw_link|torso_link
0.2944,1916,0,0.2984,-0.1105,0.1242,7e-05,0.2984,-0.1105,0.1242,0.0001,0.0,0,0.0,0,0,
0.1779,1918,0,0.1819,-0.1116,0.1453,7e-05,0.182,-0.1116,0.1453,0.0001,0.0,0,0.0,0,0,
0.2079,1919,0,0.2119,-0.0667,0.2204,9e-05,0.212,-0.0666,0.2204,0.0001,0.0,0,0.0,0,0,
0.1507,1923,0,0.1547,-0.0464,0.1268,6e-05,0.1715,-0.085,0.1224,0.0423,0.20987,1,0.0,0,0,right_hand_base_link|torso_link
0.0835,1925,0,0.0875,-0.0021,0.2008,5e-05,0.1485,-0.0682,0.2188,0.0917,0.49187,1,5e-05,0,0,right_hand_Link1_1|torso_link;right_hand_base_link|torso_link
0.1102,1927,0,0.1142,0.0414,0.1641,4e-05,0.1735,-0.0092,0.1562,0.0784,0.28296,1,0.0,0,0,right_hand_base_link|torso_link
0.2883,1928,0,0.2923,0.087,0.1179,6e-05,0.2904,0.0747,0.0938,0.0271,0.12055,1,0.0,1,262,right_elbow_link|torso_link
0.3645,1930,0,0.3685,0.0777,0.1783,5e-05,0.3751,0.0589,0.159,0.0277,0.11114,1,0.0,1,10,right_shoulder_yaw_link|torso_link
0.5599,1931,0,0.5638,-0.1694,0.2601,0.0001,0.5637,-0.1694,0.2601,0.0001,0.0,0,0.0,0,0,
0.266,1932,0,0.27,-0.1609,0.2202,4e-05,0.27,-0.1609,0.2202,0.0,0.0,0,0.0,0,0,
0.1982,1933,0,0.2022,0.0653,0.1743,9e-05,0.226,0.0362,0.1658,0.0386,0.12759,1,0.0,1,82,right_elbow_link|torso_link;right_wrist_roll_link|torso_link
0.3332,1935,0,0.3372,-0.1265,0.1436,4e-05,0.3372,-0.1265,0.1436,0.0001,0.0,0,0.0,0,0,
0.2828,1936,0,0.2868,-0.0572,0.1755,7e-05,0.2868,-0.0571,0.1755,0.0001,0.0,0,0.0,0,0,
0.2274,1937,0,0.2314,-0.0673,0.1064,4e-05,0.2314,-0.0672,0.1064,0.0001,0.0,0,0.0,1,3,
0.1155,1938,0,0.1195,-0.0348,0.2056,5e-05,0.1498,-0.0774,0.2085,0.0524,0.26027,1,0.0,0,0,right_hand_Link1_1|torso_link;right_hand_base_link|torso_link
0.4949,1939,0,0.4988,0.1458,0.1285,0.01974,0.531,0.0352,0.1429,0.1161,0.20212,1,0.0,0,0,right_shoulder_roll_link|torso_link
0.3833,1941,0,0.3872,0.1883,-0.0178,0.01044,0.3715,0.1293,-0.0238,0.0614,0.68344,1,0.02726,0,0,left_hand_Link1_2|right_hand_base_link;left_hand_Link1_2|right_wrist_pitch_link;left_hand_Link1_2|right_wrist_yaw_link;left_hand_Link1_3|right_hand_base_link;left_hand_Link1_3|right_wrist_yaw_link;left_hand_Link2_1|right_hand_base_link;left_hand_Link2_2|right_hand_base_link;left_hand_Link2_3|right_hand_base_link;left_hand_base_link|right_hand_Link1_1;left_hand_base_link|right_hand_Link2_2;left_hand_base_link|right_hand_base_link;right_shoulder_roll_link|torso_link
0.1499,1943,0,0.1538,0.0253,0.1486,8e-05,0.1867,-0.0021,0.1443,0.043,0.1912,1,4e-05,1,20,right_hand_base_link|torso_link;right_wrist_pitch_link|torso_link;right_wrist_roll_link|torso_link;right_wrist_yaw_link|torso_link
0.0806,1944,0,0.0846,0.0037,0.198,0.0001,0.1509,-0.0638,0.2162,0.0964,0.51843,1,0.0,0,0,right_hand_Link1_1|torso_link;right_hand_base_link|torso_link
0.3707,1946,0,0.3747,-0.0731,0.1753,7e-05,0.3747,-0.0731,0.1753,0.0,0.0,1,0.0,0,0,right_shoulder_yaw_link|torso_link
0.4599,1947,0,0.4638,-0.3197,0.2402,5e-05,0.4638,-0.3197,0.2402,0.0001,0.0,0,0.0,0,0,
0.1468,1948,0,0.1508,0.0156,0.1499,0.0001,0.195,-0.0379,0.1435,0.0697,0.3504,1,0.0,0,0,right_hand_base_link|torso_link;right_wrist_pitch_link|torso_link;right_wrist_yaw_link|torso_link
0.2162,1949,0,0.2202,0.1401,0.1627,6e-05,0.22,0.129,0.129,0.0355,0.1743,1,1e-05,1,258,right_elbow_link|torso_link
0.3537,1951,0,0.3577,-0.2546,0.0026,1e-05,0.3577,-0.2546,0.0026,0.0,0.0,0,0.0,0,0,
0.3122,1952,0,0.3161,0.1803,0.1224,4e-05,0.3542,0.1237,0.0915,0.0749,0.2395,1,0.00076,1,50,left_hand_base_link|right_hand_Link2_2;left_hand_base_link|right_hand_Link2_3;right_shoulder_yaw_link|torso_link
0.1531,1953,0,0.157,-0.028,0.186,8e-05,0.1766,-0.0494,0.1778,0.0302,0.13271,1,0.00018,0,0,right_hand_base_link|torso_link
0.3487,1954,0,0.3526,-0.1017,-0.1006,0.0001,0.3787,-0.1029,-0.0193,0.0854,0.36927,1,2e-05,0,0,right_shoulder_yaw_link|torso_link
0.3332,1957,0,0.3372,0.1829,-0.0536,0.0001,0.3312,0.1491,-0.0368,0.0382,0.62324,1,0.0,0,0,left_hand_Link2_1|right_hand_base_link;right_shoulder_roll_link|torso_link;right_shoulder_yaw_link|torso_link
0.3074,1958,0,0.3113,0.0977,0.1822,4e-05,0.3145,0.0842,0.154,0.0314,0.12739,1,3e-05,1,126,right_shoulder_yaw_link|torso_link
0.4069,1961,0,0.4108,-0.112,0.1312,0.0001,0.4107,-0.1121,0.1312,0.0001,0.0,0,0.0,0,0,
0.3381,1963,0,0.3421,-0.0805,0.1485,4e-05,0.3421,-0.0805,0.1485,0.0001,0.0,1,0.0,0,0,right_shoulder_yaw_link|torso_link
0.2286,1964,0,0.2326,0.0373,0.1833,8e-05,0.242,0.0228,0.1778,0.0181,0.06013,1,0.0,1,100,right_elbow_link|torso_link;right_wrist_roll_link|torso_link
0.4096,1965,0,0.4135,-0.2371,0.2363,9e-05,0.4134,-0.237,0.2363,0.0001,0.0,0,0.0,0,0,
0.1878,1967,0,0.1918,-0.0593,0.2166,5e-05,0.1918,-0.0592,0.2167,0.0001,0.0,0,0.0,0,0,
0.2437,1970,0,0.2476,-0.0979,0.1279,4e-05,0.2477,-0.0979,0.1279,0.0001,0.0,0,0.0,0,0,
0.2609,1971,0,0.2648,0.0377,0.1691,6e-05,0.2678,0.0303,0.1618,0.0108,0.03619,1,1e-05,1,160,right_elbow_link|torso_link;right_wrist_roll_link|torso_link
0.1089,1972,0,0.1128,0.0273,0.1922,7e-05,0.1721,-0.0158,0.1867,0.0735,0.33912,1,4e-05,0,0,right_hand_base_link|torso_link
0.1787,1973,0,0.1827,0.0785,0.1779,0.0001,0.2139,0.0455,0.1684,0.0464,0.15538,1,0.0,1,90,right_elbow_link|torso_link;right_wrist_roll_link|torso_link
0.1591,1974,0,0.1631,-0.0601,0.1938,4e-05,0.1646,-0.064,0.1936,0.0042,0.02079,1,0.00108,0,0,right_hand_base_link|torso_link
0.1094,1975,0,0.1134,0.0261,0.1731,7e-05,0.1798,-0.0338,0.1655,0.0898,0.40472,1,0.0,0,0,right_hand_base_link|torso_link
0.4444,1977,0,0.4483,0.1047,0.2644,0.0001,0.4561,0.0901,0.2626,0.0166,0.04266,1,2e-05,0,0,right_shoulder_roll_link|torso_link;right_shoulder_yaw_link|torso_link
0.4292,1978,0,0.4332,-0.0181,0.05,6e-05,0.4333,-0.019,0.0498,0.001,0.00269,1,0.0,1,12,right_shoulder_yaw_link|torso_link
0.3631,1980,0,0.3671,0.0466,-0.0233,0.0001,0.3784,0.0017,-0.0329,0.0473,0.15324,1,0.0,1,10,right_shoulder_yaw_link|torso_link
0.0864,1981,0,0.0904,-0.0073,0.1999,5e-05,0.1483,-0.0736,0.2159,0.0895,0.47833,1,0.0,0,0,right_hand_Link1_1|torso_link;right_hand_base_link|torso_link
0.1576,1982,0,0.1615,0.0362,0.1986,7e-05,0.1673,0.0297,0.1943,0.0096,0.04105,1,0.0,0,0,right_hand_base_link|torso_link;right_wrist_pitch_link|torso_link;right_wrist_roll_link|torso_link
0.2123,1983,0,0.2162,-0.0926,0.1416,8e-05,0.2163,-0.0926,0.1416,0.0001,0.0,0,0.0,0,0,
0.3396,1984,0,0.3435,-0.0314,-0.0771,6e-05,0.3617,-0.0546,-0.0206,0.0637,0.29265,1,0.0,0,0,right_shoulder_yaw_link|torso_link
0.2633,1985,0,0.2672,0.0703,0.1669,6e-05,0.266,0.0689,0.1576,0.0095,0.08592,1,0.0,1,176,right_elbow_link|torso_link
0.3463,1989,0,0.3503,-0.1207,0.0559,4e-05,0.3503,-0.1207,0.0559,0.0,0.0,1,0.0,0,0,right_shoulder_yaw_link|torso_link
0.2592,1991,0,0.2631,0.1252,0.2095,4e-05,0.266,0.1174,0.1821,0.0286,0.11793,1,1e-05,1,162,right_elbow_link|torso_link;right_shoulder_yaw_link|torso_link
0.1796,1992,0,0.1836,-0.0911,0.1573,6e-05,0.1837,-0.0911,0.1573,0.0001,0.0,0,0.0,0,0,
0.4451,1993,0,0.449,-0.1705,0.2073,8e-05,0.449,-0.1705,0.2073,0.0,0.0,0,0.0,0,0,
0.4933,1994,0,0.4973,-0.3614,0.2266,8e-05,0.4972,-0.3614,0.2266,0.0001,0.0,0,0.0,0,0,
0.4692,1995,0,0.4731,-0.0653,-0.1315,0.04844,0.4748,-0.071,-0.0361,0.0956,0.32271,0,0.0,0,0,
0.3812,1997,0,0.3852,-0.0211,0.2091,6e-05,0.3853,-0.0214,0.2088,0.0005,0.00275,1,0.0,0,0,right_shoulder_yaw_link|torso_link
0.0778,1998,0,0.0818,0.0016,0.1993,5e-05,0.1487,-0.0672,0.2192,0.098,0.52761,1,0.0,0,0,right_hand_Link1_1|torso_link;right_hand_base_link|torso_link
0.5628,1999,0,0.5668,-0.0111,0.0924,0.03357,0.5356,-0.0183,0.1017,0.0334,0.0,0,0.0,0,0,
