depth,row,col,u,v,tx,ty,tz,reach_ok,in_ws_box,converged,err_m,joint_margin_rad,max_joint_rad,q0,q1,q2,q3,q4,q5,q6
0.5385,0,0,167.4,107.5,0.5425,0.2164,0.1472,0,0,0,,,,,,,,,,
0.4871,1,0,58.8,216.0,0.4911,0.3701,0.002,0,0,0,,,,,,,,,,
0.215,2,0,120.3,19.9,0.2189,0.0782,0.2178,1,1,1,7e-05,0.6586,0.5949,0.14265,-0.007029,0.594889,-0.388612,-0.01059,-0.357146,0.444778
0.14,3,0,420.8,202.4,0.144,-0.0219,0.1724,1,1,1,9e-05,0.4089,0.9346,0.934556,-0.28246,0.400121,-0.638292,0.093475,-0.728731,0.560732
0.3037,4,0,276.9,240.9,0.3076,0.0348,0.0682,1,1,1,6e-05,0.9295,0.4086,0.214935,0.097848,0.408587,-0.117717,0.017681,-0.091742,0.267296
0.4598,5,0,405.2,348.3,0.4638,-0.1327,-0.212,0,1,0,,,,,,,,,,
0.2576,6,0,250.6,67.4,0.2615,0.0371,0.2003,1,1,1,6e-05,0.6801,0.4713,0.182613,0.011922,0.47128,-0.367119,0.00111,-0.332787,0.356921
0.5153,7,0,327.1,320.8,0.5193,-0.0122,-0.2103,0,1,0,,,,,,,,,,
0.3325,8,0,203.6,332.7,0.3365,0.1187,-0.0547,1,1,1,7e-05,1.2583,0.5332,-0.238744,0.329902,0.411783,0.533247,-0.088516,0.258648,0.033686
0.1127,9,0,444.0,38.6,0.1167,-0.013,0.2029,1,1,1,8e-05,0.38,0.8662,0.866198,-0.365638,0.39745,-0.667205,0.10152,-0.864151,0.626782
0.4579,10,0,129.2,318.4,0.4618,0.2842,-0.1521,0,0,0,,,,,,,,,,
0.2939,11,0,543.5,232.0,0.2979,-0.171,0.0816,1,1,1,6e-05,0.7223,0.45,0.449963,0.021514,0.05397,-0.324942,-0.017826,-0.251375,0.004261
0.5673,12,0,330.6,213.6,0.5712,-0.0179,-0.0321,0,1,0,,,,,,,,,,
0.4182,13,0,280.4,321.2,0.4222,0.053,-0.1202,1,1,0,0.03054,0.6741,1.4203,-0.837303,0.25881,0.031897,1.42033,-0.094413,0.066848,-0.004653
0.4655,14,0,530.8,179.3,0.4695,-0.2716,0.0646,1,1,1,7e-05,1.3397,0.5187,-0.518747,-0.222988,-0.273732,0.450511,0.042841,0.27476,-0.043774
0.1797,15,0,217.0,188.2,0.1837,0.0357,0.1607,1,1,1,5e-05,0.5599,0.5638,0.563801,-0.142798,0.538587,-0.48733,0.066406,-0.46633,0.557212
0.4712,16,0,64.5,13.9,0.4751,0.2829,0.2565,0,0,0,,,,,,,,,,
0.5511,17,0,292.1,323.2,0.5551,0.052,-0.2492,0,1,0,,,,,,,,,,
0.4052,18,0,246.5,350.5,0.4092,0.0985,-0.1573,0,1,0,,,,,,,,,,
0.1677,19,0,490.2,146.6,0.1717,-0.0498,0.1783,1,1,1,7e-05,0.4157,0.8972,0.897222,-0.193175,0.345519,-0.6315,0.049578,-0.71753,0.42567
0.4123,20,0,109.9,65.2,0.4162,0.2078,0.2026,0,0,0,,,,,,,,,,
0.5498,21,0,72.1,7.2,0.5538,0.327,0.2757,0,0,0,,,,,,,,,,
0.3431,22,0,63.6,162.2,0.3471,0.2224,0.1229,0,0,0,,,,,,,,,,
0.6124,23,0,397.0,181.4,0.6164,-0.1369,0.0095,0,1,0,,,,,,,,,,
0.4204,24,0,480.3,206.8,0.4243,-0.1882,0.0461,1,1,1,4e-05,1.2089,0.1969,-0.196899,-0.060401,-0.09582,0.161735,0.006459,0.109052,-0.032748
0.186,25,0,324.2,347.3,0.1899,-0.0019,0.0825,1,1,1,4e-05,0.5904,0.8182,0.818221,-0.104821,0.451255,-0.456826,0.10574,-0.353774,0.497294
0.5207,26,0,189.5,333.8,0.5247,0.2309,-0.244,0,0,0,,,,,,,,,,
0.0845,27,0,529.6,39.7,0.0884,-0.0051,0.2006,1,1,1,5e-05,0.3685,0.9227,0.887123,-0.462306,0.392462,-0.67874,0.137476,-0.922686,0.731952
0.241,28,0,628.4,160.5,0.245,-0.165,0.1533,1,1,1,6e-05,0.5181,0.6724,0.672373,0.010623,0.101397,-0.529134,-0.042498,-0.504138,0.024646
0.2696,29,0,31.4,140.3,0.2736,0.1773,0.1581,1,1,1,5e-05,1.0406,0.688,-0.157999,0.235925,0.687964,-0.006611,-0.09803,-0.001195,0.266457
0.1388,30,0,335.0,2.4,0.1427,-0.0026,0.2108,1,1,1,8e-05,0.4087,0.7512,0.696186,-0.269086,0.446215,-0.638536,0.064233,-0.751249,0.571286
0.2314,31,0,134.3,158.6,0.2353,0.0933,0.157,1,1,1,6e-05,0.7658,0.6074,0.210992,0.025053,0.607413,-0.281407,0.007743,-0.246001,0.443516
0.5958,32,0,392.5,102.8,0.5997,-0.1151,0.1479,1,1,0,0.03903,0.6888,1.4056,-1.325585,-0.136558,-0.385971,1.405636,-0.021053,0.070198,-0.005155
0.1754,33,0,615.6,21.4,0.1794,-0.0829,0.2123,1,1,1,9e-05,0.3955,0.834,0.833989,-0.141143,0.261141,-0.651685,0.004271,-0.802753,0.294555
0.0884,34,0,360.3,277.4,0.0924,-0.0018,0.1909,1,1,1,0.0001,0.3752,0.9091,0.90909,-0.451825,0.409778,-0.672045,0.140934,-0.868089,0.736939
0.4512,35,0,118.3,164.4,0.4552,0.2464,0.0889,0,0,0,,,,,,,,,,
0.5263,36,0,578.1,312.1,0.5302,-0.4498,-0.2015,0,1,0,,,,,,,,,,
0.4188,37,0,33.7,351.6,0.4227,0.3999,-0.1739,0,0,0,,,,,,,,,,
0.4225,38,0,55.1,91.8,0.4264,0.2771,0.1765,0,0,0,,,,,,,,,,
0.5328,39,0,246.8,160.8,0.5367,0.1084,0.0703,0,1,0,,,,,,,,,,
0.5255,40,0,527.4,196.8,0.5294,-0.3144,0.0156,1,1,0,0.03858,0.6953,1.3991,-1.002551,-0.384873,-0.583882,1.399099,0.01272,0.066079,-0.000128
0.4131,41,0,259.8,350.8,0.4171,0.0826,-0.1663,0,1,0,,,,,,,,,,
0.5796,42,0,619.3,15.8,0.5836,-0.4231,0.2696,0,1,0,,,,,,,,,,
0.1656,43,0,358.0,256.9,0.1695,-0.0123,0.1423,1,1,1,0.0001,0.4751,0.859,0.859017,-0.197172,0.435998,-0.572097,0.090321,-0.560987,0.532127
0.1133,44,0,351.2,104.1,0.1172,-0.0035,0.1961,1,1,1,6e-05,0.3892,0.8407,0.84075,-0.361848,0.429499,-0.658046,0.105163,-0.810829,0.652646
0.4525,45,0,2.0,326.5,0.4565,0.472,-0.1621,0,0,0,,,,,,,,,,
0.3294,46,0,131.2,92.8,0.3333,0.1446,0.1821,1,1,1,9e-05,1.0784,0.5367,-0.309475,0.250828,0.536657,0.03123,-0.095051,0.046602,0.165908
0.6307,47,0,523.7,42.3,0.6346,-0.3251,0.2386,0,1,0,,,,,,,,,,
0.4345,48,0,604.1,88.1,0.4384,-0.3063,0.1796,1,1,1,7e-05,1.1749,0.4335,-0.433533,-0.235937,-0.355984,0.127677,0.062879,0.141359,-0.084935
0.1021,49,0,230.5,251.0,0.1061,0.0084,0.1838,1,1,1,5e-05,0.3963,0.8501,0.850143,-0.393752,0.461709,-0.65091,0.125368,-0.767047,0.718795
0.4259,50,0,300.8,211.9,0.4298,0.0231,0.037,1,1,1,8e-05,1.3926,0.4004,-0.400408,0.169976,0.212033,0.365401,-0.049715,0.221792,0.017229
0.1948,51,0,443.4,320.9,0.1987,-0.0573,0.0891,1,1,1,6e-05,0.5222,0.926,0.926041,-0.081065,0.352092,-0.525043,0.068009,-0.428594,0.369081
0.3913,52,0,98.0,140.6,0.3953,0.2221,0.1314,0,0,0,,,,,,,,,,
0.4931,53,0,614.7,255.8,0.497,-0.4437,-0.0668,0,1,0,,,,,,,,,,
0.2057,54,0,622.5,96.4,0.2096,-0.119,0.1895,1,1,1,5e-05,0.4333,0.794,0.794027,-0.055683,0.199002,-0.613891,-0.024468,-0.678766,0.164982
0.4407,55,0,270.4,106.4,0.4446,0.0554,0.1596,1,1,1,5e-05,1.3024,0.5826,-0.582627,0.188812,0.235765,0.255248,-0.068485,0.20683,0.009529
0.3608,56,0,609.1,55.3,0.3647,-0.2398,0.21,1,1,1,4e-05,0.8138,0.2334,-0.091421,-0.081726,-0.201462,-0.233368,0.011383,-0.155036,-0.100832
0.5982,57,0,433.6,177.5,0.6022,-0.196,0.0217,0,1,0,,,,,,,,,,
0.1171,58,0,471.6,317.6,0.121,-0.0242,0.1623,1,1,1,6e-05,0.3893,1.0815,1.081518,-0.357126,0.377395,-0.657938,0.129008,-0.776019,0.618745
0.5476,59,0,125.3,23.7,0.5516,0.2596,0.2558,0,0,0,,,,,,,,,,
0.5236,60,0,616.2,5.0,0.5275,-0.3684,0.2739,1,1,0,0.00646,0.7085,1.3965,-1.396548,-0.622262,-0.611656,1.385931,0.116941,0.079719,-0.011545
0.2122,61,0,465.8,326.9,0.2162,-0.0783,0.0687,1,1,1,4e-05,0.5648,0.8744,0.874357,-0.028875,0.307045,-0.482362,0.049476,-0.363144,0.283828
0.0956,62,0,457.5,85.5,0.0996,-0.0081,0.199,1,1,1,0.0001,0.3739,0.8965,0.896454,-0.426257,0.395332,-0.673334,0.12611,-0.894709,0.692106
0.4698,63,0,476.9,15.2,0.4737,-0.1733,0.255,1,1,1,8e-05,1.1532,0.6525,-0.652526,-0.096019,-0.171275,0.105953,0.035983,0.167437,-0.065165
0.5849,64,0,181.4,175.5,0.5889,0.2323,0.0299,0,0,0,,,,,,,,,,
0.263,65,0,155.8,168.6,0.267,0.1004,0.1419,1,1,1,6e-05,0.8587,0.5794,0.120572,0.087226,0.579432,-0.188509,-0.009154,-0.158401,0.368471
0.159,66,0,121.8,170.5,0.1629,0.0539,0.1737,1,1,1,5e-05,0.5495,0.6132,0.513727,-0.170702,0.594637,-0.497686,0.063729,-0.484618,0.61324
0.2199,67,0,511.4,221.3,0.2238,-0.0954,0.1278,1,1,1,6e-05,0.5062,0.8113,0.811313,-0.044905,0.265652,-0.540962,0.011689,-0.50331,0.234423
0.4528,68,0,622.8,124.3,0.4567,-0.356,0.1375,1,1,1,5e-05,1.3337,0.5763,-0.576325,-0.354693,-0.435947,0.402748,0.089232,0.280683,-0.054061
0.1521,69,0,571.3,344.3,0.1561,-0.0772,0.1199,1,1,1,8e-05,0.3985,1.2085,1.208524,-0.174792,0.3189,-0.648671,0.06389,-0.639485,0.385664
0.4085,70,0,98.3,155.8,0.4125,0.2378,0.1112,0,0,0,,,,,,,,,,
0.6427,71,0,632.9,346.9,0.6467,-0.7182,-0.4041,0,0,0,,,,,,,,,,
0.3115,72,0,157.2,215.6,0.3155,0.1321,0.087,1,1,1,5e-05,1.1227,0.549,-0.07261,0.22385,0.548963,0.075474,-0.056202,0.048226,0.216989
0.1512,73,0,148.1,23.5,0.1552,0.0365,0.2089,1,1,1,8e-05,0.4815,0.5958,0.486907,-0.196449,0.556014,-0.565664,0.045232,-0.595775,0.591488
0.1404,74,0,229.4,31.7,0.1444,0.0166,0.2063,1,1,1,5e-05,0.4367,0.6795,0.616716,-0.25081,0.502717,-0.610521,0.062516,-0.679537,0.601506
0.3456,75,0,28.6,224.2,0.3496,0.2733,0.0617,0,0,0,,,,,,,,,,
0.3047,76,0,155.9,189.5,0.3086,0.1255,0.1123,1,1,1,5e-05,1.0478,0.5558,-0.052314,0.193297,0.555849,0.000602,-0.048221,-0.00266,0.248823
0.262,77,0,421.9,335.8,0.2659,-0.0756,0.0125,1,1,1,8e-05,0.7829,0.5883,0.588254,0.046609,0.252623,-0.264286,0.042488,-0.158925,0.19824
0.6139,78,0,412.9,78.8,0.6179,-0.149,0.1836,0,1,0,,,,,,,,,,
0.2042,79,0,395.3,57.1,0.2082,-0.0282,0.2038,1,1,1,7e-05,0.4825,0.5952,0.563077,-0.112244,0.380853,-0.564674,0.022619,-0.595206,0.388401
0.2341,80,0,101.9,64.5,0.238,0.1013,0.2015,1,1,1,5e-05,0.7499,0.6169,0.068811,0.049819,0.616913,-0.297293,-0.023793,-0.258867,0.408309
0.2163,81,0,526.8,164.5,0.2203,-0.0944,0.1584,1,1,1,8e-05,0.4773,0.7778,0.777843,-0.060789,0.258643,-0.569915,0.00276,-0.575019,0.235666
0.4902,82,0,268.2,96.3,0.4942,0.0651,0.1665,1,1,1,9e-05,1.2505,0.976,-0.976044,0.178762,0.157137,0.628711,-0.079871,0.363977,-0.034144
0.2439,83,0,37.6,104.1,0.2479,0.145,0.1825,1,1,1,5e-05,0.8799,0.6793,-0.040537,0.133351,0.67934,-0.167293,-0.058285,-0.134746,0.361262
0.1581,84,0,116.2,265.7,0.1621,0.0611,0.144,1,1,1,4e-05,0.5905,0.6318,0.568184,-0.163907,0.608149,-0.456719,0.083865,-0.415642,0.631847
0.5034,85,0,192.3,20.3,0.5073,0.1538,0.2542,0,1,0,,,,,,,,,,
0.1803,86,0,232.9,236.1,0.1843,0.0321,0.1416,1,1,1,4e-05,0.572,0.6233,0.623324,-0.141104,0.528885,-0.475201,0.0797,-0.438061,0.559078
0.5174,87,0,14.0,116.1,0.5214,0.418,0.138,0,0,0,,,,,,,,,,
0.5582,88,0,536.0,125.6,0.5621,-0.3254,0.1181,1,1,0,0.03876,0.6971,1.3973,-1.174971,-0.447505,-0.644675,1.397305,0.035386,0.067905,-0.000773
0.2045,89,0,32.2,188.0,0.2084,0.1234,0.1514,1,1,1,7e-05,0.7896,0.6959,0.198079,0.025175,0.69588,-0.257601,-0.000355,-0.222921,0.490929
0.5861,90,0,281.0,79.8,0.5901,0.0593,0.1831,0,1,0,,,,,,,,,,
0.1155,91,0,193.4,340.3,0.1194,0.02,0.1593,1,1,1,6e-05,0.4417,0.8418,0.841786,-0.336081,0.507581,-0.605497,0.128057,-0.629713,0.711979
0.4757,92,0,275.1,159.6,0.4796,0.0581,0.0881,1,1,1,8e-05,1.2647,0.8426,-0.842606,0.192476,0.178024,0.681498,-0.07725,0.349758,-0.024305
0.0923,93,0,220.8,177.3,0.0962,0.0053,0.1945,1,1,1,7e-05,0.3798,0.8397,0.839732,-0.426309,0.44237,-0.667352,0.127357,-0.834302,0.733737
0.1135,94,0,199.1,261.0,0.1175,0.0165,0.1752,1,1,1,8e-05,0.4229,0.8102,0.810151,-0.347107,0.496057,-0.624341,0.117158,-0.687511,0.703701
0.1493,95,0,296.0,85.2,0.1533,0.0053,0.1964,1,1,1,5e-05,0.4388,0.6823,0.682293,-0.241114,0.471412,-0.608364,0.066975,-0.674227,0.5731
0.462,96,0,77.6,293.0,0.466,0.3534,-0.1096,0,0,0,,,,,,,,,,
0.4871,97,0,242.9,141.0,0.491,0.1007,0.1101,1,1,1,0.0001,0.9662,1.2026,-1.202594,0.238102,0.181534,1.128169,-0.092728,0.28145,0.001987
0.6016,98,0,386.5,329.8,0.6056,-0.1385,-0.3142,0,1,0,,,,,,,,,,
0.3768,99,0,308.6,237.3,0.3808,0.0121,0.0303,1,1,1,8e-05,1.1906,0.2666,-0.095495,0.148945,0.26664,0.143369,-0.020096,0.090306,0.09629
0.4827,100,0,198.6,163.3,0.4867,0.1605,0.0811,1,1,0,0.02981,0.6714,1.423,-1.294641,0.351765,0.10743,1.423032,-0.130744,0.071696,-0.004261
0.3422,101,0,353.7,227.7,0.3462,-0.0314,0.0599,1,1,1,4e-05,0.9583,0.2527,0.146137,0.08563,0.252741,-0.088877,0.009453,-0.067516,0.153775
0.1285,102,0,609.9,279.5,0.1324,-0.0565,0.1611,1,1,1,8e-05,0.3776,1.1962,1.196174,-0.296303,0.314962,-0.669552,0.094159,-0.826608,0.493034
0.54,103,0,521.0,330.3,0.544,-0.3696,-0.2552,0,1,0,,,,,,,,,,
0.1959,104,0,219.6,132.4,0.1999,0.0379,0.177,1,1,1,4e-05,0.5782,0.5331,0.45653,-0.103936,0.533054,-0.469042,0.043822,-0.452404,0.510852
0.5603,105,0,35.7,169.9,0.5642,0.4509,0.0474,0,0,0,,,,,,,,,,
0.5583,106,0,492.0,238.4,0.5623,-0.2934,-0.0743,0,1,0,,,,,,,,,,
0.5319,107,0,421.8,80.4,0.5359,-0.1386,0.1841,1,1,1,7e-05,1.2458,0.9435,-0.943482,-0.112264,-0.151809,0.582861,0.020378,0.368665,-0.05168
0.2459,108,0,235.2,320.4,0.2498,0.0563,0.0417,1,1,1,8e-05,0.8795,0.4991,0.420853,0.055559,0.499114,-0.167736,0.055588,-0.114559,0.385942
0.1146,109,0,58.8,262.8,0.1185,0.0367,0.1742,1,1,1,5e-05,0.4563,0.7231,0.699221,-0.314346,0.561992,-0.590881,0.105705,-0.616513,0.723114
0.5181,110,0,556.9,148.3,0.522,-0.3351,0.0928,1,1,0,0.01204,0.693,1.4014,-1.101342,-0.474807,-0.504214,1.40138,0.053146,0.070016,-0.006484
0.4561,111,0,33.6,195.8,0.4601,0.3667,0.0456,0,0,0,,,,,,,,,,
0.1358,112,0,82.9,219.0,0.1398,0.049,0.1705,1,1,1,7e-05,0.5096,0.6742,0.602709,-0.236317,0.593697,-0.537644,0.085174,-0.533555,0.674193
0.4218,113,0,194.6,131.5,0.4257,0.1364,0.1349,1,1,1,7e-05,1.2773,0.7082,-0.708236,0.310854,0.342079,0.453757,-0.121136,0.292172,-0.005642
0.5188,114,0,83.3,66.5,0.5227,0.3087,0.2018,0,0,0,,,,,,,,,,
0.2192,115,0,458.2,163.5,0.2232,-0.0643,0.158,1,1,1,6e-05,0.5035,0.7085,0.708502,-0.07435,0.314538,-0.543676,0.022526,-0.537648,0.308064
0.2369,116,0,443.0,168.4,0.2409,-0.0647,0.1501,1,1,1,4e-05,0.5461,0.6302,0.630187,-0.045522,0.30477,-0.501115,0.019968,-0.47553,0.281498
0.5326,117,0,559.8,72.7,0.5365,-0.3244,0.194,1,1,0,0.0019,0.7869,1.3075,-1.254337,-0.501222,-0.486009,1.307528,0.084314,0.14884,-0.016834
0.4593,118,0,395.4,232.6,0.4633,-0.1015,-0.0091,1,1,1,9e-05,1.3186,0.5674,-0.518041,0.007211,-0.005846,0.567369,-0.015146,0.295792,-0.02278
0.6024,119,0,478.9,317.1,0.6063,-0.3257,-0.2821,0,1,0,,,,,,,,,,
0.5878,120,0,163.5,59.0,0.5918,0.2342,0.2127,0,0,0,,,,,,,,,,
0.5332,121,0,130.5,79.9,0.5371,0.2586,0.1847,0,0,0,,,,,,,,,,
0.36,122,0,618.3,304.0,0.364,-0.3245,-0.0424,1,1,1,7e-05,1.3953,0.3481,-0.105379,-0.225212,-0.296099,0.348057,0.030584,0.182846,-0.045984
0.4916,123,0,240.4,355.9,0.4956,0.1356,-0.2629,0,1,0,,,,,,,,,,
0.1671,124,0,402.6,4.0,0.1711,-0.0209,0.2153,1,1,1,5e-05,0.4245,0.7135,0.65515,-0.193394,0.401592,-0.622707,0.037674,-0.713471,0.467059
0.1919,125,0,8.6,326.5,0.1958,0.1422,0.0885,1,1,1,8e-05,0.8951,0.7324,0.284744,0.048346,0.732405,-0.152123,0.013954,-0.118433,0.498819
0.1719,126,0,109.5,209.7,0.1758,0.069,0.1561,1,1,1,3e-05,0.6153,0.6187,0.467191,-0.122764,0.618724,-0.431934,0.060557,-0.397944,0.593601
0.5683,127,0,349.8,341.9,0.5723,-0.059,-0.3121,0,1,0,,,,,,,,,,
0.2896,128,0,156.9,329.8,0.2936,0.138,-0.009,1,1,1,7e-05,1.2985,0.5475,0.014719,0.276324,0.547454,0.251262,-0.058202,0.141628,0.171349
0.65,129,0,334.7,117.0,0.6539,-0.0262,0.1178,0,0,0,,,,,,,,,,
0.4219,130,0,196.5,265.4,0.4259,0.156,-0.0354,1,1,0,0.0282,0.669,1.4254,-1.026127,0.408555,0.1765,1.425431,-0.13198,0.069552,-0.003525
0.3721,131,0,440.9,37.4,0.376,-0.1025,0.2245,1,1,1,5e-05,0.8154,0.2318,-0.149667,0.022928,0.069333,-0.231799,-0.001885,-0.158505,0.036765
0.1681,132,0,638.1,202.7,0.172,-0.0994,0.1603,1,1,1,0.0001,0.3954,1.0875,1.087539,-0.134507,0.259979,-0.651781,0.009999,-0.747713,0.277431
0.4974,133,0,33.6,118.8,0.5013,0.3744,0.1373,0,0,0,,,,,,,,,,
0.4442,134,0,15.9,17.5,0.4482,0.3148,0.2493,0,0,0,,,,,,,,,,
0.4246,135,0,564.4,157.9,0.4285,-0.2754,0.1043,1,1,1,5e-05,1.1894,0.2829,-0.282942,-0.173584,-0.263819,0.142178,0.031539,0.115752,-0.072341
0.335,136,0,164.6,98.1,0.3389,0.1222,0.1776,1,1,1,5e-05,1.0434,0.5001,-0.26112,0.218177,0.500147,-0.003828,-0.075466,0.017042,0.176523
0.139,137,0,140.2,163.4,0.143,0.0368,0.1816,1,1,1,9e-05,0.4828,0.6497,0.616116,-0.242377,0.559927,-0.564413,0.078996,-0.582497,0.649656
0.1065,138,0,591.3,233.3,0.1105,-0.0291,0.1833,1,1,1,5e-05,0.3776,1.0712,1.071231,-0.399326,0.342642,-0.669592,0.12841,-0.898722,0.622103
0.2734,139,0,123.6,298.5,0.2774,0.1475,0.0366,1,1,1,4e-05,1.1635,0.6131,0.062462,0.227971,0.61305,0.116272,-0.046365,0.067619,0.255312
0.4551,140,0,166.5,8.4,0.4591,0.1622,0.2595,1,1,1,0.0001,1.2233,1.2779,-1.277918,0.300537,0.24045,0.734487,-0.139873,0.391157,-0.031176
0.1518,141,0,365.0,302.5,0.1558,-0.013,0.1358,1,1,1,4e-05,0.4577,0.9401,0.94008,-0.230724,0.433961,-0.589515,0.10736,-0.57553,0.56405
0.5445,142,0,481.5,297.7,0.5484,-0.2874,-0.186,0,1,0,,,,,,,,,,
0.0784,143,0,477.7,159.3,0.0824,-0.0012,0.1993,1,1,1,5e-05,0.3662,0.9194,0.87475,-0.480041,0.400378,-0.681004,0.143805,-0.919433,0.761515
0.1015,144,0,412.3,9.2,0.1055,-0.0066,0.2039,1,1,1,9e-05,0.3756,0.8792,0.850747,-0.399765,0.407916,-0.671594,0.112451,-0.879233,0.671627
0.3212,145,0,261.8,43.5,0.3251,0.0411,0.2163,1,1,1,3e-05,0.822,0.394,-0.09954,0.100225,0.393964,-0.225183,-0.027102,-0.170111,0.217253
0.5289,146,0,544.7,62.7,0.5329,-0.2985,0.2067,1,1,1,9e-05,1.2227,1.1074,-1.10739,-0.401651,-0.418352,0.871679,0.093403,0.380324,-0.043104
0.3039,147,0,638.4,13.4,0.3078,-0.2032,0.2329,1,1,1,5e-05,0.6266,0.4206,0.127856,-0.019017,-0.09331,-0.420581,-0.012415,-0.354852,-0.073229
0.2179,148,0,452.8,263.4,0.2219,-0.0687,0.1046,1,1,1,5e-05,0.5433,0.8073,0.807279,-0.050991,0.318563,-0.503903,0.041323,-0.434065,0.305822
0.1705,149,0,517.8,133.7,0.1744,-0.0588,0.1816,1,1,1,7e-05,0.4115,0.9028,0.902793,-0.180234,0.325719,-0.635698,0.03962,-0.731839,0.393752
0.5526,150,0,331.4,220.5,0.5566,-0.0188,-0.0376,0,1,0,,,,,,,,,,
0.3949,151,0,424.9,29.9,0.3989,-0.0952,0.2326,1,1,1,0.0001,0.8842,0.2734,-0.273373,0.026519,0.0541,-0.162956,-0.001617,-0.084417,0.020122
0.077,152,0,220.3,253.8,0.081,0.0004,0.1994,1,1,1,5e-05,0.3655,0.9158,0.865022,-0.482535,0.405461,-0.681688,0.14409,-0.915824,0.769252
0.5873,153,0,9.8,321.1,0.5912,0.6208,-0.2781,0,0,0,,,,,,,,,,
0.294,154,0,113.0,332.1,0.2979,0.1791,-0.0157,1,1,1,6e-05,1.1987,0.5759,-0.164334,0.389468,0.575883,0.448798,-0.11702,0.231671,0.083226
0.251,155,0,332.2,169.5,0.255,-0.007,0.1451,1,1,1,9e-05,0.6447,0.4482,0.448193,-0.022765,0.401884,-0.402483,0.033288,-0.363465,0.355752
0.6095,156,0,565.9,219.8,0.6134,-0.4541,-0.0646,0,1,0,,,,,,,,,,
0.3591,157,0,398.1,332.9,0.3631,-0.0879,-0.0815,1,1,1,8e-05,1.3588,0.3116,-0.036254,0.070941,0.091929,0.311584,-0.005066,0.165052,0.022661
0.6164,158,0,491.3,50.3,0.6203,-0.2684,0.2262,0,1,0,,,,,,,,,,
0.5112,159,0,28.3,254.9,0.5151,0.4577,-0.0769,0,0,0,,,,,,,,,,
0.5369,160,0,346.6,34.5,0.5409,-0.0351,0.2417,1,1,1,0.0001,1.2104,1.1863,-1.186323,-0.007164,-0.044145,0.717146,-0.01647,0.404045,-0.045394
0.4654,161,0,205.6,103.7,0.4694,0.1361,0.1599,1,1,1,9e-05,1.2452,1.099,-1.099048,0.288563,0.247503,0.800273,-0.119968,0.36924,-0.020779
0.3118,162,0,622.0,34.6,0.3157,-0.2033,0.2212,1,1,1,5e-05,0.6518,0.3954,0.124278,-0.020725,-0.091473,-0.395447,-0.011995,-0.329344,-0.070927
0.605,163,0,430.9,99.7,0.609,-0.1786,0.1518,1,1,0,0.04834,0.6936,1.4008,-1.309878,-0.230036,-0.527268,1.40083,-0.00548,0.069326,-0.003316
0.1429,164,0,385.8,27.2,0.1468,-0.0125,0.2073,1,1,1,9e-05,0.4052,0.7635,0.744845,-0.264033,0.419883,-0.641992,0.064338,-0.763529,0.546336
0.5962,165,0,91.7,164.2,0.6001,0.3865,0.0464,0,0,0,,,,,,,,,,
0.177,166,0,71.9,54.5,0.181,0.073,0.2038,1,1,1,3e-05,0.5924,0.6263,0.297733,-0.091411,0.626329,-0.454776,0.017938,-0.438635,0.546582
0.301,167,0,366.8,154.9,0.3049,-0.0339,0.1406,1,1,1,6e-05,0.734,0.3132,0.278767,0.032098,0.302655,-0.313246,0.012942,-0.269019,0.229761
0.3377,168,0,92.8,296.7,0.3416,0.2257,-0.0144,0,0,0,,,,,,,,,,
0.3246,169,0,554.1,10.8,0.3286,-0.1626,0.2375,1,1,1,4e-05,0.6679,0.3793,0.038911,-0.008572,-0.016799,-0.379326,-0.004971,-0.309169,-0.012927
0.4653,170,0,235.8,302.9,0.4692,0.1254,-0.1301,0,1,0,,,,,,,,,,
0.4596,171,0,333.4,58.0,0.4635,-0.015,0.2105,1,1,1,5e-05,1.2122,0.6221,-0.622131,0.096147,0.106997,0.164952,-0.034922,0.176976,-0.01365
0.6303,172,0,573.4,279.6,0.6342,-0.5219,-0.2113,0,1,0,,,,,,,,,,
0.1826,173,0,378.4,112.9,0.1866,-0.0192,0.1861,1,1,1,0.0001,0.4645,0.6884,0.688388,-0.163143,0.411509,-0.582706,0.047255,-0.620896,0.461291
0.4308,174,0,511.6,292.3,0.4348,-0.2565,-0.0835,1,1,1,0.0001,1.0181,1.0763,-0.668261,-0.24329,-0.240963,1.076325,0.022185,0.29083,-0.013231
0.5609,175,0,500.5,175.0,0.5649,-0.2882,0.0388,0,1,0,,,,,,,,,,
0.4025,176,0,444.6,87.1,0.4065,-0.1223,0.1823,1,1,1,4e-05,0.9327,0.1984,-0.198382,0.007362,0.01544,-0.114521,0.000785,-0.061331,0.005212
0.6115,177,0,419.9,73.0,0.6154,-0.1586,0.1925,1,1,0,0.04797,0.6932,1.4012,-1.383224,-0.217422,-0.517367,1.401176,-0.004503,0.070466,-0.004161
0.1819,178,0,515.6,52.3,0.1859,-0.0602,0.2046,1,1,1,6e-05,0.4175,0.7652,0.765193,-0.150075,0.314571,-0.629726,0.020018,-0.729669,0.355598
0.1546,179,0,1.4,338.2,0.1586,0.1002,0.1198,1,1,1,0.0001,0.6987,0.6951,0.470614,-0.107396,0.695146,-0.348474,0.072169,-0.288384,0.637183
0.0843,180,0,533.6,184.2,0.0882,-0.0058,0.197,1,1,1,5e-05,0.3697,0.9174,0.91149,-0.467332,0.388639,-0.67746,0.142523,-0.917359,0.735615
0.5086,181,0,135.3,92.8,0.5126,0.2415,0.1694,0,0,0,,,,,,,,,,
0.6178,182,0,235.3,51.1,0.6218,0.1332,0.2251,0,1,0,,,,,,,,,,
0.6338,183,0,329.3,24.0,0.6378,-0.0147,0.2656,0,1,0,,,,,,,,,,
0.1374,184,0,432.2,158.8,0.1414,-0.0223,0.183,1,1,1,4e-05,0.4012,0.9111,0.911073,-0.291392,0.394627,-0.646019,0.08874,-0.764666,0.559323
0.6135,185,0,443.8,34.9,0.6175,-0.1901,0.248,1,1,0,0.04853,0.6955,1.4587,-1.45869,-0.288077,-0.587709,1.398945,0.015251,0.071473,-0.003753
0.5122,186,0,481.0,256.7,0.5161,-0.2537,-0.0808,0,1,0,,,,,,,,,,
0.5369,187,0,552.8,168.8,0.5409,-0.351,0.0566,1,1,0,0.04562,0.6984,1.396,-1.058139,-0.455001,-0.681461,1.395992,0.022716,0.066013,0.002216
0.5007,188,0,70.5,252.1,0.5047,0.3808,-0.0653,0,0,0,,,,,,,,,,
0.6001,189,0,135.3,40.1,0.604,0.278,0.2397,0,0,0,,,,,,,,,,
0.4036,190,0,570.6,39.6,0.4076,-0.2356,0.2252,1,1,1,6e-05,0.937,0.305,-0.305033,-0.113925,-0.224947,-0.110217,0.03211,-0.028844,-0.085946
0.6075,191,0,115.7,73.7,0.6115,0.322,0.1915,0,0,0,,,,,,,,,,
0.2193,192,0,424.2,273.0,0.2232,-0.055,0.0978,1,1,1,4e-05,0.567,0.7799,0.77992,-0.050353,0.341531,-0.480237,0.052312,-0.402384,0.334278
0.2578,193,0,496.5,241.0,0.2617,-0.1138,0.0948,1,1,1,3e-05,0.6178,0.642,0.641966,0.011304,0.204967,-0.429423,0.004954,-0.353178,0.147762
0.4067,194,0,317.6,89.7,0.4107,0.0024,0.1796,1,1,1,4e-05,1.0455,0.3265,-0.326454,0.119757,0.218311,-0.001719,-0.030666,0.029978,0.067711
0.5632,195,0,119.6,161.5,0.5672,0.3168,0.0604,0,0,0,,,,,,,,,,
0.1172,196,0,421.0,216.8,0.1211,-0.0143,0.1801,1,1,1,6e-05,0.3908,0.9587,0.958687,-0.359422,0.40072,-0.656375,0.116805,-0.797726,0.632974
0.619,197,0,525.9,223.0,0.623,-0.3884,-0.0761,0,1,0,,,,,,,,,,
0.3707,198,0,597.6,335.4,0.3746,-0.3263,-0.0967,1,1,1,0.0001,1.3131,0.7345,-0.342074,-0.290924,-0.307621,0.734472,0.044973,0.301326,-0.008494
0.0768,199,0,492.6,36.6,0.0808,-0.0004,0.2001,1,1,1,5e-05,0.365,0.9222,0.866477,-0.483589,0.402044,-0.682162,0.144148,-0.922163,0.767553
0.6182,200,0,503.2,242.4,0.6222,-0.353,-0.1171,0,1,0,,,,,,,,,,
0.522,201,0,194.8,178.2,0.526,0.1845,0.0467,0,1,0,,,,,,,,,,
0.2868,202,0,389.7,305.5,0.2908,-0.0564,0.0187,1,1,1,7e-05,0.8535,0.4466,0.446638,0.060055,0.26187,-0.193721,0.036559,-0.123667,0.196445
0.5918,203,0,540.9,310.1,0.5958,-0.4398,-0.2549,0,1,0,,,,,,,,,,
0.2355,204,0,254.7,327.0,0.2394,0.0411,0.0463,1,1,1,8e-05,0.8203,0.5019,0.501932,0.025197,0.484095,-0.226933,0.070176,-0.155545,0.4088
0.4367,205,0,380.1,352.8,0.4407,-0.0885,-0.1957,0,1,0,,,,,,,,,,
0.3582,206,0,379.1,130.0,0.3621,-0.0524,0.1482,1,1,1,3e-05,0.8632,0.2008,0.020689,0.060027,0.200801,-0.18401,-0.002481,-0.142014,0.119801
0.3739,207,0,314.0,243.9,0.3779,0.0064,0.0239,1,1,1,6e-05,1.186,0.2602,-0.073511,0.143843,0.260243,0.138829,-0.016875,0.086508,0.097398
0.6424,208,0,203.8,68.7,0.6464,0.1942,0.1989,0,1,0,,,,,,,,,,
0.2528,209,0,396.4,62.3,0.2567,-0.0396,0.2028,1,1,1,3e-05,0.5683,0.4789,0.375493,-0.030609,0.326681,-0.478884,0.005661,-0.464596,0.282575
0.5872,210,0,416.1,85.9,0.5912,-0.1475,0.1741,1,1,0,0.02597,0.688,1.4064,-1.350265,-0.20329,-0.367308,1.406428,0.001151,0.070809,-0.005674
0.4481,211,0,345.9,245.1,0.4521,-0.0344,-0.0217,1,1,1,0.0001,1.3028,0.6374,-0.552366,0.097694,0.091246,0.637447,-0.038005,0.311636,-0.017756
0.5575,212,0,103.5,335.6,0.5614,0.4158,-0.2851,0,0,0,,,,,,,,,,
0.3668,213,0,93.4,205.0,0.3707,0.2242,0.072,0,0,0,,,,,,,,,,
0.2055,214,0,198.1,135.1,0.2095,0.0498,0.1741,1,1,1,0.0001,0.6189,0.5505,0.391224,-0.072907,0.550489,-0.428336,0.036247,-0.403072,0.496399
0.1103,215,0,404.1,154.3,0.1142,-0.0093,0.191,1,1,1,7e-05,0.385,0.9053,0.90528,-0.379099,0.40811,-0.662162,0.115437,-0.830482,0.654573
0.4277,216,0,145.4,54.6,0.4317,0.1788,0.213,1,1,1,8e-05,1.2282,1.0507,-1.05065,0.360017,0.324708,0.604143,-0.158671,0.361397,-0.032762
0.3783,217,0,354.7,141.3,0.3823,-0.0333,0.1336,1,1,1,5e-05,0.9583,0.2088,-0.078442,0.083195,0.208799,-0.088863,-0.008656,-0.060612,0.105397
0.0834,218,0,402.4,77.9,0.0873,-0.0018,0.1998,1,1,1,5e-05,0.3686,0.908,0.871367,-0.462964,0.404358,-0.6786,0.137486,-0.907993,0.743225
0.1952,219,0,615.8,66.8,0.1991,-0.1038,0.2004,1,1,1,6e-05,0.4171,0.8044,0.804407,-0.085722,0.225417,-0.630129,-0.014268,-0.726467,0.215306
0.1242,220,0,450.7,354.9,0.1281,-0.0257,0.1467,1,1,1,5e-05,0.3997,1.1055,1.105461,-0.322492,0.386795,-0.647544,0.128553,-0.705901,0.600824
0.1009,221,0,257.5,308.1,0.1049,0.006,0.1783,1,1,1,6e-05,0.3959,0.891,0.891011,-0.402426,0.452093,-0.651297,0.133568,-0.764125,0.723034
0.5475,222,0,160.2,220.9,0.5515,0.2611,-0.0359,0,0,0,,,,,,,,,,
0.4053,223,0,65.7,149.9,0.4092,0.2684,0.1184,0,0,0,,,,,,,,,,
0.6458,224,0,350.1,192.8,0.6498,-0.0576,-0.0254,0,1,0,,,,,,,,,,
0.2034,225,0,629.8,75.7,0.2073,-0.1173,0.1972,1,1,1,5e-05,0.427,0.7823,0.782277,-0.060088,0.19825,-0.620204,-0.024678,-0.697759,0.168681
0.1378,226,0,256.0,36.3,0.1418,0.0113,0.2053,1,1,1,6e-05,0.4266,0.702,0.65386,-0.26442,0.487091,-0.620577,0.067176,-0.702041,0.602112
0.2263,227,0,361.6,355.3,0.2302,-0.0256,0.0331,1,1,1,9e-05,0.7133,0.704,0.703989,0.002058,0.373687,-0.333932,0.080551,-0.213143,0.351109
0.2285,228,0,127.0,221.9,0.2325,0.1021,0.1231,1,1,1,7e-05,0.8165,0.6228,0.25924,0.03553,0.622813,-0.230746,0.018672,-0.194072,0.452722
0.5767,229,0,8.7,33.7,0.5806,0.4448,0.2462,0,0,0,,,,,,,,,,
0.3012,230,0,69.6,230.9,0.3052,0.1977,0.0786,1,1,1,7e-05,1.2276,0.6398,-0.237091,0.360575,0.639843,0.270247,-0.129045,0.167868,0.137997
0.1885,231,0,492.5,183.3,0.1925,-0.0645,0.1593,1,1,1,4e-05,0.4452,0.8779,0.877939,-0.131173,0.324545,-0.602002,0.034953,-0.631892,0.357183
0.1902,232,0,135.1,84.7,0.1942,0.0633,0.1946,1,1,1,3e-05,0.6016,0.5925,0.329775,-0.083182,0.592543,-0.445609,0.024394,-0.427168,0.522817
0.4089,233,0,160.5,107.8,0.4128,0.1629,0.1617,1,1,1,8e-05,1.2382,0.7561,-0.756094,0.349951,0.38063,0.44528,-0.142121,0.296642,-0.007749
0.3024,234,0,337.8,24.7,0.3064,-0.0114,0.2262,1,1,1,5e-05,0.7002,0.347,0.047272,0.04123,0.322971,-0.34696,-0.009995,-0.29655,0.219115
0.2418,235,0,595.2,338.3,0.2458,-0.1826,0.0307,1,1,1,3e-05,0.6698,0.7158,0.71575,0.04429,0.0856,-0.377354,-0.028893,-0.244015,-0.012064
0.1296,236,0,99.5,105.4,0.1336,0.0361,0.1942,1,1,1,4e-05,0.4597,0.663,0.595336,-0.263475,0.561273,-0.587506,0.073997,-0.626701,0.662983
0.5762,237,0,165.5,332.9,0.5802,0.3073,-0.2973,0,0,0,,,,,,,,,,
0.4704,238,0,289.4,197.9,0.4743,0.0407,0.0367,1,1,1,0.0001,1.2646,0.824,-0.824013,0.178974,0.159193,0.799741,-0.068787,0.349875,-0.018933
0.4916,239,0,448.8,249.7,0.4956,-0.1919,-0.0555,1,1,0,0.01879,0.6852,1.4092,-0.917329,-0.17396,-0.284561,1.409198,-0.013258,0.068773,-0.00431
0.4622,240,0,378.2,47.9,0.4661,-0.065,0.2212,1,1,1,8e-05,1.162,0.5933,-0.5933,0.039024,0.028231,0.114781,-0.012741,0.149088,-0.024781
0.167,241,0,428.1,58.4,0.1709,-0.0287,0.2024,1,1,1,6e-05,0.4223,0.7374,0.73741,-0.199565,0.385488,-0.624912,0.045054,-0.717038,0.462379
0.5365,242,0,407.4,138.9,0.5405,-0.1275,0.1024,1,1,1,0.0001,1.1376,1.0405,-1.04049,-0.114743,-0.133659,0.956759,0.006239,0.351989,-0.024846
0.4189,243,0,177.4,239.8,0.4229,0.1732,0.003,1,1,0,0.01691,0.6667,1.4277,-1.108453,0.431386,0.251808,1.427733,-0.140961,0.072229,0.000157
0.2621,244,0,70.8,100.2,0.266,0.1412,0.1828,1,1,1,5e-05,0.9069,0.6458,-0.078925,0.153284,0.645828,-0.1403,-0.062156,-0.108237,0.323794
0.1913,245,0,193.2,32.8,0.1953,0.0417,0.2109,1,1,1,4e-05,0.5538,0.5428,0.351647,-0.098987,0.542784,-0.493359,0.02102,-0.489697,0.497433
0.4315,246,0,343.8,81.4,0.4354,-0.0253,0.1866,1,1,1,9e-05,1.097,0.4211,-0.421055,0.09301,0.139986,0.0498,-0.025866,0.077802,0.02509
0.1742,247,0,265.6,164.3,0.1781,0.0174,0.171,1,1,1,7e-05,0.5113,0.6274,0.62737,-0.170861,0.499434,-0.535913,0.066405,-0.537047,0.547341
0.6166,248,0,503.4,27.9,0.6206,-0.2814,0.2581,0,1,0,,,,,,,,,,
0.3795,249,0,377.2,339.9,0.3835,-0.0696,-0.1126,1,1,1,9e-05,1.3403,0.6107,-0.285618,0.083683,0.080512,0.610728,-0.023146,0.274109,-0.007999
0.6076,250,0,225.0,133.1,0.6115,0.159,0.0971,0,1,0,,,,,,,,,,
0.1436,251,0,333.4,142.0,0.1476,-0.0029,0.185,1,1,1,6e-05,0.4274,0.7833,0.783331,-0.266436,0.44939,-0.619767,0.082355,-0.693203,0.583242
0.3212,252,0,97.1,149.8,0.3252,0.1751,0.1394,1,1,1,6e-05,1.1929,0.5889,-0.302172,0.307749,0.588861,0.145704,-0.115998,0.112432,0.150174
0.3225,253,0,514.7,43.8,0.3264,-0.1383,0.2162,1,1,1,4e-05,0.6724,0.3748,0.106352,0.004762,0.051145,-0.374777,-0.007947,-0.316135,0.030688
0.3459,254,0,85.1,91.4,0.3498,0.1913,0.182,1,1,1,9e-05,1.2171,0.5399,-0.536088,0.371124,0.539911,0.23406,-0.153834,0.191777,0.066824
0.1545,255,0,561.2,47.6,0.1585,-0.0548,0.2044,1,1,1,5e-05,0.3891,0.8913,0.891318,-0.221359,0.318613,-0.65807,0.04236,-0.829868,0.418324
0.1026,256,0,452.0,189.8,0.1066,-0.0117,0.1898,1,1,1,9e-05,0.3795,0.9473,0.947251,-0.408827,0.391321,-0.667689,0.127432,-0.862359,0.672583
0.493,257,0,435.8,345.0,0.4969,-0.1951,-0.2404,0,1,0,,,,,,,,,,
0.2474,258,0,637.7,267.4,0.2513,-0.1993,0.082,1,1,1,4e-05,0.6135,0.6794,0.679448,0.035324,0.044144,-0.433679,-0.049684,-0.339825,-0.053934
0.1048,259,0,512.2,204.4,0.1088,-0.0188,0.1874,1,1,1,0.0001,0.3787,0.9956,0.995577,-0.404504,0.371042,-0.668516,0.127801,-0.87679,0.651269
0.443,260,0,232.0,340.7,0.4469,0.1298,-0.1793,0,1,0,,,,,,,,,,
0.4599,261,0,236.7,255.1,0.4639,0.1153,-0.0445,1,1,0,0.04149,0.674,1.4204,-1.025062,0.327044,0.028822,1.420416,-0.115337,0.066883,-0.00697
0.5335,262,0,101.3,165.9,0.5375,0.3262,0.0622,0,0,0,,,,,,,,,,
0.1213,263,0,74.5,197.1,0.1253,0.0375,0.1814,1,1,1,4e-05,0.4605,0.6989,0.654445,-0.29106,0.56528,-0.586666,0.092493,-0.616246,0.698898
0.2646,264,0,175.9,275.9,0.2686,0.1005,0.0631,1,1,1,8e-05,0.9736,0.5614,0.216508,0.117918,0.561413,-0.073571,0.00914,-0.058913,0.345993
0.4314,265,0,526.3,261.4,0.4354,-0.2665,-0.0358,1,1,1,9e-05,1.3161,0.6148,-0.440636,-0.210056,-0.237413,0.614782,0.030658,0.298343,-0.024539
0.577,266,0,96.2,162.8,0.5809,0.3642,0.0544,0,0,0,,,,,,,,,,
0.3513,267,0,404.9,24.7,0.3552,-0.0661,0.2318,1,1,1,9e-05,0.7726,0.2746,-0.101229,0.043282,0.159608,-0.27465,-0.007341,-0.204649,0.091822
0.2987,268,0,298.8,175.4,0.3027,0.0155,0.1256,1,1,1,6e-05,0.8066,0.3915,0.221725,0.057331,0.391527,-0.240585,0.0149,-0.201195,0.281211
0.565,269,0,520.8,191.6,0.5689,-0.3292,0.0087,0,1,0,,,,,,,,,,
0.5119,270,0,610.2,322.3,0.5158,-0.496,-0.2102,0,1,0,,,,,,,,,,
0.1529,271,0,13.7,0.6,0.1569,0.0652,0.2135,1,1,1,4e-05,0.5337,0.63,0.344714,-0.146003,0.629966,-0.513531,0.02457,-0.515428,0.593686
0.1293,272,0,331.0,107.8,0.1333,-0.0018,0.1939,1,1,1,9e-05,0.4072,0.7928,0.792815,-0.307862,0.445958,-0.64003,0.088903,-0.749742,0.614414
0.1693,273,0,593.2,154.7,0.1732,-0.082,0.1754,1,1,1,9e-05,0.3993,0.9984,0.998393,-0.159121,0.28222,-0.647909,0.023152,-0.760839,0.328227
0.4838,274,0,327.4,353.4,0.4877,-0.0123,-0.2487,0,1,0,,,,,,,,,,
0.4946,275,0,591.8,41.8,0.4986,-0.3272,0.2298,1,1,1,7e-05,1.2522,0.8891,-0.8891,-0.377955,-0.447091,0.505702,0.113365,0.362259,-0.058601
0.3241,276,0,216.0,129.7,0.328,0.0809,0.1547,1,1,1,4e-05,0.9483,0.463,-0.072656,0.145693,0.462991,-0.098903,-0.033003,-0.072462,0.23201
0.2275,277,0,296.2,284.7,0.2314,0.0135,0.0842,1,1,1,9e-05,0.6956,0.5855,0.585526,-0.02776,0.453735,-0.351564,0.072457,-0.27619,0.426239
0.4235,278,0,295.3,155.9,0.4275,0.0276,0.107,1,1,1,9e-05,1.2461,0.3825,-0.382521,0.161177,0.233426,0.198881,-0.04632,0.149233,0.041374
0.5624,279,0,357.5,17.1,0.5663,-0.0513,0.2657,1,1,0,0.00215,0.7668,1.5177,-1.517696,-0.095259,-0.1409,1.327578,-0.006851,0.145606,-0.006537
0.3475,280,0,411.2,54.8,0.3514,-0.0721,0.2099,1,1,1,3e-05,0.7691,0.2781,-0.025769,0.03894,0.161795,-0.278073,-0.0055,-0.217621,0.098972
0.2922,281,0,576.2,317.8,0.2962,-0.2159,0.0013,1,1,1,5e-05,0.8831,0.4065,0.406515,0.001808,-0.041495,-0.164145,-0.021902,-0.09661,-0.062311
0.4911,282,0,152.5,342.7,0.4951,0.28,-0.2334,0,0,0,,,,,,,,,,
0.5691,283,0,424.5,147.2,0.5731,-0.1647,0.0822,1,1,0,0.02916,0.688,1.4064,-1.189969,-0.188242,-0.36687,1.406364,-0.009924,0.069321,-0.004589
0.5302,284,0,123.5,298.1,0.5341,0.3393,-0.1749,0,0,0,,,,,,,,,,
0.4617,285,0,334.2,131.0,0.4657,-0.0173,0.1279,1,1,1,0.0001,1.3195,0.5381,-0.538134,0.102244,0.118231,0.272309,-0.036637,0.206539,-0.006481
0.2118,286,0,248.5,148.9,0.2157,0.0311,0.1668,1,1,1,3e-05,0.6036,0.5069,0.452226,-0.077269,0.506918,-0.443642,0.042433,-0.418511,0.473971
0.3471,287,0,501.3,55.4,0.351,-0.1432,0.2094,1,1,1,3e-05,0.7419,0.3053,0.00968,0.001046,0.020187,-0.30534,-0.003143,-0.239494,0.011704
0.1162,288,0,282.9,355.0,0.1201,0.0061,0.1555,1,1,1,8e-05,0.4247,0.932,0.932021,-0.34633,0.465256,-0.622487,0.135079,-0.660182,0.690209
0.6203,289,0,361.9,79.8,0.6242,-0.0681,0.1819,0,1,0,,,,,,,,,,
0.4374,290,0,80.5,329.9,0.4413,0.3428,-0.1537,0,0,0,,,,,,,,,,
0.2154,291,0,122.1,149.2,0.2194,0.0884,0.1658,1,1,1,7e-05,0.7183,0.6171,0.25291,-0.009056,0.617106,-0.328868,0.015329,-0.2941,0.479719
0.3385,292,0,305.6,296.9,0.3425,0.0144,-0.0153,1,1,1,9e-05,1.1781,0.301,0.068245,0.152004,0.301039,0.130856,-0.003974,0.078065,0.131884
0.1798,293,0,630.5,328.2,0.1837,-0.1272,0.0994,1,1,1,4e-05,0.4353,1.1233,1.12332,-0.045523,0.247011,-0.611859,-0.007031,-0.54156,0.178538
0.2659,294,0,84.9,246.2,0.2699,0.1594,0.086,1,1,1,8e-05,1.0831,0.6604,0.018005,0.207953,0.66039,0.035874,-0.056154,0.016611,0.294115
0.397,295,0,169.9,333.2,0.401,0.1917,-0.1196,0,1,0,,,,,,,,,,
0.3802,296,0,171.9,202.8,0.3842,0.153,0.0686,1,1,1,8e-05,1.239,0.4955,-0.49552,0.349207,0.428587,0.447048,-0.121134,0.262412,0.02638
0.3525,297,0,511.5,148.4,0.3565,-0.1695,0.1328,1,1,1,0.0001,0.8227,0.2245,0.112253,-0.005638,-0.011587,-0.224464,-0.006192,-0.173329,-0.012709
0.6015,298,0,97.4,305.5,0.6055,0.4489,-0.2522,0,0,0,,,,,,,,,,
0.6339,299,0,1.4,272.0,0.6379,0.6543,-0.1953,0,0,0,,,,,,,,,,
0.1792,300,0,549.8,287.8,0.1832,-0.089,0.1197,1,1,1,4e-05,0.4359,1.0622,1.062246,-0.106775,0.299144,-0.611345,0.033251,-0.58269,0.306798
0.5647,301,0,634.1,134.4,0.5686,-0.484,0.1035,0,1,0,,,,,,,,,,
0.629,302,0,498.1,218.4,0.633,-0.3404,-0.0713,0,1,0,,,,,,,,,,
0.3335,303,0,612.7,159.7,0.3374,-0.2441,0.1278,1,1,1,3e-05,0.8112,0.236,0.160482,-0.050101,-0.153182,-0.235974,-0.016407,-0.179446,-0.106867
0.5714,304,0,578.0,162.5,0.5753,-0.4151,0.0565,0,1,0,,,,,,,,,,
0.2825,305,0,145.2,90.9,0.2865,0.1089,0.1865,1,1,1,4e-05,0.8753,0.5644,-0.057309,0.1296,0.564377,-0.171937,-0.043065,-0.134313,0.302991
0.1829,306,0,197.7,163.1,0.1869,0.0425,0.1688,1,1,1,4e-05,0.5706,0.5522,0.504716,-0.128913,0.552241,-0.476606,0.056402,-0.457758,0.550134
0.1566,307,0,104.9,137.0,0.1606,0.0548,0.1834,1,1,1,5e-05,0.54,0.6125,0.484932,-0.172078,0.599441,-0.507178,0.056419,-0.501329,0.612474
0.6152,308,0,219.7,142.8,0.6192,0.1721,0.0788,0,1,0,,,,,,,,,,
0.6044,309,0,266.9,212.7,0.6084,0.0964,-0.0478,0,1,0,,,,,,,,,,
0.3903,310,0,284.3,99.2,0.3943,0.0341,0.1719,1,1,1,6e-05,1.0435,0.2907,-0.28966,0.14789,0.29066,-0.003715,-0.038994,0.022513,0.099286
0.4924,311,0,527.8,102.2,0.4964,-0.264,0.1589,1,1,1,6e-05,1.3197,0.6902,-0.690224,-0.238484,-0.30445,0.405078,0.06085,0.294737,-0.057149
0.4366,312,0,308.0,190.1,0.4405,0.0145,0.0608,1,1,1,7e-05,1.3853,0.4352,-0.435214,0.154002,0.191322,0.338106,-0.047359,0.216186,0.012741
0.1888,313,0,299.4,67.0,0.1928,0.0068,0.2003,1,1,1,6e-05,0.5008,0.5658,0.521518,-0.137187,0.466372,-0.546392,0.036592,-0.565849,0.479452
0.4411,314,0,31.0,317.4,0.445,0.4111,-0.1348,0,0,0,,,,,,,,,,
0.3854,315,0,600.9,114.3,0.3893,-0.2684,0.1582,1,1,1,5e-05,0.9596,0.2495,-0.136091,-0.127118,-0.249498,-0.087643,0.01806,-0.040377,-0.102733
0.3834,316,0,365.1,50.2,0.3874,-0.0402,0.2149,1,1,1,6e-05,0.8955,0.2287,-0.228744,0.07211,0.172854,-0.151656,-0.013894,-0.087425,0.076871
0.2595,317,0,387.5,155.4,0.2635,-0.04,0.1512,1,1,1,9e-05,0.6189,0.4677,0.4677,-0.017844,0.332634,-0.428332,0.021933,-0.392121,0.290665
0.4092,318,0,151.2,27.7,0.4132,0.1596,0.236,1,1,1,7e-05,1.2551,0.86,-0.859952,0.333133,0.354701,0.35335,-0.146285,0.289921,-0.019751
0.6401,319,0,125.7,29.0,0.644,0.3114,0.259,0,0,0,,,,,,,,,,
0.3326,320,0,569.8,130.0,0.3366,-0.2012,0.1529,1,1,1,4e-05,0.7546,0.2926,0.168351,-0.018699,-0.067004,-0.292644,-0.013912,-0.233805,-0.056361
0.2305,321,0,131.0,355.1,0.2344,0.1195,0.0286,1,1,1,3e-05,1.0121,0.6207,0.30421,0.116533,0.620681,-0.035069,0.019253,-0.022625,0.384801
0.4176,322,0,587.7,349.3,0.4216,-0.3716,-0.1686,0,1,0,,,,,,,,,,
0.1315,323,0,195.8,76.7,0.1355,0.0205,0.1987,1,1,1,5e-05,0.4349,0.6793,0.651681,-0.276906,0.514062,-0.612261,0.075598,-0.679254,0.637695
0.1818,324,0,362.8,56.6,0.1857,-0.0132,0.2033,1,1,1,9e-05,0.461,0.6341,0.611499,-0.160557,0.421713,-0.586192,0.037643,-0.634139,0.461378
0.43,325,0,460.5,312.9,0.4339,-0.1926,-0.1169,1,1,0,0.00627,0.6944,1.4,-0.767333,-0.150821,-0.191317,1.39995,-0.008527,0.08155,-0.005162
0.3096,326,0,611.9,294.2,0.3136,-0.258,0.0113,1,1,1,4e-05,0.9504,0.285,0.285,-0.05049,-0.141717,-0.096843,-0.023021,-0.060773,-0.103395
0.5312,327,0,229.0,71.2,0.5352,0.1226,0.196,1,1,0,0.02904,0.6755,1.5038,-1.503828,0.223327,-0.007017,1.418905,-0.106431,0.073597,-0.005067
0.3461,328,0,323.5,315.4,0.35,-0.0037,-0.0451,1,1,1,6e-05,1.2665,0.2495,0.018812,0.150201,0.249498,0.219333,-0.009717,0.124719,0.088284
0.3918,329,0,560.0,260.1,0.3958,-0.275,-0.0078,1,1,1,9e-05,1.3178,0.2706,-0.149836,-0.161037,-0.225146,0.270557,0.019739,0.156567,-0.050682
0.078,330,0,472.3,264.6,0.082,-0.0011,0.1987,1,1,1,5e-05,0.3663,0.9183,0.877675,-0.482085,0.400274,-0.680948,0.145048,-0.91832,0.76416
0.3743,331,0,517.8,39.1,0.3783,-0.1693,0.2234,1,1,1,4e-05,0.8144,0.2328,-0.146427,-0.027667,-0.066409,-0.232827,0.007009,-0.153895,-0.032849
0.1811,332,0,311.2,274.2,0.1851,0.0034,0.1245,1,1,1,5e-05,0.5414,0.7652,0.765164,-0.146428,0.467001,-0.505778,0.090569,-0.455912,0.52491
0.2566,333,0,446.7,284.1,0.2606,-0.0855,0.0624,1,1,1,9e-05,0.6742,0.6393,0.639264,0.018551,0.255196,-0.373031,0.030331,-0.277111,0.206058
0.5033,334,0,371.1,148.9,0.5072,-0.0699,0.0956,1,1,1,8e-05,1.2854,0.754,-0.753961,0.014777,-0.005424,0.560562,-0.020369,0.32906,-0.035576
0.1582,335,0,589.1,211.2,0.1622,-0.0758,0.1619,1,1,1,4e-05,0.3932,1.0874,1.087405,-0.189458,0.298385,-0.65402,0.042965,-0.758301,0.371728
0.1548,336,0,468.9,163.0,0.1587,-0.0381,0.177,1,1,1,8e-05,0.4093,0.9232,0.92319,-0.234437,0.367479,-0.637937,0.068449,-0.733871,0.483786
0.2506,337,0,218.5,219.3,0.2545,0.0613,0.1138,1,1,1,7e-05,0.7887,0.5233,0.322447,0.02781,0.523342,-0.258548,0.033313,-0.216008,0.406783
0.2812,338,0,89.9,20.1,0.2851,0.133,0.2261,1,1,1,3e-05,0.8976,0.5935,-0.215818,0.177706,0.593533,-0.149562,-0.079765,-0.096458,0.260567
0.2965,339,0,466.9,124.2,0.3005,-0.1011,0.1635,1,1,1,7e-05,0.6512,0.396,0.336682,0.012436,0.176766,-0.39595,-0.003454,-0.352521,0.128534
0.64,340,0,514.0,230.1,0.644,-0.3832,-0.1023,0,1,0,,,,,,,,,,
0.3555,341,0,533.6,338.2,0.3594,-0.239,-0.0853,1,1,1,6e-05,1.3999,0.3527,-0.05462,-0.10666,-0.148126,0.352659,0.01236,0.177958,-0.028511
0.1887,342,0,300.4,267.8,0.1926,0.0081,0.1222,1,1,1,5e-05,0.5649,0.7198,0.719754,-0.126695,0.473354,-0.48227,0.086036,-0.428561,0.513988
0.0891,343,0,45.2,181.4,0.0931,0.0119,0.1954,1,1,1,7e-05,0.3817,0.8161,0.798339,-0.425973,0.466081,-0.665523,0.124689,-0.816109,0.753177
0.4886,344,0,101.0,18.1,0.4925,0.2541,0.2546,0,0,0,,,,,,,,,,
0.3849,345,0,31.5,331.1,0.3889,0.3535,-0.1043,0,0,0,,,,,,,,,,
0.2856,346,0,257.1,53.0,0.2895,0.0383,0.2086,1,1,1,5e-05,0.7378,0.4386,0.05766,0.054302,0.438604,-0.309361,-0.012558,-0.264969,0.293403
0.3558,347,0,163.0,311.3,0.3597,0.1698,-0.0483,1,1,0,0.00019,0.9139,1.1805,-0.81345,0.457872,0.384635,1.180453,-0.136287,0.238881,0.007419
0.6423,348,0,12.3,337.2,0.6462,0.6967,-0.3752,0,0,0,,,,,,,,,,
0.3502,349,0,635.2,98.0,0.3541,-0.2625,0.1764,1,1,1,6e-05,0.8272,0.2278,-0.001872,-0.090188,-0.227787,-0.21999,0.002504,-0.153805,-0.12218
0.3071,350,0,458.0,39.6,0.3111,-0.0915,0.2177,1,1,1,6e-05,0.6479,0.3993,0.153244,0.014124,0.164576,-0.399333,-0.007178,-0.351926,0.116622
0.6047,351,0,592.1,7.0,0.6086,-0.4004,0.2848,0,1,0,,,,,,,,,,
0.2379,352,0,291.2,66.7,0.2419,0.0138,0.2006,1,1,1,9e-05,0.6038,0.4463,0.315471,-0.036359,0.446278,-0.443443,0.01329,-0.423221,0.381509
0.5384,353,0,600.7,68.3,0.5424,-0.3829,0.1996,1,1,0,0.02861,0.6984,1.396,-1.271181,-0.588917,-0.702211,1.396008,0.080387,0.068767,-0.003024
0.4001,354,0,569.1,107.2,0.404,-0.2475,0.1633,1,1,1,5e-05,0.9834,0.2174,-0.191748,-0.114773,-0.21738,-0.063777,0.019841,-0.018575,-0.085688
0.1616,355,0,333.0,336.3,0.1656,-0.0045,0.1135,1,1,1,8e-05,0.5066,0.901,0.900962,-0.186596,0.45495,-0.540558,0.112832,-0.47622,0.556903
0.1355,356,0,240.1,239.5,0.1395,0.0168,0.1659,1,1,1,5e-05,0.4566,0.7781,0.778122,-0.277754,0.50301,-0.590588,0.103366,-0.614813,0.648263
0.4372,357,0,166.7,276.8,0.4411,0.205,-0.0635,0,0,0,,,,,,,,,,
0.1957,358,0,361.3,312.6,0.1996,-0.0191,0.093,1,1,1,4e-05,0.5686,0.8166,0.816641,-0.094854,0.417063,-0.478553,0.088063,-0.390364,0.450784
0.6003,359,0,586.5,117.0,0.6042,-0.4328,0.1249,0,1,0,,,,,,,,,,
0.4156,360,0,465.5,260.2,0.4196,-0.1793,-0.0235,1,1,1,9e-05,1.3881,0.3409,-0.233157,-0.056884,-0.081797,0.34092,0.004681,0.192178,-0.022931
0.4905,361,0,497.1,112.4,0.4945,-0.2262,0.1465,1,1,1,6e-05,1.3491,0.6346,-0.634583,-0.174642,-0.235,0.355541,0.041453,0.265359,-0.05562
0.6338,362,0,75.0,235.4,0.6377,0.4815,-0.1105,0,0,0,,,,,,,,,,
0.5903,363,0,616.7,88.1,0.5943,-0.4591,0.1707,0,1,0,,,,,,,,,,
0.2795,364,0,381.7,157.6,0.2835,-0.0406,0.1444,1,1,1,7e-05,0.6709,0.3849,0.38488,0.007615,0.313159,-0.37629,0.017689,-0.333543,0.25671
0.6207,365,0,288.7,163.0,0.6247,0.0555,0.0413,0,1,0,,,,,,,,,,
0.5186,366,0,486.7,57.9,0.5225,-0.2155,0.2123,1,1,1,0.0001,1.2696,0.881,-0.881028,-0.205744,-0.265963,0.466974,0.057266,0.344856,-0.061041
0.2219,367,0,383.4,357.0,0.2258,-0.038,0.0366,1,1,1,3e-05,0.6802,0.7511,0.751129,-0.005421,0.358116,-0.367033,0.078555,-0.237658,0.340692
0.1847,368,0,474.5,186.5,0.1886,-0.056,0.1595,1,1,1,4e-05,0.4456,0.8758,0.875765,-0.145109,0.341428,-0.60164,0.043353,-0.631671,0.386526
0.2244,369,0,161.9,170.3,0.2284,0.0769,0.153,1,1,1,7e-05,0.7237,0.5845,0.293022,-0.008207,0.584504,-0.323514,0.024664,-0.286591,0.465315
0.5169,370,0,354.2,64.0,0.5209,-0.0442,0.2048,1,1,1,8e-05,1.2658,0.9368,-0.936818,0.021802,-0.010192,0.495217,-0.021826,0.348657,-0.050443
0.6351,371,0,373.4,232.4,0.6391,-0.1048,-0.1047,0,1,0,,,,,,,,,,
0.1442,372,0,108.1,168.1,0.1482,0.0472,0.179,1,1,1,7e-05,0.5109,0.6448,0.563516,-0.215058,0.586237,-0.536315,0.072513,-0.538513,0.644813
0.5055,373,0,191.6,180.9,0.5095,0.1828,0.0483,0,1,0,,,,,,,,,,
0.4868,374,0,117.3,292.2,0.4908,0.3143,-0.128,0,0,0,,,,,,,,,,
0.3051,375,0,304.3,314.5,0.3091,0.014,-0.0069,1,1,1,8e-05,1.0521,0.345,0.24243,0.124102,0.345025,0.004867,0.02164,0.005312,0.204315
0.3007,376,0,628.7,347.4,0.3047,-0.2811,-0.0401,1,1,1,4e-05,1.0881,0.2468,0.246839,-0.089207,-0.184964,0.040887,-0.01358,0.026734,-0.096627
0.3674,377,0,611.9,277.5,0.3714,-0.3152,-0.0135,1,1,1,6e-05,1.3024,0.2846,-0.084753,-0.201398,-0.284627,0.255228,0.023827,0.14441,-0.062102
0.6258,378,0,393.0,288.4,0.6298,-0.1508,-0.2295,0,1,0,,,,,,,,,,
0.2915,379,0,579.5,344.4,0.2954,-0.2257,-0.0268,1,1,1,5e-05,0.9583,0.3715,0.371492,-0.012023,-0.066314,-0.088935,-0.018572,-0.042077,-0.067276
0.2787,380,0,5.1,49.4,0.2826,0.1849,0.2103,1,1,1,7e-05,1.0359,0.6707,-0.320402,0.27576,0.670682,-0.011348,-0.130063,0.018514,0.210485
0.1216,381,0,61.8,195.9,0.1256,0.0397,0.1814,1,1,1,4e-05,0.4647,0.6995,0.642343,-0.286595,0.571974,-0.582546,0.090833,-0.608946,0.699514
0.5964,382,0,194.8,109.8,0.6003,0.2003,0.1369,0,0,0,,,,,,,,,,
0.5037,383,0,299.2,41.0,0.5076,0.0255,0.2314,1,1,1,8e-05,1.2501,1.0263,-1.02628,0.108285,0.079271,0.521555,-0.055945,0.364338,-0.048712
0.5422,384,0,540.6,76.8,0.5462,-0.3059,0.1885,1,1,0,0.00534,0.713,1.3814,-1.279672,-0.474157,-0.477303,1.381438,0.071589,0.088194,-0.010284
0.0961,385,0,526.3,246.2,0.1001,-0.0148,0.1879,1,1,1,5e-05,0.3762,0.9924,0.992367,-0.435727,0.372115,-0.670982,0.13941,-0.89225,0.686879
0.5179,386,0,236.1,45.6,0.5218,0.107,0.227,1,1,0,0.00752,0.6811,1.553,-1.552965,0.187402,0.076897,1.41326,-0.092965,0.08125,-0.000437
0.4966,387,0,43.7,159.7,0.5006,0.3764,0.082,0,0,0,,,,,,,,,,
0.1003,388,0,528.2,153.3,0.1043,-0.0163,0.1937,1,1,1,5e-05,0.3759,0.9634,0.963408,-0.418025,0.372398,-0.671297,0.128127,-0.900427,0.664882
0.3455,389,0,562.4,106.9,0.3494,-0.2002,0.1697,1,1,1,0.0001,0.7755,0.2717,0.080896,-0.028201,-0.082966,-0.271705,-0.007349,-0.210619,-0.056653
0.6147,390,0,1.5,108.7,0.6187,0.527,0.1365,0,0,0,,,,,,,,,,
0.3899,391,0,467.0,258.0,0.3938,-0.167,-0.0037,1,1,1,6e-05,1.2013,0.1541,-0.05999,-0.0205,-0.036611,0.154086,0.0016,0.093451,-0.013423
0.6215,392,0,88.1,80.5,0.6255,0.3776,0.1808,0,0,0,,,,,,,,,,
0.274,393,0,71.0,239.4,0.278,0.1745,0.0866,1,1,1,7e-05,1.1452,0.6691,-0.057816,0.253958,0.669062,0.09796,-0.081065,0.059726,0.2507
0.1133,394,0,468.1,52.3,0.1173,-0.016,0.2016,1,1,1,8e-05,0.3795,0.8879,0.88789,-0.365761,0.388445,-0.667698,0.102551,-0.870918,0.619689
0.5227,395,0,348.8,92.7,0.5266,-0.0389,0.1685,1,1,1,8e-05,1.2446,0.9669,-0.966866,0.025477,-0.002533,0.622968,-0.026054,0.36979,-0.04283
0.1998,396,0,639.2,49.6,0.2038,-0.1145,0.2062,1,1,1,6e-05,0.419,0.7706,0.770596,-0.06671,0.199052,-0.628168,-0.024236,-0.721759,0.175753
0.1905,397,0,111.6,140.5,0.1945,0.0757,0.1751,1,1,1,9e-05,0.6417,0.6187,0.340548,-0.071786,0.618654,-0.405452,0.031278,-0.376866,0.536967
0.3626,398,0,390.3,135.6,0.3666,-0.0636,0.1423,1,1,1,9e-05,0.8737,0.1764,0.01802,0.055364,0.176363,-0.17348,-0.001998,-0.132493,0.103979
0.1564,399,0,551.0,310.2,0.1603,-0.0716,0.1291,1,1,1,8e-05,0.4047,1.1527,1.152706,-0.179708,0.323797,-0.642521,0.063321,-0.653017,0.396758
0.3339,400,0,167.7,205.2,0.3378,0.1337,0.0864,1,1,1,7e-05,1.1938,0.5123,-0.173128,0.25629,0.512293,0.146642,-0.072602,0.098699,0.160836
0.5247,401,0,21.3,265.3,0.5287,0.4893,-0.1052,0,0,0,,,,,,,,,,
0.4693,402,0,277.0,44.4,0.4733,0.0487,0.2253,1,1,1,7e-05,1.3317,0.8339,-0.833947,0.163646,0.161892,0.33125,-0.070963,0.282738,-0.033627
0.3944,403,0,41.6,22.9,0.3984,0.2504,0.2383,0,0,0,,,,,,,,,,
0.2009,404,0,279.5,355.0,0.2049,0.0207,0.0615,1,1,1,3e-05,0.6886,0.6963,0.696332,-0.053613,0.479372,-0.358552,0.101281,-0.253842,0.482206
0.5741,405,0,116.2,116.2,0.578,0.3142,0.1299,0,0,0,,,,,,,,,,
0.1274,406,0,445.7,1.4,0.1313,-0.0179,0.2089,1,1,1,6e-05,0.3853,0.8394,0.819121,-0.313465,0.394996,-0.661872,0.078843,-0.839379,0.57059
0.2999,407,0,608.3,204.7,0.3039,-0.2197,0.1017,1,1,1,5e-05,0.7325,0.3708,0.370778,-0.002798,-0.061639,-0.31468,-0.032292,-0.247622,-0.083738
0.3712,408,0,543.3,335.5,0.3752,-0.2629,-0.0974,1,1,1,9e-05,1.3646,0.5398,-0.211182,-0.16811,-0.20066,0.539757,0.023719,0.249854,-0.018697
0.217,409,0,507.2,49.5,0.221,-0.0765,0.2071,1,1,1,8e-05,0.4635,0.6255,0.60911,-0.074798,0.271832,-0.583718,-0.00162,-0.625479,0.260205
0.4122,410,0,394.9,245.5,0.4162,-0.0897,-0.0008,1,1,1,9e-05,1.3038,0.2566,-0.198338,0.049583,0.064984,0.25664,-0.009972,0.153818,0.010773
0.2001,411,0,58.6,335.8,0.2041,0.1295,0.0748,1,1,1,9e-05,0.8982,0.6929,0.326015,0.046655,0.692919,-0.148972,0.027866,-0.111504,0.487208
0.1296,412,0,438.2,310.4,0.1336,-0.0245,0.1526,1,1,1,4e-05,0.404,1.0564,1.056396,-0.308723,0.392326,-0.643158,0.118363,-0.708223,0.588856
0.644,413,0,293.5,222.4,0.6479,0.0522,-0.0873,0,1,0,,,,,,,,,,
0.4677,414,0,452.7,155.0,0.4716,-0.1675,0.0964,1,1,1,8e-05,1.3194,0.4544,-0.454404,-0.070704,-0.107597,0.27218,0.010414,0.196458,-0.038786
0.1812,415,0,329.6,39.7,0.1852,-0.0029,0.2081,1,1,1,8e-05,0.4705,0.6178,0.558383,-0.156766,0.445296,-0.576746,0.035543,-0.617783,0.475674
0.3131,416,0,400.0,243.1,0.3171,-0.0675,0.0606,1,1,1,6e-05,0.839,0.3304,0.330394,0.053252,0.226124,-0.208222,0.019211,-0.15534,0.160728
0.4991,417,0,166.8,20.4,0.503,0.1827,0.2536,0,1,0,,,,,,,,,,
0.6149,418,0,128.0,257.4,0.6189,0.3744,-0.1485,0,0,0,,,,,,,,,,
0.0824,419,0,526.6,213.2,0.0864,-0.0045,0.197,1,1,1,5e-05,0.369,0.9169,0.905188,-0.472461,0.39143,-0.678215,0.144069,-0.916881,0.744424
0.2331,420,0,451.3,353.3,0.237,-0.0842,0.0272,1,1,1,3e-05,0.6742,0.7569,0.756872,0.021667,0.271409,-0.372979,0.047855,-0.234101,0.225932
0.5193,421,0,536.6,194.0,0.5233,-0.3229,0.0228,1,1,0,0.03298,0.6947,1.3997,-1.003857,-0.405623,-0.567855,1.399721,0.020532,0.066777,-0.001208
0.3389,422,0,466.2,108.7,0.3429,-0.118,0.169,1,1,1,4e-05,0.7521,0.2951,0.125141,0.018982,0.095897,-0.295121,-0.004143,-0.24209,0.060599
0.2219,423,0,61.2,43.0,0.2259,0.1087,0.2099,1,1,1,5e-05,0.7374,0.6451,0.053474,0.045827,0.645088,-0.309791,-0.030014,-0.270705,0.424552
0.5684,424,0,457.5,141.7,0.5723,-0.2151,0.0912,1,1,0,0.03029,0.6907,1.4037,-1.182946,-0.269422,-0.445265,1.403748,0.005614,0.06893,-0.004032
0.5243,425,0,423.5,330.4,0.5282,-0.1838,-0.2398,0,1,0,,,,,,,,,,
0.3438,426,0,281.2,38.0,0.3478,0.0298,0.2217,1,1,1,8e-05,0.8609,0.3416,-0.178957,0.111505,0.341584,-0.18633,-0.029885,-0.125498,0.168249
0.1398,427,0,329.4,40.0,0.1438,-0.0017,0.2048,1,1,1,7e-05,0.4137,0.7366,0.713638,-0.269416,0.449539,-0.633509,0.068646,-0.736573,0.576777
0.266,428,0,628.6,298.0,0.2699,-0.2228,0.0433,1,1,1,7e-05,0.7334,0.5517,0.551674,0.021502,-0.027019,-0.313787,-0.044024,-0.215031,-0.091726
0.3806,429,0,18.1,96.2,0.3845,0.2789,0.1754,0,0,0,,,,,,,,,,
0.4811,430,0,619.2,8.5,0.485,-0.3378,0.2634,1,1,1,7e-05,1.2685,0.8807,-0.880674,-0.3866,-0.476809,0.413578,0.12897,0.345958,-0.065518
0.4073,431,0,613.5,347.2,0.4112,-0.3939,-0.1537,0,1,0,,,,,,,,,,
0.1101,432,0,175.6,338.8,0.1141,0.0197,0.1651,1,1,1,7e-05,0.4308,0.8372,0.83725,-0.354492,0.504841,-0.616359,0.128575,-0.657149,0.724422
0.587,433,0,102.6,222.6,0.591,0.3857,-0.0589,0,0,0,,,,,,,,,,
0.6373,434,0,235.8,216.4,0.6412,0.163,-0.0711,0,1,0,,,,,,,,,,
0.4559,435,0,535.9,4.8,0.4599,-0.2279,0.2629,1,1,1,6e-05,1.1185,0.6186,-0.618594,-0.157816,-0.262431,0.071251,0.05881,0.148597,-0.078674
0.4817,436,0,69.4,343.9,0.4857,0.41,-0.2262,0,0,0,,,,,,,,,,
0.0857,437,0,579.3,177.0,0.0897,-0.0083,0.1967,1,1,1,5e-05,0.3704,0.9272,0.927155,-0.464786,0.380913,-0.67683,0.142409,-0.923551,0.725884
0.503,438,0,133.2,30.1,0.5069,0.2269,0.2434,0,0,0,,,,,,,,,,
0.5523,439,0,561.6,163.2,0.5563,-0.3741,0.0609,0,1,0,,,,,,,,,,
0.3025,440,0,138.4,157.7,0.3064,0.1329,0.1381,1,1,1,5e-05,1.0254,0.572,-0.10013,0.196784,0.571965,-0.021763,-0.059182,-0.014989,0.24921
0.1521,441,0,313.8,10.7,0.1561,0.0013,0.2115,1,1,1,5e-05,0.4299,0.6983,0.631474,-0.227647,0.459474,-0.617328,0.052141,-0.698283,0.544972
0.3369,442,0,68.0,233.3,0.3408,0.2311,0.0569,0,0,0,,,,,,,,,,
0.1725,443,0,636.6,228.9,0.1765,-0.1068,0.1487,1,1,1,8e-05,0.4022,1.096,1.096018,-0.111575,0.255049,-0.644994,0.003075,-0.705573,0.250142
0.5434,444,0,67.6,246.1,0.5474,0.421,-0.0804,0,0,0,,,,,,,,,,
0.6246,445,0,85.4,186.2,0.6286,0.429,-0.0039,0,0,0,,,,,,,,,,
0.3462,446,0,578.4,41.0,0.3501,-0.2006,0.2198,1,1,1,8e-05,0.7434,0.3038,-0.024331,-0.038077,-0.109795,-0.303755,0.001477,-0.227151,-0.064065
0.2531,447,0,224.0,101.3,0.257,0.0518,0.1831,1,1,1,6e-05,0.7072,0.5059,0.203252,0.015296,0.505902,-0.339984,0.006076,-0.305108,0.382675
0.6483,448,0,625.5,294.3,0.6522,-0.6614,-0.2624,0,0,0,,,,,,,,,,
0.2999,449,0,508.4,348.7,0.3039,-0.1713,-0.0408,1,1,1,5e-05,0.9913,0.3521,0.35207,0.023228,0.025404,-0.055907,0.000223,-0.018592,0.00113
0.5371,450,0,599.5,196.5,0.5411,-0.4345,0.0114,0,1,0,,,,,,,,,,
0.2881,451,0,128.9,315.7,0.2921,0.1576,0.0072,1,1,1,9e-05,1.2883,0.5857,-0.032431,0.299886,0.585689,0.263537,-0.076123,0.149503,0.168566
0.2872,452,0,602.6,110.4,0.2912,-0.1836,0.174,1,1,1,8e-05,0.6124,0.4348,0.367064,0.006111,0.004348,-0.434788,-0.028924,-0.387457,-0.029777
0.4893,453,0,326.6,318.2,0.4933,-0.0106,-0.1806,0,1,0,,,,,,,,,,
0.5601,454,0,167.1,179.6,0.5641,0.245,0.0313,0,0,0,,,,,,,,,,
0.2471,455,0,568.0,267.8,0.251,-0.1554,0.0819,1,1,1,4e-05,0.6003,0.7131,0.713128,0.025672,0.137584,-0.446925,-0.021012,-0.353928,0.05403
0.4878,456,0,590.0,138.7,0.4918,-0.3522,0.1129,1,1,1,9e-05,1.2491,0.8546,-0.854583,-0.432697,-0.442686,0.81653,0.088348,0.365313,-0.033529
0.0819,457,0,514.8,247.4,0.0859,-0.0041,0.1964,1,1,1,5e-05,0.369,0.9148,0.905533,-0.474321,0.392535,-0.67823,0.145066,-0.914832,0.747832
0.4416,458,0,136.3,281.2,0.4455,0.25,-0.0739,0,0,0,,,,,,,,,,
0.462,459,0,541.2,253.5,0.4659,-0.3073,-0.0432,1,1,0,0.01039,0.6906,1.4038,-0.860998,-0.367646,-0.397205,1.403804,0.023429,0.070936,-0.005617
0.2221,460,0,563.6,334.3,0.2261,-0.1418,0.0537,1,1,1,4e-05,0.5782,0.8592,0.859249,0.024818,0.190512,-0.468965,-0.005478,-0.333498,0.100428
0.1217,461,0,533.4,347.4,0.1257,-0.0395,0.1512,1,1,1,7e-05,0.3839,1.178,1.177996,-0.327908,0.349933,-0.663283,0.122109,-0.767418,0.566833
0.3874,462,0,282.8,195.7,0.3914,0.039,0.0736,1,1,1,6e-05,1.183,0.3001,-0.196683,0.170539,0.300106,0.135818,-0.035599,0.094282,0.095347
0.0899,463,0,555.2,2.8,0.0938,-0.009,0.2024,1,1,1,5e-05,0.37,0.9276,0.896235,-0.445208,0.384268,-0.677229,0.130734,-0.927644,0.703807
0.327,464,0,500.7,99.1,0.3309,-0.1379,0.1776,1,1,1,4e-05,0.7084,0.3388,0.171613,0.009834,0.064914,-0.338774,-0.008075,-0.284826,0.037708
0.346,465,0,93.0,345.3,0.3499,0.2476,-0.0855,0,0,0,,,,,,,,,,
0.4037,466,0,44.3,326.2,0.4077,0.356,-0.1147,0,0,0,,,,,,,,,,
0.182,467,0,554.8,43.7,0.186,-0.0717,0.207,1,1,1,7e-05,0.41,0.7885,0.788521,-0.140544,0.288564,-0.637244,0.011624,-0.751416,0.322142
0.4831,468,0,355.1,23.9,0.4871,-0.0404,0.2479,1,1,1,5e-05,1.2803,0.7879,-0.787886,0.049821,0.024362,0.233061,-0.022236,0.243982,-0.045385
0.2642,469,0,413.4,233.7,0.2682,-0.0618,0.0964,1,1,1,9e-05,0.6656,0.5549,0.554919,0.006222,0.292121,-0.381561,0.030335,-0.313697,0.247711
0.6384,470,0,181.8,277.7,0.6423,0.2881,-0.2125,0,0,0,,,,,,,,,,
0.1447,471,0,381.2,328.8,0.1487,-0.0166,0.1331,1,1,1,5e-05,0.4443,0.9952,0.995203,-0.248784,0.424614,-0.60286,0.115265,-0.590384,0.573592
0.217,472,0,488.0,84.4,0.221,-0.071,0.1934,1,1,1,8e-05,0.4733,0.642,0.64199,-0.078739,0.289355,-0.573881,0.005857,-0.604889,0.280983
0.1407,473,0,19.8,337.7,0.1447,0.0777,0.1341,1,1,1,4e-05,0.612,0.6806,0.564155,-0.178652,0.657624,-0.435169,0.092411,-0.38046,0.68064
0.3081,474,0,146.0,124.7,0.312,0.126,0.1612,1,1,1,4e-05,0.9968,0.5529,-0.13988,0.190649,0.552896,-0.050414,-0.061635,-0.031266,0.239601
0.0937,475,0,520.9,29.3,0.0977,-0.0101,0.2018,1,1,1,5e-05,0.3716,0.9177,0.899028,-0.432768,0.385363,-0.675565,0.126716,-0.917743,0.690228
0.5463,476,0,141.1,316.7,0.5503,0.3275,-0.2297,0,0,0,,,,,,,,,,
0.1293,477,0,388.8,100.8,0.1333,-0.0112,0.195,1,1,1,5e-05,0.3977,0.8381,0.838055,-0.3128,0.417906,-0.649522,0.089076,-0.783388,0.594868
0.4031,478,0,192.1,261.1,0.4071,0.1519,-0.0165,1,1,0,0.00317,0.7196,1.3748,-1.025216,0.407956,0.302597,1.374778,-0.126556,0.116963,0.007075
0.4027,479,0,472.6,224.7,0.4067,-0.1735,0.0318,1,1,1,5e-05,1.1629,0.1157,-0.104027,-0.032475,-0.055564,0.11569,0.002396,0.075754,-0.021197
0.46,480,0,353.5,278.6,0.464,-0.0477,-0.0833,1,1,0,0.01356,0.6771,1.4173,-0.901927,0.070914,-0.0401,1.417282,-0.051953,0.070815,-0.003606
0.179,481,0,427.9,123.5,0.183,-0.0347,0.1832,1,1,1,4e-05,0.4434,0.7698,0.769826,-0.171025,0.378062,-0.603754,0.046379,-0.658936,0.438144
0.5067,482,0,497.6,228.4,0.5107,-0.2675,-0.028,1,1,0,0.0295,0.6911,1.4033,-0.941604,-0.298733,-0.456808,1.403325,0.001739,0.066816,-0.002473
0.5187,483,0,203.1,6.2,0.5227,0.1439,0.2718,0,1,0,,,,,,,,,,
0.0821,484,0,108.9,270.6,0.0861,0.0047,0.1957,1,1,1,9e-05,0.3716,0.8693,0.850553,-0.461403,0.42973,-0.675633,0.1383,-0.869274,0.764341
0.1358,485,0,61.4,42.2,0.1398,0.0445,0.2042,1,1,1,9e-05,0.476,0.6412,0.503593,-0.226822,0.584883,-0.571177,0.054879,-0.601594,0.641186
0.2336,486,0,519.7,8.8,0.2375,-0.0878,0.2245,1,1,1,6e-05,0.4816,0.5898,0.481986,-0.044699,0.230868,-0.565619,-0.012295,-0.589751,0.202781
0.4572,487,0,351.1,192.8,0.4612,-0.0399,0.0493,1,1,1,6e-05,1.3708,0.4839,-0.483868,0.085056,0.091637,0.395849,-0.031165,0.243662,-0.010254
0.0972,488,0,343.9,49.0,0.1011,-0.0015,0.2011,1,1,1,8e-05,0.3763,0.8651,0.841905,-0.412393,0.421896,-0.670864,0.118372,-0.865134,0.698335
0.1398,489,0,497.5,102.9,0.1438,-0.0346,0.1936,1,1,1,5e-05,0.3906,0.9195,0.919543,-0.27992,0.361617,-0.656603,0.074524,-0.816106,0.514373
0.5088,490,0,184.3,44.9,0.5127,0.1694,0.2272,0,1,0,,,,,,,,,,
0.2978,491,0,136.0,210.2,0.3017,0.1397,0.0981,1,1,1,6e-05,1.0872,0.5843,-0.050324,0.21319,0.584345,0.040004,-0.055926,0.02355,0.246773
0.3426,492,0,369.9,334.2,0.3466,-0.053,-0.0668,1,1,1,5e-05,1.264,0.2168,0.059913,0.107182,0.168639,0.216849,-0.000612,0.122108,0.062337
0.2339,493,0,86.8,248.1,0.2379,0.1317,0.104,1,1,1,7e-05,0.9189,0.665,0.180646,0.096194,0.665016,-0.128272,-0.006302,-0.106278,0.413868
0.1897,494,0,168.3,295.5,0.1937,0.0654,0.1075,1,1,1,0.0001,0.6911,0.5864,0.532831,-0.077143,0.586445,-0.356123,0.079379,-0.292721,0.554224
0.515,495,0,188.3,157.0,0.5189,0.1867,0.0809,0,1,0,,,,,,,,,,
0.6477,496,0,2.9,41.1,0.6517,0.5211,0.2417,0,0,0,,,,,,,,,,
0.4695,497,0,282.0,179.4,0.4734,0.0495,0.0632,1,1,1,0.0001,1.2713,0.7855,-0.785542,0.188117,0.176599,0.681833,-0.073102,0.34314,-0.022095
0.4768,498,0,314.7,58.4,0.4807,0.0062,0.2107,1,1,1,9e-05,1.3382,0.7592,-0.759163,0.112397,0.108213,0.290956,-0.047678,0.25586,-0.031651
0.2504,499,0,407.8,289.9,0.2543,-0.0576,0.0626,1,1,1,9e-05,0.6825,0.6387,0.638671,0.009583,0.308648,-0.364684,0.046904,-0.270373,0.269518
0.1493,500,0,34.1,125.5,0.1533,0.0654,0.1876,1,1,1,5e-05,0.5468,0.6319,0.442182,-0.170838,0.631938,-0.50038,0.050495,-0.492665,0.63003
0.4233,501,0,136.1,238.5,0.4272,0.2259,0.0023,0,0,0,,,,,,,,,,
0.4083,502,0,388.1,151.9,0.4122,-0.0727,0.1154,1,1,1,6e-05,1.0497,0.1725,-0.172453,0.056404,0.107672,0.002529,-0.007936,0.012507,0.042067
0.1,503,0,295.7,137.0,0.1039,0.0018,0.1951,1,1,1,7e-05,0.3831,0.8448,0.84477,-0.403456,0.436526,-0.664129,0.119767,-0.828053,0.702969
0.5549,504,0,556.9,134.4,0.5589,-0.3578,0.1053,0,1,0,,,,,,,,,,
0.4436,505,0,567.3,144.4,0.4476,-0.2897,0.1156,1,1,1,6e-05,1.2798,0.4042,-0.40416,-0.2167,-0.303877,0.232579,0.0469,0.179917,-0.066319
0.6423,506,0,333.6,289.6,0.6463,-0.029,-0.2457,0,1,0,,,,,,,,,,
0.1907,507,0,1.8,312.0,0.1946,0.1412,0.0978,1,1,1,8e-05,0.8769,0.735,0.276313,0.040657,0.734952,-0.170304,0.012934,-0.135322,0.506373
0.1934,508,0,134.2,253.7,0.1973,0.0785,0.1259,1,1,1,9e-05,0.7017,0.6146,0.439807,-0.061591,0.614644,-0.345531,0.059087,-0.295791,0.546743
0.5955,509,0,308.3,56.8,0.5995,0.0177,0.216,0,1,0,,,,,,,,,,
0.6099,510,0,17.7,41.5,0.6139,0.464,0.2383,0,0,0,,,,,,,,,,
0.5408,511,0,443.8,185.4,0.5448,-0.1917,0.0285,1,1,0,0.02297,0.6872,1.4072,-1.079509,-0.209259,-0.343808,1.407191,-0.006242,0.06906,-0.004483
0.3378,512,0,446.4,239.0,0.3418,-0.1171,0.0505,1,1,1,4e-05,0.9005,0.2338,0.233796,0.038719,0.109378,-0.14666,0.00497,-0.105928,0.065691
0.2698,513,0,365.5,277.5,0.2738,-0.0327,0.058,1,1,1,7e-05,0.7645,0.5032,0.503221,0.032437,0.331134,-0.282682,0.045877,-0.207779,0.275316
0.5687,514,0,427.5,47.1,0.5727,-0.1531,0.2281,1,1,0,0.00269,0.7531,1.4121,-1.41207,-0.241808,-0.270688,1.341332,0.028251,0.129511,-0.009978
0.1856,515,0,391.3,54.5,0.1896,-0.0227,0.2041,1,1,1,0.0001,0.456,0.6436,0.626815,-0.152642,0.398645,-0.591164,0.033183,-0.643636,0.435194
0.3416,516,0,213.3,26.7,0.3456,0.0803,0.2294,1,1,1,0.0001,0.9353,0.4186,-0.293671,0.168492,0.418642,-0.111865,-0.058524,-0.051155,0.163388
0.2926,517,0,334.0,199.0,0.2966,-0.0102,0.1095,1,1,1,6e-05,0.7755,0.3536,0.319465,0.0409,0.353644,-0.271677,0.024696,-0.224979,0.272072
0.3137,518,0,126.0,266.5,0.3176,0.1686,0.0371,1,1,1,7e-05,1.2537,0.5681,-0.181292,0.334494,0.568099,0.302923,-0.101898,0.177594,0.124716
0.5998,519,0,391.5,195.0,0.6037,-0.126,-0.0113,0,1,0,,,,,,,,,,
0.3959,520,0,580.7,127.4,0.3999,-0.261,0.1439,1,1,1,5e-05,1.0037,0.234,-0.160127,-0.126074,-0.234025,-0.043547,0.018525,-0.009072,-0.091106
0.2295,521,0,80.9,190.9,0.2334,0.1229,0.1404,1,1,1,6e-05,0.8439,0.6617,0.157988,0.066797,0.661716,-0.203282,-0.008246,-0.172631,0.434081
0.5964,522,0,265.2,136.1,0.6004,0.0901,0.0944,0,1,0,,,,,,,,,,
0.313,523,0,366.0,302.9,0.317,-0.0417,-0.0009,1,1,1,6e-05,0.9848,0.2883,0.288324,0.087798,0.250334,-0.062374,0.024699,-0.036322,0.16136
0.2414,524,0,218.2,343.9,0.2454,0.0679,0.0263,1,1,1,9e-05,0.9226,0.517,0.412007,0.071443,0.51705,-0.124602,0.053605,-0.078159,0.383137
0.4928,525,0,30.9,79.9,0.4968,0.3596,0.1861,0,0,0,,,,,,,,,,
0.4618,526,0,278.3,280.5,0.4657,0.0598,-0.0878,1,1,0,0.04504,0.6772,1.4172,-0.933987,0.249403,-0.062119,1.417153,-0.099645,0.064766,-0.006947
0.5796,527,0,576.9,56.4,0.5835,-0.3772,0.216,0,1,0,,,,,,,,,,
0.6119,528,0,121.4,155.7,0.6159,0.3432,0.057,0,0,0,,,,,,,,,,
0.2647,529,0,211.7,207.7,0.2687,0.0698,0.1151,1,1,1,6e-05,0.8329,0.5224,0.244336,0.058293,0.522398,-0.214287,0.019064,-0.178339,0.373803
0.0866,530,0,71.3,184.0,0.0905,0.0087,0.1962,1,1,1,8e-05,0.3768,0.8393,0.817709,-0.439188,0.450992,-0.670391,0.129207,-0.83926,0.755585
0.2466,531,0,30.9,159.2,0.2506,0.1596,0.1524,1,1,1,6e-05,0.951,0.6999,-0.027311,0.162487,0.699921,-0.096185,-0.063071,-0.078498,0.348199
0.2539,532,0,526.8,171.6,0.2579,-0.1207,0.1429,1,1,1,4e-05,0.5581,0.613,0.613032,-0.004204,0.185789,-0.489146,-0.010854,-0.451469,0.132269
0.5235,533,0,164.0,320.3,0.5275,0.273,-0.2169,0,0,0,,,,,,,,,,
0.3755,534,0,363.3,46.8,0.3795,-0.0374,0.2173,1,1,1,4e-05,0.8726,0.2016,-0.201624,0.071967,0.187158,-0.174571,-0.013737,-0.109322,0.088694
0.2769,535,0,38.5,44.0,0.2808,0.1629,0.2131,1,1,1,8e-05,0.9692,0.6462,-0.256054,0.225167,0.64616,-0.078016,-0.104284,-0.037662,0.245071
0.3753,536,0,41.0,22.8,0.3793,0.2359,0.236,0,0,0,,,,,,,,,,
0.5519,537,0,510.9,85.1,0.5558,-0.2724,0.177,1,1,0,0.00697,0.7003,1.3941,-1.283114,-0.41373,-0.434539,1.394092,0.056017,0.079011,-0.00868
0.2673,538,0,91.9,152.9,0.2712,0.1403,0.1507,1,1,1,6e-05,0.9474,0.6382,-0.025242,0.156873,0.638228,-0.099848,-0.051072,-0.080114,0.324085
0.3873,539,0,495.4,199.2,0.3912,-0.1846,0.0696,1,1,1,6e-05,1.0296,0.0625,-0.022128,-0.032443,-0.062483,-0.017627,0.000513,-0.010021,-0.029214
0.2056,540,0,50.0,64.5,0.2096,0.1028,0.2013,1,1,1,6e-05,0.7025,0.6562,0.135441,0.005933,0.656214,-0.344703,-0.013499,-0.31077,0.472762
0.6011,541,0,445.1,309.7,0.6051,-0.2534,-0.2622,0,1,0,,,,,,,,,,
0.5501,542,0,538.8,294.9,0.5541,-0.3928,-0.1845,0,1,0,,,,,,,,,,
0.1153,543,0,412.2,18.9,0.1192,-0.0102,0.2051,1,1,1,7e-05,0.3823,0.8483,0.832279,-0.353582,0.409146,-0.664861,0.095571,-0.848273,0.623543
0.463,544,0,39.6,252.9,0.4669,0.3902,-0.0429,0,0,0,,,,,,,,,,
0.1346,545,0,97.5,97.8,0.1385,0.0396,0.195,1,1,1,0.0001,0.4718,0.6513,0.564641,-0.244131,0.570281,-0.575433,0.067759,-0.606359,0.651349
0.4628,546,0,538.9,278.6,0.4668,-0.3142,-0.0853,1,1,0,0.03649,0.6936,1.4008,-0.806658,-0.341486,-0.530689,1.400795,0.00171,0.064153,9.6e-05
0.3162,547,0,386.0,177.9,0.3202,-0.0523,0.1177,1,1,1,5e-05,0.7802,0.267,0.261211,0.04336,0.253677,-0.266976,0.011719,-0.22022,0.18359
0.3927,548,0,85.0,181.5,0.3967,0.2468,0.0875,0,0,0,,,,,,,,,,
0.5998,549,0,408.7,29.6,0.6037,-0.1321,0.254,1,1,0,0.03243,0.6898,1.4892,-1.489205,-0.211279,-0.421162,1.40458,0.005321,0.071937,-0.006085
0.1988,550,0,440.9,238.0,0.2027,-0.0525,0.1304,1,1,1,7e-05,0.4951,0.8457,0.845747,-0.105235,0.353258,-0.55213,0.051224,-0.520653,0.37668
0.1682,551,0,317.2,224.8,0.1722,0.0009,0.1525,1,1,1,8e-05,0.4904,0.7687,0.768713,-0.191848,0.463994,-0.556807,0.084075,-0.551183,0.546759
0.5148,552,0,421.7,211.0,0.5188,-0.153,-0.0029,1,1,0,0.0104,0.6843,1.4101,-1.028245,-0.138884,-0.205942,1.410062,-0.013394,0.072438,-0.00504
0.6185,553,0,344.6,245.9,0.6224,-0.0475,-0.125,0,1,0,,,,,,,,,,
0.0888,554,0,415.8,1.4,0.0928,-0.0034,0.2022,1,1,1,5e-05,0.3702,0.9041,0.86228,-0.443223,0.404986,-0.676993,0.128835,-0.904102,0.719207
0.4153,555,0,249.8,157.6,0.4193,0.077,0.1073,1,1,1,9e-05,1.3179,0.4506,-0.450553,0.223574,0.304796,0.270717,-0.072515,0.192111,0.038352
0.0886,556,0,266.3,151.2,0.0926,0.0022,0.1968,1,1,1,9e-05,0.3743,0.8651,0.853775,-0.441564,0.426467,-0.672872,0.131288,-0.865062,0.73716
0.6105,557,0,529.2,180.6,0.6145,-0.3704,0.0117,0,1,0,,,,,,,,,,
0.4383,558,0,580.2,345.8,0.4423,-0.3813,-0.1841,0,1,0,,,,,,,,,,
0.3526,559,0,36.4,145.8,0.3565,0.2503,0.1352,0,0,0,,,,,,,,,,
0.4911,560,0,152.5,13.0,0.4951,0.1947,0.2604,0,1,0,,,,,,,,,,
0.132,561,0,462.4,242.8,0.136,-0.0283,0.1672,1,1,1,5e-05,0.3969,1.0209,1.020911,-0.306771,0.37962,-0.650257,0.104632,-0.757649,0.567254
0.4384,562,0,114.0,82.6,0.4424,0.2234,0.1851,0,0,0,,,,,,,,,,
0.1585,563,0,550.7,296.6,0.1625,-0.0722,0.1325,1,1,1,7e-05,0.4059,1.1357,1.135693,-0.176736,0.321546,-0.641347,0.059547,-0.659242,0.390992
0.4244,564,0,208.4,190.8,0.4283,0.1303,0.0647,1,1,1,7e-05,1.2682,0.7361,-0.736107,0.320024,0.319825,0.65704,-0.116482,0.331104,-0.013663
0.4103,565,0,150.1,125.7,0.4143,0.1775,0.1431,1,1,1,0.0001,1.2075,0.8348,-0.834843,0.38066,0.380341,0.573848,-0.153597,0.330803,-0.01768
0.3762,566,0,407.9,268.8,0.3802,-0.0967,-0.0086,1,1,1,6e-05,1.1707,0.1235,-0.001674,0.054122,0.090354,0.123481,-0.000551,0.074937,0.037278
0.3784,567,0,15.7,81.8,0.3824,0.2751,0.1882,0,0,0,,,,,,,,,,
0.2008,568,0,193.4,353.9,0.2048,0.0646,0.0624,1,1,1,9e-05,0.7735,0.5616,0.55527,-0.027517,0.561648,-0.273746,0.087185,-0.192965,0.508101
0.5112,569,0,554.2,73.7,0.5152,-0.3022,0.1931,1,1,1,8e-05,1.2361,0.9226,-0.92259,-0.353244,-0.398885,0.628935,0.092189,0.378332,-0.05095
0.4503,570,0,447.0,357.9,0.4543,-0.1955,-0.2211,0,1,0,,,,,,,,,,
0.2666,571,0,592.7,316.3,0.2706,-0.2023,0.0262,1,1,1,7e-05,0.7521,0.564,0.564025,0.029354,0.015955,-0.295148,-0.031009,-0.190135,-0.050976
0.1753,572,0,350.8,36.5,0.1793,-0.0088,0.2085,1,1,1,4e-05,0.4533,0.65,0.602079,-0.173343,0.432431,-0.593928,0.038615,-0.649998,0.478642
0.2466,573,0,564.6,73.3,0.2506,-0.1237,0.1975,1,1,1,5e-05,0.5056,0.5442,0.534639,-0.016291,0.160705,-0.541572,-0.022383,-0.544159,0.116785
0.1421,574,0,122.2,293.1,0.146,0.0494,0.147,1,1,1,6e-05,0.5405,0.6688,0.656461,-0.219682,0.587937,-0.506671,0.100509,-0.473671,0.668832
0.5568,575,0,383.6,59.2,0.5608,-0.0894,0.2116,1,1,1,0.0001,1.0765,1.2876,-1.287587,-0.109158,-0.13652,1.017877,0.008039,0.344084,-0.024511
0.6246,576,0,94.8,218.9,0.6286,0.4271,-0.0701,0,0,0,,,,,,,,,,
0.4939,577,0,432.3,204.2,0.4979,-0.1596,0.0173,1,1,1,0.0001,1.2648,0.7751,-0.740665,-0.106611,-0.124526,0.775138,0.005797,0.349597,-0.027653
0.4817,578,0,268.5,39.0,0.4857,0.0599,0.2319,1,1,1,9e-05,1.2774,0.9627,-0.962667,0.167119,0.148605,0.446974,-0.07759,0.336989,-0.044074
0.328,579,0,560.6,90.0,0.3319,-0.1827,0.1843,1,1,1,4e-05,0.7094,0.3378,0.145664,-0.010612,-0.03593,-0.337843,-0.011645,-0.277613,-0.033789
0.2433,580,0,533.3,96.6,0.2473,-0.1083,0.1863,1,1,1,5e-05,0.5094,0.5722,0.572176,-0.025935,0.201325,-0.537784,-0.013745,-0.538551,0.161312
0.592,581,0,214.3,52.9,0.5959,0.1585,0.2214,0,1,0,,,,,,,,,,
0.5085,582,0,412.8,240.5,0.5125,-0.1422,-0.0496,1,1,0,0.02763,0.6848,1.4096,-0.959265,-0.095469,-0.270125,1.409646,-0.031372,0.067678,-0.00399
0.6305,583,0,552.9,186.8,0.6344,-0.4306,-0.0073,0,1,0,,,,,,,,,,
0.1575,584,0,3.2,86.5,0.1615,0.0775,0.1957,1,1,1,3e-05,0.5773,0.6556,0.348048,-0.128059,0.655645,-0.469862,0.030487,-0.455676,0.601291
0.5521,585,0,379.9,269.8,0.5561,-0.1047,-0.1329,0,1,0,,,,,,,,,,
0.3312,586,0,629.4,333.8,0.3351,-0.3142,-0.0548,1,1,1,9e-05,1.2986,0.2645,0.036148,-0.181082,-0.264486,0.2514,0.015985,0.131788,-0.06203
0.085,587,0,299.5,255.2,0.089,0.0007,0.1943,1,1,1,0.0001,0.3726,0.8811,0.881092,-0.458432,0.416007,-0.674608,0.139781,-0.87597,0.749168
0.1088,588,0,183.0,51.4,0.1127,0.013,0.2015,1,1,1,4e-05,0.3974,0.7716,0.731831,-0.354734,0.483611,-0.649752,0.096765,-0.771644,0.687699
0.1212,589,0,210.5,159.4,0.1251,0.016,0.1874,1,1,1,7e-05,0.4229,0.7464,0.746394,-0.319806,0.497761,-0.624304,0.097899,-0.699401,0.671307
0.6474,590,0,416.5,237.0,0.6514,-0.1947,-0.1218,0,0,0,,,,,,,,,,
0.1289,591,0,455.3,7.2,0.1328,-0.0199,0.2084,1,1,1,6e-05,0.3855,0.8399,0.826821,-0.309367,0.390189,-0.661721,0.077623,-0.839931,0.562715
0.1757,592,0,588.3,55.5,0.1797,-0.078,0.2034,1,1,1,9e-05,0.4003,0.8542,0.854214,-0.148436,0.276321,-0.646864,0.011605,-0.782131,0.315385
0.3317,593,0,295.8,288.2,0.3357,0.0232,0.0004,1,1,1,5e-05,1.1286,0.3306,0.101092,0.148349,0.330552,0.081433,0.000304,0.048946,0.160225
0.6251,594,0,14.3,131.1,0.6291,0.5276,0.0971,0,0,0,,,,,,,,,,
0.2299,595,0,145.7,247.2,0.2338,0.0958,0.107,1,1,1,7e-05,0.8261,0.6065,0.301304,0.033905,0.606499,-0.221113,0.029042,-0.181482,0.451108
0.3398,596,0,33.0,126.4,0.3437,0.2368,0.1545,0,0,0,,,,,,,,,,
0.5764,597,0,551.9,65.2,0.5804,-0.3414,0.2039,1,1,0,0.04739,0.7002,1.3942,-1.315904,-0.504145,-0.746679,1.394198,0.051861,0.069249,0.000866
0.3082,598,0,85.9,115.1,0.3122,0.1681,0.1681,1,1,1,5e-05,1.0988,0.6053,-0.275336,0.271179,0.605329,0.051567,-0.107404,0.053392,0.188334
0.2505,599,0,613.9,135.0,0.2545,-0.1619,0.1652,1,1,1,5e-05,0.5299,0.5954,0.595395,0.008255,0.093131,-0.517346,-0.037538,-0.494099,0.027786
0.4329,600,0,22.9,84.9,0.4369,0.318,0.1829,0,0,0,,,,,,,,,,
0.6107,601,0,462.6,154.1,0.6147,-0.2454,0.0601,0,1,0,,,,,,,,,,
0.2782,602,0,21.6,230.1,0.2822,0.2113,0.0917,0,0,0,,,,,,,,,,
0.1314,603,0,326.7,117.3,0.1353,-0.0011,0.192,1,1,1,9e-05,0.411,0.7902,0.790244,-0.301631,0.449003,-0.63616,0.08836,-0.737819,0.611941
0.3904,604,0,96.4,34.1,0.3944,0.2007,0.2287,0,0,0,,,,,,,,,,
0.5757,605,0,629.5,47.9,0.5796,-0.4474,0.2274,0,1,0,,,,,,,,,,
0.1396,606,0,426.2,102.2,0.1436,-0.0206,0.1937,1,1,1,4e-05,0.4004,0.8524,0.852415,-0.282225,0.398113,-0.646813,0.078309,-0.775816,0.549421
0.3995,607,0,119.5,349.8,0.4034,0.2636,-0.1498,0,0,0,,,,,,,,,,
0.13,608,0,633.8,93.0,0.134,-0.0512,0.1961,1,1,1,9e-05,0.3782,1.0339,1.033863,-0.300215,0.310245,-0.669028,0.075864,-0.91205,0.48509
0.3314,609,0,350.5,31.1,0.3354,-0.0222,0.2253,1,1,1,3e-05,0.7609,0.2863,-0.051308,0.059776,0.268216,-0.286255,-0.012247,-0.225762,0.162485
0.4719,610,0,330.3,342.4,0.4759,-0.0164,-0.2127,0,1,0,,,,,,,,,,
0.3866,611,0,350.4,207.0,0.3906,-0.0322,0.061,1,1,1,5e-05,1.0994,0.196,-0.07765,0.099911,0.195973,0.052225,-0.009412,0.035593,0.08367
0.3685,612,0,563.8,75.3,0.3725,-0.2118,0.194,1,1,1,5e-05,0.8295,0.2177,-0.074706,-0.056502,-0.137052,-0.217713,0.005794,-0.148637,-0.070937
0.2708,613,0,554.1,251.8,0.2748,-0.1639,0.0786,1,1,1,9e-05,0.6647,0.5778,0.577789,0.027872,0.094121,-0.382459,-0.019886,-0.296818,0.025218
0.627,614,0,40.8,29.9,0.6309,0.4375,0.2564,0,0,0,,,,,,,,,,
0.523,615,0,86.0,13.7,0.5269,0.2929,0.2642,0,0,0,,,,,,,,,,
0.4425,616,0,356.8,161.7,0.4465,-0.0437,0.0948,1,1,1,9e-05,1.2492,0.3749,-0.374874,0.081953,0.109242,0.201971,-0.023339,0.149484,0.011596
0.217,617,0,153.4,135.2,0.2209,0.0741,0.1718,1,1,1,7e-05,0.6872,0.588,0.280544,-0.024183,0.588018,-0.360032,0.019913,-0.327268,0.475323
0.278,618,0,101.2,246.8,0.2819,0.1579,0.0782,1,1,1,8e-05,1.1208,0.6369,-0.011892,0.227992,0.636898,0.073632,-0.0616,0.042782,0.262516
0.4406,619,0,250.0,208.0,0.4446,0.0871,0.0354,1,1,1,0.0001,1.2783,0.7281,-0.728097,0.257475,0.249879,0.706446,-0.091545,0.336121,-0.015912
0.2237,620,0,498.2,248.8,0.2277,-0.0942,0.1097,1,1,1,5e-05,0.5317,0.8081,0.808062,-0.032627,0.269363,-0.515471,0.018243,-0.452565,0.233842
0.1688,621,0,50.1,217.8,0.1728,0.0865,0.1547,1,1,1,3e-05,0.6487,0.6603,0.409406,-0.103442,0.660324,-0.398488,0.05132,-0.360618,0.599953
0.0834,622,0,255.3,314.8,0.0874,0.0018,0.1933,1,1,1,0.0001,0.3724,0.8799,0.879932,-0.463301,0.418846,-0.67478,0.14195,-0.872638,0.757854
0.346,623,0,234.5,76.1,0.35,0.0687,0.1939,1,1,1,6e-05,0.9487,0.4057,-0.204948,0.153775,0.405666,-0.09853,-0.044308,-0.055872,0.176291
0.6135,624,0,335.0,91.4,0.6174,-0.0244,0.1641,0,1,0,,,,,,,,,,
0.5232,625,0,361.7,46.4,0.5272,-0.0539,0.2263,1,1,1,8e-05,1.2491,1.0001,-1.00013,-0.001555,-0.03904,0.517995,-0.01386,0.365287,-0.054416
0.5106,626,0,426.7,138.8,0.5145,-0.1469,0.1081,1,1,1,7e-05,1.2855,0.7496,-0.749592,-0.090479,-0.122319,0.542485,0.010367,0.328938,-0.042748
0.5952,627,0,485.4,122.2,0.5992,-0.2674,0.1173,0,1,0,,,,,,,,,,
0.1604,628,0,414.4,20.6,0.1644,-0.0224,0.2106,1,1,1,7e-05,0.4158,0.7354,0.707603,-0.213736,0.39791,-0.631367,0.045674,-0.735366,0.482503
0.1186,629,0,11.9,230.0,0.1226,0.0459,0.1772,1,1,1,4e-05,0.4755,0.7153,0.631465,-0.285931,0.59141,-0.571678,0.09324,-0.58644,0.715349
0.0846,630,0,295.8,177.6,0.0886,0.0007,0.1971,1,1,1,0.0001,0.3711,0.8847,0.867397,-0.457498,0.415943,-0.676123,0.137034,-0.884678,0.747224
0.6455,631,0,635.0,338.1,0.6495,-0.7181,-0.3813,0,0,0,,,,,,,,,,
0.1333,632,0,224.4,103.0,0.1372,0.0167,0.1942,1,1,1,6e-05,0.4344,0.6839,0.683884,-0.278699,0.502621,-0.612753,0.07992,-0.679413,0.632744
0.1295,633,0,638.7,278.9,0.1335,-0.0633,0.1605,1,1,1,8e-05,0.3754,1.2224,1.222401,-0.284253,0.302955,-0.671754,0.086192,-0.837232,0.467374
0.2112,634,0,3.0,297.0,0.2152,0.1627,0.0891,1,1,1,9e-05,0.9786,0.7463,0.166389,0.123003,0.746325,-0.06864,-0.026177,-0.059174,0.422934
0.5304,635,0,234.6,280.1,0.5343,0.1443,-0.1382,0,1,0,,,,,,,,,,
0.3293,636,0,340.2,309.6,0.3332,-0.0197,-0.0228,1,1,1,5e-05,1.1169,0.257,0.159883,0.119393,0.257008,0.069711,0.010635,0.044169,0.133112
0.3648,637,0,272.0,222.3,0.3688,0.0482,0.054,1,1,1,8e-05,1.1587,0.3418,-0.095949,0.174285,0.341784,0.111453,-0.028009,0.072319,0.129638
0.4554,638,0,170.7,267.4,0.4594,0.2073,-0.0614,0,0,0,,,,,,,,,,
0.3607,639,0,101.8,204.2,0.3646,0.2112,0.0756,0,0,0,,,,,,,,,,
0.463,640,0,353.8,200.7,0.467,-0.0443,0.0358,1,1,1,9e-05,1.3403,0.5326,-0.532568,0.077228,0.076004,0.472684,-0.031676,0.274099,-0.0172
0.5875,641,0,285.6,187.3,0.5915,0.0588,0.0078,0,1,0,,,,,,,,,,
0.0839,642,0,35.3,267.8,0.0878,0.0082,0.1946,1,1,1,8e-05,0.3752,0.8452,0.831985,-0.450722,0.445866,-0.672007,0.134595,-0.845199,0.765519
0.1194,643,0,12.6,314.3,0.1234,0.0518,0.1609,1,1,1,9e-05,0.5022,0.7265,0.656132,-0.276963,0.605738,-0.545007,0.104559,-0.532063,0.72651
0.2472,644,0,45.4,293.2,0.2512,0.1776,0.0625,1,1,1,4e-05,1.1369,0.71,0.046069,0.231334,0.709986,0.089693,-0.066725,0.050115,0.29513
0.3511,645,0,286.4,211.6,0.3551,0.0317,0.0721,1,1,1,3e-05,1.0506,0.3425,0.000128,0.139228,0.342535,0.003376,-0.011361,-0.00105,0.167923
0.5214,646,0,465.5,155.0,0.5254,-0.2089,0.0821,1,1,1,9e-05,1.2334,0.9118,-0.911815,-0.214253,-0.230148,0.860999,0.031798,0.363505,-0.031088
0.5127,647,0,209.7,43.5,0.5167,0.1387,0.2291,0,1,0,,,,,,,,,,
0.0971,648,0,605.3,304.3,0.1011,-0.023,0.182,1,1,1,5e-05,0.3765,1.0706,1.070601,-0.435869,0.347053,-0.670713,0.14454,-0.904894,0.667709
0.3998,649,0,298.1,231.5,0.4037,0.0248,0.0247,1,1,1,5e-05,1.3221,0.2749,-0.251964,0.172762,0.249066,0.274939,-0.039504,0.168518,0.051224
0.4282,650,0,526.6,356.0,0.4322,-0.2984,-0.1926,0,1,0,,,,,,,,,,
0.3653,651,0,563.4,128.8,0.3692,-0.2207,0.148,1,1,1,6e-05,0.8656,0.1816,0.008023,-0.055804,-0.133476,-0.181644,-0.001351,-0.128783,-0.073941
0.3918,652,0,572.1,78.0,0.3958,-0.2371,0.1911,1,1,1,5e-05,0.9214,0.2039,-0.189074,-0.099574,-0.203932,-0.125771,0.019237,-0.061251,-0.086146
0.497,653,0,399.5,108.2,0.5009,-0.1028,0.151,1,1,1,6e-05,1.3495,0.6774,-0.677411,-0.019411,-0.048814,0.35313,-0.003838,0.264977,-0.042126
0.1762,654,0,481.8,217.1,0.1802,-0.056,0.1513,1,1,1,5e-05,0.4364,0.9424,0.942401,-0.161172,0.34478,-0.610812,0.052929,-0.637594,0.404491
0.1861,655,0,159.6,197.7,0.1901,0.0596,0.1545,1,1,1,3e-05,0.6209,0.5862,0.467522,-0.103723,0.586228,-0.426293,0.057344,-0.392261,0.556762
0.1035,656,0,454.5,264.7,0.1074,-0.0135,0.1814,1,1,1,9e-05,0.3819,0.9929,0.992877,-0.408799,0.387691,-0.665288,0.134285,-0.842134,0.673196
0.4464,657,0,402.4,247.4,0.4504,-0.1091,-0.0242,1,1,1,8e-05,1.3354,0.5347,-0.448824,0.005901,-0.005876,0.534666,-0.012907,0.279071,-0.019855
0.1458,658,0,508.1,246.1,0.1498,-0.0468,0.1582,1,1,1,4e-05,0.399,1.0644,1.064356,-0.250715,0.350949,-0.648158,0.083349,-0.733562,0.48791
0.5255,659,0,177.2,244.0,0.5294,0.2285,-0.0658,0,0,0,,,,,,,,,,
0.1216,660,0,143.0,159.6,0.1256,0.0261,0.1872,1,1,1,6e-05,0.4381,0.6914,0.691361,-0.305001,0.530116,-0.609051,0.092778,-0.664105,0.682463
0.2666,661,0,529.1,104.0,0.2705,-0.1218,0.1802,1,1,1,3e-05,0.5596,0.4876,0.469762,-0.003516,0.15721,-0.487593,-0.015768,-0.463615,0.110824
0.2676,662,0,260.9,323.2,0.2715,0.0444,0.0189,1,1,1,8e-05,0.9497,0.4475,0.362822,0.092403,0.447466,-0.09747,0.043076,-0.061331,0.315381
0.4651,663,0,512.6,358.3,0.4691,-0.3083,-0.2385,0,1,0,,,,,,,,,,
0.3857,664,0,432.3,243.9,0.3896,-0.1238,0.017,1,1,1,5e-05,1.1301,0.0829,-0.021515,0.025232,0.042637,0.082899,-0.00024,0.052229,0.018173
0.2597,665,0,13.2,138.9,0.2637,0.1785,0.1611,1,1,1,5e-05,1.0191,0.7065,-0.138822,0.224022,0.706548,-0.028114,-0.096246,-0.018767,0.286576
0.1582,666,0,114.0,253.6,0.1622,0.0609,0.1482,1,1,1,4e-05,0.5859,0.6304,0.558114,-0.164536,0.608487,-0.461285,0.080818,-0.423988,0.630373
0.2545,667,0,120.9,33.1,0.2584,0.1013,0.2168,1,1,1,5e-05,0.7794,0.5866,-0.02796,0.08632,0.586573,-0.267833,-0.039534,-0.221928,0.350408
0.1041,668,0,274.7,335.0,0.1081,0.0051,0.1718,1,1,1,5e-05,0.4014,0.9152,0.915218,-0.392714,0.451821,-0.645817,0.136223,-0.740547,0.716176
0.551,669,0,478.0,83.5,0.555,-0.2248,0.1791,1,1,1,0.0001,0.9835,1.213,-1.212995,-0.311917,-0.319528,1.110939,0.05335,0.292055,-0.025435
0.436,670,0,249.1,225.4,0.44,0.0889,0.0136,1,1,1,0.0001,1.2742,0.8046,-0.75865,0.267149,0.249055,0.804632,-0.092209,0.340239,-0.014159
0.3837,671,0,501.6,311.3,0.3876,-0.2159,-0.0731,1,1,1,7e-05,1.4067,0.4079,-0.164079,-0.09423,-0.125921,0.407887,0.010882,0.207759,-0.023385
0.3002,672,0,340.4,130.5,0.3041,-0.0143,0.1585,1,1,1,6e-05,0.737,0.3367,0.219565,0.036215,0.336697,-0.310205,0.008814,-0.268743,0.249668
0.4155,673,0,575.1,100.5,0.4195,-0.2638,0.1683,1,1,1,4e-05,1.0504,0.2834,-0.28345,-0.150387,-0.260204,0.003216,0.03259,0.039916,-0.0871
0.2615,674,0,223.2,294.4,0.2655,0.0679,0.05,1,1,1,8e-05,0.9213,0.5059,0.324342,0.083335,0.505862,-0.125916,0.035807,-0.091538,0.355902
0.3749,675,0,129.3,151.7,0.3789,0.1831,0.1242,1,1,1,9e-05,1.1999,0.5978,-0.597791,0.388279,0.468067,0.418438,-0.149519,0.267404,0.020721
0.2335,676,0,113.9,25.0,0.2375,0.0919,0.2181,1,1,1,5e-05,0.7191,0.5978,0.051912,0.041945,0.597834,-0.328053,-0.026162,-0.287557,0.399774
0.2536,677,0,43.5,283.5,0.2575,0.1832,0.0652,1,1,1,4e-05,1.1631,0.709,0.004956,0.253571,0.709037,0.115939,-0.078962,0.067207,0.271729
0.3762,678,0,433.5,312.7,0.3802,-0.132,-0.0685,1,1,1,5e-05,1.3627,0.3155,-0.086182,0.016811,0.014799,0.315506,-0.001689,0.16885,0.001082
0.0883,679,0,566.8,184.4,0.0923,-0.0101,0.1955,1,1,1,5e-05,0.3717,0.9408,0.940795,-0.457855,0.377687,-0.675502,0.141132,-0.919955,0.714998
0.2641,680,0,324.6,136.9,0.268,-0.0027,0.1613,1,1,1,7e-05,0.6648,0.3961,0.348737,-0.004416,0.396089,-0.382375,0.021082,-0.3467,0.330247
0.5152,681,0,300.3,311.3,0.5191,0.0334,-0.1899,0,1,0,,,,,,,,,,
0.491,682,0,488.6,65.8,0.4949,-0.206,0.2025,1,1,1,6e-05,1.3136,0.6821,-0.682089,-0.150406,-0.220969,0.266408,0.043328,0.243821,-0.063459
0.6186,683,0,484.4,79.1,0.6226,-0.2659,0.183,0,1,0,,,,,,,,,,
0.3434,684,0,246.4,308.8,0.3474,0.0758,-0.0342,1,1,1,5e-05,1.3434,0.3664,-0.115334,0.244769,0.366371,0.342328,-0.049334,0.186557,0.080244
0.508,685,0,299.9,240.0,0.5119,0.0307,-0.0485,0,1,0,,,,,,,,,,
0.1248,686,0,170.3,250.1,0.1288,0.0262,0.17,1,1,1,5e-05,0.4546,0.747,0.74698,-0.300028,0.529077,-0.592584,0.106664,-0.619545,0.687007
0.1621,687,0,534.2,179.5,0.1661,-0.061,0.17,1,1,1,9e-05,0.4038,0.9926,0.992584,-0.197748,0.324149,-0.643398,0.050153,-0.739622,0.408338
0.1525,688,0,399.0,101.1,0.1565,-0.0184,0.1927,1,1,1,7e-05,0.4176,0.793,0.792974,-0.242828,0.409975,-0.629611,0.066601,-0.724111,0.524725
0.1903,689,0,227.6,83.8,0.1943,0.0316,0.1949,1,1,1,4e-05,0.5449,0.5224,0.443973,-0.117708,0.522426,-0.502269,0.036165,-0.500429,0.506896
0.3602,690,0,590.0,24.4,0.3641,-0.2171,0.233,1,1,1,4e-05,0.7847,0.2625,-0.125622,-0.064074,-0.164022,-0.262481,0.012809,-0.17506,-0.082098
0.6301,691,0,345.7,188.2,0.6341,-0.0476,-0.01,0,1,0,,,,,,,,,,
0.0881,692,0,15.7,285.1,0.092,0.0137,0.1908,1,1,1,6e-05,0.3849,0.8101,0.810085,-0.430044,0.471694,-0.662295,0.129648,-0.79956,0.764332
0.3749,693,0,54.2,148.5,0.3788,0.2542,0.1273,0,0,0,,,,,,,,,,
0.6383,694,0,349.3,108.8,0.6423,-0.0506,0.1335,0,1,0,,,,,,,,,,
0.6199,695,0,545.5,207.7,0.6238,-0.4187,-0.0449,0,1,0,,,,,,,,,,
0.3037,696,0,185.8,320.1,0.3077,0.1195,-0.0118,1,1,1,0.0001,1.2948,0.4989,0.001339,0.261643,0.498899,0.247567,-0.049938,0.140263,0.15732
0.1909,697,0,6.7,333.1,0.1949,0.1432,0.0856,1,1,1,8e-05,0.9005,0.7344,0.288177,0.049854,0.734415,-0.14668,0.014164,-0.113267,0.498495
0.4846,698,0,74.3,75.0,0.4886,0.2981,0.1919,0,0,0,,,,,,,,,,
0.1897,699,0,457.8,310.8,0.1937,-0.0606,0.0993,1,1,1,7e-05,0.4975,0.9546,0.954642,-0.096243,0.348072,-0.549746,0.064257,-0.469735,0.371456
0.192,700,0,134.4,337.9,0.196,0.0862,0.0818,1,1,1,9e-05,0.7747,0.6183,0.489568,-0.035281,0.618274,-0.272525,0.074652,-0.205113,0.539514
0.16,701,0,62.7,285.2,0.164,0.0808,0.1356,1,1,1,3e-05,0.6438,0.6508,0.501498,-0.130579,0.65079,-0.403414,0.075276,-0.353215,0.629746
0.4548,702,0,403.4,102.0,0.4587,-0.0963,0.1629,1,1,1,6e-05,1.1605,0.4438,-0.443817,0.015516,0.007273,0.113273,-0.005597,0.118226,-0.016516
0.1978,703,0,253.7,296.2,0.2018,0.0306,0.1005,1,1,1,3e-05,0.646,0.6381,0.638056,-0.084727,0.509818,-0.40116,0.088396,-0.328496,0.515112
0.0791,704,0,17.5,126.3,0.0831,0.0029,0.1995,1,1,1,5e-05,0.3672,0.897,0.846087,-0.471197,0.419134,-0.680035,0.139101,-0.896966,0.766598
0.1927,705,0,142.3,83.9,0.1966,0.0621,0.1947,1,1,1,0.0001,0.6036,0.5877,0.326753,-0.079492,0.587727,-0.443629,0.023613,-0.424791,0.51656
0.4558,706,0,126.0,112.4,0.4597,0.2271,0.1509,0,0,0,,,,,,,,,,
0.1275,707,0,44.1,292.5,0.1314,0.0536,0.1589,1,1,1,7e-05,0.5178,0.7058,0.636818,-0.25267,0.607584,-0.529398,0.099192,-0.510672,0.705806
0.3497,708,0,496.5,255.6,0.3537,-0.1744,0.0251,1,1,1,8e-05,0.9869,0.1636,0.163613,-0.001688,-0.010274,-0.06028,-0.002853,-0.040796,-0.010767
0.6139,709,0,282.2,22.0,0.6179,0.0574,0.2659,0,1,0,,,,,,,,,,
0.1515,710,0,409.0,85.0,0.1555,-0.0201,0.1964,1,1,1,8e-05,0.413,0.791,0.790992,-0.244825,0.404462,-0.634191,0.064418,-0.738544,0.520205
0.5433,711,0,595.0,219.6,0.5472,-0.4446,-0.0314,0,1,0,,,,,,,,,,
0.5756,712,0,504.1,14.1,0.5796,-0.2577,0.2712,1,1,0,0.02121,0.6933,1.4592,-1.459159,-0.422666,-0.538589,1.401108,0.062114,0.070444,-0.006751
0.3593,713,0,426.0,175.5,0.3633,-0.0989,0.1053,1,1,1,0.0001,0.8872,0.16,0.097057,0.039268,0.120521,-0.159995,0.001087,-0.122343,0.072439
0.2171,714,0,327.9,311.1,0.2211,-0.0043,0.0749,1,1,1,3e-05,0.6585,0.6878,0.687839,-0.042928,0.427915,-0.388697,0.082264,-0.295784,0.423622
0.4743,715,0,45.0,63.7,0.4783,0.3217,0.2047,0,0,0,,,,,,,,,,
0.6095,716,0,254.0,144.5,0.6135,0.1123,0.0773,0,1,0,,,,,,,,,,
0.2644,717,0,330.6,25.3,0.2684,-0.0056,0.2215,1,1,1,7e-05,0.6223,0.4249,0.199543,-0.001501,0.37727,-0.424904,-0.002068,-0.394578,0.295504
0.1255,718,0,283.8,352.7,0.1295,0.0073,0.1458,1,1,1,6e-05,0.4444,0.9232,0.923236,-0.310093,0.474376,-0.602821,0.131559,-0.608253,0.668732
0.1304,719,0,460.7,279.1,0.1343,-0.0284,0.1598,1,1,1,5e-05,0.3981,1.0522,1.052203,-0.309318,0.380751,-0.649141,0.111445,-0.740093,0.574439
0.0932,720,0,609.4,98.4,0.0971,-0.0151,0.1985,1,1,1,5e-05,0.3723,0.9489,0.948929,-0.441015,0.366153,-0.674853,0.133171,-0.934219,0.684315
0.358,721,0,598.3,349.5,0.3619,-0.3189,-0.1044,1,1,1,8e-05,1.3333,0.6607,-0.261858,-0.263495,-0.28905,0.66067,0.0416,0.281105,-0.009246
0.6139,722,0,149.9,16.4,0.6179,0.257,0.2735,0,0,0,,,,,,,,,,
0.4094,723,0,314.3,351.9,0.4133,0.0078,-0.1642,1,1,0,0.04106,0.6782,1.4162,-0.74821,0.199428,-0.086252,1.416231,-0.087091,0.063028,-0.0056
0.2867,724,0,493.7,158.2,0.2907,-0.1184,0.142,1,1,1,8e-05,0.6382,0.4337,0.433662,0.012108,0.158363,-0.408957,-0.00635,-0.360438,0.108686
0.2917,725,0,377.2,12.2,0.2956,-0.0345,0.2317,1,1,1,6e-05,0.6474,0.3998,0.113411,0.020036,0.288809,-0.399777,-0.00758,-0.355697,0.209588
0.1528,726,0,416.0,77.4,0.1568,-0.0219,0.198,1,1,1,8e-05,0.4122,0.7874,0.787367,-0.240606,0.399987,-0.635,0.061668,-0.741733,0.511947
0.4997,727,0,215.8,104.1,0.5036,0.1349,0.1558,1,1,0,0.01286,0.6717,1.4338,-1.433803,0.272993,0.126435,1.422749,-0.11403,0.074465,-0.000738
0.133,728,0,72.3,306.9,0.1369,0.0542,0.1506,1,1,1,7e-05,0.5343,0.6945,0.646054,-0.237006,0.605321,-0.512907,0.101861,-0.482777,0.694454
0.2441,729,0,139.9,181.3,0.2481,0.1004,0.1404,1,1,1,6e-05,0.8222,0.6033,0.184301,0.056934,0.603348,-0.224954,0.002757,-0.191674,0.414093
0.0933,730,0,190.3,17.5,0.0973,0.0063,0.2023,1,1,1,7e-05,0.3773,0.8453,0.794128,-0.414339,0.448267,-0.669884,0.11631,-0.845339,0.722469
0.616,731,0,534.3,356.4,0.6199,-0.4746,-0.403,0,0,0,,,,,,,,,,
0.3236,732,0,332.0,68.0,0.3276,-0.0088,0.2,1,1,1,4e-05,0.7702,0.3103,0.02246,0.060671,0.310281,-0.277013,-0.008513,-0.227024,0.198194
0.4427,733,0,400.8,164.8,0.4467,-0.0965,0.091,1,1,1,6e-05,1.2152,0.3284,-0.328406,0.026349,0.030607,0.168011,-0.008577,0.126833,-0.00332
0.567,734,0,289.4,274.2,0.5709,0.0554,-0.1527,0,1,0,,,,,,,,,,
0.6232,735,0,475.0,236.9,0.6272,-0.2995,-0.108,0,1,0,,,,,,,,,,
0.6447,736,0,424.6,24.0,0.6486,-0.1682,0.2667,0,1,0,,,,,,,,,,
0.1684,737,0,594.0,63.8,0.1723,-0.0743,0.2011,1,1,1,4e-05,0.3945,0.8955,0.895454,-0.169066,0.28331,-0.652702,0.019671,-0.804327,0.338885
0.5402,738,0,607.5,176.6,0.5442,-0.4402,0.043,0,1,0,,,,,,,,,,
0.286,739,0,497.4,308.1,0.2899,-0.1434,0.0168,1,1,1,7e-05,0.8084,0.4917,0.49173,0.040488,0.110021,-0.238823,0.00354,-0.150389,0.055146
0.2727,740,0,537.2,200.1,0.2767,-0.1446,0.117,1,1,1,9e-05,0.6228,0.5467,0.546654,0.016952,0.126112,-0.424394,-0.016002,-0.362674,0.06566
0.2531,741,0,274.0,332.0,0.2571,0.0323,0.0248,1,1,1,8e-05,0.8822,0.4533,0.453336,0.06071,0.444323,-0.164971,0.059604,-0.104488,0.348603
0.2507,742,0,574.0,254.8,0.2547,-0.16,0.0889,1,1,1,4e-05,0.6008,0.688,0.688024,0.025385,0.123386,-0.44643,-0.02498,-0.360517,0.040858
0.1019,743,0,58.4,304.9,0.1059,0.026,0.1778,1,1,1,8e-05,0.4218,0.7698,0.769812,-0.36992,0.524417,-0.62538,0.120377,-0.686075,0.748069
0.6188,744,0,605.6,106.6,0.6228,-0.4752,0.1394,0,1,0,,,,,,,,,,
0.5807,745,0,12.1,20.9,0.5847,0.4382,0.2632,0,0,0,,,,,,,,,,
0.3466,746,0,124.6,71.6,0.3506,0.1565,0.1972,1,1,1,5e-05,1.1512,0.5107,-0.44538,0.294589,0.510735,0.103989,-0.118164,0.112162,0.108284
0.5804,747,0,335.4,68.9,0.5844,-0.023,0.1987,1,1,0,0.02759,0.6827,1.4442,-1.44421,-0.019164,-0.21184,1.41169,-0.041871,0.072317,-0.005928
0.6369,748,0,59.8,48.7,0.6409,0.4226,0.2296,0,0,0,,,,,,,,,,
0.1084,749,0,295.5,27.3,0.1123,0.0023,0.2035,1,1,1,6e-05,0.386,0.8191,0.785407,-0.367747,0.44555,-0.661169,0.100718,-0.819133,0.669093
0.5817,750,0,204.7,132.5,0.5857,0.1836,0.103,0,1,0,,,,,,,,,,
0.3238,751,0,246.7,142.5,0.3277,0.0577,0.1446,1,1,1,4e-05,0.9157,0.4283,-0.001707,0.119548,0.428317,-0.131502,-0.017248,-0.102757,0.238506
0.5897,752,0,212.2,148.6,0.5936,0.1772,0.0748,0,1,0,,,,,,,,,,
0.1103,753,0,562.4,201.2,0.1143,-0.0281,0.1854,1,1,1,4e-05,0.3786,1.0425,1.042495,-0.38512,0.350161,-0.668637,0.121202,-0.887385,0.612525
0.5666,754,0,474.4,123.5,0.5705,-0.2361,0.1199,1,1,0,0.02437,0.6908,1.4036,-1.217501,-0.318527,-0.453197,1.403611,0.020822,0.069489,-0.004845
0.2226,755,0,446.4,198.8,0.2265,-0.0626,0.1388,1,1,1,5e-05,0.5265,0.7241,0.724106,-0.063641,0.320877,-0.520667,0.03003,-0.490991,0.311094
0.4852,756,0,368.5,342.1,0.4892,-0.0798,-0.226,0,1,0,,,,,,,,,,
0.2235,757,0,237.7,236.5,0.2275,0.0428,0.1172,1,1,1,9e-05,0.6964,0.5167,0.47317,-0.035559,0.516733,-0.350833,0.057967,-0.29861,0.46472
0.5744,758,0,180.0,244.9,0.5783,0.2486,-0.0966,0,0,0,,,,,,,,,,
0.1787,759,0,457.9,111.1,0.1827,-0.0436,0.1871,1,1,1,5e-05,0.4327,0.7896,0.789568,-0.168842,0.357238,-0.614533,0.040178,-0.684355,0.415289
0.4906,760,0,507.4,88.7,0.4946,-0.2338,0.1757,1,1,1,9e-05,1.353,0.6639,-0.663879,-0.187702,-0.257464,0.32157,0.049922,0.261382,-0.061109
0.6494,761,0,487.6,1.1,0.6534,-0.266,0.3002,0,0,0,,,,,,,,,,
0.2616,762,0,639.4,72.6,0.2655,-0.1756,0.1976,1,1,1,4e-05,0.5361,0.5111,0.451498,0.007877,0.032284,-0.511097,-0.037019,-0.488777,-0.014208
0.2954,763,0,597.5,96.5,0.2993,-0.1846,0.1821,1,1,1,7e-05,0.627,0.4202,0.308346,0.00179,-0.009833,-0.42023,-0.024883,-0.37009,-0.033615
0.2917,764,0,76.2,307.6,0.2956,0.2023,0.0124,0,0,0,,,,,,,,,,
0.374,765,0,595.6,355.4,0.378,-0.3365,-0.1312,1,1,0,0.00877,0.6922,1.4022,-0.635881,-0.374981,-0.39306,1.402215,0.027739,0.072003,-0.005884
0.5252,766,0,222.2,27.7,0.5292,0.1247,0.2485,0,1,0,,,,,,,,,,
0.5404,767,0,625.0,17.6,0.5443,-0.3981,0.2621,1,1,0,0.03431,0.7006,1.3938,-1.375004,-0.639156,-0.776916,1.393843,0.095879,0.069485,-0.001725
0.2658,768,0,147.0,163.0,0.2698,0.1067,0.1447,1,1,1,6e-05,0.8748,0.5864,0.088363,0.100219,0.586383,-0.172369,-0.016759,-0.143853,0.357824
0.5927,769,0,358.6,122.1,0.5966,-0.062,0.1179,1,1,0,0.04665,0.6873,1.4071,-1.29924,-0.0404,-0.342832,1.40706,-0.046333,0.069553,-0.005729
0.4518,770,0,23.6,218.2,0.4558,0.3849,0.0159,0,0,0,,,,,,,,,,
0.3092,771,0,613.3,211.9,0.3131,-0.2346,0.0913,1,1,1,5e-05,0.7824,0.3161,0.316104,-0.019584,-0.101029,-0.264778,-0.029722,-0.201654,-0.100484
0.535,772,0,121.3,110.6,0.5389,0.2806,0.1433,0,0,0,,,,,,,,,,
0.5556,773,0,7.5,314.5,0.5595,0.5818,-0.2331,0,0,0,,,,,,,,,,
0.2033,774,0,300.0,296.2,0.2073,0.0096,0.096,1,1,1,3e-05,0.6253,0.6897,0.689734,-0.079667,0.465805,-0.421879,0.086932,-0.343614,0.47909
0.4789,775,0,115.2,271.4,0.4829,0.3035,-0.0846,0,0,0,,,,,,,,,,
0.1264,776,0,219.8,254.4,0.1304,0.0182,0.1681,1,1,1,6e-05,0.4454,0.7916,0.791585,-0.304527,0.505323,-0.601802,0.109998,-0.635875,0.673935
0.3375,777,0,27.8,297.9,0.3415,0.2904,-0.0156,0,0,0,,,,,,,,,,
0.3314,778,0,483.9,191.8,0.3354,-0.1404,0.0999,1,1,1,4e-05,0.8,0.2527,0.25267,0.020574,0.073813,-0.247225,-0.004012,-0.194136,0.039953
0.3368,779,0,587.1,338.8,0.3408,-0.279,-0.067,1,1,1,9e-05,1.3017,0.2545,0.037148,-0.13731,-0.203701,0.254494,0.011169,0.133342,-0.051014
0.5337,780,0,216.7,121.8,0.5377,0.1471,0.1277,0,1,0,,,,,,,,,,
0.6058,781,0,154.6,309.0,0.6097,0.3377,-0.2644,0,0,0,,,,,,,,,,
0.4001,782,0,636.0,89.4,0.4041,-0.3085,0.1802,1,1,1,4e-05,1.0403,0.348,-0.27603,-0.201585,-0.348008,-0.006859,0.04649,0.038706,-0.108392
0.2941,783,0,359.7,312.8,0.2981,-0.0336,0.0049,1,1,1,7e-05,0.9273,0.376,0.376003,0.079472,0.286446,-0.11994,0.036056,-0.071703,0.203183
0.2926,784,0,573.8,98.9,0.2966,-0.1671,0.1808,1,1,1,7e-05,0.6175,0.4297,0.333071,0.00561,0.033606,-0.42969,-0.02265,-0.383853,0.000697
0.4574,785,0,131.5,45.5,0.4613,0.2075,0.2234,0,0,0,,,,,,,,,,
0.5216,786,0,496.0,160.6,0.5256,-0.2543,0.0737,1,1,0,0.00038,0.897,1.1974,-1.041841,-0.321369,-0.316985,1.197404,0.039097,0.235827,-0.016721
0.3085,787,0,372.7,292.3,0.3125,-0.0462,0.0142,1,1,1,6e-05,0.9331,0.3251,0.325098,0.077091,0.254019,-0.114107,0.027273,-0.073109,0.173423
0.181,788,0,192.8,252.6,0.1849,0.048,0.1342,1,1,1,4e-05,0.6104,0.5757,0.575673,-0.123839,0.56212,-0.436848,0.079275,-0.390087,0.570284
0.1863,789,0,489.0,288.7,0.1903,-0.07,0.1137,1,1,1,9e-05,0.4682,0.9835,0.983504,-0.107048,0.330594,-0.579006,0.051738,-0.528048,0.352821
0.5705,790,0,432.9,186.0,0.5744,-0.186,0.0165,0,1,0,,,,,,,,,,
0.2249,791,0,45.1,66.3,0.2289,0.1205,0.2007,1,1,1,5e-05,0.7745,0.6635,0.035255,0.066199,0.663476,-0.272661,-0.035937,-0.233987,0.416811
0.2437,792,0,528.0,82.6,0.2476,-0.1043,0.1931,1,1,1,5e-05,0.5081,0.5484,0.548359,-0.028043,0.205883,-0.53914,-0.013014,-0.542701,0.168004
0.5093,793,0,328.5,293.4,0.5132,-0.0139,-0.1483,0,1,0,,,,,,,,,,
0.5994,794,0,45.4,145.5,0.6034,0.4586,0.0778,0,0,0,,,,,,,,,,
0.129,795,0,264.1,71.4,0.133,0.0088,0.1995,1,1,1,8e-05,0.4157,0.7261,0.715237,-0.297054,0.477708,-0.631453,0.08126,-0.72609,0.62747
0.6286,796,0,265.5,229.7,0.6326,0.1054,-0.0953,0,1,0,,,,,,,,,,
0.1485,797,0,564.8,328.2,0.1525,-0.0701,0.1297,1,1,1,9e-05,0.3944,1.197,1.197025,-0.20084,0.323773,-0.65276,0.071529,-0.674398,0.415272
0.4666,798,0,82.8,117.9,0.4706,0.2873,0.143,0,0,0,,,,,,,,,,
0.3843,799,0,294.9,310.5,0.3883,0.0299,-0.0726,1,1,1,8e-05,1.3294,0.612,-0.364325,0.209183,0.225067,0.612048,-0.056942,0.285024,-0.000738
0.2896,800,0,631.2,231.7,0.2936,-0.2332,0.0842,1,1,1,6e-05,0.739,0.417,0.417034,-0.002193,-0.078752,-0.308225,-0.039766,-0.234861,-0.106523
0.3285,801,0,285.8,288.7,0.3325,0.0325,0.0024,1,1,1,6e-05,1.1301,0.3494,0.101071,0.154401,0.349407,0.082861,-0.001076,0.049643,0.168588
0.515,802,0,281.0,58.4,0.519,0.0501,0.2116,1,1,1,9e-05,1.2235,1.1965,-1.196485,0.124861,0.088639,0.790341,-0.064202,0.390889,-0.03098
0.3288,803,0,300.1,48.4,0.3328,0.0146,0.2135,1,1,1,3e-05,0.8046,0.3401,-0.071096,0.083502,0.340099,-0.24263,-0.018605,-0.187233,0.196063
0.6223,804,0,431.5,292.1,0.6263,-0.2299,-0.236,0,1,0,,,,,,,,,,
0.2188,805,0,129.1,197.0,0.2228,0.092,0.1413,1,1,1,7e-05,0.7564,0.6179,0.28621,0.001683,0.617938,-0.290843,0.024301,-0.252365,0.478807
0.4602,806,0,236.4,208.5,0.4642,0.1097,0.026,1,1,0,0.00657,0.6812,1.4132,-1.150762,0.298254,0.189879,1.413191,-0.104862,0.083621,0.001427
0.5367,807,0,15.6,35.6,0.5407,0.4009,0.2402,0,0,0,,,,,,,,,,
0.3638,808,0,243.7,12.1,0.3678,0.0614,0.2425,1,1,1,0.0001,0.957,0.3708,-0.370782,0.164658,0.350365,-0.090213,-0.055733,-0.020115,0.117346
0.6035,809,0,279.3,111.8,0.6075,0.0662,0.1327,0,1,0,,,,,,,,,,
0.5377,810,0,516.9,175.3,0.5417,-0.2994,0.0461,1,1,0,0.03355,0.6942,1.4002,-1.06141,-0.378638,-0.552001,1.400222,0.018243,0.067282,-0.001764
0.1398,811,0,574.6,98.7,0.1437,-0.0494,0.1944,1,1,1,7e-05,0.3832,0.9846,0.984633,-0.271526,0.324887,-0.664049,0.066695,-0.859751,0.47164
0.6009,812,0,236.9,216.8,0.6049,0.1504,-0.0543,0,1,0,,,,,,,,,,
0.3213,813,0,482.4,249.0,0.3253,-0.1427,0.0499,1,1,1,5e-05,0.8472,0.3207,0.320719,0.028825,0.07997,-0.199992,-0.000341,-0.143368,0.041217
0.2739,814,0,103.5,165.9,0.2778,0.1396,0.1404,1,1,1,6e-05,0.9718,0.6269,-0.025501,0.166421,0.626879,-0.075372,-0.050552,-0.06091,0.310556
0.5084,815,0,570.3,269.1,0.5123,-0.3969,-0.1011,0,1,0,,,,,,,,,,
0.1741,816,0,162.5,250.7,0.178,0.0554,0.1393,1,1,1,4e-05,0.6082,0.5902,0.557171,-0.133141,0.583657,-0.439016,0.078167,-0.395287,0.590225
0.1576,817,0,463.8,44.8,0.1615,-0.0338,0.2051,1,1,1,8e-05,0.4048,0.7894,0.789368,-0.223217,0.369973,-0.642399,0.049056,-0.76738,0.467713
0.3884,818,0,49.9,178.7,0.3924,0.279,0.0921,0,0,0,,,,,,,,,,
0.2391,819,0,572.0,111.5,0.2431,-0.1266,0.1794,1,1,1,6e-05,0.499,0.6267,0.626723,-0.01812,0.170143,-0.548201,-0.02323,-0.550027,0.121056
0.2216,820,0,158.0,263.7,0.2255,0.0859,0.1021,1,1,1,8e-05,0.7965,0.596,0.367239,0.008747,0.595971,-0.250732,0.044292,-0.203526,0.473874
0.2978,821,0,446.1,212.5,0.3018,-0.096,0.0961,1,1,1,6e-05,0.7263,0.415,0.415025,0.028969,0.195484,-0.320888,0.009669,-0.259303,0.141662
0.6044,822,0,215.7,292.3,0.6083,0.208,-0.2222,0,0,0,,,,,,,,,,
0.5916,823,0,204.3,213.8,0.5956,0.2051,-0.0439,0,0,0,,,,,,,,,,
0.533,824,0,143.5,34.5,0.537,0.2303,0.2413,0,0,0,,,,,,,,,,
0.6285,825,0,257.0,250.9,0.6324,0.1249,-0.1423,0,1,0,,,,,,,,,,
0.2949,826,0,215.5,227.7,0.2989,0.0799,0.0847,1,1,1,7e-05,0.9644,0.4957,0.135935,0.124652,0.495682,-0.082762,-0.000762,-0.068132,0.293293
0.3227,827,0,606.7,143.1,0.3266,-0.225,0.1444,1,1,1,4e-05,0.7487,0.2985,0.209539,-0.027162,-0.108725,-0.298535,-0.020285,-0.238031,-0.090472
0.5631,828,0,472.5,94.1,0.567,-0.2247,0.1637,1,1,0,0.01042,0.6902,1.4042,-1.289791,-0.328994,-0.381286,1.404179,0.034747,0.072245,-0.007167
0.5561,829,0,168.6,259.8,0.5601,0.2637,-0.1153,0,0,0,,,,,,,,,,
0.3566,830,0,15.4,161.5,0.3606,0.2774,0.1196,0,0,0,,,,,,,,,,
0.4981,831,0,548.1,170.9,0.5021,-0.3156,0.0656,1,1,1,0.0001,0.9954,1.099,-0.946161,-0.402669,-0.388446,1.09898,0.059166,0.288829,-0.022293
0.4739,832,0,144.8,167.2,0.4779,0.2276,0.0784,0,0,0,,,,,,,,,,
0.099,833,0,96.0,53.5,0.1029,0.0149,0.2009,1,1,1,5e-05,0.3901,0.7896,0.740357,-0.38379,0.485412,-0.657068,0.105716,-0.789556,0.720027
0.2525,834,0,132.4,88.1,0.2564,0.0996,0.1899,1,1,1,5e-05,0.7903,0.5909,0.052799,0.072427,0.590873,-0.25687,-0.024072,-0.218664,0.375188
0.2475,835,0,342.0,38.1,0.2514,-0.0108,0.2139,1,1,1,9e-05,0.5833,0.4639,0.301728,-0.029886,0.385446,-0.46392,0.005265,-0.44663,0.326441
0.4117,836,0,156.9,228.1,0.4156,0.1913,0.0228,1,1,0,0.01349,0.6658,1.4286,-1.153161,0.461538,0.290376,1.428628,-0.151687,0.07336,0.00191
0.2273,837,0,506.6,278.3,0.2313,-0.1047,0.0886,1,1,1,5e-05,0.5566,0.8131,0.81305,-0.011645,0.250778,-0.490609,0.016164,-0.401126,0.201032
0.3207,838,0,440.1,131.2,0.3246,-0.0924,0.1541,1,1,1,5e-05,0.7257,0.3215,0.226969,0.026054,0.170303,-0.321486,-0.000316,-0.273007,0.118598
0.5616,839,0,430.0,149.5,0.5655,-0.1712,0.0804,1,1,0,0.02282,0.687,1.4074,-1.180164,-0.200347,-0.338319,1.407397,-0.004516,0.069795,-0.004991
0.3424,840,0,40.8,334.0,0.3463,0.296,-0.0662,0,0,0,,,,,,,,,,
0.2743,841,0,406.2,30.9,0.2782,-0.0486,0.2198,1,1,1,8e-05,0.5991,0.4481,0.245665,-0.003591,0.283219,-0.448076,-0.003595,-0.419733,0.224563
0.2497,842,0,40.7,316.7,0.2537,0.1889,0.0413,1,1,1,5e-05,1.2239,0.7133,0.016568,0.280493,0.713271,0.176741,-0.085915,0.101891,0.248088
0.187,843,0,623.1,303.7,0.1909,-0.1287,0.1055,1,1,1,4e-05,0.4444,1.0734,1.073362,-0.039693,0.237493,-0.602776,-0.01148,-0.544363,0.16785
0.0914,844,0,2.4,65.5,0.0954,0.0143,0.2001,1,1,1,6e-05,0.383,0.8105,0.757969,-0.409936,0.478353,-0.664192,0.114604,-0.810523,0.743526
0.5545,845,0,593.7,66.5,0.5585,-0.3857,0.2019,1,1,0,0.04422,0.7011,1.3933,-1.284397,-0.578768,-0.780423,1.393348,0.065922,0.068887,0.00151
0.0849,846,0,63.9,181.8,0.0888,0.0075,0.1969,1,1,1,8e-05,0.3744,0.8513,0.82402,-0.446387,0.444451,-0.672826,0.131345,-0.851348,0.758407
0.2938,847,0,165.8,88.1,0.2978,0.101,0.1875,1,1,1,4e-05,0.8837,0.5354,-0.075638,0.133899,0.535358,-0.163513,-0.042344,-0.124839,0.281417
0.5851,848,0,447.0,346.4,0.589,-0.2617,-0.3412,0,1,0,,,,,,,,,,
0.4624,849,0,234.4,256.6,0.4664,0.1196,-0.0485,1,1,0,0.04739,0.6749,1.4195,-1.021313,0.334054,4.8e-05,1.41949,-0.117203,0.065763,-0.008265
0.4611,850,0,619.5,127.4,0.4651,-0.3611,0.1324,1,1,1,6e-05,1.2986,0.6428,-0.642754,-0.382627,-0.446586,0.494306,0.09394,0.315805,-0.046355
0.34,851,0,273.9,357.4,0.344,0.05,-0.0962,1,1,1,0.0001,1.3439,0.5422,-0.189974,0.244316,0.290665,0.542183,-0.055467,0.253196,0.020451
0.59,852,0,477.4,43.3,0.5939,-0.2331,0.2345,1,1,0,0.03098,0.6936,1.4127,-1.412709,-0.359749,-0.540991,1.400761,0.038486,0.070599,-0.005061
0.5087,853,0,459.4,56.7,0.5127,-0.176,0.2135,1,1,1,8e-05,1.3181,0.7991,-0.799128,-0.132311,-0.192884,0.353197,0.036777,0.296292,-0.061983
0.6196,854,0,98.3,235.6,0.6236,0.4248,-0.1032,0,0,0,,,,,,,,,,
0.5211,855,0,302.1,206.0,0.5251,0.0272,0.0024,1,1,0,0.03754,0.679,1.4154,-1.114489,0.152459,-0.106454,1.415437,-0.082344,0.068317,-0.005804
0.1464,856,0,70.7,37.0,0.1504,0.0502,0.2059,1,1,1,6e-05,0.5005,0.6149,0.449218,-0.190619,0.595469,-0.54673,0.043986,-0.56373,0.614941
0.5478,857,0,639.7,309.1,0.5517,-0.5815,-0.2139,0,1,0,,,,,,,,,,
0.3642,858,0,375.1,266.2,0.3682,-0.058,0.0029,1,1,1,8e-05,1.1243,0.1681,0.044982,0.087485,0.168089,0.077064,0.001154,0.047187,0.078669
0.1584,859,0,565.9,304.4,0.1623,-0.0776,0.1296,1,1,1,8e-05,0.4032,1.1567,1.156693,-0.168538,0.314056,-0.64405,0.054594,-0.657545,0.37373
0.5681,860,0,275.6,223.5,0.572,0.076,-0.0511,0,1,0,,,,,,,,,,
0.5639,861,0,149.5,326.8,0.5679,0.328,-0.27,0,0,0,,,,,,,,,,
0.6167,862,0,142.9,260.9,0.6206,0.3479,-0.1576,0,0,0,,,,,,,,,,
0.1306,863,0,600.2,315.7,0.1345,-0.0594,0.1504,1,1,1,7e-05,0.3779,1.2265,1.226546,-0.279986,0.318089,-0.669284,0.093693,-0.786814,0.482203
0.1297,864,0,602.3,147.9,0.1336,-0.0484,0.1871,1,1,1,8e-05,0.3797,1.0602,1.060156,-0.305677,0.320321,-0.667534,0.084142,-0.881969,0.501935
0.367,865,0,38.3,254.7,0.371,0.2955,0.0152,0,0,0,,,,,,,,,,
0.4387,866,0,341.0,87.4,0.4426,-0.0228,0.18,1,1,1,5e-05,1.1354,0.452,-0.451952,0.095574,0.135006,0.088174,-0.028271,0.104627,0.017263
0.1253,867,0,480.1,174.1,0.1292,-0.0259,0.1838,1,1,1,6e-05,0.3877,0.9778,0.977751,-0.331873,0.37463,-0.659498,0.10208,-0.819826,0.580097
0.1676,868,0,47.8,217.8,0.1716,0.0861,0.1553,1,1,1,3e-05,0.6454,0.6607,0.412413,-0.106594,0.660676,-0.401773,0.051966,-0.364234,0.602914
0.166,869,0,275.5,265.4,0.17,0.0146,0.1387,1,1,1,7e-05,0.5207,0.7537,0.753744,-0.186155,0.495646,-0.526531,0.095567,-0.494788,0.575792
0.2475,870,0,101.2,120.2,0.2515,0.1166,0.1737,1,1,1,5e-05,0.83,0.6279,0.055465,0.087453,0.627897,-0.217171,-0.027713,-0.183134,0.385051
0.6462,871,0,56.4,201.1,0.6502,0.5093,-0.0428,0,0,0,,,,,,,,,,
0.2248,872,0,585.5,261.7,0.2288,-0.1436,0.1011,1,1,1,6e-05,0.5265,0.8381,0.838067,0.00599,0.180727,-0.520737,-0.021617,-0.445732,0.096464
0.3648,873,0,567.9,13.2,0.3688,-0.2004,0.2418,1,1,1,4e-05,0.7866,0.2606,-0.158617,-0.053544,-0.135659,-0.260642,0.013529,-0.169795,-0.06637
0.6183,874,0,440.5,289.8,0.6222,-0.2458,-0.2272,0,1,0,,,,,,,,,,
0.516,875,0,404.6,214.2,0.5199,-0.128,-0.0088,1,1,0,0.01406,0.6822,1.4122,-1.030896,-0.09515,-0.189158,1.412212,-0.023371,0.070684,-0.004688
0.5388,876,0,581.7,57.3,0.5427,-0.3535,0.2136,1,1,0,0.01589,0.6954,1.399,-1.30656,-0.558973,-0.608196,1.399021,0.085908,0.069163,-0.006934
0.5761,877,0,521.0,176.1,0.5801,-0.3314,0.0318,0,1,0,,,,,,,,,,
0.6278,878,0,550.3,42.6,0.6318,-0.3657,0.2381,0,1,0,,,,,,,,,,
0.2748,879,0,306.0,41.8,0.2787,0.008,0.2141,1,1,1,6e-05,0.6665,0.3947,0.151314,0.018313,0.394687,-0.380699,-0.00354,-0.343176,0.293756
0.6273,880,0,636.4,127.7,0.6313,-0.5463,0.1027,0,1,0,,,,,,,,,,
0.5576,881,0,335.7,113.7,0.5616,-0.0233,0.1359,1,1,0,0.01533,0.6794,1.415,-1.333971,0.007689,-0.111911,1.414984,-0.043536,0.072338,-0.004659
0.0932,882,0,172.6,253.3,0.0972,0.0091,0.1892,1,1,1,6e-05,0.3863,0.8389,0.83887,-0.420951,0.457566,-0.660914,0.129407,-0.801538,0.742619
0.241,883,0,133.8,200.0,0.2449,0.1039,0.1305,1,1,1,7e-05,0.8351,0.6124,0.201848,0.057982,0.612359,-0.212118,0.006035,-0.179275,0.42106
0.4453,884,0,9.4,138.2,0.4492,0.363,0.1226,0,0,0,,,,,,,,,,
0.1049,885,0,480.6,310.2,0.1089,-0.0179,0.1745,1,1,1,9e-05,0.3824,1.0451,1.045098,-0.40491,0.37685,-0.664788,0.138422,-0.832609,0.662876
0.4922,886,0,505.1,174.2,0.4961,-0.2534,0.0628,1,1,1,9e-05,1.2722,0.702,-0.701969,-0.236432,-0.265768,0.653004,0.042071,0.342199,-0.036153
0.5874,887,0,231.7,141.1,0.5914,0.1435,0.0879,0,1,0,,,,,,,,,,
0.5263,888,0,410.1,211.6,0.5302,-0.1392,-0.0093,1,1,0,0.02341,0.6843,1.4101,-1.033489,-0.110057,-0.258168,1.410087,-0.025741,0.068959,-0.004409
0.4731,889,0,225.0,310.2,0.477,0.1455,-0.1503,0,1,0,,,,,,,,,,
0.4632,890,0,522.2,343.5,0.4672,-0.3157,-0.2059,0,1,0,,,,,,,,,,
0.427,891,0,448.6,292.3,0.431,-0.1704,-0.0804,1,1,1,0.0001,1.3004,0.724,-0.472581,-0.077945,-0.094051,0.724048,0.001846,0.31399,-0.018972
0.2046,892,0,563.9,161.3,0.2085,-0.1017,0.1633,1,1,1,4e-05,0.4489,0.849,0.848993,-0.072098,0.248124,-0.598289,-0.003099,-0.627486,0.22742
0.2309,893,0,180.0,329.5,0.2349,0.0858,0.0487,1,1,1,8e-05,0.8971,0.5686,0.391969,0.055864,0.56855,-0.150147,0.049622,-0.104279,0.424201
0.4081,894,0,79.2,147.6,0.4121,0.2557,0.1202,0,0,0,,,,,,,,,,
0.3286,895,0,481.2,36.7,0.3326,-0.1165,0.2213,1,1,1,4e-05,0.6908,0.3564,0.059323,0.012765,0.088777,-0.356398,-0.005856,-0.295727,0.057578
0.2063,896,0,503.2,165.5,0.2103,-0.0778,0.1609,1,1,1,9e-05,0.4665,0.8019,0.801945,-0.088694,0.29377,-0.580685,0.016664,-0.595796,0.293025
0.1307,897,0,585.0,130.4,0.1346,-0.0455,0.1899,1,1,1,8e-05,0.3806,1.0295,1.029507,-0.30439,0.327356,-0.666638,0.082815,-0.876431,0.506751
0.4825,898,0,311.5,224.8,0.4865,0.0121,-0.0094,1,1,0,0.00552,0.6926,1.4018,-1.0576,0.138442,0.060784,1.401822,-0.063756,0.089,-0.001296
0.3148,899,0,426.3,258.1,0.3187,-0.0919,0.045,1,1,1,5e-05,0.8536,0.3413,0.341312,0.049944,0.178741,-0.193642,0.015116,-0.138099,0.12113
0.5339,900,0,433.2,276.6,0.5379,-0.1919,-0.1337,0,1,0,,,,,,,,,,
0.4691,901,0,469.1,90.2,0.473,-0.1767,0.1752,1,1,1,9e-05,1.2065,0.5156,-0.515553,-0.08631,-0.142352,0.159292,0.021864,0.159778,-0.052111
0.5757,902,0,503.9,345.4,0.5797,-0.3714,-0.3287,0,1,0,,,,,,,,,,
0.2978,903,0,8.6,350.0,0.3018,0.2809,-0.04,0,0,0,,,,,,,,,,
0.2717,904,0,342.4,42.9,0.2757,-0.0126,0.2133,1,1,1,7e-05,0.634,0.4132,0.209368,0.003348,0.358902,-0.413224,-0.000348,-0.380999,0.280091
0.2022,905,0,83.3,134.2,0.2062,0.0941,0.1752,1,1,1,7e-05,0.699,0.6438,0.245275,-0.023,0.643837,-0.348199,0.012331,-0.315094,0.5044
0.5674,906,0,127.0,130.5,0.5714,0.2979,0.109,0,0,0,,,,,,,,,,
0.0902,907,0,302.8,104.1,0.0941,0.0007,0.1985,1,1,1,9e-05,0.3739,0.8712,0.852288,-0.436556,0.422667,-0.673271,0.12846,-0.871175,0.727499
0.6099,908,0,195.3,344.3,0.6139,0.2686,-0.3619,0,0,0,,,,,,,,,,
0.5711,909,0,548.4,299.2,0.575,-0.4305,-0.2112,0,1,0,,,,,,,,,,
0.5701,910,0,0.7,325.1,0.5741,0.6208,-0.2718,0,0,0,,,,,,,,,,
0.4445,911,0,119.5,332.8,0.4485,0.2938,-0.1661,0,0,0,,,,,,,,,,
0.0867,912,0,141.3,311.7,0.0906,0.0073,0.1906,1,1,1,8e-05,0.3789,0.8536,0.853552,-0.445586,0.444607,-0.668256,0.136788,-0.830523,0.759574
0.389,913,0,389.5,153.1,0.393,-0.07,0.1191,1,1,1,8e-05,0.98,0.1353,-0.080814,0.05861,0.135302,-0.067182,-0.00487,-0.043569,0.066353
0.5115,914,0,571.1,189.6,0.5154,-0.3658,0.0327,1,1,0,0.03756,0.6972,1.3972,-0.995739,-0.474669,-0.648059,1.39716,0.028977,0.066138,0.000823
0.3017,915,0,84.9,342.6,0.3057,0.2137,-0.0356,0,0,0,,,,,,,,,,
0.5974,916,0,55.0,67.5,0.6014,0.4074,0.2007,0,0,0,,,,,,,,,,
0.5186,917,0,3.4,339.6,0.5226,0.562,-0.2551,0,0,0,,,,,,,,,,
0.1106,918,0,211.4,321.7,0.1145,0.0147,0.1676,1,1,1,8e-05,0.4223,0.8563,0.856276,-0.359438,0.488632,-0.624882,0.128202,-0.679881,0.714767
0.4912,919,0,481.1,100.5,0.4951,-0.2037,0.1612,1,1,1,8e-05,1.3614,0.6362,-0.636243,-0.143074,-0.202558,0.314177,0.034813,0.250213,-0.056407
0.394,920,0,27.6,272.7,0.398,0.3426,-0.0263,0,0,0,,,,,,,,,,
0.5353,921,0,545.4,199.5,0.5393,-0.3503,0.0072,0,1,0,,,,,,,,,,
0.5985,922,0,235.2,305.2,0.6025,0.17,-0.2486,0,1,0,,,,,,,,,,
0.228,923,0,31.8,248.7,0.2319,0.1568,0.1072,1,1,1,8e-05,0.9655,0.7173,0.113331,0.13227,0.717317,-0.081713,-0.033261,-0.07078,0.397732
0.4542,924,0,585.6,343.4,0.4582,-0.4049,-0.1962,0,1,0,,,,,,,,,,
0.4775,925,0,197.4,282.6,0.4815,0.1836,-0.1033,0,1,0,,,,,,,,,,
0.0982,926,0,111.8,122.5,0.1022,0.0144,0.1964,1,1,1,5e-05,0.3915,0.7841,0.765177,-0.390857,0.482311,-0.655701,0.112019,-0.784089,0.726882
0.2634,927,0,294.5,87.0,0.2673,0.0143,0.1899,1,1,1,7e-05,0.6649,0.4244,0.245521,0.002767,0.424427,-0.38231,0.008565,-0.349664,0.336011
0.5398,928,0,280.4,275.6,0.5438,0.0678,-0.1359,0,1,0,,,,,,,,,,
0.4256,929,0,172.5,73.5,0.4296,0.1529,0.1946,1,1,1,6e-05,1.2627,0.8652,-0.865179,0.325484,0.332416,0.45822,-0.138579,0.316496,-0.022744
0.5372,930,0,410.7,158.8,0.5412,-0.1353,0.0722,1,1,0,0.00178,0.7802,1.3142,-1.138863,-0.141751,-0.165961,1.314249,-0.002118,0.154975,-0.007068
0.3842,931,0,160.5,326.8,0.3881,0.1939,-0.0969,0,1,0,,,,,,,,,,
0.0884,932,0,480.8,103.4,0.0924,-0.0061,0.1987,1,1,1,5e-05,0.371,0.9094,0.898172,-0.450887,0.393465,-0.676233,0.135104,-0.909387,0.719316
0.3309,933,0,435.8,135.9,0.3348,-0.0932,0.1484,1,1,1,4e-05,0.7582,0.289,0.186229,0.030203,0.158508,-0.289032,-0.00012,-0.240108,0.107001
0.5247,934,0,495.8,158.1,0.5286,-0.255,0.0767,1,1,0,0.00119,0.8171,1.2773,-1.075978,-0.33137,-0.328144,1.277273,0.03692,0.178512,-0.013048
0.2776,935,0,180.3,181.5,0.2815,0.0933,0.1284,1,1,1,6e-05,0.8909,0.5475,0.113339,0.102131,0.547516,-0.15625,-0.008112,-0.129632,0.338157
0.3481,936,0,122.8,202.4,0.3521,0.1821,0.0829,1,1,1,6e-05,1.208,0.5233,-0.416772,0.380246,0.523267,0.377192,-0.135583,0.231468,0.059509
0.2309,937,0,405.0,200.5,0.2349,-0.0446,0.1344,1,1,1,4e-05,0.5657,0.6499,0.649915,-0.05393,0.349308,-0.481543,0.037667,-0.441817,0.335766
0.3575,938,0,145.1,194.4,0.3615,0.1656,0.0871,1,1,1,8e-05,1.2392,0.4942,-0.402468,0.348997,0.494161,0.339151,-0.121505,0.215349,0.065504
0.1709,939,0,54.4,36.4,0.1749,0.0721,0.2081,1,1,1,3e-05,0.5782,0.6303,0.299997,-0.102141,0.63029,-0.468995,0.0175,-0.456506,0.556747
0.5226,940,0,416.8,251.9,0.5266,-0.1554,-0.0786,0,1,0,,,,,,,,,,
0.4132,941,0,301.6,241.8,0.4171,0.022,0.0037,1,1,1,6e-05,1.3847,0.4038,-0.35441,0.17651,0.217845,0.403805,-0.048232,0.229702,0.018514
0.596,942,0,98.5,104.1,0.5999,0.352,0.1458,0,0,0,,,,,,,,,,
0.3839,943,0,19.4,21.9,0.3879,0.2613,0.2378,0,0,0,,,,,,,,,,
0.2953,944,0,325.4,225.8,0.2993,-0.0041,0.0861,1,1,1,6e-05,0.8216,0.3582,0.317555,0.055204,0.358168,-0.225607,0.028147,-0.179158,0.268631
0.3434,945,0,459.5,138.5,0.3474,-0.1182,0.1437,1,1,1,4e-05,0.7877,0.2595,0.143139,0.022754,0.097464,-0.259467,-0.002603,-0.209188,0.060673
0.1712,946,0,438.0,324.6,0.1752,-0.0442,0.1093,1,1,1,9e-05,0.4708,1.0036,1.003591,-0.150934,0.379071,-0.576406,0.086149,-0.513803,0.448847
0.0866,947,0,265.8,144.3,0.0905,0.0018,0.1976,1,1,1,9e-05,0.3725,0.8747,0.855022,-0.448557,0.422905,-0.674722,0.133154,-0.87474,0.742241
0.2782,948,0,575.2,261.9,0.2822,-0.1876,0.0655,1,1,1,7e-05,0.7088,0.5265,0.526527,0.02547,0.036901,-0.338441,-0.027354,-0.251166,-0.025036
0.3127,949,0,177.4,81.8,0.3166,0.1009,0.1908,1,1,1,3e-05,0.9259,0.5058,-0.147782,0.158674,0.505759,-0.121344,-0.051492,-0.082369,0.237388
0.3608,950,0,194.8,185.9,0.3648,0.1188,0.0944,1,1,1,0.0001,1.229,0.4479,-0.263331,0.256816,0.447922,0.181822,-0.075781,0.126923,0.116387
0.5047,951,0,356.9,291.7,0.5087,-0.0597,-0.1415,0,1,0,,,,,,,,,,
0.4244,952,0,78.7,42.2,0.4284,0.2418,0.2244,0,0,0,,,,,,,,,,
0.2303,953,0,306.4,0.3,0.2343,0.0058,0.2273,1,1,1,0.0001,0.5635,0.4837,0.281158,-0.045609,0.43034,-0.483693,0.003159,-0.472734,0.368194
0.1833,954,0,117.2,192.7,0.1872,0.073,0.1576,1,1,1,3e-05,0.64,0.6179,0.417112,-0.092965,0.617929,-0.407194,0.049679,-0.372633,0.564438
0.2411,955,0,429.7,324.8,0.2451,-0.0712,0.0426,1,1,1,0.0001,0.6786,0.7056,0.705599,0.015237,0.289877,-0.3686,0.049039,-0.250977,0.24937
0.1482,956,0,612.6,61.0,0.1521,-0.0618,0.2014,1,1,1,6e-05,0.3826,0.9642,0.964169,-0.233263,0.299747,-0.664643,0.04502,-0.869205,0.410791
0.4252,957,0,93.7,123.0,0.4292,0.2463,0.1435,0,0,0,,,,,,,,,,
0.0876,958,0,505.6,32.6,0.0916,-0.0061,0.2011,1,1,1,5e-05,0.3697,0.9184,0.887456,-0.451692,0.39246,-0.677538,0.133486,-0.918411,0.718875
0.6466,959,0,101.5,323.7,0.6506,0.4897,-0.3409,0,0,0,,,,,,,,,,
0.1341,960,0,491.0,33.9,0.1381,-0.0284,0.2053,1,1,1,6e-05,0.3858,0.8642,0.864166,-0.294711,0.370735,-0.661388,0.073553,-0.842435,0.53287
0.4628,961,0,260.2,232.6,0.4668,0.0812,-0.0111,1,1,0,0.01314,0.6715,1.4229,-1.07501,0.260965,0.127517,1.422918,-0.095262,0.072527,-0.001508
0.5588,962,0,432.7,70.4,0.5627,-0.1608,0.1968,1,1,1,0.0001,1.0193,1.2586,-1.258574,-0.217105,-0.235446,1.075135,0.03387,0.314812,-0.02497
0.2565,963,0,509.1,131.0,0.2605,-0.1072,0.1663,1,1,1,4e-05,0.551,0.5461,0.546136,-0.012692,0.201818,-0.496219,-0.008299,-0.473307,0.156735
0.1777,964,0,65.1,97.7,0.1817,0.0787,0.1913,1,1,1,0.0001,0.6141,0.6386,0.313729,-0.087269,0.63857,-0.433054,0.023743,-0.411112,0.555695
0.6069,965,0,290.3,214.1,0.6108,0.0542,-0.0518,0,1,0,,,,,,,,,,
0.5609,966,0,260.5,102.5,0.5649,0.0881,0.1518,1,1,0,0.04793,0.6804,1.414,-1.411021,0.181258,-0.149288,1.413983,-0.096714,0.071504,-0.008312
0.4584,967,0,82.3,83.9,0.4623,0.2723,0.1828,0,0,0,,,,,,,,,,
0.2407,968,0,428.1,191.6,0.2447,-0.0597,0.1356,1,1,1,4e-05,0.571,0.6271,0.627143,-0.037135,0.314181,-0.476155,0.026556,-0.436112,0.288675
0.4479,969,0,99.0,24.5,0.4519,0.2325,0.2432,0,0,0,,,,,,,,,,
0.4005,970,0,400.6,202.3,0.4045,-0.0888,0.0604,1,1,1,7e-05,1.1043,0.1007,-0.100662,0.049529,0.089867,0.057063,-0.004497,0.04058,0.0361
0.2824,971,0,578.4,350.9,0.2864,-0.2171,-0.0244,1,1,1,6e-05,0.9185,0.426,0.425958,0.003252,-0.041036,-0.128697,-0.020039,-0.062995,-0.061164
0.1647,972,0,151.5,67.8,0.1686,0.044,0.2001,1,1,1,5e-05,0.5205,0.5725,0.453649,-0.160245,0.568073,-0.526662,0.042384,-0.534615,0.572541
0.1676,973,0,617.6,169.5,0.1715,-0.0891,0.1713,1,1,1,0.0001,0.3956,1.0393,1.039277,-0.152875,0.271014,-0.651616,0.018227,-0.767175,0.308953
0.3372,974,0,138.3,237.5,0.3412,0.1676,0.0523,1,1,1,6e-05,1.2367,0.5258,-0.29821,0.3515,0.525804,0.348836,-0.114213,0.207542,0.08485
0.2545,975,0,468.0,352.4,0.2584,-0.1078,0.0046,1,1,1,8e-05,0.7579,0.6421,0.64213,0.04705,0.20262,-0.289306,0.029287,-0.165093,0.142572
0.1939,976,0,588.1,88.9,0.1978,-0.0951,0.193,1,1,1,6e-05,0.4208,0.822,0.821954,-0.097795,0.247467,-0.626376,-0.004891,-0.713424,0.246706
0.4955,977,0,625.1,260.4,0.4994,-0.4646,-0.0765,0,1,0,,,,,,,,,,
0.3361,978,0,585.2,171.9,0.34,-0.2263,0.1163,1,1,1,3e-05,0.8186,0.2286,0.17666,-0.035682,-0.111804,-0.228649,-0.01587,-0.174334,-0.08331
0.4054,979,0,134.5,188.5,0.4094,0.2042,0.0748,0,0,0,,,,,,,,,,
0.1431,980,0,390.7,123.7,0.1471,-0.0148,0.189,1,1,1,8e-05,0.4116,0.8282,0.828205,-0.271479,0.416563,-0.635575,0.079115,-0.737233,0.557784
0.079,981,0,206.6,28.5,0.083,0.001,0.2003,1,1,1,5e-05,0.3663,0.9093,0.854615,-0.473727,0.410716,-0.680888,0.139959,-0.909259,0.762331
0.5714,982,0,80.0,7.4,0.5754,0.3311,0.2789,0,0,0,,,,,,,,,,
0.5841,983,0,40.7,93.8,0.5881,0.4294,0.1625,0,0,0,,,,,,,,,,
0.5596,984,0,142.9,212.3,0.5635,0.2939,-0.026,0,0,0,,,,,,,,,,
0.4612,985,0,260.5,259.1,0.4652,0.083,-0.0517,1,1,0,0.03298,0.674,1.4204,-1.001846,0.276317,0.03326,1.420409,-0.102844,0.068065,-0.005172
0.4506,986,0,110.6,319.5,0.4546,0.3064,-0.1473,0,0,0,,,,,,,,,,
0.5309,987,0,105.9,307.7,0.5349,0.3748,-0.196,0,0,0,,,,,,,,,,
0.5,988,0,576.2,222.7,0.5039,-0.3772,-0.015,0,1,0,,,,,,,,,,
0.1239,989,0,95.6,317.3,0.1278,0.0418,0.1561,1,1,1,0.0001,0.4929,0.7127,0.712697,-0.280636,0.574173,-0.554269,0.111842,-0.542341,0.710797
0.4222,990,0,328.7,130.1,0.4262,-0.0095,0.1363,1,1,1,9e-05,1.1363,0.3322,-0.332246,0.114824,0.184877,0.089079,-0.029069,0.084657,0.046409
0.2013,991,0,628.8,342.5,0.2053,-0.1558,0.0693,1,1,1,7e-05,0.5091,0.986,0.985992,0.019456,0.187443,-0.53807,-0.028284,-0.410148,0.070672
0.3659,992,0,545.7,189.1,0.3698,-0.2187,0.0893,1,1,1,5e-05,0.9422,0.1128,0.058523,-0.050823,-0.112808,-0.104968,-0.004405,-0.073536,-0.062608
0.3093,993,0,150.4,187.0,0.3133,0.132,0.1126,1,1,1,5e-05,1.0754,0.5574,-0.088916,0.21085,0.557411,0.028205,-0.057462,0.018628,0.231132
0.5912,994,0,9.9,55.9,0.5952,0.4657,0.2172,0,0,0,,,,,,,,,,
0.3503,995,0,163.0,321.1,0.3543,0.1686,-0.0566,1,1,0,0.00028,0.8897,1.2047,-0.803462,0.46136,0.385354,1.204735,-0.13556,0.226329,0.008252
0.0926,996,0,444.2,11.0,0.0966,-0.0058,0.2025,1,1,1,4e-05,0.3716,0.9031,0.870114,-0.432003,0.400423,-0.67561,0.125106,-0.903058,0.70201
0.2594,997,0,42.4,228.7,0.2633,0.178,0.1028,1,1,1,8e-05,1.0939,0.7023,-0.038859,0.231097,0.702323,0.046689,-0.079026,0.025264,0.287366
0.2536,998,0,69.9,289.3,0.2576,0.1671,0.0605,1,1,1,4e-05,1.1234,0.683,0.060043,0.219087,0.682997,0.076153,-0.056115,0.04186,0.296153
0.3911,999,0,363.6,227.0,0.3951,-0.0479,0.0349,1,1,1,8e-05,1.1545,0.1611,-0.08839,0.091137,0.161053,0.107334,-0.008881,0.069406,0.062003
0.1836,1000,0,297.5,6.5,0.1876,0.0068,0.2174,1,1,1,7e-05,0.4829,0.5967,0.479398,-0.14155,0.465688,-0.564339,0.027316,-0.596718,0.475344
0.6318,1001,0,466.5,246.4,0.6357,-0.2906,-0.1341,0,1,0,,,,,,,,,,
0.1354,1002,0,9.9,80.1,0.1394,0.055,0.198,1,1,1,7e-05,0.499,0.6536,0.479492,-0.214797,0.614449,-0.548165,0.054934,-0.562423,0.653578
0.5524,1003,0,528.0,247.5,0.5564,-0.3541,-0.0885,0,1,0,,,,,,,,,,
0.0816,1004,0,160.1,316.6,0.0856,0.0035,0.1949,1,1,1,0.0001,0.3712,0.8741,0.863343,-0.465715,0.423905,-0.676023,0.14093,-0.874136,0.76484
0.475,1005,0,68.7,98.6,0.479,0.3048,0.165,0,0,0,,,,,,,,,,
0.116,1006,0,408.7,42.7,0.12,-0.0102,0.2028,1,1,1,7e-05,0.3838,0.8413,0.841342,-0.352817,0.409795,-0.663366,0.097071,-0.841119,0.624173
0.1068,1007,0,504.8,163.7,0.1107,-0.0185,0.191,1,1,1,9e-05,0.3787,0.9713,0.971306,-0.395847,0.374121,-0.668515,0.121716,-0.878457,0.643085
0.1338,1008,0,1.7,51.4,0.1377,0.0533,0.2026,1,1,1,7e-05,0.4904,0.6522,0.47255,-0.218176,0.611274,-0.556778,0.052128,-0.576802,0.652219
0.6073,1009,0,551.4,74.5,0.6113,-0.3649,0.1903,0,1,0,,,,,,,,,,
0.1052,1010,0,314.7,238.2,0.1092,0.0005,0.1834,1,1,1,6e-05,0.3918,0.8926,0.892562,-0.391969,0.436682,-0.655386,0.125905,-0.788077,0.696098
0.1161,1011,0,138.7,85.7,0.1201,0.0218,0.198,1,1,1,7e-05,0.4184,0.7127,0.682857,-0.321461,0.516306,-0.62881,0.088579,-0.712657,0.682109
0.1745,1012,0,308.8,66.7,0.1784,0.0032,0.2003,1,1,1,9e-05,0.4717,0.6138,0.587653,-0.173218,0.46319,-0.575486,0.045299,-0.61379,0.506713
0.6188,1013,0,207.2,247.5,0.6227,0.2189,-0.1287,0,0,0,,,,,,,,,,
0.3773,1014,0,127.5,342.4,0.3813,0.2334,-0.1141,0,0,0,,,,,,,,,,
0.5495,1015,0,33.5,85.0,0.5534,0.4068,0.1772,0,0,0,,,,,,,,,,
0.2423,1016,0,62.3,112.4,0.2462,0.1321,0.1785,1,1,1,5e-05,0.8501,0.661,0.012242,0.106161,0.66102,-0.197123,-0.042139,-0.163659,0.381373
0.3797,1017,0,103.2,251.3,0.3837,0.2364,0.0113,0,0,0,,,,,,,,,,
0.4672,1018,0,128.7,334.4,0.4711,0.2981,-0.1918,0,0,0,,,,,,,,,,
0.2786,1019,0,557.1,344.3,0.2826,-0.1939,-0.0132,1,1,1,6e-05,0.8649,0.478,0.477996,0.023906,0.011825,-0.182333,-0.015196,-0.097065,-0.030751
0.0791,1020,0,260.7,215.9,0.0831,0.0006,0.1985,1,1,1,5e-05,0.3672,0.9058,0.866126,-0.475728,0.409114,-0.680044,0.142323,-0.905755,0.763735
0.514,1021,0,538.0,317.1,0.5179,-0.3718,-0.2011,0,1,0,,,,,,,,,,
0.4765,1022,0,328.8,308.0,0.4804,-0.0136,-0.1492,0,1,0,,,,,,,,,,
0.3045,1023,0,562.5,241.0,0.3084,-0.1965,0.0677,1,1,1,5e-05,0.7801,0.3839,0.383872,0.008598,-0.009568,-0.267119,-0.021911,-0.197814,-0.040645
0.1361,1024,0,297.8,268.7,0.1401,0.0049,0.1582,1,1,1,6e-05,0.445,0.861,0.861001,-0.283606,0.470707,-0.602208,0.110844,-0.627772,0.632093
0.5887,1025,0,572.0,339.3,0.5926,-0.518,-0.3264,0,1,0,,,,,,,,,,
0.5842,1026,0,347.4,2.5,0.5882,-0.0386,0.2871,0,1,0,,,,,,,,,,
0.333,1027,0,135.5,2.1,0.3369,0.1314,0.2443,1,1,1,8e-05,1.0132,0.4934,-0.425894,0.241357,0.493385,-0.033997,-0.100584,0.0269,0.137767
0.2002,1028,0,587.5,222.3,0.2042,-0.1153,0.1372,1,1,1,4e-05,0.4511,0.9428,0.942803,-0.055796,0.238259,-0.596126,-0.007441,-0.591236,0.19699
0.2589,1029,0,79.7,201.0,0.2629,0.1489,0.1222,1,1,1,7e-05,0.9856,0.6621,0.024015,0.163319,0.662141,-0.061615,-0.046641,-0.053436,0.335775
0.5595,1030,0,105.6,103.6,0.5635,0.3167,0.1504,0,0,0,,,,,,,,,,
0.1464,1031,0,389.8,155.1,0.1504,-0.0158,0.1814,1,1,1,8e-05,0.4183,0.8474,0.847424,-0.262441,0.416703,-0.628949,0.081469,-0.713566,0.553128
0.4971,1032,0,270.8,26.9,0.5011,0.0588,0.2463,1,1,1,8e-05,1.2334,1.1062,-1.106245,0.147245,0.114499,0.572995,-0.073593,0.381017,-0.047186
0.3282,1033,0,454.9,110.5,0.3322,-0.1046,0.1689,1,1,1,5e-05,0.7276,0.3196,0.171938,0.022479,0.134205,-0.319642,-0.003461,-0.269109,0.08964
0.6189,1034,0,330.3,121.4,0.6229,-0.0174,0.1148,0,1,0,,,,,,,,,,
0.6294,1035,0,222.2,312.8,0.6334,0.2097,-0.2954,0,0,0,,,,,,,,,,
0.4687,1036,0,278.7,30.1,0.4726,0.0461,0.24,1,1,1,6e-05,1.3338,0.8508,-0.850808,0.158389,0.153985,0.312442,-0.069281,0.280645,-0.036398
0.6206,1037,0,303.1,190.1,0.6246,0.0308,-0.0102,0,1,0,,,,,,,,,,
0.3149,1038,0,60.5,326.5,0.3189,0.2443,-0.0298,0,0,0,,,,,,,,,,
0.2094,1039,0,121.5,82.2,0.2134,0.0792,0.1947,1,1,1,7e-05,0.6655,0.6058,0.223437,-0.02571,0.605792,-0.381719,0.006262,-0.352329,0.477784
0.46,1040,0,323.8,339.3,0.4639,-0.0059,-0.1942,0,1,0,,,,,,,,,,
0.3428,1041,0,338.5,312.9,0.3467,-0.0191,-0.0388,1,1,1,9e-05,1.2114,0.2341,0.067946,0.131126,0.234086,0.164158,-0.001179,0.0963,0.097158
0.6255,1042,0,114.1,119.9,0.6294,0.3514,0.1164,0,0,0,,,,,,,,,,
0.6167,1043,0,492.9,186.5,0.6207,-0.3118,-0.0017,0,1,0,,,,,,,,,,
0.5979,1044,0,121.5,326.4,0.6018,0.4084,-0.3018,0,0,0,,,,,,,,,,
0.1892,1045,0,201.2,151.1,0.1931,0.0431,0.1715,1,1,1,4e-05,0.5801,0.5493,0.47481,-0.114189,0.54934,-0.467131,0.050215,-0.447706,0.533712
0.5905,1046,0,26.8,85.3,0.5945,0.4526,0.1748,0,0,0,,,,,,,,,,
0.3009,1047,0,64.5,116.7,0.3049,0.1779,0.168,1,1,1,6e-05,1.1081,0.6303,-0.279744,0.282958,0.630308,0.060949,-0.115792,0.05945,0.190653
0.2213,1048,0,77.2,74.5,0.2252,0.1046,0.1974,1,1,1,6e-05,0.7363,0.6401,0.102986,0.03289,0.640059,-0.310868,-0.018739,-0.274595,0.439028
0.1757,1049,0,371.6,293.4,0.1796,-0.0194,0.1199,1,1,1,7e-05,0.5016,0.8816,0.881598,-0.157674,0.422922,-0.545598,0.091532,-0.49522,0.496908
0.2665,1050,0,263.5,172.5,0.2705,0.0354,0.1383,1,1,1,7e-05,0.7486,0.4628,0.291209,0.024583,0.462846,-0.298552,0.023688,-0.258459,0.360919
0.1943,1051,0,451.9,323.5,0.1982,-0.0613,0.088,1,1,1,6e-05,0.5182,0.9382,0.93819,-0.078777,0.345954,-0.529034,0.06561,-0.430599,0.35983
0.2121,1052,0,392.6,80.0,0.2161,-0.0295,0.1954,1,1,1,6e-05,0.5002,0.5642,0.558455,-0.098004,0.376889,-0.547026,0.023303,-0.564243,0.37665
0.3808,1053,0,639.4,155.0,0.3848,-0.3138,0.1193,1,1,1,6e-05,1.0529,0.3231,-0.126129,-0.183888,-0.323087,0.00573,0.025382,0.021861,-0.112178
0.1739,1054,0,222.2,310.1,0.1779,0.037,0.1136,1,1,1,4e-05,0.6006,0.6844,0.684383,-0.139796,0.538747,-0.446553,0.100832,-0.379662,0.580651
0.6215,1055,0,181.2,188.1,0.6255,0.253,-0.0066,0,0,0,,,,,,,,,,
0.3162,1056,0,243.1,292.5,0.3202,0.0697,0.0079,1,1,1,7e-05,1.1529,0.4233,0.084778,0.182755,0.423322,0.105737,-0.011801,0.062777,0.192067
0.5735,1057,0,433.2,54.3,0.5774,-0.1639,0.2188,1,1,0,0.00814,0.6921,1.4107,-1.410659,-0.257397,-0.311508,1.40234,0.025573,0.076513,-0.007453
0.5822,1058,0,440.6,168.3,0.5862,-0.1995,0.0433,0,1,0,,,,,,,,,,
0.5358,1059,0,144.4,115.1,0.5398,0.2496,0.1368,0,0,0,,,,,,,,,,
0.3635,1060,0,597.3,350.6,0.3674,-0.3244,-0.1121,1,1,1,9e-05,1.285,0.8094,-0.364057,-0.295298,-0.304355,0.809416,0.0443,0.307632,-0.006114
0.216,1061,0,492.9,207.6,0.2199,-0.0826,0.1371,1,1,1,7e-05,0.4986,0.8013,0.801287,-0.062548,0.288667,-0.548587,0.019343,-0.523912,0.27244
0.5488,1062,0,622.8,132.2,0.5527,-0.4503,0.1099,0,1,0,,,,,,,,,,
0.3399,1063,0,194.1,3.9,0.3439,0.0923,0.2443,1,1,1,4e-05,0.9464,0.4318,-0.352102,0.186279,0.431839,-0.100786,-0.070116,-0.03218,0.151591
0.5322,1064,0,402.4,335.2,0.5361,-0.1498,-0.2587,0,1,0,,,,,,,,,,
0.5527,1065,0,579.0,232.9,0.5567,-0.4338,-0.0607,0,1,0,,,,,,,,,,
0.268,1066,0,247.6,257.6,0.272,0.0503,0.0757,1,1,1,7e-05,0.8589,0.4773,0.326889,0.061231,0.477253,-0.188346,0.035993,-0.146391,0.35426
0.3884,1067,0,422.0,148.8,0.3923,-0.102,0.1237,1,1,1,9e-05,0.9541,0.0931,-0.061852,0.03315,0.080331,-0.093146,-0.002094,-0.06278,0.040966
0.1088,1068,0,371.1,225.6,0.1128,-0.0058,0.183,1,1,1,6e-05,0.3897,0.9234,0.923377,-0.384439,0.418658,-0.657493,0.123879,-0.800665,0.673019
0.1442,1069,0,298.8,67.4,0.1482,0.0043,0.2001,1,1,1,6e-05,0.4287,0.6976,0.689559,-0.254864,0.467825,-0.618515,0.06817,-0.697646,0.580656
0.0971,1070,0,268.7,36.2,0.1011,0.0031,0.2018,1,1,1,7e-05,0.3785,0.8469,0.810419,-0.406385,0.439151,-0.668735,0.114841,-0.84692,0.705958
0.5396,1071,0,418.7,325.2,0.5435,-0.18,-0.2428,0,1,0,,,,,,,,,,
0.5304,1072,0,565.4,140.7,0.5343,-0.3539,0.101,1,1,0,0.02764,0.6959,1.3985,-1.116973,-0.495445,-0.614311,1.398486,0.048477,0.06806,-0.002651
0.3098,1073,0,43.6,86.7,0.3137,0.1941,0.1876,1,1,1,9e-05,1.1645,0.6239,-0.402155,0.334928,0.623852,0.117266,-0.144822,0.111405,0.138887
0.6271,1074,0,359.1,207.8,0.6311,-0.0736,-0.0483,0,1,0,,,,,,,,,,
0.6308,1075,0,535.5,34.9,0.6347,-0.3417,0.2495,0,1,0,,,,,,,,,,
0.0942,1076,0,264.8,294.6,0.0982,0.0038,0.1853,1,1,1,7e-05,0.3848,0.8886,0.888574,-0.426973,0.437797,-0.662363,0.135987,-0.810839,0.734436
0.4554,1077,0,591.6,151.2,0.4594,-0.3308,0.1044,1,1,1,0.0001,1.341,0.5347,-0.534727,-0.309447,-0.380002,0.416,0.070435,0.273387,-0.0506
0.2339,1078,0,422.9,123.3,0.2378,-0.0506,0.1743,1,1,1,4e-05,0.5346,0.565,0.56496,-0.057933,0.327506,-0.512613,0.01794,-0.504589,0.307985
0.518,1079,0,88.0,53.4,0.522,0.2982,0.2177,0,0,0,,,,,,,,,,
0.597,1080,0,386.6,242.9,0.6009,-0.1233,-0.1058,0,1,0,,,,,,,,,,
0.5237,1081,0,18.8,51.1,0.5277,0.3913,0.2207,0,0,0,,,,,,,,,,
0.5712,1082,0,551.0,166.8,0.5751,-0.3734,0.0493,0,1,0,,,,,,,,,,
0.5133,1083,0,569.9,334.7,0.5173,-0.4355,-0.2387,0,1,0,,,,,,,,,,
0.1687,1084,0,593.7,267.4,0.1727,-0.0929,0.1361,1,1,1,7e-05,0.4069,1.1166,1.116619,-0.131979,0.28613,-0.640253,0.026845,-0.666846,0.306089
0.4333,1085,0,129.8,187.2,0.4373,0.2268,0.0659,0,0,0,,,,,,,,,,
0.1825,1086,0,54.6,355.5,0.1864,0.1158,0.0816,1,1,1,9e-05,0.8273,0.6873,0.411802,-0.011806,0.687255,-0.219855,0.054407,-0.163581,0.546769
0.1541,1087,0,212.7,359.8,0.158,0.0345,0.1114,1,1,1,5e-05,0.5671,0.7693,0.769334,-0.187366,0.540851,-0.480074,0.120676,-0.405583,0.628195
0.6239,1088,0,11.6,179.3,0.6278,0.559,0.0096,0,0,0,,,,,,,,,,
0.1346,1089,0,443.8,147.6,0.1386,-0.0232,0.1859,1,1,1,5e-05,0.3966,0.9163,0.916306,-0.300181,0.389529,-0.650639,0.089511,-0.783841,0.561794
0.6444,1090,0,427.0,182.5,0.6484,-0.2019,-0.0039,0,1,0,,,,,,,,,,
0.5338,1091,0,380.7,70.7,0.5378,-0.0821,0.1965,1,1,1,9e-05,1.2335,1.0161,-1.016059,-0.04514,-0.080194,0.623832,-0.002075,0.380942,-0.048953
0.362,1092,0,598.0,308.5,0.3659,-0.3062,-0.0501,1,1,1,7e-05,1.3934,0.3462,-0.099197,-0.19938,-0.264145,0.34624,0.025734,0.180854,-0.043649
0.2232,1093,0,604.7,172.1,0.2272,-0.1376,0.1525,1,1,1,8e-05,0.4814,0.7844,0.784418,-0.016339,0.173857,-0.565791,-0.02958,-0.559968,0.108743
0.6384,1094,0,149.3,45.1,0.6423,0.2769,0.235,0,0,0,,,,,,,,,,
0.4389,1095,0,511.8,350.0,0.4429,-0.283,-0.1928,0,1,0,,,,,,,,,,
0.2554,1096,0,230.5,183.0,0.2593,0.0533,0.1353,1,1,1,7e-05,0.7588,0.5066,0.29187,0.022511,0.506644,-0.288369,0.02547,-0.248689,0.39358
0.0937,1097,0,70.1,119.2,0.0977,0.0137,0.1973,1,1,1,6e-05,0.3862,0.8007,0.771691,-0.405887,0.477022,-0.661015,0.116038,-0.80071,0.738754
0.2808,1098,0,488.9,44.3,0.2848,-0.0997,0.2132,1,1,1,8e-05,0.5826,0.4646,0.296312,-0.001103,0.175145,-0.464566,-0.010532,-0.435438,0.13185
0.2255,1099,0,325.5,249.6,0.2294,-0.003,0.1082,1,1,1,3e-05,0.6347,0.6127,0.61268,-0.050077,0.429488,-0.412548,0.063976,-0.349792,0.416355
0.6374,1100,0,521.2,76.9,0.6414,-0.3361,0.186,0,1,0,,,,,,,,,,
0.3971,1101,0,621.3,43.3,0.4011,-0.2786,0.2216,1,1,1,7e-05,0.9583,0.3082,-0.303332,-0.163364,-0.308209,-0.088883,0.044384,-0.009402,-0.107624
0.2752,1102,0,180.9,87.6,0.2792,0.0833,0.1889,1,1,1,5e-05,0.8063,0.5329,0.029639,0.084438,0.532921,-0.240887,-0.02253,-0.200983,0.329876
0.6219,1103,0,449.5,337.1,0.6258,-0.2826,-0.3541,0,0,0,,,,,,,,,,
0.4962,1104,0,311.7,126.3,0.5002,0.0109,0.1277,1,1,1,8e-05,1.2724,0.8444,-0.84442,0.11532,0.099994,0.577034,-0.053547,0.342058,-0.033336
0.5999,1105,0,585.4,250.6,0.6039,-0.4989,-0.1239,0,1,0,,,,,,,,,,
0.0815,1106,0,8.3,75.2,0.0854,0.005,0.1999,1,1,1,0.0001,0.3691,0.8806,0.828108,-0.459092,0.431038,-0.678056,0.133742,-0.880584,0.761739
0.4289,1107,0,557.2,109.6,0.4329,-0.2573,0.1574,1,1,1,8e-05,1.1076,0.3286,-0.328561,-0.153078,-0.250692,0.060415,0.033921,0.079681,-0.077758
0.2821,1108,0,307.6,196.0,0.2861,0.0086,0.1161,1,1,1,6e-05,0.7679,0.3981,0.321614,0.035423,0.398111,-0.279296,0.027221,-0.234324,0.310462
0.1325,1109,0,100.2,189.5,0.1365,0.0415,0.1783,1,1,1,9e-05,0.4848,0.6731,0.620123,-0.254347,0.574801,-0.562419,0.084488,-0.575833,0.67315
0.265,1110,0,207.4,12.6,0.269,0.0595,0.2277,1,1,1,5e-05,0.7171,0.497,0.022943,0.052278,0.497024,-0.330121,-0.02262,-0.283837,0.327158
0.6078,1111,0,234.4,353.9,0.6117,0.1861,-0.3865,0,0,0,,,,,,,,,,
0.572,1112,0,412.6,202.0,0.576,-0.1558,-0.0127,0,1,0,,,,,,,,,,
0.5536,1113,0,624.5,305.9,0.5576,-0.5583,-0.2118,0,1,0,,,,,,,,,,
0.2666,1114,0,329.6,257.9,0.2706,-0.0066,0.0764,1,1,1,7e-05,0.7625,0.4626,0.462576,0.025918,0.382475,-0.284727,0.047146,-0.220967,0.320151
0.44,1115,0,246.1,209.1,0.4439,0.092,0.0343,1,1,1,9e-05,1.275,0.7493,-0.749288,0.265271,0.253975,0.734963,-0.094182,0.339393,-0.015844
0.2864,1116,0,124.2,106.9,0.2904,0.1263,0.1763,1,1,1,4e-05,0.9308,0.5864,-0.095741,0.161423,0.586396,-0.116351,-0.05602,-0.086104,0.285299
0.3029,1117,0,402.3,11.6,0.3069,-0.0522,0.2338,1,1,1,5e-05,0.6573,0.3899,0.085737,0.023466,0.241023,-0.389853,-0.007936,-0.340034,0.169934
0.4909,1118,0,572.0,141.8,0.4949,-0.3323,0.1082,1,1,1,8e-05,1.2491,0.8187,-0.818744,-0.387751,-0.40786,0.753876,0.080362,0.365316,-0.035475
0.2249,1119,0,248.8,302.6,0.2288,0.0405,0.074,1,1,1,8e-05,0.7527,0.529,0.528966,-0.011844,0.501502,-0.29449,0.073465,-0.222372,0.449294
0.1527,1120,0,394.4,93.6,0.1567,-0.0173,0.1944,1,1,1,7e-05,0.4182,0.7805,0.780545,-0.241606,0.412686,-0.628968,0.065327,-0.723309,0.525336
0.5574,1121,0,392.0,233.7,0.5614,-0.1219,-0.0648,0,1,0,,,,,,,,,,
0.5172,1122,0,114.1,64.0,0.5212,0.2668,0.2049,0,0,0,,,,,,,,,,
0.2448,1123,0,10.5,112.2,0.2488,0.161,0.1783,1,1,1,5e-05,0.925,0.7038,-0.081931,0.165869,0.703771,-0.12224,-0.075082,-0.095024,0.340599
0.4498,1124,0,103.6,42.9,0.4538,0.2329,0.2255,0,0,0,,,,,,,,,,
0.4005,1125,0,225.9,359.3,0.4044,0.1258,-0.1675,0,1,0,,,,,,,,,,
0.3469,1126,0,182.1,130.1,0.3508,0.1173,0.1501,1,1,1,6e-05,1.0953,0.4758,-0.250839,0.225108,0.47584,0.048124,-0.071445,0.049095,0.158746
0.1104,1127,0,541.1,220.9,0.1144,-0.0263,0.1828,1,1,1,9e-05,0.3796,1.0423,1.042328,-0.385018,0.356468,-0.667648,0.123251,-0.872013,0.619174
0.1291,1128,0,477.5,82.1,0.133,-0.025,0.1979,1,1,1,6e-05,0.3865,0.8993,0.899263,-0.315158,0.37748,-0.660719,0.08617,-0.836299,0.56082
0.3135,1129,0,466.1,149.6,0.3175,-0.1112,0.1414,1,1,1,6e-05,0.7102,0.337,0.292927,0.021403,0.144278,-0.336988,-0.002458,-0.286161,0.097708
0.2515,1130,0,571.4,17.2,0.2555,-0.1239,0.2236,1,1,1,5e-05,0.5041,0.5449,0.428028,-0.013784,0.141072,-0.543113,-0.022959,-0.544915,0.102637
0.4945,1131,0,143.1,19.1,0.4984,0.2084,0.2544,0,0,0,,,,,,,,,,
0.1991,1132,0,436.1,132.9,0.2031,-0.045,0.1763,1,1,1,9e-05,0.471,0.722,0.722002,-0.122198,0.355231,-0.576161,0.033289,-0.602505,0.379866
0.5154,1133,0,311.7,56.7,0.5194,0.0106,0.2137,1,1,1,8e-05,1.2343,1.0589,-1.058899,0.082347,0.05156,0.609342,-0.046976,0.380152,-0.045298
0.3628,1134,0,24.2,233.7,0.3667,0.2983,0.0423,0,0,0,,,,,,,,,,
0.3105,1135,0,162.8,44.6,0.3144,0.1063,0.2149,1,1,1,9e-05,0.9145,0.5112,-0.208939,0.167999,0.511199,-0.132707,-0.062534,-0.082585,0.225767
0.4985,1136,0,419.7,151.2,0.5024,-0.1352,0.0935,1,1,1,7e-05,1.3148,0.6636,-0.663625,-0.060724,-0.089736,0.478554,0.003172,0.299643,-0.039603
0.4689,1137,0,43.7,159.9,0.4728,0.3516,0.0896,0,0,0,,,,,,,,,,
0.4277,1138,0,70.5,109.7,0.4317,0.2698,0.1574,0,0,0,,,,,,,,,,
0.2378,1139,0,402.6,236.5,0.2418,-0.0472,0.1092,1,1,1,3e-05,0.6035,0.6549,0.65494,-0.032311,0.341428,-0.443719,0.043134,-0.380874,0.319567
0.1805,1140,0,338.9,77.7,0.1845,-0.0059,0.1972,1,1,1,9e-05,0.4713,0.6138,0.61082,-0.16332,0.440393,-0.575908,0.043414,-0.613755,0.481526
0.2488,1141,0,520.8,109.6,0.2528,-0.1067,0.1792,1,1,1,5e-05,0.5259,0.5586,0.558633,-0.02115,0.20386,-0.521312,-0.01112,-0.512231,0.162132
0.2724,1142,0,492.8,132.5,0.2764,-0.1068,0.1624,1,1,1,0.0001,0.5909,0.4676,0.467645,-0.000674,0.189529,-0.456278,-0.006355,-0.42175,0.1423
0.3033,1143,0,280.9,76.3,0.3072,0.0264,0.1947,1,1,1,5e-05,0.77,0.3988,0.051466,0.064587,0.398773,-0.277186,-0.009808,-0.232484,0.260323
0.1915,1144,0,500.3,7.3,0.1954,-0.058,0.2184,1,1,1,5e-05,0.4279,0.7045,0.657032,-0.127117,0.313319,-0.619284,0.01015,-0.704475,0.335468
0.562,1145,0,70.1,32.0,0.5659,0.346,0.247,0,0,0,,,,,,,,,,
0.5109,1146,0,379.6,353.4,0.5149,-0.106,-0.2787,0,1,0,,,,,,,,,,
0.4567,1147,0,95.6,70.4,0.4607,0.2526,0.1974,0,0,0,,,,,,,,,,
0.2806,1148,0,261.8,85.3,0.2845,0.0357,0.19,1,1,1,5e-05,0.7348,0.4439,0.128568,0.04275,0.443903,-0.31237,-0.002915,-0.272716,0.313419
0.3127,1149,0,152.0,329.3,0.3166,0.1573,-0.0309,1,1,1,7e-05,1.2144,0.5052,-0.209589,0.373795,0.505243,0.493174,-0.107566,0.247557,0.056438
0.3268,1150,0,64.0,70.8,0.3308,0.1899,0.1981,1,1,1,8e-05,1.1936,0.5795,-0.47607,0.346975,0.57951,0.146378,-0.148579,0.139927,0.104458
0.4074,1151,0,528.2,303.6,0.4114,-0.2641,-0.0822,1,1,1,9e-05,1.306,0.7183,-0.418138,-0.206397,-0.22431,0.718321,0.027548,0.308412,-0.016233
0.2815,1152,0,499.6,211.6,0.2854,-0.1265,0.1045,1,1,1,8e-05,0.6616,0.5088,0.508834,0.020146,0.154916,-0.385645,-0.003766,-0.319571,0.099238
0.3017,1153,0,232.7,194.4,0.3057,0.0662,0.1095,1,1,1,6e-05,0.9184,0.4697,0.116778,0.109092,0.469747,-0.12885,-0.001453,-0.105084,0.286994
0.3508,1154,0,1.5,199.5,0.3548,0.2961,0.0846,0,0,0,,,,,,,,,,
0.6204,1155,0,113.8,137.5,0.6244,0.3552,0.0871,0,0,0,,,,,,,,,,
0.2402,1156,0,376.0,216.2,0.2441,-0.0317,0.1209,1,1,1,3e-05,0.6136,0.5962,0.596211,-0.035428,0.366903,-0.433622,0.043523,-0.380925,0.343456
0.5929,1157,0,202.4,312.9,0.5968,0.2354,-0.2628,0,0,0,,,,,,,,,,
0.4025,1158,0,395.1,227.5,0.4065,-0.0856,0.0283,1,1,1,6e-05,1.1846,0.1374,-0.122066,0.055118,0.088197,0.137362,-0.006391,0.088434,0.029361
0.3137,1159,0,243.7,34.7,0.3176,0.0518,0.2213,1,1,1,3e-05,0.8176,0.4206,-0.106774,0.10385,0.420579,-0.229554,-0.031186,-0.173556,0.230502
0.3255,1160,0,252.5,229.3,0.3295,0.0589,0.0671,1,1,1,6e-05,1.0328,0.4176,0.066121,0.145977,0.417571,-0.014449,-0.007942,-0.015866,0.219548
0.622,1161,0,30.0,48.9,0.626,0.4584,0.2285,0,0,0,,,,,,,,,,
0.1302,1162,0,329.3,337.5,0.1342,-0.002,0.1449,1,1,1,6e-05,0.437,0.9578,0.9578,-0.299386,0.45159,-0.610166,0.127211,-0.621377,0.639344
0.3172,1163,0,192.5,232.1,0.3212,0.108,0.0688,1,1,1,6e-05,1.111,0.5017,-0.017706,0.20007,0.501705,0.063805,-0.036812,0.038306,0.216385
0.6158,1164,0,375.9,314.8,0.6198,-0.1171,-0.2882,0,1,0,,,,,,,,,,
0.4294,1165,0,463.5,166.2,0.4334,-0.1654,0.0932,1,1,1,8e-05,1.1435,0.2401,-0.240054,-0.039556,-0.068276,0.096345,0.005088,0.078906,-0.027646
0.6147,1166,0,287.0,300.5,0.6187,0.0677,-0.2507,0,1,0,,,,,,,,,,
0.4002,1167,0,284.5,258.9,0.4041,0.0417,-0.0117,1,1,1,8e-05,1.3746,0.4384,-0.340507,0.206438,0.253125,0.438405,-0.05568,0.239803,0.021049
0.5555,1168,0,512.1,61.8,0.5594,-0.27,0.2082,1,1,0,0.00636,0.704,1.3904,-1.337017,-0.424263,-0.443796,1.390369,0.06296,0.081875,-0.009394
0.288,1169,0,241.5,314.2,0.292,0.0645,0.0089,1,1,1,9e-05,1.0614,0.4523,0.225771,0.144309,0.452298,0.01416,0.014504,0.008197,0.258777
0.3846,1170,0,291.8,50.7,0.3886,0.0252,0.2146,1,1,1,4e-05,0.977,0.3258,-0.325846,0.133854,0.275793,-0.070172,-0.037648,-0.014702,0.096646
0.2842,1171,0,207.8,46.1,0.2882,0.0674,0.2124,1,1,1,4e-05,0.7808,0.4897,-0.017447,0.08273,0.48968,-0.266442,-0.026473,-0.218979,0.298053
0.2926,1172,0,26.1,0.0,0.2965,0.176,0.2384,1,1,1,5e-05,1.0267,0.6227,-0.404571,0.283193,0.622674,-0.020498,-0.133847,0.029274,0.173957
0.4502,1173,0,313.9,91.2,0.4541,0.0069,0.1753,1,1,1,5e-05,1.2333,0.5539,-0.553871,0.127323,0.159765,0.186063,-0.044249,0.172066,0.004006
0.2737,1174,0,12.9,61.0,0.2777,0.1779,0.2038,1,1,1,7e-05,1.009,0.6736,-0.269242,0.250579,0.673613,-0.038229,-0.117192,-0.008137,0.236532
0.3683,1175,0,283.4,202.6,0.3722,0.0363,0.074,1,1,1,5e-05,1.1101,0.325,-0.093491,0.15604,0.324963,0.06287,-0.023466,0.042799,0.133626
0.2265,1176,0,269.4,320.3,0.2305,0.0298,0.0599,1,1,1,8e-05,0.7583,0.563,0.563016,-0.005413,0.476641,-0.288929,0.078263,-0.207593,0.431344
0.167,1177,0,9.4,191.2,0.1709,0.0947,0.1646,1,1,1,9e-05,0.6542,0.6823,0.355005,-0.09184,0.682257,-0.393039,0.03813,-0.358638,0.596437
0.6412,1178,0,93.8,131.0,0.6451,0.4018,0.0943,0,0,0,,,,,,,,,,
0.5572,1179,0,251.6,272.9,0.5612,0.1214,-0.143,0,1,0,,,,,,,,,,
0.5863,1180,0,347.2,329.6,0.5903,-0.0549,-0.2986,0,1,0,,,,,,,,,,
0.2744,1181,0,273.7,200.1,0.2783,0.0311,0.1163,1,1,1,6e-05,0.7841,0.4452,0.30392,0.038648,0.445203,-0.263124,0.027668,-0.220564,0.342167
0.5247,1182,0,596.4,39.3,0.5287,-0.3558,0.2349,1,1,0,0.00282,0.7582,1.3362,-1.317059,-0.577327,-0.555569,1.336183,0.105305,0.12277,-0.01621
0.4082,1183,0,622.0,339.5,0.4122,-0.4023,-0.1415,0,1,0,,,,,,,,,,
0.2582,1184,0,572.0,347.7,0.2621,-0.1861,0.005,1,1,1,8e-05,0.7637,0.6058,0.605759,0.03946,0.05374,-0.283494,-0.020154,-0.164048,-0.019302
0.2016,1185,0,328.2,52.5,0.2055,-0.003,0.2054,1,1,1,5e-05,0.5072,0.5565,0.489974,-0.112256,0.436976,-0.540004,0.026604,-0.556511,0.434239
0.375,1186,0,273.5,268.3,0.379,0.0509,-0.0071,1,1,1,6e-05,1.3659,0.3187,-0.19591,0.210531,0.304638,0.318675,-0.045561,0.182549,0.062928
0.6401,1187,0,546.1,160.6,0.6441,-0.4135,0.0402,0,1,0,,,,,,,,,,
0.4511,1188,0,631.8,120.6,0.4551,-0.3635,0.1421,1,1,1,6e-05,1.3297,0.5849,-0.58488,-0.368703,-0.450821,0.408107,0.094037,0.284778,-0.053619
0.4315,1189,0,533.0,293.3,0.4355,-0.2861,-0.0857,1,1,0,0.00456,0.7138,1.3806,-0.771751,-0.315064,-0.320383,1.380601,0.018455,0.094061,-0.006977
0.5475,1190,0,13.3,196.9,0.5515,0.4877,0.0065,0,0,0,,,,,,,,,,
0.4755,1191,0,227.8,112.7,0.4794,0.1135,0.148,1,1,1,0.0001,1.245,1.0686,-1.068605,0.254042,0.21868,0.794632,-0.105628,0.369436,-0.021828
0.5131,1192,0,270.7,356.7,0.517,0.0884,-0.2887,0,1,0,,,,,,,,,,
0.3144,1193,0,359.0,227.9,0.3184,-0.0325,0.0743,1,1,1,6e-05,0.8541,0.2867,0.279233,0.063241,0.286698,-0.193106,0.020799,-0.149183,0.20359
0.5077,1194,0,586.7,250.3,0.5117,-0.413,-0.0664,0,1,0,,,,,,,,,,
0.6118,1195,0,301.6,13.3,0.6158,0.0276,0.2775,0,1,0,,,,,,,,,,
0.1585,1196,0,278.6,186.2,0.1625,0.0114,0.1693,1,1,1,0.0001,0.4784,0.7144,0.714446,-0.215709,0.488974,-0.568836,0.080537,-0.584484,0.579047
0.1452,1197,0,447.7,181.3,0.1491,-0.0293,0.1755,1,1,1,9e-05,0.4064,0.9362,0.936195,-0.26582,0.383931,-0.640797,0.083275,-0.740152,0.528722
0.5274,1198,0,268.8,25.0,0.5314,0.0655,0.2519,1,1,0,0.00045,0.8787,1.508,-1.507987,0.107203,0.049174,1.215652,-0.06311,0.235274,0.000188
0.261,1199,0,248.3,232.2,0.265,0.0466,0.0993,1,1,1,7e-05,0.8025,0.4839,0.341321,0.036845,0.48391,-0.244656,0.036772,-0.199459,0.376837
0.4499,1200,0,197.0,9.5,0.4539,0.1283,0.2576,1,1,1,8e-05,1.2644,1.0426,-1.042564,0.266471,0.243177,0.468843,-0.123557,0.350035,-0.043723
0.649,1201,0,352.5,99.8,0.653,-0.0568,0.1476,0,0,0,,,,,,,,,,
0.185,1202,0,368.2,282.7,0.189,-0.0196,0.1177,1,1,1,6e-05,0.5205,0.8398,0.839787,-0.13509,0.420596,-0.526721,0.08486,-0.471594,0.476325
0.2363,1203,0,93.7,264.1,0.2403,0.1323,0.0918,1,1,1,8e-05,0.9426,0.6598,0.18903,0.105696,0.659785,-0.104603,-0.005202,-0.086264,0.403806
0.3711,1204,0,148.7,358.8,0.3751,0.208,-0.1333,0,0,0,,,,,,,,,,
0.4348,1205,0,276.4,21.1,0.4388,0.0441,0.2448,1,1,1,5e-05,1.1785,0.6647,-0.664738,0.166409,0.206655,0.131281,-0.06319,0.169772,0.000908
0.4258,1206,0,348.4,45.0,0.4298,-0.0287,0.2219,1,1,1,7e-05,1.0457,0.4518,-0.451772,0.087009,0.131332,-0.00152,-0.023771,0.054515,0.022317
0.417,1207,0,400.5,273.1,0.4209,-0.1011,-0.0433,1,1,1,6e-05,1.384,0.4321,-0.291898,0.033017,0.030757,0.43206,-0.012547,0.23044,-0.007604
0.1506,1208,0,188.3,284.4,0.1546,0.0367,0.1431,1,1,1,6e-05,0.5321,0.7008,0.700753,-0.211148,0.552168,-0.515118,0.101963,-0.482203,0.638546
0.2407,1209,0,619.4,274.8,0.2446,-0.1821,0.0813,1,1,1,4e-05,0.5909,0.7345,0.734496,0.034349,0.089793,-0.456332,-0.041893,-0.359754,-0.012101
0.0863,1210,0,617.2,324.1,0.0902,-0.0119,0.1903,1,1,1,6e-05,0.3726,0.9836,0.983588,-0.470392,0.367424,-0.674647,0.150533,-0.9202,0.722961
0.4298,1211,0,564.0,347.8,0.4337,-0.3499,-0.1788,0,1,0,,,,,,,,,,
0.4372,1212,0,450.8,223.0,0.4412,-0.1641,0.0164,1,1,1,8e-05,1.3608,0.3136,-0.307136,-0.048023,-0.071829,0.313581,0.003174,0.190514,-0.024896
0.245,1213,0,369.3,145.2,0.2489,-0.0265,0.1608,1,1,1,3e-05,0.5934,0.4899,0.489945,-0.039483,0.368836,-0.453831,0.026736,-0.426151,0.336041
0.1874,1214,0,22.0,89.3,0.1914,0.1,0.1933,1,1,1,7e-05,0.6723,0.6731,0.209438,-0.033959,0.673127,-0.374918,0.001961,-0.344671,0.523638
0.5196,1215,0,384.2,290.2,0.5236,-0.1072,-0.1501,0,1,0,,,,,,,,,,
0.3199,1216,0,56.1,311.5,0.3239,0.2489,-0.0167,0,0,0,,,,,,,,,,
0.4838,1217,0,308.9,128.0,0.4877,0.0142,0.1277,1,1,1,8e-05,1.3064,0.7509,-0.750887,0.128472,0.123171,0.477293,-0.055006,0.307987,-0.028365
0.3466,1218,0,147.9,203.3,0.3505,0.1581,0.0826,1,1,1,6e-05,1.2653,0.5112,-0.313178,0.322911,0.51123,0.275843,-0.106865,0.178468,0.097881
0.1786,1219,0,287.9,106.5,0.1826,0.0101,0.1886,1,1,1,7e-05,0.4952,0.5858,0.585771,-0.16262,0.479613,-0.552016,0.051028,-0.570843,0.516153
0.0967,1220,0,84.6,301.6,0.1007,0.0186,0.1826,1,1,1,4e-05,0.4033,0.8034,0.803361,-0.397485,0.495587,-0.643937,0.12586,-0.737221,0.751447
0.2528,1221,0,503.1,158.3,0.2568,-0.1047,0.1513,1,1,1,4e-05,0.5548,0.594,0.594004,-0.013552,0.215439,-0.492401,-0.003813,-0.461875,0.169878
0.3264,1222,0,210.6,196.0,0.3304,0.0923,0.098,1,1,1,5e-05,1.0513,0.4725,-0.037519,0.176086,0.472505,0.004053,-0.032256,-0.000156,0.217979
0.2255,1223,0,103.9,162.6,0.2294,0.1049,0.1566,1,1,1,6e-05,0.7797,0.6358,0.192244,0.031561,0.635752,-0.267523,0.002306,-0.23274,0.452324
0.1163,1224,0,395.9,248.6,0.1202,-0.0109,0.1754,1,1,1,6e-05,0.3947,0.9602,0.960157,-0.361309,0.410966,-0.652489,0.121602,-0.775427,0.646317
0.5762,1225,0,5.7,106.8,0.5801,0.4818,0.1439,0,0,0,,,,,,,,,,
0.6371,1226,0,7.8,262.8,0.6411,0.6378,-0.1756,0,0,0,,,,,,,,,,
0.515,1227,0,20.9,39.6,0.519,0.3768,0.2337,0,0,0,,,,,,,,,,
0.3307,1228,0,424.1,67.9,0.3346,-0.0781,0.2001,1,1,1,4e-05,0.7257,0.3215,0.078088,0.030007,0.173167,-0.321467,-0.004299,-0.267993,0.115433
0.4626,1229,0,636.4,11.5,0.4666,-0.342,0.2576,1,1,1,6e-05,1.3236,0.7651,-0.765144,-0.360982,-0.473751,0.297665,0.123786,0.290859,-0.072224
0.2631,1230,0,400.8,286.3,0.2671,-0.0566,0.0556,1,1,1,8e-05,0.7254,0.573,0.573043,0.025008,0.296773,-0.321808,0.0429,-0.233865,0.248908
0.218,1231,0,40.6,93.0,0.2219,0.1199,0.1899,1,1,1,6e-05,0.769,0.6728,0.082969,0.049952,0.672843,-0.278222,-0.02606,-0.242151,0.441546
0.0828,1232,0,541.8,258.4,0.0868,-0.0055,0.1956,1,1,1,5e-05,0.3696,0.9181,0.918085,-0.473345,0.388101,-0.677551,0.145815,-0.916132,0.742954
0.2163,1233,0,521.2,228.8,0.2202,-0.0987,0.1256,1,1,1,7e-05,0.4987,0.84,0.840015,-0.046054,0.262952,-0.548469,0.010402,-0.509747,0.23025
0.0965,1234,0,48.8,185.8,0.1005,0.0185,0.1924,1,1,1,5e-05,0.3966,0.7627,0.7615,-0.392776,0.496297,-0.650599,0.115266,-0.762706,0.742212
0.2268,1235,0,5.0,62.7,0.2308,0.1394,0.2022,1,1,1,5e-05,0.8193,0.6931,-0.031278,0.10385,0.693144,-0.227905,-0.056169,-0.18835,0.392957
0.4659,1236,0,100.4,24.7,0.4698,0.2423,0.2451,0,0,0,,,,,,,,,,
0.2774,1237,0,383.0,17.9,0.2813,-0.0357,0.2268,1,1,1,7e-05,0.6153,0.4319,0.189722,0.003961,0.303387,-0.431855,-0.004981,-0.398287,0.233882
0.3414,1238,0,320.7,285.6,0.3454,-0.0007,-0.004,1,1,1,4e-05,1.1329,0.2806,0.088588,0.13338,0.28056,0.085739,0.00145,0.051871,0.134423
0.3949,1239,0,570.7,311.2,0.3989,-0.309,-0.083,1,1,1,9e-05,1.3002,0.7706,-0.424667,-0.278235,-0.290956,0.770633,0.040569,0.314216,-0.012259
0.1826,1240,0,535.3,261.4,0.1865,-0.0834,0.1293,1,1,1,4e-05,0.4392,1.017,1.017,-0.112828,0.303639,-0.608044,0.033833,-0.596515,0.318692
0.4433,1241,0,21.5,33.7,0.4472,0.3129,0.2339,0,0,0,,,,,,,,,,
0.3667,1242,0,85.4,178.4,0.3707,0.2254,0.0999,0,0,0,,,,,,,,,,
0.5678,1243,0,273.5,345.5,0.5718,0.0924,-0.3207,0,1,0,,,,,,,,,,
0.254,1244,0,193.6,35.0,0.258,0.0643,0.2158,1,1,1,5e-05,0.709,0.5223,0.078573,0.037356,0.522349,-0.338176,-0.015825,-0.29785,0.360708
0.1459,1245,0,131.0,173.0,0.1498,0.0434,0.1773,1,1,1,7e-05,0.5075,0.6394,0.582609,-0.216598,0.575037,-0.539682,0.074813,-0.542832,0.639417
0.3029,1246,0,276.9,121.5,0.3069,0.0304,0.1644,1,1,1,5e-05,0.7992,0.4106,0.108742,0.067196,0.410632,-0.247969,-0.00163,-0.208628,0.274454
0.15,1247,0,331.3,353.8,0.154,-0.0034,0.1184,1,1,1,0.0001,0.4849,0.9401,0.940062,-0.220687,0.456877,-0.562328,0.121877,-0.507543,0.58703
0.4979,1248,0,32.9,117.8,0.5019,0.3755,0.1385,0,0,0,,,,,,,,,,
0.577,1249,0,518.9,208.5,0.581,-0.3405,-0.0271,0,1,0,,,,,,,,,,
0.5461,1250,0,579.4,57.6,0.5501,-0.3561,0.2135,1,1,0,0.02371,0.6968,1.3976,-1.309421,-0.555229,-0.651318,1.397636,0.080021,0.069098,-0.004892
0.4316,1251,0,540.8,44.6,0.4356,-0.2264,0.2226,1,1,1,6e-05,1.0333,0.42,-0.420012,-0.1245,-0.222551,-0.01394,0.038298,0.054014,-0.075932
0.2156,1252,0,370.3,267.6,0.2195,-0.0257,0.1037,1,1,1,4e-05,0.5872,0.7255,0.725476,-0.06611,0.395043,-0.459953,0.06668,-0.38934,0.400507
0.2983,1253,0,564.0,37.8,0.3023,-0.1554,0.2181,1,1,1,7e-05,0.6094,0.4378,0.215409,0.000935,0.034368,-0.437835,-0.015903,-0.389922,0.012967
0.2503,1254,0,639.1,355.6,0.2542,-0.2278,0.0062,1,1,1,8e-05,0.7681,0.601,0.60099,0.027567,-0.025828,-0.279053,-0.045243,-0.161467,-0.099202
0.4317,1255,0,632.9,154.3,0.4357,-0.3584,0.1067,1,1,1,8e-05,1.3768,0.4454,-0.445409,-0.329608,-0.420446,0.344095,0.075731,0.237645,-0.057926
0.1182,1256,0,500.6,157.5,0.1221,-0.0246,0.1885,1,1,1,8e-05,0.3826,0.979,0.978996,-0.356031,0.369717,-0.664613,0.107943,-0.853386,0.59823
0.1864,1257,0,298.8,94.1,0.1904,0.0071,0.1918,1,1,1,6e-05,0.502,0.5616,0.557903,-0.144978,0.469175,-0.545156,0.043911,-0.561564,0.491819
0.4494,1258,0,385.5,260.6,0.4534,-0.0888,-0.0464,1,1,1,8e-05,1.291,0.7169,-0.564558,0.023921,0.010181,0.716864,-0.02114,0.323468,-0.020405
0.4889,1259,0,629.4,358.6,0.4928,-0.5256,-0.2659,0,1,0,,,,,,,,,,
0.6133,1260,0,611.5,6.8,0.6173,-0.4359,0.2863,0,1,0,,,,,,,,,,
0.631,1261,0,271.0,280.6,0.6349,0.1012,-0.2142,0,1,0,,,,,,,,,,
0.418,1262,0,204.1,28.3,0.4219,0.1125,0.2364,1,1,1,6e-05,1.2742,0.7361,-0.736136,0.25882,0.309883,0.226967,-0.107691,0.224929,-0.000345
0.169,1263,0,128.9,260.7,0.1729,0.0645,0.1386,1,1,1,3e-05,0.6193,0.6074,0.537392,-0.133825,0.607404,-0.427939,0.07775,-0.382186,0.606052
0.4581,1264,0,575.1,51.2,0.4621,-0.2829,0.2176,1,1,1,5e-05,1.2145,0.5829,-0.582899,-0.23148,-0.341253,0.167254,0.072199,0.190249,-0.078637
0.6385,1265,0,515.9,80.1,0.6425,-0.329,0.1808,0,1,0,,,,,,,,,,
0.426,1266,0,75.2,311.9,0.4299,0.3315,-0.1117,0,0,0,,,,,,,,,,
0.5741,1267,0,80.0,168.1,0.578,0.3907,0.0461,0,0,0,,,,,,,,,,
0.0782,1268,0,527.9,97.6,0.0822,-0.0014,0.1998,1,1,1,5e-05,0.3659,0.9222,0.873319,-0.480548,0.399538,-0.681348,0.143627,-0.922206,0.761382
0.175,1269,0,131.0,348.1,0.179,0.0759,0.0939,1,1,1,0.0001,0.7079,0.6153,0.562094,-0.088488,0.615349,-0.339265,0.091373,-0.263998,0.588108
0.3096,1270,0,422.0,293.9,0.3135,-0.0901,0.0117,1,1,1,6e-05,0.905,0.3553,0.355253,0.058977,0.178472,-0.142157,0.019595,-0.089536,0.118492
0.5037,1271,0,318.2,232.0,0.5077,0.0028,-0.0325,1,1,0,0.03228,0.6786,1.4158,-1.036565,0.129145,-0.096152,1.415765,-0.0745,0.068189,-0.005017
0.2411,1272,0,488.5,314.1,0.2451,-0.1079,0.0512,1,1,1,3e-05,0.6387,0.7414,0.741373,0.019821,0.230165,-0.408534,0.022523,-0.289331,0.171544
0.2227,1273,0,86.1,86.3,0.2267,0.103,0.1924,1,1,1,6e-05,0.7392,0.6357,0.117889,0.030948,0.635676,-0.307958,-0.015052,-0.272227,0.440362
0.1501,1274,0,244.8,61.2,0.1541,0.0163,0.2014,1,1,1,4e-05,0.4525,0.6476,0.60965,-0.227216,0.501277,-0.594726,0.059872,-0.647572,0.581875
0.3766,1275,0,514.7,176.7,0.3805,-0.193,0.0983,1,1,1,4e-05,0.9496,0.0976,0.016392,-0.034177,-0.072844,-0.097591,-0.001615,-0.067383,-0.038974
0.4124,1276,0,534.0,38.5,0.4164,-0.2064,0.2268,1,1,1,8e-05,0.9479,0.3323,-0.33233,-0.086669,-0.173031,-0.099322,0.02651,-0.019542,-0.068143
0.1034,1277,0,323.8,246.5,0.1073,-0.0004,0.1836,1,1,1,6e-05,0.3895,0.9023,0.902304,-0.399374,0.431758,-0.657686,0.128458,-0.797197,0.699784
0.4448,1278,0,550.0,132.0,0.4487,-0.2668,0.1299,1,1,1,8e-05,1.2261,0.3931,-0.39308,-0.18172,-0.267724,0.178918,0.039698,0.151986,-0.068031
0.2473,1279,0,204.2,312.2,0.2513,0.0768,0.0472,1,1,1,8e-05,0.9139,0.5352,0.357415,0.073189,0.535193,-0.133327,0.042226,-0.094252,0.386093
0.4247,1280,0,21.6,54.2,0.4287,0.3028,0.2132,0,0,0,,,,,,,,,,
0.1231,1281,0,493.7,123.1,0.1271,-0.0255,0.1924,1,1,1,7e-05,0.384,0.9486,0.948641,-0.337446,0.371575,-0.663236,0.098056,-0.847887,0.579543
0.3681,1282,0,282.1,245.1,0.3721,0.0395,0.0259,1,1,1,9e-05,1.2178,0.3154,-0.10202,0.177502,0.315353,0.170587,-0.028116,0.105689,0.107133
0.317,1283,0,549.1,159.5,0.3209,-0.1787,0.1326,1,1,1,5e-05,0.724,0.3232,0.28528,0.003714,0.003695,-0.32321,-0.017186,-0.265275,-0.018586
0.0821,1284,0,511.9,30.7,0.086,-0.0033,0.2006,1,1,1,5e-05,0.3674,0.9217,0.878363,-0.468729,0.396591,-0.679785,0.139336,-0.92167,0.743563
0.4731,1285,0,121.2,306.5,0.4771,0.3034,-0.1435,0,0,0,,,,,,,,,,
0.3447,1286,0,417.5,95.6,0.3486,-0.0794,0.1788,1,1,1,4e-05,0.7777,0.2695,0.058402,0.036469,0.161637,-0.269475,-0.002836,-0.217515,0.103435
0.1797,1287,0,148.3,28.2,0.1836,0.0505,0.2111,1,1,1,4e-05,0.5496,0.5724,0.350647,-0.112769,0.572363,-0.497558,0.022797,-0.495137,0.528731
0.1083,1288,0,42.9,272.0,0.1123,0.0329,0.1771,1,1,1,6e-05,0.4402,0.7362,0.721059,-0.338549,0.549825,-0.606974,0.110505,-0.647599,0.736176
0.2356,1289,0,460.0,299.7,0.2395,-0.0851,0.0671,1,1,1,3e-05,0.6161,0.753,0.752993,-0.000911,0.276523,-0.431081,0.035959,-0.324425,0.235408
0.5629,1290,0,598.9,44.2,0.5668,-0.3914,0.2315,0,1,0,,,,,,,,,,
0.3714,1291,0,313.9,226.0,0.3754,0.0062,0.0464,1,1,1,8e-05,1.1264,0.2702,-0.053768,0.135345,0.270237,0.079248,-0.013626,0.050733,0.114077
0.4429,1292,0,231.6,304.7,0.4469,0.1243,-0.1142,0,1,0,,,,,,,,,,
0.3308,1293,0,102.3,228.2,0.3348,0.1939,0.0653,1,1,1,7e-05,1.1867,0.5622,-0.370038,0.401475,0.562204,0.400221,-0.141725,0.23455,0.066654
0.3118,1294,0,483.8,263.7,0.3158,-0.1407,0.0413,1,1,1,5e-05,0.8352,0.3685,0.368524,0.032842,0.092675,-0.212033,0.001127,-0.148249,0.048811
0.2345,1295,0,360.3,71.1,0.2384,-0.0189,0.1986,1,1,1,4e-05,0.5547,0.4925,0.421587,-0.056001,0.384011,-0.492533,0.015401,-0.485373,0.350001
0.3135,1296,0,195.7,315.3,0.3174,0.1147,-0.0154,1,1,1,8e-05,1.3208,0.4748,-0.035796,0.267371,0.474788,0.276292,-0.053972,0.155121,0.13527
0.2685,1297,0,261.4,149.5,0.2725,0.0361,0.1525,1,1,1,6e-05,0.74,0.4621,0.255146,0.025959,0.462081,-0.307196,0.016969,-0.269045,0.35409
0.1303,1298,0,46.6,136.3,0.1342,0.0468,0.189,1,1,1,9e-05,0.4832,0.6732,0.561203,-0.247405,0.592386,-0.563981,0.072472,-0.583479,0.67323
0.295,1299,0,514.0,335.8,0.299,-0.1695,-0.0209,1,1,1,6e-05,0.9225,0.4031,0.403064,0.028511,0.040275,-0.124723,-0.001977,-0.062994,0.005247
0.5902,1300,0,352.2,102.7,0.5942,-0.0506,0.1486,1,1,0,0.03947,0.6857,1.4087,-1.352039,-0.037804,-0.298009,1.408652,-0.043098,0.07076,-0.005965
0.4174,1301,0,285.1,294.2,0.4214,0.0451,-0.0757,1,1,0,0.0006,0.8472,1.2472,-0.838994,0.231075,0.174206,1.247207,-0.072815,0.207567,0.002716
0.3612,1302,0,355.5,301.3,0.3652,-0.0387,-0.0397,1,1,1,5e-05,1.2572,0.21,-0.008044,0.11505,0.183564,0.209992,-0.006713,0.120608,0.064325
0.3252,1303,0,168.9,32.8,0.3291,0.1073,0.2236,1,1,1,4e-05,0.9485,0.4857,-0.283643,0.18854,0.485675,-0.098662,-0.071278,-0.044465,0.187765
0.5511,1304,0,29.0,307.6,0.5551,0.532,-0.2133,0,0,0,,,,,,,,,,
0.4606,1305,0,564.9,184.8,0.4645,-0.3134,0.0589,1,1,1,8e-05,1.3081,0.5605,-0.560508,-0.296012,-0.34117,0.541224,0.058581,0.306337,-0.037952
0.1098,1306,0,273.7,76.0,0.1138,0.0047,0.1992,1,1,1,5e-05,0.3915,0.7966,0.787782,-0.363585,0.454749,-0.655741,0.102595,-0.796575,0.674116
0.5736,1307,0,507.8,212.0,0.5775,-0.3206,-0.032,0,1,0,,,,,,,,,,
0.0983,1308,0,330.3,250.0,0.1023,-0.0008,0.1863,1,1,1,7e-05,0.3842,0.9051,0.905075,-0.417016,0.42498,-0.66304,0.132383,-0.821032,0.711966
0.433,1309,0,549.4,106.6,0.437,-0.251,0.1601,1,1,1,9e-05,1.1146,0.3467,-0.346697,-0.14863,-0.242403,0.067384,0.033821,0.086222,-0.074995
0.3995,1310,0,276.3,254.1,0.4034,0.051,-0.0047,1,1,1,8e-05,1.3713,0.4329,-0.348022,0.216912,0.268113,0.432862,-0.059468,0.239074,0.023268
0.6385,1311,0,6.6,164.7,0.6424,0.5741,0.0328,0,0,0,,,,,,,,,,
0.5794,1312,0,250.2,152.4,0.5834,0.113,0.0711,0,1,0,,,,,,,,,,
0.4098,1313,0,558.5,26.8,0.4138,-0.2257,0.2368,1,1,1,8e-05,0.9453,0.351,-0.35102,-0.1095,-0.214988,-0.101902,0.034444,-0.014673,-0.080685
0.5008,1314,0,466.8,12.8,0.5047,-0.1745,0.262,1,1,1,8e-05,1.3216,0.8353,-0.835306,-0.131427,-0.205286,0.274433,0.045075,0.280904,-0.069959
0.5815,1315,0,319.1,42.9,0.5855,0.0014,0.2345,1,1,0,0.03135,0.6829,1.5149,-1.514926,0.003904,-0.215895,1.411537,-0.049174,0.073048,-0.006383
0.183,1316,0,308.4,75.9,0.187,0.0037,0.1976,1,1,1,7e-05,0.488,0.5857,0.563716,-0.153152,0.461899,-0.559234,0.041905,-0.58567,0.490258
0.1796,1317,0,580.2,269.1,0.1836,-0.0989,0.1279,1,1,1,5e-05,0.426,1.068,1.06801,-0.100013,0.279114,-0.62122,0.018269,-0.615067,0.27353
0.5406,1318,0,532.8,234.0,0.5446,-0.3479,-0.0562,0,1,0,,,,,,,,,,
0.5892,1319,0,619.8,74.9,0.5931,-0.4568,0.1901,0,1,0,,,,,,,,,,
0.5787,1320,0,252.7,324.0,0.5827,0.133,-0.2774,0,1,0,,,,,,,,,,
0.2705,1321,0,124.6,230.5,0.2744,0.1331,0.0955,1,1,1,7e-05,1.0096,0.6157,0.070591,0.161069,0.615655,-0.037574,-0.03041,-0.035617,0.320278
0.112,1322,0,38.5,165.6,0.116,0.033,0.1892,1,1,1,6e-05,0.4358,0.7145,0.666267,-0.321618,0.552313,-0.611353,0.094506,-0.666025,0.714549
0.2695,1323,0,220.1,34.2,0.2735,0.0552,0.2176,1,1,1,5e-05,0.7246,0.4863,0.048037,0.050679,0.486317,-0.322621,-0.017627,-0.278612,0.325114
0.3318,1324,0,391.6,13.5,0.3357,-0.0513,0.2369,1,1,1,3e-05,0.7293,0.3179,-0.046054,0.043398,0.208839,-0.317864,-0.009225,-0.25263,0.129477
0.3443,1325,0,83.7,241.9,0.3483,0.2251,0.0436,0,0,0,,,,,,,,,,
0.3909,1326,0,135.1,215.9,0.3948,0.2006,0.0486,0,0,0,,,,,,,,,,
0.4636,1327,0,48.0,193.3,0.4675,0.3542,0.046,0,0,0,,,,,,,,,,
0.4299,1328,0,486.4,310.1,0.4339,-0.2274,-0.1122,1,1,0,0.00759,0.6905,1.4039,-0.762945,-0.208765,-0.247585,1.403883,-0.000481,0.076018,-0.005389
0.112,1329,0,135.8,163.9,0.116,0.0216,0.1894,1,1,1,8e-05,0.4187,0.7285,0.728513,-0.340053,0.513534,-0.628461,0.101608,-0.706656,0.702638
0.6447,1330,0,614.8,320.0,0.6487,-0.6553,-0.3288,0,1,0,,,,,,,,,,
0.5873,1331,0,0.8,77.8,0.5912,0.4859,0.1859,0,0,0,,,,,,,,,,
0.0894,1332,0,172.0,285.9,0.0933,0.0074,0.1897,1,1,1,7e-05,0.3815,0.8533,0.853329,-0.436674,0.447292,-0.66572,0.134528,-0.820876,0.751699
0.0968,1333,0,423.9,251.9,0.1007,-0.0077,0.1871,1,1,1,9e-05,0.379,0.9491,0.949127,-0.428765,0.398177,-0.668194,0.136767,-0.85696,0.701847
0.2203,1334,0,106.3,144.3,0.2242,0.0982,0.1669,1,1,1,7e-05,0.7463,0.6302,0.204598,0.013588,0.630202,-0.300922,0.004864,-0.266036,0.463945
0.1053,1335,0,257.3,238.4,0.1093,0.0065,0.1834,1,1,1,5e-05,0.3975,0.8565,0.856482,-0.385355,0.45738,-0.649736,0.123187,-0.764951,0.706509
0.5272,1336,0,51.8,166.4,0.5312,0.3948,0.0633,0,0,0,,,,,,,,,,
0.1021,1337,0,625.2,254.5,0.106,-0.0286,0.1835,1,1,1,5e-05,0.3768,1.0834,1.083434,-0.416252,0.337043,-0.67041,0.135202,-0.91458,0.63591
0.1488,1338,0,121.8,206.6,0.1527,0.0491,0.1676,1,1,1,6e-05,0.5306,0.6416,0.579828,-0.203285,0.587775,-0.516644,0.078404,-0.504698,0.641591
0.0977,1339,0,76.9,239.6,0.1017,0.0187,0.1876,1,1,1,4e-05,0.4011,0.7798,0.779831,-0.391575,0.497012,-0.646081,0.119371,-0.747284,0.743724
0.122,1340,0,308.2,292.1,0.126,0.0021,0.1633,1,1,1,8e-05,0.4207,0.9098,0.909766,-0.332293,0.456014,-0.626489,0.122809,-0.682559,0.663325
0.1159,1341,0,602.4,151.7,0.1199,-0.0362,0.1899,1,1,1,5e-05,0.3779,1.0471,1.047069,-0.361154,0.333737,-0.669325,0.107329,-0.907666,0.570611
0.5814,1342,0,123.6,70.7,0.5853,0.2935,0.1962,0,0,0,,,,,,,,,,
0.2313,1343,0,592.1,200.2,0.2353,-0.143,0.1344,1,1,1,6e-05,0.5107,0.7651,0.765071,-0.002458,0.164778,-0.536466,-0.028105,-0.501736,0.091553
0.3062,1344,0,476.3,174.0,0.3101,-0.1183,0.1243,1,1,1,6e-05,0.7057,0.3558,0.355816,0.02177,0.141533,-0.341487,-0.002484,-0.286661,0.093674
0.5316,1345,0,413.7,247.9,0.5355,-0.1526,-0.0766,0,1,0,,,,,,,,,,
0.6106,1346,0,385.3,79.6,0.6146,-0.1042,0.1825,1,1,0,0.04885,0.6908,1.4036,-1.389463,-0.131153,-0.443955,1.403593,-0.024547,0.070689,-0.005278
0.2202,1347,0,71.6,356.4,0.2241,0.1469,0.039,1,1,1,3e-05,1.0412,0.687,0.24748,0.13774,0.686983,-0.005979,-0.005124,-0.007051,0.388543
0.5532,1348,0,472.9,336.6,0.5571,-0.2915,-0.2834,0,1,0,,,,,,,,,,
0.6297,1349,0,273.4,47.0,0.6337,0.0745,0.2317,0,1,0,,,,,,,,,,
0.0886,1350,0,170.2,327.9,0.0926,0.0074,0.1878,1,1,1,7e-05,0.382,0.8631,0.863059,-0.440308,0.446661,-0.66522,0.137475,-0.817206,0.75618
0.1697,1351,0,453.1,287.4,0.1736,-0.0467,0.1273,1,1,1,4e-05,0.4502,0.9961,0.996109,-0.168087,0.37012,-0.596963,0.076909,-0.574471,0.445931
0.1567,1352,0,634.2,325.7,0.1607,-0.0998,0.1227,1,1,1,9e-05,0.391,1.2306,1.23058,-0.136058,0.283477,-0.656196,0.028691,-0.664083,0.298545
0.0989,1353,0,7.3,242.2,0.1029,0.0254,0.1866,1,1,1,9e-05,0.4116,0.7487,0.741532,-0.376214,0.522816,-0.635575,0.113945,-0.715999,0.748732
0.2125,1354,0,221.6,102.5,0.2165,0.041,0.1864,1,1,1,0.0001,0.6067,0.5258,0.363944,-0.065536,0.52581,-0.440476,0.027495,-0.419979,0.467959
0.1157,1355,0,113.3,138.3,0.1197,0.026,0.1917,1,1,1,7e-05,0.4278,0.6947,0.687326,-0.320638,0.529409,-0.619383,0.093302,-0.687034,0.694685
0.13,1356,0,537.7,31.5,0.134,-0.0335,0.2053,1,1,1,7e-05,0.3808,0.9062,0.906223,-0.306983,0.353155,-0.666401,0.077109,-0.875561,0.529065
0.311,1357,0,111.8,210.7,0.3149,0.1676,0.0916,1,1,1,5e-05,1.2146,0.5949,-0.182226,0.292202,0.594936,0.16743,-0.095705,0.110719,0.173978
0.5354,1358,0,65.4,337.7,0.5394,0.4679,-0.2678,0,0,0,,,,,,,,,,
0.2339,1359,0,599.8,297.4,0.2379,-0.1678,0.0701,1,1,1,4e-05,0.5853,0.7849,0.784903,0.032967,0.1282,-0.461864,-0.030922,-0.351619,0.026268
0.62,1360,0,30.7,195.8,0.624,0.5302,-0.021,0,0,0,,,,,,,,,,
0.3104,1361,0,583.0,103.4,0.3144,-0.1883,0.1761,1,1,1,5e-05,0.6705,0.3767,0.243723,-0.004267,-0.028818,-0.376657,-0.019613,-0.320415,-0.040033
0.5951,1362,0,225.1,49.2,0.5991,0.1426,0.2267,0,1,0,,,,,,,,,,
0.1097,1363,0,217.0,53.4,0.1136,0.0101,0.2013,1,1,1,5e-05,0.3954,0.7802,0.747419,-0.355908,0.473718,-0.651838,0.097699,-0.780214,0.680914
0.5361,1364,0,455.7,325.1,0.5401,-0.2457,-0.2394,0,1,0,,,,,,,,,,
0.6134,1365,0,159.3,155.7,0.6173,0.2784,0.0566,0,0,0,,,,,,,,,,
0.3191,1366,0,162.1,217.1,0.323,0.1324,0.082,1,1,1,9e-05,1.154,0.5353,-0.101784,0.237175,0.535314,0.106816,-0.061405,0.069573,0.195688
0.5387,1367,0,106.5,283.2,0.5426,0.3686,-0.1507,0,0,0,,,,,,,,,,
0.1008,1368,0,365.4,36.5,0.1048,-0.0032,0.2021,1,1,1,8e-05,0.3774,0.8632,0.840794,-0.400684,0.419187,-0.669769,0.113762,-0.863209,0.68273
0.4987,1369,0,106.2,93.4,0.5027,0.2733,0.1693,0,0,0,,,,,,,,,,
0.5904,1370,0,176.0,225.1,0.5943,0.2578,-0.0655,0,0,0,,,,,,,,,,
0.4572,1371,0,163.1,279.5,0.4612,0.2222,-0.0828,0,0,0,,,,,,,,,,
0.295,1372,0,174.1,249.2,0.299,0.1145,0.0658,1,1,1,7e-05,1.0727,0.5435,0.058884,0.181701,0.543499,0.025545,-0.026415,0.010442,0.263157
0.592,1373,0,440.4,264.3,0.596,-0.2266,-0.1487,0,1,0,,,,,,,,,,
0.6095,1374,0,272.2,111.5,0.6135,0.0785,0.1326,0,1,0,,,,,,,,,,
0.602,1375,0,450.8,115.7,0.606,-0.2127,0.1268,0,1,0,,,,,,,,,,
0.2204,1376,0,489.9,160.6,0.2244,-0.0795,0.1591,1,1,1,7e-05,0.4939,0.7284,0.728448,-0.064964,0.284465,-0.553266,0.012319,-0.551305,0.268961
0.6067,1377,0,275.4,14.9,0.6107,0.0664,0.2746,0,1,0,,,,,,,,,,
0.2598,1378,0,41.4,144.6,0.2637,0.1631,0.1577,1,1,1,5e-05,0.981,0.6845,-0.084912,0.190027,0.684469,-0.066173,-0.075624,-0.050954,0.311137
0.3708,1379,0,463.4,243.6,0.3748,-0.1504,0.0262,1,1,1,8e-05,1.0525,0.062,0.062006,0.007673,0.01313,0.005313,0.0004,0.002373,0.006113
0.4479,1380,0,284.9,35.4,0.4518,0.0373,0.2327,1,1,1,7e-05,1.2306,0.6942,-0.694223,0.157191,0.182445,0.183426,-0.061157,0.199518,-0.010431
0.3602,1381,0,54.8,20.6,0.3642,0.2125,0.2358,0,0,0,,,,,,,,,,
0.6202,1382,0,602.6,291.7,0.6242,-0.5801,-0.2334,0,1,0,,,,,,,,,,
0.0959,1383,0,191.7,332.1,0.0999,0.0101,0.1803,1,1,1,6e-05,0.3945,0.867,0.867,-0.414139,0.463055,-0.652694,0.135022,-0.766271,0.743888
0.4003,1384,0,249.2,213.7,0.4042,0.0789,0.0468,1,1,1,7e-05,1.3493,0.3709,-0.370945,0.238878,0.319549,0.345529,-0.070014,0.211795,0.041133
0.1759,1385,0,30.9,318.0,0.1799,0.1126,0.1081,1,1,1,8e-05,0.7723,0.6971,0.396111,-0.040973,0.697122,-0.27493,0.051625,-0.22122,0.574365
0.3732,1386,0,36.5,244.0,0.3772,0.2999,0.0243,0,0,0,,,,,,,,,,
0.6152,1387,0,301.0,222.5,0.6191,0.0357,-0.073,0,1,0,,,,,,,,,,
0.1298,1388,0,451.9,182.6,0.1337,-0.0235,0.1807,1,1,1,5e-05,0.3939,0.9582,0.958249,-0.316765,0.386072,-0.653284,0.099243,-0.788411,0.57691
0.4127,1389,0,528.7,49.3,0.4167,-0.2035,0.2172,1,1,1,7e-05,0.9529,0.313,-0.313029,-0.081673,-0.162635,-0.094348,0.023516,-0.020758,-0.06491
0.2187,1390,0,201.1,229.3,0.2226,0.0593,0.124,1,1,1,8e-05,0.71,0.5534,0.426971,-0.032933,0.553428,-0.337169,0.052295,-0.289269,0.482981
0.5746,1391,0,421.0,115.9,0.5785,-0.1558,0.1302,1,1,0,0.02169,0.6868,1.4076,-1.271566,-0.198958,-0.333624,1.407586,-0.000811,0.070491,-0.005522
0.2585,1392,0,560.8,319.2,0.2624,-0.1716,0.0311,1,1,1,9e-05,0.7089,0.6343,0.63431,0.039474,0.089115,-0.33833,-0.01729,-0.221738,0.010896
0.3858,1393,0,435.8,1.1,0.3897,-0.0993,0.2542,1,1,1,3e-05,0.8458,0.2843,-0.28426,0.022219,0.045836,-0.20145,0.000406,-0.110012,0.017354
0.283,1394,0,524.0,94.9,0.2869,-0.1279,0.1841,1,1,1,9e-05,0.5941,0.4531,0.376322,0.004182,0.127324,-0.453066,-0.015055,-0.418327,0.08397
0.5772,1395,0,247.9,183.9,0.5812,0.1202,0.0177,0,1,0,,,,,,,,,,
0.2491,1396,0,502.4,2.2,0.2531,-0.0875,0.2298,1,1,1,4e-05,0.5115,0.538,0.386056,-0.02744,0.218547,-0.535699,-0.01255,-0.537979,0.182442
0.1433,1397,0,378.1,347.9,0.1473,-0.0158,0.1279,1,1,1,5e-05,0.4473,1.009,1.009039,-0.248604,0.426967,-0.599866,0.120124,-0.575403,0.578931
0.5233,1398,0,300.6,15.3,0.5272,0.0243,0.2625,1,1,1,9e-05,1.2073,1.2592,-1.259216,0.07041,0.030607,0.739678,-0.045871,0.407108,-0.040876
0.4244,1399,0,593.2,187.3,0.4284,-0.3177,0.0691,1,1,1,8e-05,1.3359,0.3327,-0.332687,-0.247029,-0.331143,0.288735,0.047033,0.192653,-0.060589
0.1116,1400,0,491.2,128.5,0.1156,-0.0191,0.1936,1,1,1,9e-05,0.38,0.9477,0.947673,-0.377175,0.377733,-0.667209,0.112597,-0.870289,0.625266
0.4121,1401,0,289.7,325.0,0.416,0.0401,-0.1208,1,1,0,0.02227,0.6732,1.4212,-0.825864,0.239271,0.061144,1.421243,-0.086657,0.068657,-0.003461
0.2505,1402,0,160.8,179.8,0.2544,0.0919,0.1391,1,1,1,6e-05,0.8186,0.5806,0.191909,0.056105,0.580583,-0.228553,0.005763,-0.194635,0.402741
0.3237,1403,0,6.7,296.4,0.3277,0.2945,-0.0026,0,0,0,,,,,,,,,,
0.3481,1404,0,371.5,285.7,0.3521,-0.0524,-0.0093,1,1,1,9e-05,1.1053,0.1906,0.113477,0.093407,0.190579,0.058136,0.00661,0.036109,0.096754
0.2167,1405,0,606.4,164.5,0.2206,-0.1311,0.1583,1,1,1,9e-05,0.4658,0.8117,0.811678,-0.028476,0.188061,-0.581367,-0.0269,-0.590698,0.130528
0.3492,1406,0,152.6,264.8,0.3531,0.1669,0.0148,1,1,1,7e-05,1.1984,0.5312,-0.407232,0.389824,0.473037,0.531167,-0.126891,0.275339,0.027461
0.5178,1407,0,60.0,238.1,0.5217,0.406,-0.0508,0,0,0,,,,,,,,,,
0.1289,1408,0,402.8,357.2,0.1329,-0.018,0.1407,1,1,1,8e-05,0.4168,1.0577,1.05768,-0.303171,0.41156,-0.630447,0.128662,-0.652884,0.609029
0.5677,1409,0,588.5,56.3,0.5717,-0.3849,0.2159,0,1,0,,,,,,,,,,
0.4143,1410,0,442.1,316.4,0.4182,-0.1607,-0.1086,1,1,1,9e-05,1.2408,0.8536,-0.509258,-0.067027,-0.081372,0.853608,-0.002169,0.321347,-0.015489
0.4074,1411,0,51.4,58.5,0.4114,0.2601,0.2087,0,0,0,,,,,,,,,,
0.4541,1412,0,509.9,42.8,0.4581,-0.2067,0.2259,1,1,1,5e-05,1.1104,0.5242,-0.524232,-0.118841,-0.203175,0.063228,0.038695,0.117927,-0.067997
0.3781,1413,0,558.2,225.3,0.3821,-0.2507,0.0438,1,1,1,4e-05,1.0947,0.1763,-0.020187,-0.100143,-0.176334,0.047468,0.004113,0.03233,-0.070489
0.1727,1414,0,624.5,345.1,0.1767,-0.119,0.0978,1,1,1,5e-05,0.425,1.1647,1.164686,-0.063802,0.264349,-0.622232,0.005727,-0.549017,0.213386
0.2999,1415,0,519.5,262.5,0.3038,-0.1625,0.0504,1,1,1,6e-05,0.7854,0.4271,0.42707,0.026499,0.064517,-0.261771,-0.008936,-0.186916,0.018377
0.2487,1416,0,356.1,285.9,0.2526,-0.0234,0.067,1,1,1,8e-05,0.7119,0.5864,0.586387,0.00534,0.368765,-0.335347,0.058477,-0.251829,0.330501
0.1749,1417,0,147.6,341.9,0.1789,0.0686,0.0971,1,1,1,3e-05,0.6874,0.601,0.585427,-0.099085,0.601003,-0.359797,0.094784,-0.284156,0.589229
0.6377,1418,0,515.0,277.6,0.6416,-0.406,-0.2119,0,1,0,,,,,,,,,,
0.4033,1419,0,525.7,319.9,0.4072,-0.2632,-0.1041,1,1,1,9e-05,1.1921,0.9023,-0.50693,-0.223409,-0.22897,0.902311,0.025846,0.319334,-0.012568
0.5577,1420,0,459.4,211.5,0.5616,-0.2303,-0.0237,0,1,0,,,,,,,,,,
0.1381,1421,0,232.8,334.6,0.142,0.0216,0.1378,1,1,1,0.0001,0.4916,0.827,0.827001,-0.256964,0.515271,-0.55561,0.121625,-0.525996,0.656794
0.5974,1422,0,133.7,352.3,0.6013,0.3963,-0.3707,0,0,0,,,,,,,,,,
0.5387,1423,0,410.5,249.7,0.5427,-0.1501,-0.0843,0,1,0,,,,,,,,,,
0.101,1424,0,433.3,28.8,0.105,-0.008,0.2026,1,1,1,9e-05,0.3753,0.8844,0.867253,-0.403854,0.402013,-0.671884,0.11513,-0.884392,0.671534
0.4207,1425,0,158.9,64.8,0.4247,0.1633,0.203,1,1,1,7e-05,1.2465,0.8931,-0.893052,0.341744,0.343576,0.467624,-0.147281,0.322244,-0.024957
0.2507,1426,0,322.4,257.4,0.2547,-0.0015,0.0871,1,1,1,8e-05,0.7182,0.5167,0.516695,0.001053,0.408252,-0.328994,0.054739,-0.26235,0.361126
0.0769,1427,0,127.9,316.5,0.0809,0.0007,0.1992,1,1,1,5e-05,0.3656,0.914,0.864011,-0.482597,0.406668,-0.681629,0.144158,-0.91402,0.770421
0.6216,1428,0,389.5,36.6,0.6256,-0.1086,0.2463,0,1,0,,,,,,,,,,
0.1124,1429,0,406.8,283.2,0.1164,-0.0118,0.1724,1,1,1,6e-05,0.3921,0.9902,0.990217,-0.375232,0.405106,-0.655073,0.129233,-0.780807,0.657236
0.3257,1430,0,597.4,187.4,0.3296,-0.2312,0.1061,1,1,1,4e-05,0.8055,0.2417,0.230342,-0.030922,-0.111102,-0.241677,-0.021208,-0.184867,-0.091452
0.3578,1431,0,110.4,67.6,0.3618,0.1741,0.2003,1,1,1,7e-05,1.2452,0.5621,-0.562144,0.342548,0.497714,0.198046,-0.142044,0.180084,0.061504
0.4867,1432,0,554.4,207.0,0.4907,-0.3285,0.0162,1,1,0,0.00941,0.6934,1.401,-0.960586,-0.430096,-0.445861,1.401032,0.038166,0.072126,-0.006375
0.5544,1433,0,396.8,50.4,0.5584,-0.1065,0.2231,1,1,1,9e-05,1.1996,1.2384,-1.238374,-0.126046,-0.155882,0.894788,0.017562,0.384751,-0.035649
0.1232,1434,0,525.0,76.8,0.1272,-0.0288,0.1988,1,1,1,8e-05,0.3807,0.9378,0.9378,-0.334355,0.360926,-0.666486,0.092019,-0.87402,0.564764
0.6222,1435,0,310.0,139.3,0.6261,0.0173,0.0835,0,1,0,,,,,,,,,,
0.623,1436,0,122.7,337.0,0.6269,0.4313,-0.3549,0,0,0,,,,,,,,,,
0.5606,1437,0,600.7,262.2,0.5646,-0.4948,-0.123,0,1,0,,,,,,,,,,
0.6319,1438,0,524.6,154.3,0.6359,-0.3663,0.0542,0,1,0,,,,,,,,,,
0.3087,1439,0,471.2,137.0,0.3126,-0.1113,0.1521,1,1,1,6e-05,0.6876,0.3596,0.30109,0.018101,0.146862,-0.359636,-0.00396,-0.310725,0.100621
0.4609,1440,0,134.8,249.0,0.4649,0.2552,-0.0354,0,0,0,,,,,,,,,,
0.1361,1441,0,614.1,246.6,0.1401,-0.0631,0.1638,1,1,1,7e-05,0.3794,1.1725,1.172457,-0.265898,0.307366,-0.66784,0.076833,-0.823131,0.453298
0.4515,1442,0,605.4,275.4,0.4555,-0.3961,-0.0717,0,1,0,,,,,,,,,,
0.6034,1443,0,223.4,111.6,0.6073,0.1569,0.1332,0,1,0,,,,,,,,,,
0.0956,1444,0,472.2,172.7,0.0996,-0.0098,0.1936,1,1,1,4e-05,0.3754,0.9339,0.93394,-0.431678,0.388873,-0.671793,0.132754,-0.888542,0.694483
0.4277,1445,0,258.5,302.1,0.4317,0.0826,-0.0969,1,1,0,0.03342,0.6733,1.4211,-0.894515,0.298773,0.051825,1.421088,-0.104562,0.0669,-0.005169
0.3718,1446,0,523.9,220.9,0.3758,-0.209,0.0521,1,1,1,7e-05,1.0211,0.0939,0.043291,-0.046737,-0.093892,-0.026051,-0.001962,-0.017688,-0.046962
0.1539,1447,0,321.9,301.9,0.1579,-0.0006,0.1343,1,1,1,0.0001,0.4808,0.8786,0.878592,-0.221903,0.462536,-0.566352,0.108925,-0.539566,0.582973
0.3125,1448,0,461.6,18.4,0.3164,-0.0942,0.2311,1,1,1,5e-05,0.6539,0.3933,0.093749,0.015607,0.147061,-0.393268,-0.007496,-0.339205,0.101352
0.5031,1449,0,602.0,333.2,0.507,-0.4789,-0.2252,0,1,0,,,,,,,,,,
0.6162,1450,0,455.0,235.4,0.6202,-0.2571,-0.1008,0,1,0,,,,,,,,,,
0.641,1451,0,584.8,76.0,0.645,-0.4447,0.1872,0,1,0,,,,,,,,,,
0.2061,1452,0,370.5,330.4,0.2101,-0.026,0.0723,1,1,1,4e-05,0.6068,0.7989,0.798851,-0.05866,0.397105,-0.440369,0.085227,-0.331856,0.410002
0.417,1453,0,124.3,98.3,0.421,0.2028,0.1703,0,0,0,,,,,,,,,,
0.1207,1454,0,106.3,188.1,0.1246,0.0318,0.1831,1,1,1,5e-05,0.4489,0.6946,0.679086,-0.301234,0.547736,-0.598332,0.094642,-0.63926,0.694562
0.3858,1455,0,435.0,326.7,0.3898,-0.1405,-0.0983,1,1,1,7e-05,1.3694,0.5122,-0.227145,-0.00612,-0.018516,0.512224,-0.003837,0.245019,-0.011142
0.4367,1456,0,1.7,181.1,0.4406,0.3805,0.0724,0,0,0,,,,,,,,,,
0.2471,1457,0,634.1,19.5,0.251,-0.1513,0.2221,1,1,1,6e-05,0.4919,0.5602,0.463466,-0.00361,0.083502,-0.555261,-0.033547,-0.560194,0.040682
0.5642,1458,0,148.6,111.9,0.5682,0.2578,0.1377,0,0,0,,,,,,,,,,
0.3601,1459,0,595.4,287.6,0.364,-0.2935,-0.0209,1,1,1,8e-05,1.2548,0.2405,-0.0248,-0.160582,-0.240467,0.207603,0.01385,0.117441,-0.064766
0.6415,1460,0,621.0,318.1,0.6455,-0.6639,-0.3206,0,1,0,,,,,,,,,,
0.2476,1461,0,417.9,209.1,0.2516,-0.0574,0.1218,1,1,1,3e-05,0.6018,0.6074,0.607363,-0.023485,0.314455,-0.445357,0.030118,-0.392959,0.283308
0.2574,1462,0,207.5,248.2,0.2614,0.073,0.0896,1,1,1,7e-05,0.8582,0.5313,0.295224,0.059942,0.531299,-0.18898,0.029577,-0.151158,0.385788
0.4261,1463,0,410.3,210.3,0.43,-0.1082,0.039,1,1,1,6e-05,1.2478,0.2355,-0.235455,0.023518,0.028944,0.200612,-0.006511,0.131379,0.001048
0.26,1464,0,238.5,309.3,0.2639,0.0578,0.0385,1,1,1,8e-05,0.919,0.486,0.361028,0.079399,0.486036,-0.128248,0.043274,-0.088453,0.351092
0.4002,1465,0,596.5,326.3,0.4041,-0.3532,-0.1114,1,1,0,0.01961,0.6916,1.4028,-0.688246,-0.403492,-0.480072,1.402754,0.02471,0.066567,-0.003145
0.1558,1466,0,526.4,357.5,0.1597,-0.0676,0.1105,1,1,1,6e-05,0.4176,1.1668,1.166752,-0.168304,0.339091,-0.629619,0.076442,-0.583725,0.410679
0.1614,1467,0,220.4,105.1,0.1654,0.026,0.1908,1,1,1,8e-05,0.4909,0.5772,0.570419,-0.192424,0.524513,-0.556278,0.058436,-0.577245,0.574453
0.1442,1468,0,274.6,98.2,0.1482,0.0094,0.1941,1,1,1,5e-05,0.4388,0.6881,0.688105,-0.253575,0.4826,-0.608414,0.072622,-0.672455,0.594244
0.1186,1469,0,127.1,89.2,0.1225,0.0247,0.1974,1,1,1,6e-05,0.4256,0.6956,0.66477,-0.310367,0.526143,-0.621613,0.085512,-0.695633,0.67923
0.639,1470,0,554.2,208.8,0.643,-0.4508,-0.0557,0,1,0,,,,,,,,,,
0.616,1471,0,230.9,12.8,0.6199,0.1347,0.2787,0,1,0,,,,,,,,,,
0.3882,1472,0,23.5,340.1,0.3921,0.3715,-0.1218,0,0,0,,,,,,,,,,
0.1777,1473,0,370.4,343.1,0.1816,-0.0207,0.0937,1,1,1,6e-05,0.531,0.9096,0.909612,-0.130925,0.421061,-0.516178,0.102038,-0.422594,0.485753
0.375,1474,0,447.2,90.7,0.3789,-0.1147,0.1807,1,1,1,6e-05,0.8483,0.1989,-0.068213,0.01871,0.059631,-0.198931,-0.001696,-0.142684,0.033187
0.3552,1475,0,268.0,145.9,0.3592,0.0463,0.1344,1,1,1,8e-05,0.995,0.3653,-0.099226,0.141143,0.365315,-0.052248,-0.025486,-0.034233,0.171913
0.3007,1476,0,332.9,318.5,0.3047,-0.0113,-0.0072,1,1,1,7e-05,1.0024,0.3098,0.304287,0.102499,0.309754,-0.044833,0.030138,-0.023163,0.200362
0.2706,1477,0,380.6,43.3,0.2745,-0.034,0.2131,1,1,1,8e-05,0.6081,0.4391,0.256145,-0.005402,0.318468,-0.439146,-0.000217,-0.411446,0.255521
0.2348,1478,0,620.2,64.7,0.2387,-0.1401,0.2015,1,1,1,7e-05,0.4769,0.5961,0.596134,-0.013625,0.131376,-0.570263,-0.0338,-0.590415,0.081434
0.5715,1479,0,163.5,326.3,0.5755,0.3058,-0.2762,0,0,0,,,,,,,,,,
0.5151,1480,0,382.5,66.8,0.5191,-0.0808,0.2015,1,1,1,6e-05,1.2893,0.8692,-0.869187,-0.017746,-0.054287,0.433578,-0.005865,0.325138,-0.05255
0.5739,1481,0,208.9,68.8,0.5778,0.1633,0.1989,0,1,0,,,,,,,,,,
0.1886,1482,0,253.3,356.8,0.1926,0.0308,0.074,1,1,1,3e-05,0.6661,0.7045,0.704467,-0.083025,0.509126,-0.381083,0.107126,-0.281421,0.526874
0.2762,1483,0,551.1,213.5,0.2801,-0.159,0.1056,1,1,1,9e-05,0.644,0.5354,0.535418,0.021312,0.095084,-0.403162,-0.020526,-0.334053,0.033018
0.1933,1484,0,50.5,231.3,0.1972,0.1108,0.1366,1,1,1,8e-05,0.7594,0.6824,0.301882,-0.016438,0.682399,-0.287823,0.026936,-0.247096,0.532372
0.3246,1485,0,254.9,308.6,0.3286,0.0623,-0.0175,1,1,1,4e-05,1.2318,0.3871,0.041694,0.199099,0.387107,0.184636,-0.019616,0.107379,0.148229
0.2339,1486,0,490.1,186.0,0.2378,-0.0895,0.1414,1,1,1,5e-05,0.5286,0.7014,0.701372,-0.036736,0.262836,-0.518603,0.009273,-0.48926,0.230367
0.5055,1487,0,389.4,148.1,0.5095,-0.0954,0.0961,1,1,1,7e-05,1.2875,0.7435,-0.743507,-0.01872,-0.042221,0.551734,-0.010471,0.326969,-0.037616
0.3504,1488,0,557.1,186.9,0.3543,-0.217,0.0973,1,1,1,8e-05,0.8804,0.1668,0.129894,-0.037665,-0.098624,-0.166816,-0.010016,-0.122744,-0.065622
0.3217,1489,0,179.5,219.9,0.3257,0.1195,0.0781,1,1,1,4e-05,1.1349,0.513,-0.073605,0.219802,0.513008,0.087715,-0.050486,0.056205,0.20065
0.54,1490,0,226.2,274.7,0.544,0.1607,-0.1342,0,1,0,,,,,,,,,,
0.1942,1491,0,155.8,32.4,0.1982,0.0553,0.2113,1,1,1,3e-05,0.5828,0.5704,0.293898,-0.077428,0.570392,-0.464376,0.014033,-0.451206,0.496378
0.2193,1492,0,368.7,139.3,0.2232,-0.0221,0.1694,1,1,1,5e-05,0.5388,0.578,0.577954,-0.084255,0.394186,-0.508425,0.035085,-0.498694,0.389653
0.5467,1493,0,362.8,302.3,0.5506,-0.0771,-0.1979,0,1,0,,,,,,,,,,
0.1724,1494,0,70.3,163.3,0.1764,0.0783,0.1718,1,1,1,3e-05,0.6206,0.6411,0.386387,-0.105984,0.641149,-0.42662,0.042319,-0.398789,0.583526
0.6283,1495,0,282.6,184.2,0.6323,0.0687,-0.0014,0,1,0,,,,,,,,,,
0.1408,1496,0,586.2,247.0,0.1448,-0.0616,0.1609,1,1,1,6e-05,0.3838,1.1467,1.146699,-0.252692,0.315957,-0.66338,0.074524,-0.792371,0.450499
0.4829,1497,0,405.4,170.1,0.4868,-0.1138,0.0716,1,1,1,6e-05,1.3448,0.571,-0.571042,-0.019422,-0.040123,0.429602,-0.006724,0.269614,-0.031852
0.6138,1498,0,596.5,277.4,0.6177,-0.5509,-0.1938,0,1,0,,,,,,,,,,
0.5969,1499,0,138.7,111.9,0.6009,0.291,0.1334,0,0,0,,,,,,,,,,
0.1345,1500,0,567.4,72.7,0.1384,-0.0428,0.1992,1,1,1,7e-05,0.3815,0.9598,0.959787,-0.291275,0.33436,-0.665748,0.073041,-0.874209,0.49838
0.1206,1501,0,356.6,51.3,0.1246,-0.0047,0.202,1,1,1,5e-05,0.3918,0.8037,0.800638,-0.334211,0.431059,-0.655367,0.09122,-0.803722,0.623732
0.388,1502,0,55.2,357.3,0.392,0.3393,-0.1499,0,0,0,,,,,,,,,,
0.4936,1503,0,417.2,155.7,0.4976,-0.1309,0.0886,1,1,1,8e-05,1.3268,0.631,-0.630972,-0.050129,-0.077574,0.454524,0.000807,0.28759,-0.037904
0.2386,1504,0,129.1,120.1,0.2426,0.0965,0.1752,1,1,1,6e-05,0.7691,0.6044,0.138272,0.043215,0.604429,-0.27807,-0.007799,-0.242707,0.417104
0.2231,1505,0,172.5,195.7,0.227,0.0731,0.1403,1,1,1,7e-05,0.7269,0.5775,0.33653,-0.014,0.577535,-0.320332,0.03434,-0.280134,0.472073
0.2586,1506,0,359.7,132.2,0.2625,-0.0228,0.1652,1,1,1,9e-05,0.6241,0.4231,0.409127,-0.01913,0.36339,-0.423075,0.020463,-0.391779,0.31458
0.1632,1507,0,504.2,297.2,0.1672,-0.061,0.1284,1,1,1,6e-05,0.4245,1.0783,1.078257,-0.173763,0.3436,-0.622682,0.069385,-0.616277,0.41812
0.5207,1508,0,619.4,114.5,0.5246,-0.4113,0.1397,1,1,0,0.03437,0.6996,1.3948,-1.149236,-0.602508,-0.734863,1.394833,0.067252,0.067757,-3.2e-05
0.2051,1509,0,552.3,82.5,0.2091,-0.0897,0.1947,1,1,1,4e-05,0.4404,0.7402,0.740188,-0.085023,0.254886,-0.60678,-0.003548,-0.667956,0.24792
0.2632,1510,0,501.3,248.6,0.2672,-0.1215,0.0858,1,1,1,0.0001,0.6397,0.6196,0.619626,0.019201,0.185303,-0.407484,0.002325,-0.325774,0.124749
0.084,1511,0,40.2,27.3,0.0879,0.0063,0.2009,1,1,1,9e-05,0.371,0.8696,0.812661,-0.447464,0.439228,-0.676218,0.128546,-0.869557,0.754265
0.3473,1512,0,191.7,99.7,0.3513,0.1059,0.1753,1,1,1,4e-05,1.0435,0.4582,-0.263854,0.205912,0.45815,-0.003679,-0.066937,0.017893,0.162135
0.2726,1513,0,387.9,73.4,0.2765,-0.0396,0.1971,1,1,1,8e-05,0.6157,0.4315,0.301638,-0.005481,0.310766,-0.431497,0.003728,-0.403008,0.252741
0.3859,1514,0,582.9,54.9,0.3899,-0.2373,0.2111,1,1,1,8e-05,0.8881,0.2108,-0.200268,-0.098853,-0.210768,-0.159136,0.02174,-0.08231,-0.090326
0.1996,1515,0,156.1,355.9,0.2036,0.083,0.0623,1,1,1,9e-05,0.8109,0.5981,0.498032,-0.011348,0.598129,-0.236317,0.076183,-0.16609,0.510328
0.5071,1516,0,80.8,222.5,0.5111,0.358,-0.0183,0,0,0,,,,,,,,,,
0.2268,1517,0,588.1,251.8,0.2307,-0.1452,0.106,1,1,1,6e-05,0.5257,0.823,0.822989,0.006101,0.174627,-0.521459,-0.023964,-0.452783,0.090778
0.2031,1518,0,514.9,154.7,0.2071,-0.0798,0.1665,1,1,1,0.0001,0.4561,0.8115,0.811466,-0.093913,0.288745,-0.591131,0.013996,-0.618807,0.290276
0.4024,1519,0,374.6,211.4,0.4063,-0.0611,0.0486,1,1,1,5e-05,1.1556,0.1327,-0.132727,0.076192,0.129826,0.108398,-0.009513,0.073031,0.046209
0.5723,1520,0,94.1,184.8,0.5763,0.373,0.018,0,0,0,,,,,,,,,,
0.3077,1521,0,142.7,330.1,0.3117,0.1627,-0.027,1,1,1,9e-05,1.2112,0.5235,-0.193642,0.376965,0.523491,0.477717,-0.109203,0.242118,0.064327
0.6297,1522,0,273.6,320.2,0.6336,0.1004,-0.3154,0,1,0,,,,,,,,,,
0.2121,1523,0,577.3,299.8,0.216,-0.1334,0.0866,1,1,1,6e-05,0.5143,0.9215,0.921509,-0.002689,0.21462,-0.53294,-0.008924,-0.436271,0.134483
0.46,1524,0,223.1,232.7,0.464,0.1307,-0.0097,1,1,0,0.03168,0.6717,1.4227,-1.09463,0.342659,0.097779,1.422702,-0.119905,0.06943,-0.004784
0.1479,1525,0,541.1,145.8,0.1519,-0.0507,0.1832,1,1,1,5e-05,0.3912,0.991,0.990955,-0.247287,0.332603,-0.656049,0.06405,-0.803813,0.45897
0.3204,1526,0,73.6,324.7,0.3243,0.2369,-0.0329,0,0,0,,,,,,,,,,
0.5205,1527,0,142.1,28.8,0.5245,0.2246,0.2468,0,0,0,,,,,,,,,,
0.5467,1528,0,584.4,66.7,0.5507,-0.3665,0.2018,1,1,0,0.0293,0.698,1.3964,-1.286024,-0.561597,-0.686684,1.396426,0.075255,0.06894,-0.003134
0.5264,1529,0,541.4,254.6,0.5304,-0.3595,-0.086,0,1,0,,,,,,,,,,
0.6012,1530,0,518.0,221.4,0.6052,-0.3607,-0.0638,0,1,0,,,,,,,,,,
0.3266,1531,0,612.2,93.1,0.3305,-0.2213,0.1821,1,1,1,4e-05,0.7239,0.3233,0.132012,-0.033335,-0.121652,-0.323253,-0.013132,-0.258486,-0.089132
0.3665,1532,0,221.3,58.8,0.3704,0.0838,0.2074,1,1,1,6e-05,1.0272,0.3893,-0.351226,0.192293,0.389274,-0.019999,-0.064679,0.022025,0.122922
0.637,1533,0,266.1,240.3,0.6409,0.1071,-0.1234,0,1,0,,,,,,,,,,
0.4555,1534,0,302.0,31.8,0.4594,0.0195,0.2369,1,1,1,7e-05,1.2313,0.7079,-0.707875,0.133577,0.147151,0.184115,-0.05204,0.203337,-0.018038
0.4123,1535,0,587.4,322.7,0.4163,-0.3528,-0.1172,1,1,0,0.0317,0.6938,1.4006,-0.697563,-0.391016,-0.541264,1.400562,0.014465,0.063935,-9.3e-05
0.3054,1536,0,637.6,133.1,0.3093,-0.2294,0.1556,1,1,1,5e-05,0.6951,0.3521,0.270935,-0.018464,-0.11047,-0.352104,-0.028208,-0.290573,-0.104931
0.5753,1537,0,505.6,48.5,0.5792,-0.2682,0.2265,1,1,0,0.02384,0.6936,1.4008,-1.38003,-0.417251,-0.544623,1.400821,0.053786,0.070087,-0.005782
0.1124,1538,0,282.7,80.1,0.1164,0.0041,0.1988,1,1,1,5e-05,0.3935,0.7902,0.787399,-0.355995,0.454399,-0.653678,0.100583,-0.790224,0.666267
0.5826,1539,0,596.3,254.7,0.5866,-0.5046,-0.1219,0,1,0,,,,,,,,,,
0.4841,1540,0,111.6,165.8,0.488,0.2772,0.0772,0,0,0,,,,,,,,,,
0.3399,1541,0,219.5,346.3,0.3438,0.1073,-0.0805,1,1,1,8e-05,1.2549,0.6861,-0.344632,0.333314,0.361877,0.686141,-0.092929,0.295211,0.002207
0.4762,1542,0,519.5,259.7,0.4802,-0.2896,-0.0625,1,1,0,0.02731,0.6911,1.4033,-0.857572,-0.31932,-0.458864,1.403287,0.004997,0.066421,-0.00233
0.4305,1543,0,321.8,287.8,0.4345,-0.0024,-0.0761,1,1,1,0.0001,1.0092,1.0852,-0.758903,0.149685,0.115539,1.085199,-0.052781,0.289945,-0.00539
0.2739,1544,0,178.3,106.4,0.2778,0.0859,0.178,1,1,1,5e-05,0.8172,0.5403,0.052163,0.08438,0.540273,-0.229988,-0.019027,-0.192697,0.337673
0.1442,1545,0,15.3,85.7,0.1482,0.0623,0.1966,1,1,1,5e-05,0.5266,0.6341,0.434927,-0.182547,0.628606,-0.520613,0.046774,-0.522523,0.634075
0.4589,1546,0,288.7,256.9,0.4629,0.0433,-0.0468,1,1,0,0.01431,0.6729,1.4215,-0.994189,0.20994,0.077987,1.421462,-0.081676,0.071543,-0.002428
0.5341,1547,0,7.8,208.8,0.538,0.4889,-0.0081,0,0,0,,,,,,,,,,
0.3408,1548,0,134.5,200.2,0.3447,0.1663,0.0881,1,1,1,6e-05,1.2568,0.532,-0.314524,0.331416,0.531972,0.270936,-0.11253,0.176561,0.102646
0.6282,1549,0,598.2,155.1,0.6321,-0.4951,0.0538,0,1,0,,,,,,,,,,
0.5985,1550,0,38.8,298.6,0.6024,0.5589,-0.2325,0,0,0,,,,,,,,,,
0.0845,1551,0,282.3,103.1,0.0885,0.001,0.1991,1,1,1,0.0001,0.3702,0.889,0.855077,-0.455493,0.417325,-0.677047,0.13447,-0.888996,0.745482
0.2296,1552,0,398.2,305.6,0.2335,-0.0461,0.0678,1,1,1,3e-05,0.6384,0.726,0.726031,-0.018567,0.3467,-0.40885,0.061891,-0.306643,0.327497
0.2093,1553,0,242.6,262.9,0.2132,0.0376,0.1108,1,1,1,0.0001,0.6675,0.5546,0.55458,-0.06326,0.51727,-0.379742,0.072973,-0.319513,0.494797
0.1866,1554,0,400.6,151.2,0.1906,-0.0286,0.1721,1,1,1,9e-05,0.4687,0.7445,0.744526,-0.153082,0.393428,-0.578511,0.050046,-0.604093,0.441889
0.2365,1555,0,94.4,81.2,0.2405,0.1082,0.194,1,1,1,5e-05,0.7742,0.6268,0.061553,0.06162,0.626771,-0.272962,-0.026034,-0.23516,0.404374
0.385,1556,0,433.1,43.6,0.389,-0.1007,0.2205,1,1,1,8e-05,0.8576,0.1998,-0.199843,0.024044,0.060163,-0.18965,-0.001598,-0.117417,0.028194
0.1541,1557,0,272.2,269.6,0.1581,0.0137,0.1455,1,1,1,9e-05,0.4944,0.7871,0.787133,-0.221069,0.495543,-0.55279,0.101824,-0.535498,0.603073
0.5563,1558,0,322.2,243.6,0.5603,-0.0038,-0.0832,0,1,0,,,,,,,,,,
0.1318,1559,0,317.0,117.6,0.1358,0.0005,0.1919,1,1,1,8e-05,0.4134,0.7806,0.780596,-0.299111,0.454119,-0.633755,0.08774,-0.730912,0.613875
0.5553,1560,0,340.7,106.5,0.5592,-0.0304,0.1466,1,1,0,0.00948,0.6819,1.4125,-1.347585,-0.00923,-0.094701,1.412524,-0.036783,0.075278,-0.004375
0.3956,1561,0,632.5,143.8,0.3995,-0.318,0.1272,1,1,1,5e-05,1.1019,0.3402,-0.206098,-0.207069,-0.340233,0.054723,0.036987,0.062171,-0.101943
0.3644,1562,0,233.6,226.9,0.3684,0.087,0.0491,1,1,1,9e-05,1.2537,0.3913,-0.185105,0.228396,0.391275,0.206504,-0.053658,0.13123,0.109716
0.3378,1563,0,121.5,238.3,0.3418,0.1838,0.0512,1,1,1,9e-05,1.1952,0.533,-0.371079,0.393034,0.533,0.425729,-0.134358,0.242904,0.057317
0.2321,1564,0,281.1,121.0,0.236,0.0189,0.1757,1,1,1,9e-05,0.6165,0.4653,0.391071,-0.046509,0.465293,-0.43074,0.028135,-0.405721,0.413467
0.3358,1565,0,90.6,294.2,0.3397,0.2255,-0.0098,0,0,0,,,,,,,,,,
0.5659,1566,0,479.7,246.3,0.5699,-0.2793,-0.0943,0,1,0,,,,,,,,,,
0.3601,1567,0,517.2,109.2,0.3641,-0.1721,0.1661,1,1,1,8e-05,0.8126,0.2346,0.029323,-0.014981,-0.0346,-0.234612,-0.003187,-0.177276,-0.022469
0.3247,1568,0,481.5,307.8,0.3286,-0.1545,-0.0166,1,1,1,4e-05,1.0005,0.2646,0.264644,0.024819,0.041046,-0.0467,0.002528,-0.023299,0.016886
0.4864,1569,0,16.0,128.2,0.4903,0.3908,0.127,0,0,0,,,,,,,,,,
0.6019,1570,0,238.9,212.9,0.6059,0.1465,-0.047,0,1,0,,,,,,,,,,
0.2977,1571,0,185.6,38.2,0.3016,0.0853,0.2179,1,1,1,4e-05,0.8406,0.4985,-0.120506,0.123424,0.498496,-0.206589,-0.043877,-0.154317,0.261795
0.6486,1572,0,233.9,119.3,0.6526,0.1531,0.1139,0,0,0,,,,,,,,,,
0.59,1573,0,550.3,70.8,0.5939,-0.35,0.196,0,1,0,,,,,,,,,,
0.3519,1574,0,198.1,292.7,0.3559,0.127,-0.021,1,1,1,6e-05,1.2558,0.5098,-0.316153,0.332355,0.413419,0.509789,-0.09615,0.260162,0.032747
0.2088,1575,0,273.8,170.5,0.2128,0.0201,0.1579,1,1,1,4e-05,0.5875,0.5215,0.52151,-0.089944,0.486989,-0.459723,0.051061,-0.433151,0.474653
0.347,1576,0,444.9,105.1,0.3509,-0.1036,0.171,1,1,1,3e-05,0.778,0.2692,0.077174,0.026115,0.114979,-0.269214,-0.002853,-0.216572,0.072695
0.2884,1577,0,459.5,235.2,0.2923,-0.1044,0.0819,1,1,1,7e-05,0.7162,0.478,0.477994,0.028864,0.19008,-0.330968,0.010287,-0.259963,0.135632
0.5792,1578,0,567.2,356.2,0.5831,-0.51,-0.3613,0,0,0,,,,,,,,,,
0.3802,1579,0,2.1,58.4,0.3841,0.2825,0.208,0,0,0,,,,,,,,,,
0.3507,1580,0,244.5,49.2,0.3547,0.0601,0.2142,1,1,1,4e-05,0.9324,0.3802,-0.248784,0.149267,0.380218,-0.114792,-0.045392,-0.060551,0.159153
0.1249,1581,0,527.8,134.2,0.1289,-0.032,0.1904,1,1,1,8e-05,0.3825,0.985,0.984996,-0.330752,0.355777,-0.664673,0.095837,-0.858327,0.559315
0.3545,1582,0,447.9,318.7,0.3584,-0.139,-0.0572,1,1,1,8e-05,1.2266,0.1794,0.056859,0.021892,0.027097,0.179395,0.002583,0.102796,0.011075
0.1151,1583,0,277.7,267.7,0.119,0.006,0.1731,1,1,1,0.0001,0.4123,0.8742,0.874166,-0.353728,0.463133,-0.634882,0.121626,-0.713764,0.684657
0.3272,1584,0,637.8,222.5,0.3311,-0.2771,0.0728,1,1,1,3e-05,0.9045,0.2033,0.189296,-0.078945,-0.203261,-0.142684,-0.019406,-0.101509,-0.1287
0.515,1585,0,490.8,15.3,0.519,-0.2104,0.2613,1,1,1,0.0001,1.2708,0.935,-0.934999,-0.204285,-0.277403,0.404103,0.066447,0.343648,-0.069331
0.0943,1586,0,105.5,177.9,0.0982,0.0129,0.1938,1,1,1,6e-05,0.3879,0.7945,0.792678,-0.408488,0.4736,-0.659252,0.120326,-0.794473,0.740174
0.4565,1587,0,302.3,51.9,0.4605,0.0196,0.2168,1,1,1,8e-05,1.2485,0.6759,-0.675882,0.135716,0.153648,0.201298,-0.052203,0.203441,-0.013455
0.3325,1588,0,223.8,127.5,0.3364,0.0773,0.1549,1,1,1,3e-05,0.9633,0.4448,-0.09822,0.150927,0.444836,-0.083893,-0.03496,-0.058471,0.214283
0.3803,1589,0,453.8,335.5,0.3843,-0.1624,-0.1065,1,1,1,8e-05,1.3661,0.5305,-0.220027,-0.033504,-0.050309,0.530481,0.000929,0.248305,-0.013114
0.2936,1590,0,538.5,1.3,0.2976,-0.1317,0.2379,1,1,1,7e-05,0.592,0.4552,0.177864,0.002056,0.080326,-0.455158,-0.013095,-0.409492,0.052566
0.3877,1591,0,404.4,38.9,0.3917,-0.0754,0.2246,1,1,1,4e-05,0.8765,0.2364,-0.236428,0.043621,0.101841,-0.170714,-0.006198,-0.09834,0.044639
0.1523,1592,0,239.5,165.5,0.1562,0.02,0.1771,1,1,1,0.0001,0.4768,0.6722,0.672164,-0.225913,0.511492,-0.570371,0.07823,-0.592035,0.601354
0.4054,1593,0,254.3,0.5,0.4093,0.0599,0.2581,1,1,1,5e-05,1.0858,0.5858,-0.585751,0.184033,0.269618,0.03858,-0.067787,0.105419,0.034746
0.4707,1594,0,86.4,228.8,0.4747,0.3224,-0.0095,0,0,0,,,,,,,,,,
0.1694,1595,0,19.5,356.6,0.1734,0.1151,0.0957,1,1,1,9e-05,0.786,0.7046,0.425139,-0.044665,0.704581,-0.261249,0.059182,-0.201428,0.585291
0.4388,1596,0,365.2,234.3,0.4428,-0.0577,-0.0004,1,1,1,7e-05,1.3726,0.4275,-0.395289,0.074537,0.080349,0.427472,-0.025216,0.241841,-0.006599
0.5296,1597,0,130.8,0.6,0.5336,0.2375,0.2799,0,0,0,,,,,,,,,,
0.28,1598,0,184.5,288.2,0.284,0.1037,0.0408,1,1,1,9e-05,1.0583,0.5387,0.160102,0.159823,0.538679,0.011052,-0.005243,0.001499,0.289676
0.4102,1599,0,64.9,166.4,0.4141,0.2781,0.0987,0,0,0,,,,,,,,,,
0.2715,1600,0,463.5,11.4,0.2754,-0.0784,0.2292,1,1,1,9e-05,0.5661,0.4811,0.270889,-0.007905,0.220471,-0.481144,-0.009234,-0.457791,0.173996
0.1877,1601,0,349.6,128.1,0.1916,-0.0103,0.1802,1,1,1,8e-05,0.4876,0.6526,0.652615,-0.15009,0.431248,-0.559594,0.049534,-0.578821,0.470144
0.5637,1602,0,125.7,339.7,0.5677,0.3801,-0.3016,0,0,0,,,,,,,,,,
0.1287,1603,0,214.6,304.1,0.1327,0.0213,0.155,1,1,1,5e-05,0.4633,0.8107,0.810723,-0.292354,0.514291,-0.583916,0.117801,-0.589341,0.67777
0.1023,1604,0,393.5,298.7,0.1063,-0.0073,0.1782,1,1,1,8e-05,0.3859,0.9713,0.971292,-0.410002,0.407152,-0.661297,0.137284,-0.811988,0.693001
0.2715,1605,0,450.1,79.9,0.2755,-0.0759,0.1935,1,1,1,9e-05,0.5851,0.4621,0.371061,-0.009033,0.241205,-0.46212,-0.002154,-0.437585,0.195389
0.6213,1606,0,522.6,331.9,0.6253,-0.4386,-0.3393,0,1,0,,,,,,,,,,
0.2737,1607,0,117.1,25.2,0.2777,0.1136,0.2226,1,1,1,4e-05,0.8409,0.5771,-0.131889,0.134072,0.577103,-0.206278,-0.058515,-0.154638,0.295844
0.6316,1608,0,400.2,225.3,0.6356,-0.1552,-0.0875,0,1,0,,,,,,,,,,
0.2477,1609,0,171.7,255.2,0.2517,0.0919,0.0905,1,1,1,7e-05,0.8754,0.5752,0.275661,0.065581,0.575159,-0.171771,0.024072,-0.137642,0.404892
0.4103,1610,0,67.4,249.1,0.4142,0.3024,-0.0047,0,0,0,,,,,,,,,,
0.5717,1611,0,445.1,25.1,0.5757,-0.1756,0.2568,1,1,0,0.00574,0.7052,1.4652,-1.465205,-0.293501,-0.333939,1.389173,0.039189,0.086935,-0.008785
0.59,1612,0,250.0,94.9,0.5939,0.1089,0.1605,0,1,0,,,,,,,,,,
0.3049,1613,0,355.2,40.2,0.3089,-0.0232,0.2172,1,1,1,5e-05,0.6975,0.3497,0.081309,0.036134,0.301321,-0.349725,-0.006767,-0.301705,0.209127
0.5794,1614,0,360.8,267.1,0.5834,-0.0751,-0.1463,0,1,0,,,,,,,,,,
0.2403,1615,0,417.4,32.4,0.2443,-0.0456,0.2157,1,1,1,4e-05,0.5298,0.5182,0.404443,-0.046763,0.319502,-0.517394,0.002346,-0.518231,0.285031
0.5639,1616,0,415.9,169.4,0.5679,-0.1532,0.0473,1,1,0,0.0352,0.6882,1.4062,-1.138568,-0.152587,-0.370499,1.406165,-0.021869,0.068276,-0.004055
0.3369,1617,0,392.4,61.6,0.3409,-0.0554,0.2046,1,1,1,4e-05,0.7558,0.2914,0.01754,0.043462,0.207763,-0.29137,-0.005716,-0.235961,0.132563
0.4312,1618,0,267.1,37.8,0.4351,0.0538,0.229,1,1,1,5e-05,1.1898,0.6337,-0.633696,0.17972,0.231246,0.142621,-0.067684,0.167977,0.009545
0.5326,1619,0,109.7,18.9,0.5366,0.2702,0.2596,0,0,0,,,,,,,,,,
0.6219,1620,0,96.0,53.0,0.6258,0.3555,0.2225,0,0,0,,,,,,,,,,
0.3315,1621,0,244.7,100.0,0.3354,0.0586,0.1765,1,1,1,3e-05,0.9057,0.416,-0.089831,0.126653,0.415975,-0.141512,-0.028731,-0.103165,0.215018
0.4277,1622,0,32.2,98.5,0.4317,0.3077,0.1693,0,0,0,,,,,,,,,,
0.1559,1623,0,452.3,27.2,0.1598,-0.03,0.2087,1,1,1,8e-05,0.4044,0.7689,0.766072,-0.227069,0.378099,-0.642751,0.049099,-0.768912,0.477257
0.2233,1624,0,576.8,296.2,0.2273,-0.1434,0.0797,1,1,1,5e-05,0.5466,0.8554,0.855354,0.014195,0.186232,-0.500645,-0.015231,-0.397157,0.09766
0.488,1625,0,437.5,219.4,0.4919,-0.1675,-0.0037,1,1,1,9e-05,1.233,0.8614,-0.75497,-0.11992,-0.134273,0.861396,0.006245,0.346814,-0.023271
0.4939,1626,0,58.7,206.8,0.4979,0.3725,0.0133,0,0,0,,,,,,,,,,
0.0871,1627,0,329.5,160.8,0.091,-0.0003,0.1969,1,1,1,0.0001,0.3723,0.8816,0.871949,-0.450439,0.414616,-0.674884,0.135004,-0.881552,0.73756
0.3996,1628,0,534.1,199.2,0.4035,-0.2342,0.0645,1,1,1,4e-05,1.1158,0.163,-0.110842,-0.096637,-0.16301,0.068564,0.00883,0.051253,-0.059788
0.2253,1629,0,323.0,223.5,0.2293,-0.0015,0.1238,1,1,1,3e-05,0.6191,0.5866,0.586598,-0.057361,0.433174,-0.428144,0.05753,-0.377431,0.419083
0.6316,1630,0,560.1,84.1,0.6356,-0.3998,0.1746,0,1,0,,,,,,,,,,
0.1528,1631,0,304.1,99.6,0.1567,0.0037,0.193,1,1,1,5e-05,0.4435,0.6902,0.690192,-0.233554,0.467713,-0.603674,0.067122,-0.663342,0.565116
0.621,1632,0,45.5,33.3,0.625,0.4269,0.251,0,0,0,,,,,,,,,,
0.4411,1633,0,232.3,355.4,0.4451,0.1312,-0.2058,0,1,0,,,,,,,,,,
0.4722,1634,0,533.9,319.6,0.4761,-0.3311,-0.1676,0,1,0,,,,,,,,,,
0.2186,1635,0,387.0,133.4,0.2225,-0.0301,0.1723,1,1,1,5e-05,0.526,0.5957,0.595653,-0.086063,0.378089,-0.52116,0.031794,-0.517037,0.375696
0.4479,1636,0,600.0,18.4,0.4519,-0.293,0.249,1,1,1,9e-05,1.1645,0.6021,-0.602149,-0.244729,-0.372129,0.117293,0.084429,0.175097,-0.086227
0.4791,1637,0,251.5,285.2,0.4831,0.1033,-0.1092,0,1,0,,,,,,,,,,
0.5877,1638,0,292.3,50.7,0.5917,0.0412,0.2243,1,1,0,0.04854,0.6843,1.5157,-1.515673,0.072673,-0.256028,1.410125,-0.072504,0.073065,-0.008094
0.3497,1639,0,619.3,234.9,0.3537,-0.2885,0.0481,1,1,1,3e-05,1.0346,0.2343,0.073845,-0.120844,-0.234264,-0.012584,-0.002894,-0.008395,-0.107253
0.4727,1640,0,447.6,38.9,0.4767,-0.1452,0.2313,1,1,1,9e-05,1.1729,0.6218,-0.621834,-0.059164,-0.114879,0.125734,0.020162,0.166168,-0.053989
0.4434,1641,0,412.6,85.3,0.4473,-0.102,0.182,1,1,1,8e-05,1.0893,0.4054,-0.405373,0.012743,0.006077,0.042102,-0.002487,0.072807,-0.012712
0.3912,1642,0,615.3,24.2,0.3951,-0.2632,0.2369,1,1,1,5e-05,0.9138,0.297,-0.297003,-0.141358,-0.28249,-0.133433,0.040721,-0.041623,-0.105423
0.5206,1643,0,369.0,57.8,0.5246,-0.0636,0.2124,1,1,1,8e-05,1.2635,0.9457,-0.94569,-0.006439,-0.042691,0.490511,-0.011465,0.350974,-0.053296
0.6175,1644,0,391.8,54.4,0.6215,-0.1132,0.2203,0,1,0,,,,,,,,,,
0.2813,1645,0,106.0,211.0,0.2853,0.1505,0.105,1,1,1,7e-05,1.0642,0.6275,-0.030113,0.206364,0.627499,0.017009,-0.058304,0.006281,0.276033
0.4701,1646,0,100.1,17.1,0.4741,0.2436,0.2532,0,0,0,,,,,,,,,,
0.334,1647,0,3.2,276.6,0.338,0.3026,0.012,0,0,0,,,,,,,,,,
0.4059,1648,0,407.0,60.9,0.4098,-0.084,0.2065,1,1,1,3e-05,0.9407,0.2756,-0.275603,0.037187,0.071941,-0.106525,-0.005141,-0.044991,0.025177
0.478,1649,0,597.6,85.6,0.4819,-0.3349,0.1799,1,1,1,7e-05,1.2959,0.7252,-0.72515,-0.353054,-0.427762,0.443764,0.097335,0.31856,-0.05606
0.0815,1650,0,570.2,5.1,0.0854,-0.0038,0.2009,1,1,1,5e-05,0.367,0.9268,0.880592,-0.471218,0.393842,-0.680224,0.140144,-0.926794,0.744278
0.5489,1651,0,505.6,113.2,0.5528,-0.2707,0.1377,1,1,0,0.01056,0.6917,1.4027,-1.220407,-0.391245,-0.431972,1.402701,0.044185,0.071621,-0.007145
0.5286,1652,0,484.0,260.8,0.5326,-0.2696,-0.0992,0,1,0,,,,,,,,,,
0.6028,1653,0,590.8,18.8,0.6067,-0.4014,0.2689,0,1,0,,,,,,,,,,
0.5395,1654,0,203.2,295.7,0.5435,0.2051,-0.1775,0,0,0,,,,,,,,,,
0.4933,1655,0,399.8,307.6,0.4973,-0.1281,-0.1631,0,1,0,,,,,,,,,,
0.5303,1656,0,120.4,319.9,0.5343,0.3544,-0.2222,0,0,0,,,,,,,,,,
0.2095,1657,0,488.6,98.1,0.2134,-0.0684,0.1885,1,1,1,9e-05,0.4637,0.6917,0.691663,-0.092689,0.299849,-0.583498,0.011128,-0.620632,0.301058
0.3949,1658,0,599.1,84.5,0.3988,-0.2668,0.1851,1,1,1,4e-05,0.964,0.2635,-0.216432,-0.137604,-0.263475,-0.083228,0.027974,-0.024741,-0.100597
0.4855,1659,0,407.9,238.0,0.4895,-0.1272,-0.0323,1,1,0,0.00049,0.8712,1.2232,-0.907007,-0.076769,-0.097123,1.22324,-0.012829,0.222438,-0.007105
0.1117,1660,0,552.8,187.4,0.1157,-0.0277,0.1866,1,1,1,0.0001,0.3789,1.0293,1.029272,-0.379617,0.353162,-0.668284,0.118128,-0.883629,0.608904
0.2035,1661,0,133.2,290.1,0.2074,0.0896,0.0995,1,1,1,8e-05,0.7759,0.6204,0.416663,-0.018727,0.620378,-0.271274,0.056293,-0.217247,0.516771
0.1182,1662,0,257.5,282.8,0.1221,0.0098,0.1681,1,1,1,8e-05,0.4236,0.8614,0.861412,-0.339456,0.476999,-0.623587,0.121272,-0.680381,0.68491
0.1595,1663,0,397.9,243.9,0.1635,-0.0231,0.1507,1,1,1,5e-05,0.4452,0.9126,0.9126,-0.217451,0.410222,-0.601981,0.087136,-0.620147,0.521302
0.355,1664,0,598.3,240.3,0.359,-0.2751,0.0392,1,1,1,7e-05,1.0527,0.2088,0.063858,-0.110087,-0.208765,0.005529,-0.002049,0.003215,-0.094008
0.3849,1665,0,279.2,53.4,0.3889,0.0366,0.2124,1,1,1,6e-05,0.9968,0.343,-0.342989,0.146444,0.292691,-0.050435,-0.043116,0.001371,0.097032
0.1227,1666,0,582.0,343.3,0.1267,-0.0493,0.1511,1,1,1,7e-05,0.3781,1.2229,1.222884,-0.316341,0.329791,-0.669078,0.113314,-0.790457,0.533266
0.4485,1667,0,454.6,69.3,0.4525,-0.148,0.1986,1,1,1,9e-05,1.0871,0.4418,-0.441788,-0.040635,-0.082637,0.03987,0.012628,0.081578,-0.039404
0.518,1668,0,574.2,198.1,0.522,-0.3795,0.0167,0,1,0,,,,,,,,,,
0.2569,1669,0,164.9,111.8,0.2609,0.0864,0.177,1,1,1,6e-05,0.7836,0.5635,0.108051,0.059233,0.563535,-0.263648,-0.010785,-0.227171,0.377137
0.4967,1670,0,630.4,322.7,0.5007,-0.5123,-0.1967,0,1,0,,,,,,,,,,
0.6422,1671,0,63.5,158.9,0.6461,0.47,0.0427,0,0,0,,,,,,,,,,
0.5463,1672,0,474.0,110.3,0.5503,-0.2229,0.1422,1,1,0,0.00027,0.9213,1.1731,-1.173142,-0.299698,-0.304193,1.173112,0.0431,0.253892,-0.019679
0.2211,1673,0,0.0,11.5,0.225,0.1297,0.2216,1,1,1,5e-05,0.7742,0.6814,-0.042939,0.087138,0.681373,-0.273007,-0.056,-0.227861,0.398309
0.1121,1674,0,314.0,171.2,0.116,0.0007,0.1885,1,1,1,5e-05,0.3953,0.8522,0.852249,-0.366072,0.442871,-0.651865,0.112675,-0.780803,0.671731
0.2542,1675,0,506.0,212.2,0.2581,-0.1137,0.1168,1,1,1,4e-05,0.585,0.6429,0.642915,0.001089,0.205878,-0.462227,-0.000541,-0.403507,0.151411
0.14,1676,0,580.9,278.6,0.144,-0.0619,0.1528,1,1,1,6e-05,0.3841,1.1743,1.174283,-0.250518,0.319596,-0.663059,0.078952,-0.768597,0.453928
0.3669,1677,0,408.3,11.2,0.3709,-0.0718,0.2436,1,1,1,5e-05,0.8081,0.2391,-0.194235,0.04337,0.124886,-0.239119,-0.006642,-0.158886,0.063189
0.5572,1678,0,598.6,133.2,0.5612,-0.4221,0.1068,0,1,0,,,,,,,,,,
0.555,1679,0,386.0,69.6,0.559,-0.0935,0.1978,1,1,1,0.0001,1.1012,1.2489,-1.248943,-0.107027,-0.133471,0.993152,0.00761,0.352371,-0.025873
0.5247,1680,0,234.6,164.4,0.5286,0.1247,0.0672,0,1,0,,,,,,,,,,
0.2268,1681,0,83.2,352.2,0.2308,0.1456,0.035,1,1,1,4e-05,1.0586,0.6744,0.233353,0.14992,0.674448,0.011432,-0.008617,0.004111,0.370127
0.2285,1682,0,12.1,217.6,0.2324,0.162,0.1257,1,1,1,7e-05,0.9548,0.729,0.064136,0.140047,0.728963,-0.092414,-0.046468,-0.079459,0.390852
0.4343,1683,0,631.6,294.8,0.4382,-0.4227,-0.0904,0,1,0,,,,,,,,,,
0.1451,1684,0,492.6,347.7,0.1491,-0.0483,0.1261,1,1,1,7e-05,0.4109,1.1437,1.143722,-0.227885,0.362386,-0.63635,0.099012,-0.632043,0.490788
0.4889,1685,0,392.4,235.3,0.4929,-0.1053,-0.0298,1,1,0,0.00187,0.7716,1.3228,-0.957521,-0.047166,-0.079917,1.322845,-0.022287,0.150179,-0.004184
0.272,1686,0,404.0,322.0,0.276,-0.0645,0.0158,1,1,1,8e-05,0.8122,0.5283,0.528275,0.051471,0.262409,-0.234987,0.041765,-0.145534,0.204564
0.5859,1687,0,47.8,106.1,0.5899,0.4251,0.1438,0,0,0,,,,,,,,,,
0.4131,1688,0,305.7,26.1,0.4171,0.0137,0.2378,1,1,1,7e-05,1.0437,0.4858,-0.485763,0.130525,0.205881,-0.00352,-0.040918,0.059778,0.039628
0.5865,1689,0,198.2,32.9,0.5904,0.1773,0.2483,0,1,0,,,,,,,,,,
0.4073,1690,0,378.9,161.0,0.4113,-0.0633,0.1057,1,1,1,6e-05,1.0677,0.1686,-0.168604,0.066129,0.124484,0.020467,-0.009449,0.023357,0.048115
0.6299,1691,0,471.3,108.7,0.6339,-0.2575,0.1347,0,1,0,,,,,,,,,,
0.1278,1692,0,447.6,324.7,0.1318,-0.026,0.1506,1,1,1,4e-05,0.4015,1.0785,1.078524,-0.313082,0.387827,-0.645742,0.12129,-0.710663,0.589966
0.6395,1693,0,230.4,313.6,0.6435,0.1958,-0.3065,0,1,0,,,,,,,,,,
0.193,1694,0,153.7,133.1,0.1969,0.0612,0.1774,1,1,1,3e-05,0.6153,0.5856,0.3804,-0.085434,0.585599,-0.431856,0.036431,-0.40772,0.528519
0.6016,1695,0,610.8,71.0,0.6056,-0.4522,0.1955,0,1,0,,,,,,,,,,
0.5148,1696,0,557.7,118.6,0.5188,-0.3236,0.135,1,1,1,0.0001,1.0587,1.0422,-1.042182,-0.436947,-0.428568,1.035698,0.079581,0.320903,-0.029867
0.4819,1697,0,363.0,304.6,0.4858,-0.0669,-0.1474,0,1,0,,,,,,,,,,
0.1773,1698,0,417.3,143.2,0.1813,-0.0313,0.1771,1,1,1,4e-05,0.4473,0.7851,0.785121,-0.175902,0.387111,-0.599857,0.052604,-0.646668,0.452693
0.4361,1699,0,177.0,85.7,0.4401,0.1545,0.1819,1,1,1,9e-05,1.2614,0.9392,-0.939204,0.326845,0.312724,0.563623,-0.138958,0.34491,-0.028002
0.4553,1700,0,108.1,142.8,0.4593,0.2557,0.1148,0,0,0,,,,,,,,,,
0.2614,1701,0,452.9,196.0,0.2654,-0.083,0.1246,1,1,1,0.0001,0.6107,0.5667,0.566738,-0.004599,0.25511,-0.436484,0.013732,-0.384404,0.211
0.1727,1702,0,91.7,233.9,0.1766,0.0776,0.1468,1,1,1,3e-05,0.6437,0.6356,0.454979,-0.108964,0.635566,-0.403469,0.061147,-0.362243,0.595035
0.5234,1703,0,259.2,300.0,0.5273,0.1036,-0.1734,0,1,0,,,,,,,,,,
0.5222,1704,0,126.8,336.8,0.5262,0.3445,-0.2525,0,0,0,,,,,,,,,,
0.5225,1705,0,13.7,258.6,0.5265,0.4954,-0.0909,0,0,0,,,,,,,,,,
0.1311,1706,0,276.6,296.4,0.1351,0.0091,0.155,1,1,1,6e-05,0.4471,0.8672,0.867225,-0.295498,0.48071,-0.600129,0.118249,-0.618453,0.653771
0.4658,1707,0,228.9,135.9,0.4697,0.1121,0.1211,1,1,1,9e-05,1.2526,0.971,-0.971018,0.264539,0.237582,0.7509,-0.106246,0.361821,-0.022183
0.5929,1708,0,230.7,115.0,0.5968,0.1427,0.1291,0,1,0,,,,,,,,,,
0.649,1709,0,588.0,352.7,0.653,-0.6269,-0.4283,0,0,0,,,,,,,,,,
0.5805,1710,0,413.5,311.8,0.5845,-0.1825,-0.249,0,1,0,,,,,,,,,,
0.2719,1711,0,409.9,182.6,0.2759,-0.0585,0.1296,1,1,1,8e-05,0.65,0.4731,0.47313,0.001692,0.289516,-0.397238,0.019723,-0.348522,0.242165
0.3617,1712,0,16.5,297.9,0.3656,0.3295,-0.0357,0,0,0,,,,,,,,,,
0.1052,1713,0,397.3,226.3,0.1092,-0.0079,0.1848,1,1,1,7e-05,0.3849,0.9383,0.938312,-0.398596,0.407953,-0.66227,0.127552,-0.824578,0.67801
0.461,1714,0,632.8,240.9,0.4649,-0.4272,-0.0229,1,1,0,0.04732,0.7002,1.3942,-0.848241,-0.539943,-0.739719,1.394194,0.023548,0.063266,0.006215
0.4903,1715,0,62.3,268.8,0.4942,0.3915,-0.0879,0,0,0,,,,,,,,,,
0.5704,1716,0,327.0,139.7,0.5744,-0.011,0.0939,1,1,0,0.0403,0.683,1.4114,-1.273526,0.048342,-0.22094,1.411355,-0.063247,0.069851,-0.006101
0.2115,1717,0,376.7,143.4,0.2155,-0.0245,0.1693,1,1,1,5e-05,0.5209,0.6208,0.620811,-0.099272,0.393853,-0.526259,0.038416,-0.522808,0.400997
0.4467,1718,0,11.7,109.1,0.4507,0.3511,0.1558,0,0,0,,,,,,,,,,
0.1808,1719,0,149.3,218.6,0.1848,0.0619,0.1485,1,1,1,3e-05,0.6225,0.5945,0.489461,-0.112094,0.59448,-0.424653,0.063888,-0.38671,0.572678
0.3718,1720,0,320.9,111.1,0.3757,-0.0009,0.163,1,1,1,5e-05,0.9432,0.2669,-0.130949,0.103557,0.266879,-0.104029,-0.017506,-0.067562,0.129006
0.4707,1721,0,141.1,132.9,0.4746,0.2222,0.1238,0,0,0,,,,,,,,,,
0.5181,1722,0,318.6,143.3,0.5221,0.002,0.1,1,1,1,0.0001,1.0956,1.0949,-1.094855,0.08107,0.050025,0.998817,-0.045748,0.338076,-0.013616
0.3459,1723,0,287.8,52.3,0.3498,0.0253,0.2117,1,1,1,8e-05,0.8658,0.3346,-0.155356,0.107949,0.334562,-0.181413,-0.026547,-0.125017,0.16861
0.3395,1724,0,470.8,133.4,0.3435,-0.1252,0.1487,1,1,1,4e-05,0.77,0.2772,0.1569,0.01882,0.086696,-0.277246,-0.003934,-0.225565,0.053175
0.563,1725,0,494.0,92.4,0.5669,-0.2561,0.1661,1,1,0,0.01562,0.6907,1.4037,-1.280537,-0.376867,-0.453473,1.403673,0.042133,0.070117,-0.00653
0.302,1726,0,170.3,160.8,0.3059,0.1097,0.1358,1,1,1,5e-05,0.9733,0.5391,-0.030912,0.158896,0.539135,-0.073863,-0.037396,-0.057813,0.270461
0.4373,1727,0,185.8,285.2,0.4412,0.1814,-0.077,0,1,0,,,,,,,,,,
0.3017,1728,0,341.9,86.7,0.3057,-0.0149,0.188,1,1,1,5e-05,0.7166,0.3306,0.153017,0.035677,0.328773,-0.330562,0.000412,-0.288168,0.236822
0.3639,1729,0,521.0,93.3,0.3678,-0.1749,0.1793,1,1,1,7e-05,0.8131,0.2341,-0.011056,-0.020555,-0.048859,-0.234075,-0.001063,-0.172887,-0.028693
0.3026,1730,0,135.7,165.5,0.3065,0.1361,0.132,1,1,1,5e-05,1.0412,0.5759,-0.100522,0.203618,0.575939,-0.006007,-0.06103,-0.003986,0.245602
0.5279,1731,0,466.9,17.4,0.5319,-0.1866,0.2606,1,1,1,7e-05,1.2384,1.0167,-1.016666,-0.190166,-0.25179,0.496419,0.057303,0.375981,-0.065829
0.2254,1732,0,231.7,272.0,0.2293,0.0486,0.0941,1,1,1,8e-05,0.7399,0.5211,0.481604,-0.017389,0.521126,-0.307314,0.06403,-0.246598,0.459514
0.4074,1733,0,216.7,314.8,0.4114,0.133,-0.0997,1,1,0,0.04261,0.6721,1.4223,-0.884534,0.389016,0.080269,1.422329,-0.123769,0.065027,-0.007312
0.2738,1734,0,243.2,183.0,0.2778,0.0504,0.1287,1,1,1,6e-05,0.8009,0.4803,0.240144,0.049737,0.480286,-0.246297,0.017868,-0.208431,0.351003
0.4357,1735,0,56.3,141.7,0.4397,0.3014,0.1205,0,0,0,,,,,,,,,,
0.2258,1736,0,41.4,314.6,0.2298,0.162,0.0647,1,1,1,3e-05,1.0437,0.7169,0.159619,0.158732,0.716878,-0.003461,-0.030398,-0.010821,0.37516
0.5936,1737,0,550.9,187.6,0.5975,-0.3989,0.005,0,1,0,,,,,,,,,,
0.3383,1738,0,563.0,132.1,0.3423,-0.2005,0.1501,1,1,1,3e-05,0.7731,0.2741,0.145341,-0.02129,-0.069475,-0.27414,-0.011885,-0.216125,-0.054721
0.4554,1739,0,523.6,89.2,0.4594,-0.2327,0.1772,1,1,1,7e-05,1.1756,0.4674,-0.467416,-0.14678,-0.229936,0.128382,0.038431,0.139899,-0.067454
0.3083,1740,0,253.8,63.9,0.3123,0.0452,0.2027,1,1,1,4e-05,0.8054,0.4221,-0.0268,0.088036,0.422114,-0.241763,-0.020805,-0.193865,0.25169
0.2624,1741,0,131.8,123.4,0.2664,0.1094,0.1696,1,1,1,5e-05,0.8482,0.5955,0.041675,0.098869,0.595483,-0.199036,-0.027052,-0.165626,0.356982
0.2948,1742,0,558.7,338.7,0.2987,-0.2092,-0.0239,1,1,1,5e-05,0.9476,0.3747,0.374683,0.000449,-0.03588,-0.099572,-0.014175,-0.048814,-0.047649
0.3467,1743,0,199.0,50.8,0.3507,0.095,0.2128,1,1,1,4e-05,0.9881,0.4361,-0.308933,0.190985,0.436054,-0.05907,-0.066614,-0.011675,0.155569
0.118,1744,0,533.4,28.4,0.1219,-0.0254,0.2045,1,1,1,9e-05,0.3777,0.9126,0.912555,-0.349466,0.364094,-0.669533,0.094231,-0.894887,0.581087
0.2172,1745,0,278.7,111.1,0.2212,0.018,0.1823,1,1,1,3e-05,0.5808,0.475,0.433391,-0.074684,0.474976,-0.466354,0.032168,-0.450541,0.441831
0.171,1746,0,535.8,161.6,0.175,-0.0665,0.1728,1,1,1,7e-05,0.4106,0.9507,0.950684,-0.171464,0.314227,-0.636604,0.037572,-0.724052,0.375108
0.1719,1747,0,287.6,134.1,0.1759,0.0098,0.1811,1,1,1,8e-05,0.4887,0.6353,0.635269,-0.180649,0.481758,-0.558479,0.061146,-0.577138,0.536721
0.0946,1748,0,628.5,100.8,0.0986,-0.0175,0.1982,1,1,1,6e-05,0.3729,0.9627,0.962668,-0.436913,0.359639,-0.674295,0.132079,-0.939131,0.67404
0.4441,1749,0,204.3,107.1,0.4481,0.1306,0.1583,1,1,1,9e-05,1.282,0.8635,-0.863475,0.293184,0.290536,0.539632,-0.120979,0.332434,-0.024132
0.1933,1750,0,265.7,0.2,0.1972,0.0176,0.2208,1,1,1,5e-05,0.5135,0.5473,0.395768,-0.111362,0.485303,-0.533671,0.019094,-0.547323,0.463749
0.6322,1751,0,223.5,5.4,0.6362,0.1493,0.2913,0,1,0,,,,,,,,,,
0.5467,1752,0,569.7,213.7,0.5506,-0.404,-0.0225,0,1,0,,,,,,,,,,
0.1637,1753,0,286.6,205.5,0.1676,0.01,0.1613,1,1,1,8e-05,0.4902,0.7251,0.725136,-0.201832,0.485156,-0.557048,0.082242,-0.559655,0.568249
0.2896,1754,0,451.8,276.9,0.2936,-0.1042,0.0441,1,1,1,7e-05,0.7784,0.4774,0.477436,0.041463,0.184158,-0.268772,0.016742,-0.189167,0.128055
0.4034,1755,0,515.4,221.6,0.4074,-0.2219,0.0354,1,1,1,7e-05,1.1843,0.1405,-0.127811,-0.088225,-0.140519,0.137134,0.008431,0.090145,-0.046801
0.2095,1756,0,614.3,46.6,0.2135,-0.1135,0.2078,1,1,1,4e-05,0.4337,0.7062,0.706195,-0.056437,0.197125,-0.613477,-0.023423,-0.684206,0.169784
0.6472,1757,0,257.4,225.5,0.6511,0.1245,-0.0957,0,0,0,,,,,,,,,,
0.4492,1758,0,382.5,75.0,0.4532,-0.0692,0.1927,1,1,1,4e-05,1.1232,0.4747,-0.47466,0.043213,0.048091,0.075973,-0.01225,0.103803,-0.007684
0.2536,1759,0,274.4,11.4,0.2576,0.0226,0.2265,1,1,1,7e-05,0.6352,0.4419,0.157565,0.001717,0.441858,-0.412029,-0.005734,-0.379706,0.337206
0.2564,1760,0,210.7,243.7,0.2604,0.0702,0.0936,1,1,1,7e-05,0.8448,0.5285,0.302389,0.053638,0.528451,-0.202422,0.03092,-0.16302,0.389604
0.2951,1761,0,339.6,122.6,0.299,-0.0133,0.1648,1,1,1,6e-05,0.7203,0.3434,0.228188,0.030378,0.343394,-0.326885,0.008672,-0.286321,0.258371
0.4462,1762,0,445.2,20.1,0.4502,-0.1306,0.2471,1,1,1,9e-05,1.0503,0.5259,-0.525863,-0.027487,-0.071305,0.00312,0.013945,0.079333,-0.04111
0.5046,1763,0,555.3,163.1,0.5086,-0.3279,0.0749,1,1,0,0.0031,0.7455,1.3489,-1.049837,-0.455405,-0.438887,1.34891,0.054739,0.116881,-0.011037
0.3059,1764,0,201.7,117.7,0.3099,0.0843,0.1666,1,1,1,4e-05,0.8974,0.4941,-0.032417,0.126466,0.494075,-0.149849,-0.029322,-0.116745,0.269306
0.3108,1765,0,65.9,113.1,0.3148,0.1841,0.1692,1,1,1,5e-05,1.1535,0.6167,-0.337819,0.311151,0.616696,0.106315,-0.12802,0.095109,0.158005
0.2004,1766,0,591.6,115.8,0.2043,-0.1045,0.1826,1,1,1,5e-05,0.4316,0.8291,0.82911,-0.077853,0.233576,-0.615611,-0.01072,-0.6797,0.216366
0.6116,1767,0,10.0,305.0,0.6156,0.6367,-0.2595,0,0,0,,,,,,,,,,
0.4192,1768,0,230.7,49.9,0.4231,0.0889,0.217,1,1,1,7e-05,1.2253,0.6334,-0.633408,0.225955,0.295079,0.178118,-0.087728,0.183791,0.018129
0.3145,1769,0,610.4,125.6,0.3184,-0.2164,0.1595,1,1,1,5e-05,0.7071,0.3401,0.233564,-0.017703,-0.089146,-0.340063,-0.022232,-0.279471,-0.082617
0.4474,1770,0,125.4,138.0,0.4514,0.2288,0.1223,0,0,0,,,,,,,,,,
0.1731,1771,0,607.3,74.8,0.1771,-0.0828,0.1982,1,1,1,9e-05,0.397,0.9019,0.901939,-0.149411,0.268597,-0.650183,0.011038,-0.792135,0.307427
0.3681,1772,0,577.3,217.1,0.3721,-0.2593,0.0582,1,1,1,6e-05,1.0396,0.1888,0.02082,-0.09965,-0.188798,-0.007566,0.000491,-0.003694,-0.084418
0.1444,1773,0,67.6,301.7,0.1484,0.0659,0.1424,1,1,1,5e-05,0.5826,0.6692,0.586868,-0.189681,0.628028,-0.46465,0.092278,-0.420403,0.669233
0.4533,1774,0,35.7,223.0,0.4572,0.3725,0.0083,0,0,0,,,,,,,,,,
0.2585,1775,0,37.9,276.9,0.2625,0.1907,0.0668,1,1,1,9e-05,1.1963,0.7115,-0.037695,0.279927,0.711463,0.149073,-0.093103,0.088361,0.246623
0.1228,1776,0,403.4,197.5,0.1267,-0.0132,0.1807,1,1,1,5e-05,0.3961,0.9294,0.92939,-0.339331,0.409246,-0.651066,0.109095,-0.777736,0.619876
0.0885,1777,0,331.7,68.3,0.0924,-0.0004,0.2,1,1,1,0.0001,0.3718,0.8855,0.854893,-0.442698,0.416281,-0.675448,0.129664,-0.885501,0.728901
0.3611,1778,0,51.2,42.5,0.3651,0.2205,0.2197,0,0,0,,,,,,,,,,
0.3513,1779,0,132.5,70.9,0.3553,0.1527,0.1977,1,1,1,5e-05,1.155,0.4974,-0.454555,0.29177,0.497372,0.107785,-0.116188,0.115864,0.10252
0.6046,1780,0,161.5,89.5,0.6085,0.2523,0.1676,0,0,0,,,,,,,,,,
0.1066,1781,0,48.7,250.2,0.1106,0.0297,0.1811,1,1,1,7e-05,0.4303,0.735,0.726243,-0.347583,0.539374,-0.616943,0.109933,-0.67121,0.73496
0.5738,1782,0,518.8,8.4,0.5777,-0.2758,0.2781,1,1,0,0.0237,0.6946,1.4628,-1.462837,-0.452848,-0.579571,1.399807,0.068347,0.070378,-0.00629
0.514,1783,0,297.4,210.7,0.518,0.0339,-0.002,1,1,0,0.03531,0.6781,1.4163,-1.105371,0.166009,-0.080841,1.416336,-0.084059,0.068568,-0.005567
0.1152,1784,0,515.0,282.0,0.1192,-0.0285,0.1705,1,1,1,8e-05,0.3832,1.0846,1.084569,-0.365991,0.360773,-0.663975,0.124932,-0.823391,0.608335
0.4336,1785,0,369.5,155.7,0.4376,-0.0571,0.1045,1,1,1,4e-05,1.1786,0.3136,-0.313589,0.068899,0.10107,0.131391,-0.016761,0.105332,0.019484
0.3225,1786,0,516.4,81.9,0.3265,-0.1448,0.1903,1,1,1,5e-05,0.6869,0.3603,0.167512,0.005876,0.049538,-0.360264,-0.009648,-0.305555,0.026635
0.4625,1787,0,233.3,225.8,0.4665,0.1168,-0.0007,1,1,0,0.02313,0.671,1.4234,-1.108153,0.316533,0.122123,1.42339,-0.112964,0.070869,-0.002956
0.504,1788,0,14.0,324.8,0.5079,0.5151,-0.2079,0,0,0,,,,,,,,,,
0.1271,1789,0,574.1,104.5,0.131,-0.0397,0.1946,1,1,1,8e-05,0.3799,0.9974,0.997358,-0.319011,0.336509,-0.667273,0.086992,-0.885177,0.528635
0.5106,1790,0,296.5,337.4,0.5145,0.0408,-0.2418,0,1,0,,,,,,,,,,
0.0861,1791,0,261.2,329.4,0.0901,0.0023,0.1902,1,1,1,9e-05,0.3759,0.8887,0.888729,-0.455234,0.423693,-0.671339,0.141784,-0.853592,0.753254
0.3547,1792,0,23.8,30.9,0.3587,0.235,0.2278,0,0,0,,,,,,,,,,
0.0876,1793,0,536.7,111.2,0.0916,-0.0077,0.1985,1,1,1,5e-05,0.3705,0.9194,0.911043,-0.455755,0.385944,-0.676698,0.137418,-0.919446,0.718767
0.3844,1794,0,300.4,64.3,0.3883,0.0178,0.2032,1,1,1,6e-05,0.9729,0.2885,-0.288471,0.125886,0.268765,-0.07427,-0.032854,-0.023992,0.100912
0.6235,1795,0,37.6,1.0,0.6275,0.4281,0.2959,0,0,0,,,,,,,,,,
0.547,1796,0,196.5,91.2,0.5509,0.1756,0.1689,0,1,0,,,,,,,,,,
0.5914,1797,0,618.1,359.1,0.5953,-0.6326,-0.383,0,0,0,,,,,,,,,,
0.6475,1798,0,293.3,186.4,0.6514,0.0509,-0.013,0,0,0,,,,,,,,,,
0.4573,1799,0,544.4,237.5,0.4613,-0.3023,-0.0154,1,1,1,0.0001,1.1613,0.9331,-0.703431,-0.322703,-0.32098,0.933097,0.044489,0.333401,-0.019709
0.3703,1800,0,15.0,82.0,0.3742,0.2684,0.1883,0,0,0,,,,,,,,,,
0.2174,1801,0,219.5,5.0,0.2214,0.0395,0.2234,1,1,1,9e-05,0.5909,0.513,0.239154,-0.04475,0.512973,-0.456285,0.002777,-0.43866,0.425976
0.4069,1802,0,324.5,141.7,0.4109,-0.0048,0.1268,1,1,1,4e-05,1.0972,0.2513,-0.251349,0.118597,0.214119,0.050047,-0.025591,0.050632,0.070829
0.1014,1803,0,143.2,342.9,0.1054,0.0181,0.1734,1,1,1,0.0001,0.4134,0.835,0.835008,-0.385061,0.495642,-0.633766,0.130602,-0.703861,0.743366
0.611,1804,0,452.5,87.0,0.615,-0.2131,0.1711,0,1,0,,,,,,,,,,
0.5606,1805,0,198.1,206.1,0.5646,0.2014,-0.0154,0,0,0,,,,,,,,,,
0.3751,1806,0,598.0,219.5,0.3791,-0.2878,0.052,1,1,1,6e-05,1.1126,0.247,-0.043871,-0.145638,-0.246989,0.06539,0.010493,0.045699,-0.088814
0.3632,1807,0,379.3,117.9,0.3672,-0.0528,0.158,1,1,1,9e-05,0.8681,0.1921,-0.017645,0.060451,0.192124,-0.179074,-0.004369,-0.135148,0.11084
0.5138,1808,0,27.6,297.0,0.5177,0.486,-0.1591,0,0,0,,,,,,,,,,
0.2488,1809,0,469.2,299.2,0.2528,-0.0981,0.0565,1,1,1,0.0001,0.6552,0.6928,0.692766,0.018931,0.240174,-0.391993,0.026259,-0.284329,0.186926
0.1401,1810,0,167.1,316.3,0.144,0.0381,0.1416,1,1,1,7e-05,0.5211,0.7302,0.73021,-0.237275,0.558317,-0.526072,0.111746,-0.492027,0.668016
0.2319,1811,0,227.3,323.4,0.2359,0.0567,0.0524,1,1,1,8e-05,0.8325,0.5171,0.470055,0.026512,0.517122,-0.214741,0.066061,-0.150593,0.426383
0.5155,1812,0,365.2,196.2,0.5194,-0.0669,0.0207,1,1,0,0.00511,0.7008,1.3936,-1.095622,-0.009967,-0.066182,1.393571,-0.033857,0.092015,-0.003584
0.6179,1813,0,213.9,153.2,0.6219,0.185,0.0598,0,1,0,,,,,,,,,,
0.5996,1814,0,458.7,108.7,0.6036,-0.223,0.1382,0,1,0,,,,,,,,,,
0.4402,1815,0,535.9,201.8,0.4442,-0.2666,0.044,1,1,1,6e-05,1.3904,0.3658,-0.36578,-0.186685,-0.2448,0.343198,0.031889,0.214445,-0.04729
0.5206,1816,0,335.0,284.1,0.5246,-0.0249,-0.1387,0,1,0,,,,,,,,,,
0.485,1817,0,202.8,197.5,0.4889,0.1618,0.0313,1,1,0,0.04934,0.6744,1.42,-1.198975,0.368994,0.012624,1.420023,-0.129382,0.068162,-0.00933
0.547,1818,0,558.3,250.5,0.551,-0.4026,-0.0911,0,1,0,,,,,,,,,,
0.3047,1819,0,603.1,78.9,0.3086,-0.193,0.193,1,1,1,6e-05,0.6456,0.4016,0.23352,-0.006507,-0.043643,-0.401559,-0.020533,-0.345864,-0.050513
0.4173,1820,0,556.0,18.8,0.4213,-0.2267,0.2446,1,1,1,4e-05,0.9694,0.4017,-0.401683,-0.118415,-0.225756,-0.077802,0.039735,0.012181,-0.080931
0.3019,1821,0,220.8,151.5,0.3059,0.0719,0.1429,1,1,1,5e-05,0.8887,0.481,0.055016,0.108253,0.481019,-0.158513,-0.012883,-0.128916,0.286309
0.3029,1822,0,39.2,20.6,0.3069,0.1796,0.2286,1,1,1,4e-05,1.0691,0.6103,-0.423455,0.300282,0.61029,0.021853,-0.137444,0.059853,0.154432
0.1347,1823,0,446.3,167.2,0.1386,-0.0242,0.1821,1,1,1,5e-05,0.3973,0.9357,0.935693,-0.300466,0.387926,-0.649918,0.092188,-0.777412,0.562235
0.3094,1824,0,245.3,47.6,0.3133,0.0504,0.213,1,1,1,4e-05,0.8098,0.4267,-0.067112,0.09598,0.426739,-0.237386,-0.026659,-0.185615,0.244374
0.1963,1825,0,476.5,54.2,0.2002,-0.0548,0.2046,1,1,1,4e-05,0.4435,0.6754,0.675394,-0.122835,0.325229,-0.603747,0.016144,-0.667754,0.345484
0.0843,1826,0,54.2,347.4,0.0883,0.0089,0.1911,1,1,1,8e-05,0.3779,0.8433,0.84332,-0.450647,0.448958,-0.66932,0.137452,-0.831219,0.769171
0.5129,1827,0,193.0,206.7,0.5168,0.1892,0.005,0,1,0,,,,,,,,,,
0.1411,1828,0,261.4,72.4,0.1451,0.0113,0.1992,1,1,1,5e-05,0.4343,0.6836,0.668805,-0.258514,0.487491,-0.612932,0.070182,-0.683638,0.600004
0.5694,1829,0,256.0,65.4,0.5734,0.0929,0.2035,0,1,0,,,,,,,,,,
0.26,1830,0,487.2,126.0,0.2639,-0.0961,0.1685,1,1,1,4e-05,0.5624,0.5127,0.512671,-0.013734,0.220084,-0.484771,-0.003539,-0.460515,0.177144
0.3,1831,0,197.4,99.1,0.3039,0.0835,0.18,1,1,1,4e-05,0.8696,0.5001,-0.035658,0.117951,0.500051,-0.177556,-0.030285,-0.139548,0.278323
0.4333,1832,0,511.1,327.3,0.4372,-0.2694,-0.145,1,1,0,0.04014,0.6918,1.4026,-0.716315,-0.244162,-0.472598,1.402645,-0.01503,0.062164,-0.000105
0.4649,1833,0,29.8,50.0,0.4688,0.3271,0.2192,0,0,0,,,,,,,,,,
0.3684,1834,0,208.6,294.4,0.3724,0.1232,-0.0364,1,1,1,8e-05,1.2439,0.687,-0.475655,0.344321,0.364583,0.687043,-0.105306,0.307708,-0.001427
0.4327,1835,0,312.9,33.3,0.4366,0.0072,0.2333,1,1,1,5e-05,1.1114,0.5596,-0.559636,0.124308,0.168546,0.064157,-0.041382,0.113683,0.013129
0.2309,1836,0,485.7,209.3,0.2349,-0.0878,0.1293,1,1,1,5e-05,0.5333,0.7348,0.734818,-0.036774,0.271358,-0.513904,0.014887,-0.472811,0.240028
0.1247,1837,0,155.4,158.7,0.1286,0.0259,0.1865,1,1,1,5e-05,0.442,0.6883,0.688317,-0.296641,0.529509,-0.605204,0.091024,-0.656623,0.674422
0.4911,1838,0,39.1,1.6,0.4951,0.323,0.272,0,0,0,,,,,,,,,,
0.3766,1839,0,95.6,241.9,0.3806,0.2396,0.0247,0,0,0,,,,,,,,,,
0.3891,1840,0,419.5,38.0,0.3931,-0.0892,0.2254,1,1,1,3e-05,0.8728,0.2354,-0.235367,0.032432,0.07464,-0.174408,-0.003348,-0.100425,0.032323
0.1883,1841,0,585.9,339.9,0.1923,-0.1198,0.0843,1,1,1,9e-05,0.4682,1.0646,1.064582,-0.034415,0.257384,-0.578967,0.007731,-0.473302,0.195424
0.5871,1842,0,468.7,9.3,0.5911,-0.2121,0.279,1,1,0,0.025,0.6922,1.4939,-1.493905,-0.350764,-0.501519,1.402163,0.044256,0.071156,-0.006458
0.3879,1843,0,45.4,335.6,0.3919,0.3418,-0.1144,0,0,0,,,,,,,,,,
0.2544,1844,0,232.8,215.2,0.2583,0.0536,0.1147,1,1,1,7e-05,0.781,0.5058,0.32833,0.026571,0.505774,-0.266155,0.033761,-0.222965,0.396444
0.2388,1845,0,209.2,259.8,0.2427,0.0654,0.0931,1,1,1,7e-05,0.8001,0.5387,0.382167,0.020593,0.538727,-0.247146,0.046714,-0.197941,0.431466
0.2221,1846,0,574.6,9.0,0.2261,-0.1037,0.2227,1,1,1,9e-05,0.4532,0.6419,0.570147,-0.04888,0.20354,-0.594029,-0.019353,-0.641912,0.177268
0.3542,1847,0,185.7,25.4,0.3581,0.1058,0.2316,1,1,1,9e-05,1.0213,0.4299,-0.407855,0.216406,0.429899,-0.025899,-0.08192,0.028853,0.123105
0.5348,1848,0,197.4,315.8,0.5387,0.2187,-0.2173,0,0,0,,,,,,,,,,
0.2955,1849,0,84.5,325.8,0.2994,0.2035,-0.0103,0,0,0,,,,,,,,,,
0.4719,1850,0,409.2,290.3,0.4759,-0.133,-0.1127,1,1,0,0.03381,0.6847,1.4097,-0.841325,-0.051131,-0.26864,1.409672,-0.042273,0.065328,-0.003573
0.5683,1851,0,462.7,191.2,0.5723,-0.2356,0.008,0,1,0,,,,,,,,,,
0.0939,1852,0,571.3,36.8,0.0978,-0.0128,0.2015,1,1,1,5e-05,0.3716,0.929,0.917851,-0.434513,0.375392,-0.67557,0.128068,-0.929003,0.683841
0.2226,1853,0,637.0,306.2,0.2265,-0.1784,0.0735,1,1,1,5e-05,0.5572,0.8436,0.843588,0.036925,0.119328,-0.489976,-0.044753,-0.378165,-0.000803
0.1995,1854,0,200.2,4.9,0.2035,0.0411,0.2204,1,1,1,3e-05,0.5622,0.5334,0.297246,-0.078054,0.533354,-0.485,0.0109,-0.477601,0.469097
0.1105,1855,0,548.7,163.3,0.1145,-0.0257,0.1899,1,1,1,0.0001,0.3784,1.0067,1.006733,-0.383255,0.356887,-0.668818,0.11731,-0.889751,0.61485
0.6418,1856,0,176.7,289.6,0.6457,0.3051,-0.2452,0,0,0,,,,,,,,,,
0.2911,1857,0,467.4,261.6,0.295,-0.1152,0.0572,1,1,1,7e-05,0.7558,0.4748,0.474819,0.036245,0.16498,-0.291394,0.009783,-0.213613,0.109711
0.6243,1858,0,348.1,268.4,0.6283,-0.0564,-0.1801,0,1,0,,,,,,,,,,
0.5239,1859,0,447.2,209.0,0.5278,-0.1947,-0.0039,1,1,0,0.02151,0.6866,1.4078,-1.017715,-0.20037,-0.325566,1.407809,-0.008719,0.06887,-0.004369
0.5763,1860,0,409.9,89.5,0.5803,-0.1355,0.1694,1,1,0,0.01587,0.6854,1.409,-1.34436,-0.187009,-0.29062,1.408983,0.002024,0.071352,-0.006104
0.4367,1861,0,609.2,264.3,0.4407,-0.3804,-0.0437,1,1,0,0.01757,0.6932,1.4012,-0.806787,-0.48078,-0.53086,1.401169,0.038093,0.06757,-0.003707
0.454,1862,0,69.5,151.5,0.458,0.3041,0.1043,0,0,0,,,,,,,,,,
0.2461,1863,0,23.2,325.9,0.2501,0.1988,0.0369,1,1,1,5e-05,1.2607,0.7311,-0.001898,0.30568,0.731064,0.213495,-0.099709,0.121849,0.231347
0.5665,1864,0,84.2,251.7,0.5705,0.4155,-0.1055,0,0,0,,,,,,,,,,
0.4617,1865,0,372.1,216.8,0.4656,-0.0694,0.0131,1,1,1,8e-05,1.33,0.523,-0.52297,0.047512,0.04023,0.516263,-0.024239,0.284388,-0.020175
0.5843,1866,0,547.3,322.8,0.5883,-0.4534,-0.2796,0,1,0,,,,,,,,,,
0.1086,1867,0,95.4,23.8,0.1126,0.0207,0.2038,1,1,1,9e-05,0.4049,0.7464,0.677884,-0.341176,0.511318,-0.642277,0.089204,-0.746425,0.695207
0.4197,1868,0,492.1,2.0,0.4236,-0.1639,0.2593,1,1,1,3e-05,0.9463,0.4287,-0.428676,-0.050983,-0.113277,-0.100869,0.023104,-0.002916,-0.049513
0.4259,1869,0,628.1,189.1,0.4299,-0.3606,0.0662,1,1,1,8e-05,1.3569,0.4237,-0.423673,-0.335428,-0.408171,0.420785,0.069982,0.257575,-0.045885
0.0851,1870,0,14.5,134.3,0.089,0.0087,0.1982,1,1,1,8e-05,0.3745,0.8486,0.809331,-0.442346,0.449949,-0.672675,0.1284,-0.848554,0.757913
0.3593,1871,0,118.8,283.2,0.3633,0.2127,-0.0147,0,0,0,,,,,,,,,,
0.2635,1872,0,253.9,252.7,0.2674,0.0445,0.0825,1,1,1,7e-05,0.8282,0.4741,0.35407,0.046656,0.474126,-0.219,0.04009,-0.172406,0.365688
0.1171,1873,0,503.7,75.3,0.1211,-0.0224,0.1992,1,1,1,8e-05,0.3798,0.9235,0.923472,-0.35545,0.372936,-0.667351,0.100289,-0.87557,0.596545
0.4455,1874,0,623.5,3.3,0.4495,-0.3111,0.2626,1,1,1,5e-05,1.1803,0.6412,-0.641229,-0.278141,-0.413354,0.133095,0.099689,0.195215,-0.087146
0.5352,1875,0,201.2,206.4,0.5391,0.1859,-0.0044,0,1,0,,,,,,,,,,
0.3905,1876,0,218.9,303.2,0.3945,0.1217,-0.0671,1,1,0,0.00613,0.6809,1.4135,-0.918449,0.37451,0.262905,1.413467,-0.112552,0.084904,0.002601
0.6241,1877,0,491.2,37.7,0.6281,-0.2688,0.2449,0,1,0,,,,,,,,,,
0.2166,1878,0,474.0,41.4,0.2206,-0.0622,0.2101,1,1,1,7e-05,0.4713,0.6128,0.571477,-0.081425,0.300578,-0.57589,0.00394,-0.612764,0.292221
0.5887,1879,0,544.4,138.7,0.5926,-0.3645,0.0916,0,1,0,,,,,,,,,,
0.3831,1880,0,165.2,248.6,0.3871,0.1702,0.0126,1,1,1,0.0001,1.172,0.8484,-0.739542,0.416235,0.391316,0.848422,-0.14022,0.329636,-0.009089
0.4614,1881,0,503.9,34.1,0.4653,-0.2023,0.2352,1,1,1,6e-05,1.1352,0.576,-0.576043,-0.121387,-0.205274,0.087952,0.041221,0.142457,-0.068313
0.1958,1882,0,189.5,296.7,0.1997,0.0593,0.1019,1,1,1,9e-05,0.6962,0.568,0.543373,-0.068045,0.568033,-0.350952,0.08021,-0.284886,0.53674
0.2592,1883,0,426.3,265.3,0.2631,-0.0711,0.0755,1,1,1,9e-05,0.6728,0.6066,0.606623,0.01206,0.279387,-0.37444,0.033691,-0.290551,0.234483
0.6088,1884,0,381.5,269.0,0.6128,-0.1201,-0.1708,0,1,0,,,,,,,,,,
0.5239,1885,0,29.9,71.1,0.5278,0.3844,0.1961,0,0,0,,,,,,,,,,
0.1611,1886,0,339.1,274.4,0.165,-0.006,0.1388,1,1,1,0.0001,0.4799,0.8609,0.860934,-0.206417,0.450201,-0.567323,0.098199,-0.548699,0.555252
0.4728,1887,0,428.4,63.5,0.4767,-0.1263,0.205,1,1,1,9e-05,1.1925,0.5823,-0.582309,-0.033035,-0.073321,0.14529,0.009049,0.164438,-0.043813
0.4698,1888,0,63.8,296.2,0.4738,0.3827,-0.1217,0,0,0,,,,,,,,,,
0.3853,1889,0,518.7,190.8,0.3892,-0.2059,0.08,1,1,1,2e-05,1.0144,0.1016,-0.02422,-0.052333,-0.101648,-0.032778,0.001046,-0.019374,-0.047436
0.2865,1890,0,475.1,244.7,0.2904,-0.1163,0.075,1,1,1,7e-05,0.716,0.4962,0.496236,0.029882,0.169792,-0.331206,0.00656,-0.255345,0.11422
0.4086,1891,0,416.0,57.5,0.4125,-0.0932,0.2096,1,1,1,4e-05,0.943,0.2885,-0.288463,0.028405,0.051452,-0.104212,-0.002996,-0.040597,0.015726
0.1866,1892,0,449.6,73.5,0.1905,-0.0425,0.1983,1,1,1,4e-05,0.4407,0.7091,0.709145,-0.149508,0.355671,-0.606512,0.029674,-0.67256,0.395772
0.2821,1893,0,461.9,89.4,0.286,-0.0881,0.1875,1,1,1,8e-05,0.6057,0.4415,0.347403,0.000671,0.209096,-0.441463,-0.004251,-0.409489,0.161871
0.1271,1894,0,634.8,180.6,0.1311,-0.0533,0.182,1,1,1,9e-05,0.378,1.1164,1.11638,-0.309633,0.308511,-0.669215,0.087146,-0.892635,0.495422
0.2406,1895,0,516.3,354.9,0.2445,-0.1322,0.0176,1,1,1,0.0001,0.6867,0.7331,0.73308,0.041673,0.17946,-0.360508,0.012578,-0.21768,0.105368
0.3853,1896,0,353.5,211.4,0.3893,-0.0355,0.0565,1,1,1,4e-05,1.1002,0.1918,-0.067103,0.097692,0.191762,0.052988,-0.008288,0.035489,0.082804
0.2906,1897,0,86.5,31.5,0.2946,0.1427,0.2211,1,1,1,8e-05,0.945,0.593,-0.258034,0.20591,0.592961,-0.102196,-0.090358,-0.053614,0.233842
0.1759,1898,0,384.2,38.4,0.1799,-0.0184,0.208,1,1,1,4e-05,0.4434,0.6701,0.63794,-0.174289,0.40919,-0.603825,0.037385,-0.670086,0.460248
0.2655,1899,0,560.4,115.3,0.2695,-0.1408,0.1738,1,1,1,4e-05,0.5576,0.4955,0.495519,0.002386,0.120859,-0.489597,-0.023196,-0.462265,0.070026
0.2752,1900,0,530.3,187.7,0.2792,-0.1399,0.1249,1,1,1,9e-05,0.6214,0.5239,0.523868,0.014789,0.131219,-0.425792,-0.014459,-0.368928,0.073961
0.4637,1901,0,301.7,63.2,0.4676,0.0209,0.2051,1,1,1,5e-05,1.2974,0.7007,-0.700729,0.136266,0.147847,0.250192,-0.054137,0.228189,-0.019041
0.4427,1902,0,308.8,52.5,0.4467,0.0119,0.2156,1,1,1,9e-05,1.1712,0.5842,-0.584161,0.130015,0.166214,0.124018,-0.045434,0.149114,0.005114
0.4566,1903,0,127.7,79.6,0.4606,0.2183,0.1876,0,0,0,,,,,,,,,,
0.1391,1904,0,167.2,110.6,0.143,0.0296,0.1922,1,1,1,4e-05,0.4631,0.634,0.612481,-0.247673,0.540117,-0.584142,0.072225,-0.622101,0.634033
0.443,1905,0,315.1,104.6,0.4469,0.0055,0.1612,1,1,1,9e-05,1.2136,0.4938,-0.493805,0.128265,0.171659,0.166394,-0.04175,0.151692,0.015469
0.3923,1906,0,578.6,319.1,0.3963,-0.3194,-0.0928,1,1,1,9e-05,1.1809,0.9135,-0.497848,-0.312707,-0.311386,0.913476,0.042195,0.31802,-0.010731
0.4653,1907,0,598.0,298.0,0.4693,-0.4113,-0.1213,0,1,0,,,,,,,,,,
0.3731,1908,0,4.3,95.0,0.377,0.2841,0.177,0,0,0,,,,,,,,,,
0.209,1909,0,478.8,92.1,0.2129,-0.0638,0.1909,1,1,1,9e-05,0.465,0.6767,0.676666,-0.095888,0.308416,-0.582208,0.012857,-0.619719,0.311737
0.2312,1910,0,136.4,90.9,0.2352,0.0859,0.1899,1,1,1,6e-05,0.722,0.5937,0.154915,0.019558,0.593693,-0.325211,-0.005001,-0.290321,0.429282
0.3613,1911,0,363.5,144.9,0.3653,-0.0396,0.134,1,1,1,0.0001,0.8997,0.2202,0.009904,0.071884,0.220187,-0.147455,-0.003016,-0.111976,0.126992
0.5012,1912,0,568.0,56.2,0.5051,-0.3074,0.2138,1,1,1,7e-05,1.256,0.8735,-0.873462,-0.343818,-0.40878,0.512322,0.099133,0.358441,-0.057719
0.4767,1913,0,71.6,125.6,0.4806,0.311,0.132,0,0,0,,,,,,,,,,
0.1121,1914,0,327.5,33.6,0.1161,-0.0008,0.2033,1,1,1,6e-05,0.387,0.8189,0.795034,-0.358432,0.437919,-0.660249,0.098087,-0.818902,0.653218
0.2936,1915,0,149.3,269.8,0.2975,0.1363,0.0479,1,1,1,8e-05,1.1602,0.5707,0.011572,0.228358,0.570691,0.113009,-0.047687,0.067183,0.230722
0.2944,1916,0,473.0,179.1,0.2984,-0.1105,0.1242,1,1,1,7e-05,0.6779,0.4139,0.413877,0.019043,0.169519,-0.369272,-0.000194,-0.314377,0.118748
0.507,1917,0,161.9,224.4,0.511,0.2372,-0.0215,0,0,0,,,,,,,,,,
0.1779,1918,0,632.6,230.3,0.1819,-0.1116,0.1453,1,1,1,7e-05,0.41,1.0726,1.072614,-0.094511,0.248506,-0.637212,-0.00311,-0.680623,0.228959
0.2079,1919,0,501.2,9.2,0.2119,-0.0667,0.2204,1,1,1,9e-05,0.4483,0.6574,0.588403,-0.091699,0.289847,-0.598887,0.000233,-0.657352,0.287993
0.3376,1920,0,13.6,128.4,0.3416,0.2512,0.1532,0,0,0,,,,,,,,,,
0.5701,1921,0,78.1,339.2,0.5741,0.4791,-0.3069,0,0,0,,,,,,,,,,
0.5914,1922,0,567.9,141.8,0.5954,-0.4061,0.086,0,1,0,,,,,,,,,,
0.1507,1923,0,476.9,330.1,0.1547,-0.0464,0.1268,1,1,1,6e-05,0.4206,1.1027,1.102739,-0.215024,0.367782,-0.626579,0.094548,-0.617571,0.484806
0.5082,1924,0,40.5,18.6,0.5122,0.3399,0.2567,0,0,0,,,,,,,,,,
0.0835,1925,0,418.3,27.2,0.0875,-0.0021,0.2008,1,1,1,5e-05,0.3682,0.9116,0.867755,-0.4618,0.403517,-0.679007,0.1363,-0.911565,0.740866
0.6114,1926,0,476.9,251.4,0.6154,-0.3017,-0.1328,0,1,0,,,,,,,,,,
0.1102,1927,0,19.8,343.8,0.1142,0.0414,0.1641,1,1,1,4e-05,0.4681,0.7458,0.718182,-0.320725,0.575842,-0.579068,0.116117,-0.584948,0.74579
0.2883,1928,0,197.6,190.4,0.2923,0.087,0.1179,1,1,1,6e-05,0.9156,0.5218,0.106213,0.112337,0.521839,-0.131569,-0.007544,-0.108288,0.314607
0.6111,1929,0,533.7,230.9,0.6151,-0.4009,-0.0884,0,1,0,,,,,,,,,,
0.3645,1930,0,231.1,94.3,0.3685,0.0777,0.1783,1,1,1,5e-05,1.0327,0.3914,-0.273188,0.182112,0.391392,-0.014495,-0.054514,0.012625,0.139636
0.5599,1931,0,444.1,21.4,0.5638,-0.1694,0.2601,1,1,1,0.0001,1.0821,1.3392,-1.339191,-0.249811,-0.274085,1.012333,0.05143,0.348559,-0.033775
0.266,1932,0,618.3,28.4,0.27,-0.1609,0.2202,1,1,1,4e-05,0.5331,0.5141,0.369106,0.001687,0.047851,-0.514114,-0.028674,-0.492944,0.012534
0.1982,1933,0,151.3,138.4,0.2022,0.0653,0.1743,1,1,1,9e-05,0.6348,0.5892,0.359069,-0.070272,0.589239,-0.412364,0.033495,-0.384717,0.518363
0.6321,1934,0,636.3,354.1,0.6361,-0.7192,-0.4141,0,0,0,,,,,,,,,,
0.3332,1935,0,474.9,141.2,0.3372,-0.1265,0.1436,1,1,1,4e-05,0.757,0.2902,0.195794,0.01906,0.092045,-0.290186,-0.00439,-0.238322,0.056545
0.2828,1936,0,410.0,108.8,0.2868,-0.0572,0.1755,1,1,1,7e-05,0.6376,0.4096,0.333981,0.003763,0.272923,-0.409632,0.005258,-0.374334,0.218283
0.2274,1937,0,443.8,250.6,0.2314,-0.0673,0.1064,1,1,1,4e-05,0.5635,0.7505,0.750458,-0.039659,0.314208,-0.48366,0.037778,-0.41649,0.294491
0.1155,1938,0,634.6,14.0,0.1195,-0.0348,0.2056,1,1,1,5e-05,0.3753,0.9675,0.967524,-0.355662,0.333043,-0.671882,0.095152,-0.943469,0.560098
0.4949,1939,0,208.6,125.9,0.4988,0.1458,0.1285,1,1,0,0.01974,0.6712,1.4232,-1.384727,0.30434,0.118717,1.42321,-0.121821,0.073293,-0.002067
0.481,1940,0,382.0,293.3,0.485,-0.0949,-0.1255,0,1,0,,,,,,,,,,
0.3833,1941,0,153.5,272.0,0.3872,0.1883,-0.0178,1,1,0,0.01044,0.6661,1.4283,-1.040934,0.483556,0.329619,1.428281,-0.150754,0.074677,0.003199
0.6028,1942,0,491.6,105.9,0.6068,-0.2769,0.1422,0,1,0,,,,,,,,,,
0.1499,1943,0,226.7,269.1,0.1538,0.0253,0.1486,1,1,1,8e-05,0.505,0.7411,0.741108,-0.225438,0.524476,-0.54216,0.101743,-0.523433,0.627752
0.0806,1944,0,83.8,206.0,0.0846,0.0037,0.198,1,1,1,0.0001,0.3691,0.8843,0.84721,-0.465962,0.424213,-0.678105,0.138235,-0.884269,0.764757
0.5115,1945,0,219.4,300.0,0.5154,0.167,-0.1633,0,1,0,,,,,,,,,,
0.3707,1946,0,401.7,97.2,0.3747,-0.0731,0.1753,1,1,1,7e-05,0.8597,0.1875,-0.062594,0.047163,0.143199,-0.187483,-0.004641,-0.136656,0.079793
0.4599,1947,0,613.1,29.0,0.4638,-0.3197,0.2402,1,1,1,5e-05,1.2791,0.6788,-0.678785,-0.305099,-0.421959,0.231853,0.101693,0.244655,-0.077081
0.1468,1948,0,260.0,271.7,0.1508,0.0156,0.1499,1,1,1,0.0001,0.483,0.7932,0.793241,-0.241791,0.500588,-0.564156,0.105266,-0.555891,0.62323
0.2162,1949,0,10.0,155.4,0.2202,0.1401,0.1627,1,1,1,6e-05,0.8366,0.7118,0.088924,0.077013,0.711837,-0.210559,-0.030491,-0.179649,0.440984
0.604,1950,0,634.3,198.7,0.608,-0.5609,-0.0202,0,1,0,,,,,,,,,,
0.3537,1951,0,568.9,272.5,0.3577,-0.2546,0.0026,1,1,1,1e-05,1.1092,0.1649,0.074758,-0.09084,-0.164878,0.061964,-0.00133,0.037193,-0.070589
0.3122,1952,0,87.8,173.8,0.3161,0.1803,0.1224,1,1,1,4e-05,1.2072,0.6114,-0.260388,0.311486,0.611406,0.159962,-0.115018,0.114811,0.161366
0.1531,1953,0,435.9,129.5,0.157,-0.028,0.186,1,1,1,8e-05,0.4122,0.8577,0.857706,-0.242243,0.387818,-0.63502,0.068494,-0.734448,0.506898
0.3487,1954,0,411.2,353.8,0.3526,-0.1017,-0.1006,1,1,1,0.0001,1.3896,0.3424,-0.019419,0.059283,0.071226,0.34243,-0.003217,0.175014,0.015766
0.6412,1955,0,531.5,239.7,0.6452,-0.4235,-0.1245,0,1,0,,,,,,,,,,
0.524,1956,0,574.8,217.1,0.5279,-0.3938,-0.0176,0,1,0,,,,,,,,,,
0.3332,1957,0,140.8,331.3,0.3372,0.1829,-0.0536,1,1,1,0.0001,1.0331,1.0613,-0.692079,0.4837,0.431361,1.061344,-0.146364,0.282297,0.000405
0.3074,1958,0,180.5,94.9,0.3113,0.0977,0.1822,1,1,1,4e-05,0.9135,0.5107,-0.102877,0.146753,0.510721,-0.133661,-0.044162,-0.097372,0.254719
0.3478,1959,0,0.5,336.1,0.3518,0.3468,-0.0746,0,0,0,,,,,,,,,,
0.4796,1960,0,320.0,284.3,0.4835,0.0,-0.1078,0,1,0,,,,,,,,,,
0.4069,1961,0,427.0,137.6,0.4108,-0.112,0.1312,1,1,1,0.0001,1.0035,0.156,-0.156041,0.020466,0.041375,-0.043709,-0.002068,-0.0186,0.016645
0.63,1962,0,634.4,257.6,0.634,-0.6302,-0.1588,0,1,0,,,,,,,,,,
0.3381,1963,0,417.4,134.0,0.3421,-0.0805,0.1485,1,1,1,4e-05,0.7853,0.2619,0.141734,0.037588,0.174096,-0.261927,0.000584,-0.214457,0.115651
0.2286,1964,0,240.1,105.9,0.2326,0.0373,0.1833,1,1,1,8e-05,0.6335,0.504,0.329247,-0.039015,0.50395,-0.413713,0.022257,-0.38767,0.431035
0.4096,1965,0,570.5,27.4,0.4135,-0.2371,0.2363,1,1,1,9e-05,0.953,0.3552,-0.355242,-0.123064,-0.237301,-0.094193,0.038169,-0.007336,-0.086443
0.4007,1966,0,53.3,126.0,0.4046,0.2707,0.1445,0,0,0,,,,,,,,,,
0.1878,1967,0,509.6,11.6,0.1918,-0.0593,0.2166,1,1,1,5e-05,0.4221,0.7191,0.686065,-0.134501,0.311457,-0.62509,0.011877,-0.719054,0.339431
0.6378,1968,0,242.7,350.7,0.6418,0.1768,-0.4103,0,0,0,,,,,,,,,,
0.5617,1969,0,216.8,60.2,0.5657,0.1468,0.2105,0,1,0,,,,,,,,,,
0.2437,1970,0,492.1,202.3,0.2476,-0.0979,0.1279,1,1,1,4e-05,0.557,0.6763,0.676331,-0.017706,0.242801,-0.490159,0.006796,-0.443743,0.19964
0.2609,1971,0,254.7,124.7,0.2648,0.0377,0.1691,1,1,1,6e-05,0.7111,0.4726,0.245963,0.0145,0.472632,-0.336116,0.013544,-0.300196,0.366392
0.1089,1972,0,60.0,146.8,0.1128,0.0273,0.1922,1,1,1,7e-05,0.4214,0.7152,0.69109,-0.338898,0.532823,-0.625809,0.097714,-0.699248,0.715226
0.1787,1973,0,78.9,139.8,0.1827,0.0785,0.1779,1,1,1,0.0001,0.6258,0.6364,0.352416,-0.090758,0.636361,-0.421391,0.033867,-0.395014,0.563761
0.1591,1974,0,559.1,93.9,0.1631,-0.0601,0.1938,1,1,1,4e-05,0.3937,0.928,0.928037,-0.207343,0.313488,-0.653517,0.040924,-0.803395,0.402331
0.1094,1975,0,113.3,293.7,0.1134,0.0261,0.1731,1,1,1,7e-05,0.4337,0.7726,0.772624,-0.34725,0.526419,-0.613452,0.118045,-0.658595,0.729173
0.5542,1976,0,350.2,304.5,0.5582,-0.0554,-0.2091,0,1,0,,,,,,,,,,
0.4444,1977,0,217.4,1.1,0.4483,0.1047,0.2644,1,1,1,0.0001,1.3143,0.9284,-0.928381,0.238515,0.236443,0.333597,-0.10751,0.300156,-0.037498
0.4292,1978,0,335.2,200.8,0.4332,-0.0181,0.05,1,1,1,6e-05,1.3185,0.3364,-0.336427,0.118192,0.157861,0.271259,-0.031184,0.175809,0.021656
0.3847,1979,0,79.6,130.2,0.3887,0.233,0.1431,0,0,0,,,,,,,,,,
0.3631,1980,0,276.7,287.6,0.3671,0.0466,-0.0233,1,1,1,0.0001,1.3583,0.3111,-0.138482,0.2071,0.307915,0.311058,-0.039304,0.174748,0.071303
0.0864,1981,0,556.4,70.4,0.0904,-0.0073,0.1999,1,1,1,5e-05,0.3695,0.9249,0.902568,-0.458397,0.38627,-0.677691,0.137174,-0.924907,0.721948
0.1576,1982,0,170.4,74.2,0.1615,0.0362,0.1986,1,1,1,7e-05,0.4968,0.5862,0.510522,-0.187663,0.552142,-0.550359,0.051003,-0.569732,0.586218
0.2123,1983,0,520.4,201.8,0.2162,-0.0926,0.1416,1,1,1,8e-05,0.4815,0.8315,0.831469,-0.062532,0.270907,-0.56572,0.010596,-0.552011,0.249642
0.3396,1984,0,349.5,344.1,0.3435,-0.0314,-0.0771,1,1,1,6e-05,1.3185,0.2713,0.030314,0.131663,0.19779,0.271345,-0.006926,0.14724,0.062293
0.2633,1985,0,200.1,127.8,0.2672,0.0703,0.1669,1,1,1,6e-05,0.7748,0.528,0.154741,0.049204,0.527976,-0.272353,3e-05,-0.23603,0.369296
0.5613,1986,0,129.1,309.6,0.5652,0.3574,-0.2269,0,0,0,,,,,,,,,,
0.5149,1987,0,87.7,235.3,0.5189,0.3593,-0.0443,0,0,0,,,,,,,,,,
0.5137,1988,0,545.3,253.5,0.5177,-0.3551,-0.076,0,1,0,,,,,,,,,,
0.3463,1989,0,447.6,229.4,0.3503,-0.1207,0.0559,1,1,1,4e-05,0.9157,0.1914,0.191444,0.03486,0.094369,-0.131464,0.003156,-0.095817,0.055108
0.4909,1990,0,122.5,216.8,0.4949,0.2827,-0.001,0,0,0,,,,,,,,,,
0.2592,1991,0,83.9,48.9,0.2631,0.1252,0.2095,1,1,1,4e-05,0.8438,0.6206,-0.089325,0.12816,0.620648,-0.203366,-0.057612,-0.158884,0.329119
0.1796,1992,0,580.7,197.3,0.1836,-0.0911,0.1573,1,1,1,6e-05,0.4153,1.001,1.000993,-0.122847,0.276645,-0.631911,0.015713,-0.689485,0.291947
0.4451,1993,0,477.7,60.8,0.449,-0.1705,0.2073,1,1,1,8e-05,1.0694,0.4389,-0.438856,-0.064799,-0.122377,0.022153,0.020128,0.072867,-0.049898
0.4933,1994,0,620.4,44.6,0.4973,-0.3614,0.2266,1,1,1,8e-05,1.2255,0.9677,-0.967662,-0.46343,-0.506051,0.65456,0.128865,0.388913,-0.050323
0.4692,1995,0,363.5,301.9,0.4731,-0.0653,-0.1315,1,1,0,0.04844,0.6842,1.4102,-0.83561,0.065091,-0.25342,1.410222,-0.069847,0.062171,-0.004601
0.6401,1996,0,330.0,104.5,0.644,-0.0172,0.1405,0,1,0,,,,,,,,,,
0.3812,1997,0,343.7,57.2,0.3852,-0.0211,0.2091,1,1,1,6e-05,0.9113,0.2293,-0.229278,0.087805,0.209925,-0.135865,-0.018492,-0.076518,0.092253
0.0778,1998,0,48.4,198.3,0.0818,0.0016,0.1993,1,1,1,5e-05,0.3662,0.9068,0.856648,-0.477999,0.411918,-0.681021,0.142117,-0.906806,0.769047
0.5628,1999,0,327.2,141.7,0.5668,-0.0111,0.0924,1,1,0,0.03357,0.6816,1.4128,-1.26811,0.048521,-0.180133,1.412787,-0.060589,0.070383,-0.005633
