depth,row,col,tx,ty,tz,ik_err_m,isaac_tip_x,isaac_tip_y,isaac_tip_z,isaac_vs_target_m,joint_deviation_rad,self_collision,penetration_m,pocket_hit,pocket_pts,collision_pairs
0.1365,0,0,0.1405,-0.0018,0.137,5e-05,0.1876,-0.0756,0.1255,0.0883,0.46422,1,0.00067,0,0,right_hand_base_link|torso_link;right_wrist_pitch_link|torso_link
0.304,1,0,0.308,-0.2018,0.1706,6e-05,0.308,-0.2018,0.1707,0.0001,0.0,0,0.0,0,0,
0.3798,2,0,0.3837,-0.2036,0.1273,3e-05,0.3837,-0.2036,0.1273,0.0001,0.0,0,0.0,0,0,
0.2319,4,0,0.2359,0.0634,0.0814,8e-05,0.2532,0.0242,0.063,0.0466,0.12337,1,0.0,1,344,right_elbow_link|torso_link;right_wrist_roll_link|torso_link
0.2919,5,0,0.2958,0.0186,0.2116,5e-05,0.2957,0.0184,0.2089,0.0027,0.01642,1,0.0,1,136,right_elbow_link|torso_link;right_shoulder_yaw_link|torso_link
0.3747,8,0,0.3787,-0.3206,0.0024,7e-05,0.3786,-0.3205,0.0025,0.0001,0.0,0,0.0,0,0,
0.4241,10,0,0.4281,-0.0103,0.2248,8e-05,0.428,-0.0103,0.2248,0.0001,0.0,0,0.0,1,56,
0.5539,14,0,0.5579,-0.086,0.165,0.00013,0.5578,-0.086,0.165,0.0001,0.0,0,0.0,0,0,
0.5018,15,0,0.5058,-0.0086,0.0451,9e-05,0.5057,-0.0086,0.0451,0.0001,0.0,0,0.0,0,0,
0.5314,17,0,0.5354,-0.247,0.1988,9e-05,0.5353,-0.247,0.1988,0.0001,0.0,0,0.0,0,0,
0.3331,19,0,0.3371,-0.2311,-0.0335,5e-05,0.3392,-0.2324,-0.0244,0.0094,0.0334,0,0.0,0,0,
0.4374,20,0,0.4414,0.1449,0.2619,8e-05,0.4657,0.1044,0.2586,0.0473,0.11281,1,0.0,0,0,right_shoulder_roll_link|torso_link
0.2191,21,0,0.2231,-0.0768,0.0801,4e-05,0.2231,-0.0768,0.08,0.0001,0.0,0,0.0,1,282,
0.3393,23,0,0.3433,-0.2274,0.21,9e-05,0.3434,-0.2274,0.21,0.0001,0.0,0,0.0,0,0,
0.4037,24,0,0.4077,-0.266,0.1164,3e-05,0.4076,-0.2659,0.1164,0.0001,0.0,0,0.0,0,0,
0.177,27,0,0.181,0.0609,0.1264,3e-05,0.1996,0.0328,0.1123,0.0365,0.11993,1,0.0,1,258,right_wrist_pitch_link|torso_link;right_wrist_roll_link|torso_link
0.5453,28,0,0.5493,-0.281,0.2568,0.00016,0.5491,-0.281,0.2568,0.0002,0.0,0,0.0,0,0,
0.24,29,0,0.244,0.1111,0.1672,6e-05,0.2426,0.1047,0.1436,0.0245,0.13783,1,0.0,1,322,right_elbow_link|torso_link
0.2878,30,0,0.2917,-0.0762,0.2022,7e-05,0.2918,-0.0762,0.2022,0.0001,0.0,0,0.0,0,0,
0.2783,32,0,0.2822,0.1782,0.0933,6e-05,0.2858,0.1374,0.0691,0.0476,0.25157,1,0.01745,1,474,left_hand_Link1_1|right_hand_Link1_2;left_hand_Link1_1|right_hand_Link1_3;left_hand_Link1_2|right_hand_Link1_2;left_hand_Link1_2|right_hand_Link1_3;left_hand_base_link|right_hand_Link1_2;left_hand_base_link|right_hand_Link1_3;left_hand_base_link|right_hand_Link2_2;left_hand_base_link|right_hand_Link2_3;left_wrist_pitch_link|right_hand_Link2_2;left_wrist_yaw_link|right_hand_Link2_2;left_wrist_yaw_link|right_hand_Link2_3;right_shoulder_yaw_link|torso_link
0.3087,33,0,0.3127,-0.1183,0.0704,6e-05,0.3128,-0.1183,0.0704,0.0001,0.0,1,0.0,0,0,right_shoulder_yaw_link|torso_link
0.1678,35,0,0.1717,0.0313,0.1627,6e-05,0.1726,0.0257,0.1536,0.0108,0.04076,1,0.0,1,82,right_hand_base_link|torso_link;right_wrist_pitch_link|torso_link;right_wrist_roll_link|torso_link
0.2041,36,0,0.2081,-0.1223,0.1929,5e-05,0.2081,-0.1223,0.1929,0.0,0.0,0,0.0,0,0,
0.2757,38,0,0.2797,-0.0731,0.2118,8e-05,0.2798,-0.073,0.2118,0.0001,0.0,0,0.0,0,0,
0.3236,39,0,0.3275,0.0444,0.0582,6e-05,0.3251,0.0282,0.0395,0.0249,0.10054,1,0.0,1,292,right_shoulder_yaw_link|torso_link
0.2706,41,0,0.2746,0.0546,0.1443,6e-05,0.2731,0.048,0.1287,0.017,0.07512,1,0.0,1,248,right_elbow_link|torso_link;right_wrist_roll_link|torso_link
0.2203,42,0,0.2242,0.1068,0.1979,6e-05,0.2223,0.1063,0.1838,0.0142,0.11089,1,0.0,1,240,right_elbow_link|torso_link
0.396,43,0,0.4,0.1174,0.1584,6e-05,0.4166,0.0912,0.1586,0.031,0.11763,1,0.0,1,46,right_shoulder_yaw_link|torso_link
0.0963,46,0,0.1002,-0.0081,0.1929,0.0001,0.1532,-0.0715,0.2039,0.0833,0.44267,1,0.0,0,0,right_hand_Link1_1|torso_link;right_hand_base_link|torso_link
0.1296,47,0,0.1336,0.0012,0.1987,9e-05,0.1742,-0.0342,0.1916,0.0543,0.25995,1,0.00057,0,0,right_hand_base_link|torso_link
0.227,48,0,0.231,-0.0022,0.0859,0.0001,0.2348,-0.0157,0.08,0.0152,0.04676,1,0.0,1,239,right_elbow_link|torso_link;right_wrist_roll_link|torso_link
0.1394,49,0,0.1434,-0.0365,0.1757,5e-05,0.1666,-0.0723,0.1714,0.0429,0.20957,1,0.0001,0,0,right_hand_base_link|torso_link
0.2271,50,0,0.2311,-0.1433,0.1652,8e-05,0.2312,-0.1433,0.1652,0.0001,0.0,0,0.0,0,0,
0.4902,51,0,0.4941,-0.2653,0.2261,6e-05,0.4941,-0.2652,0.2261,0.0001,0.0,0,0.0,0,0,
0.1891,52,0,0.1931,0.0718,0.1751,0.0001,0.2202,0.0407,0.1659,0.0422,0.14035,1,0.0,1,180,right_elbow_link|torso_link;right_wrist_roll_link|torso_link
0.3629,54,0,0.3669,-0.0824,0.0237,6e-05,0.3668,-0.0847,0.0228,0.0025,0.01203,1,0.0,0,0,right_shoulder_yaw_link|torso_link
0.2786,57,0,0.2825,0.0637,0.0908,7e-05,0.2806,0.0513,0.0719,0.0227,0.09812,1,3e-05,1,382,right_elbow_link|torso_link;right_wrist_roll_link|torso_link
0.2213,58,0,0.2252,0.0024,0.0429,9e-05,0.2274,-0.0126,0.035,0.0171,0.04614,1,0.0,1,618,right_elbow_link|torso_link;right_wrist_pitch_link|torso_link;right_wrist_roll_link|torso_link
0.1756,59,0,0.1795,-0.0512,0.1722,6e-05,0.1796,-0.0512,0.1722,0.0001,0.0,1,0.0,0,0,right_hand_base_link|torso_link
0.2321,60,0,0.2361,-0.1125,0.2254,7e-05,0.2361,-0.1125,0.2254,0.0,0.0,0,0.0,0,0,
0.4282,62,0,0.4322,-0.0897,-0.078,0.0001,0.4516,-0.0805,-0.038,0.0454,0.18994,0,0.0,0,0,
0.3362,63,0,0.3402,0.0279,0.149,4e-05,0.3402,0.0203,0.1367,0.0145,0.07458,1,0.0,1,178,right_shoulder_yaw_link|torso_link
0.4131,65,0,0.417,0.0906,-0.0582,0.00322,0.4507,0.0473,-0.0333,0.0603,0.13042,1,0.0,0,0,right_shoulder_roll_link|torso_link;right_shoulder_yaw_link|torso_link
0.4111,66,0,0.4151,-0.2823,-0.0255,8e-05,0.415,-0.2823,-0.0254,0.0001,0.0,0,0.0,0,0,
0.2008,67,0,0.2047,0.0632,0.1062,9e-05,0.2259,0.0269,0.0906,0.0448,0.13527,1,0.0,1,387,right_wrist_roll_link|torso_link
0.4169,69,0,0.4209,-0.2002,0.068,7e-05,0.4208,-0.2001,0.068,0.0001,0.0,0,0.0,0,0,
0.1364,72,0,0.1404,0.0444,0.1781,8e-05,0.1611,0.0261,0.1742,0.0279,0.06885,1,0.00041,1,8,right_hand_Link1_1|torso_link;right_hand_base_link|torso_link;right_wrist_pitch_link|torso_link;right_wrist_roll_link|torso_link;right_wrist_yaw_link|torso_link
0.1305,73,0,0.1344,-0.023,0.1951,6e-05,0.1619,-0.0618,0.1981,0.0476,0.23433,1,0.00042,0,0,right_hand_base_link|torso_link
0.1651,74,0,0.169,0.0759,0.2012,3e-05,0.1961,0.0507,0.1939,0.0377,0.13413,1,0.0,1,116,right_elbow_link|torso_link;right_wrist_roll_link|torso_link
0.1062,77,0,0.1101,0.0231,0.1945,9e-05,0.1768,-0.0318,0.194,0.0864,0.44924,1,0.00013,0,0,right_hand_base_link|torso_link;right_wrist_yaw_link|torso_link
0.2086,78,0,0.2126,-0.0255,0.1903,6e-05,0.2126,-0.0255,0.1903,0.0,0.0,1,0.0,0,0,right_wrist_roll_link|torso_link
0.1438,80,0,0.1478,0.0109,0.1592,4e-05,0.1928,-0.0432,0.1534,0.0706,0.36441,1,0.0,0,0,right_hand_base_link|torso_link;right_wrist_yaw_link|torso_link
0.0991,81,0,0.1031,0.0047,0.2037,7e-05,0.1614,-0.0496,0.2091,0.0798,0.41471,1,0.00085,0,0,right_hand_base_link|torso_link
0.3279,82,0,0.3319,0.1464,0.1381,0.0001,0.3503,0.1144,0.1152,0.0434,0.19022,1,0.0,1,84,right_shoulder_yaw_link|torso_link
0.1058,83,0,0.1098,-0.0175,0.2036,0.0001,0.1509,-0.0696,0.2122,0.067,0.34791,1,0.00012,0,0,right_hand_Link1_1|torso_link;right_hand_base_link|torso_link
0.2527,84,0,0.2567,-0.1926,0.0754,3e-05,0.2567,-0.1926,0.0754,0.0,0.0,0,0.0,0,0,
0.2535,85,0,0.2575,0.1324,0.1622,5e-05,0.2613,0.1295,0.1591,0.0057,0.11866,1,0.0,1,292,right_elbow_link|torso_link;right_shoulder_yaw_link|torso_link
0.0992,86,0,0.1032,-0.0178,0.1942,5e-05,0.1502,-0.0788,0.2032,0.0775,0.40904,1,0.0,0,0,right_hand_Link1_1|torso_link;right_hand_base_link|torso_link
0.12,87,0,0.124,-0.0418,0.1775,9e-05,0.1512,-0.0916,0.1801,0.0568,0.28982,1,0.0001,0,0,right_hand_Link1_1|torso_link;right_hand_base_link|torso_link
0.1053,88,0,0.1092,0.0236,0.191,9e-05,0.178,-0.0366,0.1924,0.0915,0.47747,1,0.0,0,0,right_hand_base_link|torso_link
0.1482,90,0,0.1522,-0.0282,0.1557,7e-05,0.1771,-0.0718,0.153,0.0503,0.25431,1,0.00051,0,0,right_hand_base_link|torso_link
0.2596,92,0,0.2636,-0.0688,0.01,8e-05,0.2637,-0.0688,0.01,0.0001,0.0,1,0.0,0,0,right_elbow_link|torso_link
0.1497,93,0,0.1537,-0.034,0.2087,4e-05,0.1668,-0.0563,0.2119,0.0261,0.11704,1,0.00049,0,0,right_hand_base_link|torso_link
0.3844,94,0,0.3884,0.1486,0.0721,8e-05,0.4256,0.0907,0.069,0.0689,0.19136,1,4e-05,1,34,left_hand_Link1_2|right_hand_Link2_2;right_shoulder_yaw_link|torso_link
0.3954,95,0,0.3994,0.0007,0.1178,5e-05,0.401,-0.0094,0.1122,0.0116,0.05004,1,0.0,1,56,right_shoulder_yaw_link|torso_link
0.2896,98,0,0.2935,-0.0496,0.1866,7e-05,0.2936,-0.0495,0.1866,0.0001,0.0,0,0.0,1,6,
0.401,99,0,0.4049,-0.3269,0.0214,8e-05,0.4049,-0.3269,0.0214,0.0,0.0,0,0.0,0,0,
0.1768,100,0,0.1808,0.0789,0.2132,9e-05,0.2067,0.0544,0.2062,0.0364,0.12624,1,0.0,1,82,right_elbow_link|torso_link;right_wrist_roll_link|torso_link
0.434,101,0,0.438,0.0867,0.2448,6e-05,0.4408,0.081,0.2433,0.0065,0.01879,1,2e-05,0,0,right_shoulder_roll_link|torso_link;right_shoulder_yaw_link|torso_link
0.098,102,0,0.1019,0.018,0.2025,5e-05,0.171,-0.0372,0.2039,0.0884,0.45596,1,0.00037,0,0,right_hand_base_link|torso_link
0.5338,105,0,0.5378,-0.208,0.2279,8e-05,0.5377,-0.208,0.2279,0.0001,0.0,0,0.0,0,0,
0.4262,106,0,0.4301,-0.2181,0.2039,5e-05,0.4301,-0.2181,0.2039,0.0,0.0,0,0.0,0,0,
0.3464,107,0,0.3504,0.1578,0.1849,5e-05,0.3729,0.1286,0.1746,0.0383,0.17412,1,1e-05,1,74,right_shoulder_yaw_link|torso_link
0.3747,108,0,0.3786,-0.0139,0.1033,5e-05,0.3793,-0.025,0.0956,0.0135,0.06659,1,0.0,1,18,right_shoulder_yaw_link|torso_link
0.2167,109,0,0.2207,0.096,0.0952,8e-05,0.2546,0.0434,0.0745,0.0659,0.17898,1,1e-05,1,418,right_elbow_link|torso_link;right_wrist_roll_link|torso_link
0.2322,110,0,0.2362,-0.1374,0.1423,6e-05,0.2362,-0.1374,0.1423,0.0,0.0,0,0.0,0,0,
0.2758,111,0,0.2797,0.137,0.1338,6e-05,0.2821,0.1228,0.1103,0.0275,0.15516,1,0.00065,1,332,left_hand_base_link|right_hand_Link2_2;left_hand_base_link|right_hand_Link2_3;right_elbow_link|torso_link;right_shoulder_yaw_link|torso_link
0.5466,112,0,0.5505,-0.2823,0.2617,0.00047,0.5501,-0.2821,0.2617,0.0005,0.0,0,0.0,0,0,
0.3137,114,0,0.3176,0.1671,0.1339,4e-05,0.347,0.1203,0.1023,0.0636,0.21705,1,0.00033,1,114,left_hand_base_link|right_hand_Link2_2;left_hand_base_link|right_hand_Link2_3;right_shoulder_yaw_link|torso_link
0.4554,115,0,0.4594,-0.1016,0.1216,8e-05,0.4593,-0.1016,0.1216,0.0001,0.0,0,0.0,0,0,
0.376,116,0,0.3799,0.1779,0.1475,8e-05,0.4183,0.1145,0.1185,0.0796,0.21373,1,1e-05,1,30,right_shoulder_roll_link|torso_link;right_shoulder_yaw_link|torso_link
0.2645,118,0,0.2684,-0.0879,0.0428,8e-05,0.2685,-0.0879,0.0428,0.0001,0.0,0,0.0,0,0,
0.2815,120,0,0.2855,0.1306,0.134,6e-05,0.2864,0.1141,0.1134,0.0264,0.15281,1,0.00027,1,304,left_hand_base_link|right_hand_Link2_2;left_hand_base_link|right_hand_Link2_3;right_elbow_link|torso_link;right_shoulder_yaw_link|torso_link
0.1103,121,0,0.1142,-0.0075,0.1978,7e-05,0.1599,-0.0592,0.2022,0.0692,0.35399,1,0.00084,0,0,right_hand_base_link|torso_link
0.2804,122,0,0.2844,0.0107,0.0904,7e-05,0.283,0.0091,0.0859,0.005,0.04968,1,0.0,1,292,right_elbow_link|torso_link;right_wrist_roll_link|torso_link
0.2299,123,0,0.2338,-0.1532,0.1638,7e-05,0.2339,-0.1532,0.1638,0.0001,0.0,0,0.0,0,0,
0.2139,124,0,0.2179,-0.0905,0.1575,8e-05,0.218,-0.0905,0.1575,0.0001,0.0,0,0.0,0,0,
0.4768,126,0,0.4808,-0.1142,0.1627,6e-05,0.4807,-0.1142,0.1627,0.0001,0.0,0,0.0,0,0,
0.375,127,0,0.379,0.1677,0.1581,8e-05,0.4119,0.1163,0.1381,0.0642,0.19426,1,7e-05,1,30,right_shoulder_roll_link|torso_link;right_shoulder_yaw_link|torso_link
0.0797,130,0,0.0837,-0.002,0.1967,5e-05,0.1488,-0.0714,0.2145,0.0967,0.51949,1,0.0,0,0,right_hand_Link1_1|torso_link;right_hand_base_link|torso_link
0.2999,131,0,0.3038,-0.0841,0.1382,6e-05,0.3039,-0.0841,0.1383,0.0001,0.0,1,0.0,0,0,right_shoulder_yaw_link|torso_link
0.3581,132,0,0.362,-0.1157,0.1648,0.0001,0.3621,-0.1157,0.1648,0.0001,0.0,0,0.0,0,0,
0.37,133,0,0.374,0.1429,0.1358,5e-05,0.3992,0.1048,0.1285,0.0462,0.17387,1,0.0,1,80,right_shoulder_yaw_link|torso_link
0.3022,134,0,0.3062,0.1507,0.1796,8e-05,0.3072,0.1355,0.1502,0.0331,0.17544,1,2e-05,1,140,left_hand_base_link|right_hand_Link2_2;left_hand_base_link|right_hand_Link2_3;right_shoulder_yaw_link|torso_link
0.4358,135,0,0.4397,0.0236,-0.0804,0.00919,0.4493,0.0402,-0.0374,0.0471,0.18806,1,0.0,0,0,right_shoulder_roll_link|torso_link;right_shoulder_yaw_link|torso_link
0.1684,136,0,0.1724,-0.0143,0.1172,8e-05,0.198,-0.0615,0.1088,0.0544,0.24678,1,0.00025,1,12,right_hand_base_link|torso_link;right_wrist_pitch_link|torso_link
0.1323,137,0,0.1363,0.0453,0.1876,9e-05,0.161,0.0281,0.1814,0.0307,0.07911,1,0.00167,0,0,right_hand_Link1_1|torso_link;right_hand_base_link|torso_link;right_wrist_pitch_link|torso_link;right_wrist_roll_link|torso_link
0.129,138,0,0.1329,-0.0065,0.1764,9e-05,0.1761,-0.0644,0.1767,0.0723,0.37664,1,1e-05,0,0,right_hand_base_link|torso_link
0.3039,139,0,0.3079,-0.1067,0.1036,6e-05,0.3079,-0.1067,0.1036,0.0,0.0,1,0.0,0,0,right_shoulder_yaw_link|torso_link
0.1826,140,0,0.1865,-0.1096,0.107,4e-05,0.1866,-0.1096,0.107,0.0001,0.0,0,0.0,0,0,
0.1444,141,0,0.1483,0.0577,0.1332,5e-05,0.1706,0.0333,0.1235,0.0344,0.10391,1,0.0,1,111,right_hand_base_link|torso_link;right_wrist_pitch_link|torso_link;right_wrist_roll_link|torso_link;right_wrist_yaw_link|torso_link
0.2667,142,0,0.2707,-0.0968,0.1753,3e-05,0.2707,-0.0968,0.1753,0.0,0.0,0,0.0,0,0,
0.2867,143,0,0.2906,0.165,0.0621,7e-05,0.2949,0.1356,0.0572,0.0301,0.24054,1,0.03212,1,360,left_hand_Link1_1|right_hand_Link1_2;left_hand_Link1_1|right_hand_Link1_3;left_hand_Link1_2|right_hand_Link1_2;left_hand_Link2_1|right_hand_Link1_2;left_hand_base_link|right_hand_Link1_2;left_hand_base_link|right_hand_Link1_3;left_hand_base_link|right_hand_Link2_2;left_hand_base_link|right_hand_Link2_3;left_wrist_yaw_link|right_hand_Link2_2;right_shoulder_yaw_link|torso_link
0.2084,144,0,0.2124,0.0728,0.059,9e-05,0.2379,0.0213,0.0381,0.0612,0.16828,1,0.0,1,289,right_elbow_link|torso_link;right_wrist_roll_link|torso_link
0.2089,150,0,0.2129,-0.1069,0.1666,4e-05,0.2129,-0.1069,0.1666,0.0,0.0,0,0.0,0,0,
0.2366,152,0,0.2405,0.1442,0.2038,5e-05,0.2431,0.1394,0.1847,0.0198,0.11709,1,2e-05,1,258,right_elbow_link|torso_link;right_shoulder_yaw_link|torso_link
0.5796,153,0,0.5835,-0.0324,0.1064,0.04143,0.5443,-0.0397,0.1168,0.0412,0.0,0,0.0,0,0,
0.1313,155,0,0.1353,-0.059,0.1501,7e-05,0.1519,-0.0992,0.1487,0.0435,0.2154,1,0.0,0,0,right_hand_Link1_1|torso_link;right_hand_base_link|torso_link
0.303,156,0,0.3069,-0.1507,0.0666,6e-05,0.307,-0.1507,0.0666,0.0001,0.0,0,0.0,0,0,
0.2031,158,0,0.2071,0.1043,0.1835,7e-05,0.2357,0.0737,0.1692,0.0443,0.13131,1,0.0,1,230,right_elbow_link|torso_link;right_wrist_roll_link|torso_link
0.1023,159,0,0.1063,-0.013,0.1952,9e-05,0.152,-0.0709,0.2054,0.0745,0.39279,1,0.00017,0,0,right_hand_Link1_1|torso_link;right_hand_base_link|torso_link
0.4802,160,0,0.4842,0.1039,0.1413,9e-05,0.4975,0.0762,0.1417,0.0307,0.06097,1,0.0,0,0,right_shoulder_roll_link|torso_link
0.3732,161,0,0.3771,0.1226,0.0174,6e-05,0.4173,0.0709,0.0302,0.0667,0.18032,1,0.0,1,88,right_shoulder_yaw_link|torso_link
0.2948,162,0,0.2987,-0.1979,0.0525,6e-05,0.2988,-0.1979,0.0525,0.0001,0.0,0,0.0,0,0,
0.3493,165,0,0.3533,0.0384,0.0692,4e-05,0.3534,0.0168,0.0497,0.0291,0.11586,1,0.0,1,204,right_shoulder_yaw_link|torso_link
0.2476,166,0,0.2516,0.0339,0.0963,8e-05,0.2631,0.006,0.0857,0.032,0.08991,1,0.0,1,234,right_elbow_link|torso_link;right_wrist_roll_link|torso_link
0.1284,167,0,0.1323,-0.013,0.1651,0.0001,0.173,-0.0724,0.1631,0.0721,0.37587,1,9e-05,0,0,right_hand_base_link|torso_link
0.5459,169,0,0.5499,-0.4154,0.2656,0.04724,0.5083,-0.3938,0.2659,0.0469,0.0,0,0.0,0,0,
0.3949,171,0,0.3989,-0.1299,-0.0084,9e-05,0.3988,-0.1299,-0.0084,0.0001,0.0,0,0.0,0,0,
0.1856,172,0,0.1895,-0.067,0.1614,5e-05,0.1896,-0.067,0.1614,0.0001,0.0,0,0.0,0,0,
0.2302,174,0,0.2342,0.1208,0.0741,8e-05,0.2536,0.088,0.0537,0.0433,0.13926,1,8e-05,1,532,right_elbow_link|torso_link;right_wrist_roll_link|torso_link
0.1785,175,0,0.1825,-0.0279,0.1818,4e-05,0.1825,-0.0279,0.1818,0.0001,0.0,1,0.0,0,0,right_hand_base_link|torso_link
0.0947,176,0,0.0986,0.011,0.2021,6e-05,0.1629,-0.0482,0.2109,0.0879,0.46284,1,0.00061,0,0,right_hand_base_link|torso_link
0.365,178,0,0.369,-0.0095,0.2171,5e-05,0.3695,-0.0114,0.215,0.0029,0.02023,1,1e-05,1,14,right_shoulder_yaw_link|torso_link
0.1739,179,0,0.1779,-0.0088,0.1662,9e-05,0.179,-0.0104,0.1658,0.0019,0.01163,1,0.0004,0,0,right_hand_base_link|torso_link;right_wrist_pitch_link|torso_link;right_wrist_roll_link|torso_link;right_wrist_yaw_link|torso_link
0.2802,180,0,0.2842,0.0332,0.0165,8e-05,0.2783,0.021,0.0007,0.0208,0.09151,1,0.0,1,270,right_elbow_link|torso_link;right_shoulder_yaw_link|torso_link;right_wrist_roll_link|torso_link
0.1897,181,0,0.1936,-0.0012,0.0859,4e-05,0.1973,-0.0113,0.0819,0.0114,0.03876,1,8e-05,1,777,right_hand_base_link|torso_link;right_wrist_pitch_link|torso_link;right_wrist_roll_link|torso_link;right_wrist_yaw_link|torso_link
0.5224,182,0,0.5264,-0.212,0.0528,0.00057,0.5259,-0.2119,0.053,0.0006,0.0,0,0.0,0,0,
0.271,183,0,0.2749,0.0589,0.1212,6e-05,0.277,0.0459,0.1057,0.0203,0.07444,1,0.0,1,254,right_elbow_link|torso_link;right_wrist_roll_link|torso_link
0.1582,187,0,0.1622,0.0191,0.1715,9e-05,0.1743,0.0066,0.1698,0.0175,0.06123,1,0.00053,0,0,right_hand_base_link|torso_link;right_wrist_pitch_link|torso_link;right_wrist_roll_link|torso_link;right_wrist_yaw_link|torso_link
0.4636,188,0,0.4676,-0.2481,0.1394,7e-05,0.4675,-0.2481,0.1394,0.0001,0.0,0,0.0,0,0,
0.2805,189,0,0.2845,0.1153,0.1647,5e-05,0.2867,0.1042,0.1401,0.0271,0.1286,1,0.0,1,248,right_elbow_link|torso_link;right_shoulder_yaw_link|torso_link
0.1476,191,0,0.1516,-0.0616,0.1973,6e-05,0.1568,-0.0741,0.1988,0.0137,0.04126,1,0.0,0,0,right_hand_base_link|torso_link
0.4398,192,0,0.4438,0.1009,0.2373,6e-05,0.4503,0.0886,0.2347,0.0142,0.03813,1,2e-05,0,0,right_shoulder_roll_link|torso_link;right_shoulder_yaw_link|torso_link
0.1774,196,0,0.1813,0.0121,0.2177,7e-05,0.1814,0.0121,0.2177,0.0001,0.0,1,0.0,1,6,logo_link|right_hand_base_link;right_wrist_roll_link|torso_link
0.1697,197,0,0.1737,-0.0455,0.2028,7e-05,0.1749,-0.0472,0.2019,0.0023,0.00957,1,0.00078,0,0,right_hand_base_link|torso_link
0.368,199,0,0.3719,0.181,0.0597,8e-05,0.3889,0.1487,0.1115,0.0634,0.37729,1,0.03007,1,32,left_hand_Link1_1|right_hand_Link2_1;left_hand_Link1_1|right_hand_Link2_2;left_hand_Link1_1|right_hand_base_link;left_hand_Link1_2|right_hand_base_link;left_hand_base_link|right_hand_Link1_1;left_hand_base_link|right_hand_Link2_1;left_hand_base_link|right_hand_Link2_2;left_hand_base_link|right_hand_Link2_3;left_hand_base_link|right_hand_base_link;right_shoulder_roll_link|torso_link;right_shoulder_yaw_link|torso_link
0.1088,201,0,0.1127,0.0196,0.1887,9e-05,0.175,-0.0335,0.1844,0.082,0.38717,1,0.0,0,0,right_hand_Link1_1|torso_link;right_hand_base_link|torso_link
0.3977,203,0,0.4017,0.0153,0.1639,7e-05,0.4036,0.0074,0.159,0.0094,0.04239,1,0.0,1,30,right_shoulder_yaw_link|torso_link
0.3647,204,0,0.3687,0.0682,0.2203,8e-05,0.3737,0.0588,0.2147,0.012,0.07787,1,0.0,1,62,right_shoulder_yaw_link|torso_link
0.1165,206,0,0.1205,0.0103,0.1974,0.0001,0.1752,-0.0374,0.1929,0.0727,0.36328,1,0.00021,0,0,right_hand_base_link|torso_link
0.1908,207,0,0.1947,0.0176,0.1092,4e-05,0.1964,0.0084,0.1012,0.0124,0.03947,1,0.0,1,440,right_wrist_pitch_link|torso_link;right_wrist_roll_link|torso_link
0.1706,208,0,0.1745,-0.0764,0.1393,6e-05,0.1746,-0.0764,0.1393,0.0001,0.0,1,0.0,0,0,right_hand_base_link|torso_link
0.482,212,0,0.486,0.1096,0.1578,0.0001,0.5019,0.077,0.1591,0.0363,0.0717,1,0.0,0,0,right_shoulder_roll_link|torso_link
0.2649,213,0,0.2688,0.1459,0.1379,6e-05,0.2755,0.1313,0.1156,0.0275,0.15708,1,1e-05,1,374,right_elbow_link|torso_link;right_shoulder_yaw_link|torso_link
0.4341,214,0,0.438,-0.0348,0.026,6e-05,0.438,-0.0348,0.0261,0.0001,0.0,1,0.0,1,64,right_shoulder_yaw_link|torso_link
0.4881,216,0,0.492,-0.3704,0.0834,0.00228,0.4901,-0.3695,0.084,0.0022,0.0,0,0.0,0,0,
0.4411,217,0,0.4451,0.0493,0.166,9e-05,0.4466,0.0452,0.1649,0.0045,0.01328,1,1e-05,1,34,right_shoulder_roll_link|torso_link;right_shoulder_yaw_link|torso_link
0.2211,218,0,0.2251,-0.1558,0.0859,6e-05,0.2251,-0.1558,0.0859,0.0001,0.0,0,0.0,0,0,
0.567,220,0,0.571,-0.332,0.2206,0.03415,0.5389,-0.3209,0.223,0.034,0.0,0,0.0,0,0,
0.2559,221,0,0.2599,0.0236,0.1843,7e-05,0.2597,0.0249,0.1852,0.0016,0.02463,1,0.0,1,166,right_elbow_link|torso_link;right_wrist_roll_link|torso_link
0.1002,222,0,0.1042,-0.0309,0.1745,5e-05,0.1464,-0.0968,0.1786,0.0783,0.41148,1,0.0004,0,0,right_hand_Link1_1|torso_link
0.526,224,0,0.53,0.148,0.1386,0.04527,0.5367,0.0283,0.1595,0.1217,0.19735,1,0.0,0,0,right_shoulder_roll_link|torso_link
0.2716,225,0,0.2756,0.083,0.0666,8e-05,0.2755,0.0572,0.0378,0.0386,0.12226,1,1e-05,1,420,right_elbow_link|torso_link;right_wrist_roll_link|torso_link
0.1508,226,0,0.1548,0.0307,0.184,8e-05,0.1627,0.0223,0.18,0.0122,0.04653,1,0.00087,0,0,right_hand_base_link|torso_link;right_wrist_roll_link|torso_link
0.546,231,0,0.55,-0.1822,0.2017,0.0001,0.5499,-0.1822,0.2017,0.0001,0.0,0,0.0,0,0,
0.2542,232,0,0.2581,-0.1066,0.173,4e-05,0.2582,-0.1066,0.173,0.0001,0.0,0,0.0,0,0,
0.1159,233,0,0.1198,0.0322,0.1887,5e-05,0.1746,-0.0057,0.1813,0.067,0.3114,1,0.0,0,0,right_hand_base_link|torso_link;right_wrist_yaw_link|torso_link
0.3992,234,0,0.4031,-0.0313,0.0334,8e-05,0.4041,-0.0425,0.0299,0.0118,0.04188,1,0.0,1,26,right_shoulder_yaw_link|torso_link
0.2131,238,0,0.217,-0.072,0.0766,4e-05,0.2171,-0.072,0.0766,0.0001,0.0,1,0.0,1,325,right_wrist_roll_link|torso_link
0.0768,239,0,0.0808,-0.0003,0.1992,5e-05,0.1503,-0.0623,0.2091,0.0937,0.48784,1,0.0,0,0,right_hand_Link1_1|torso_link;right_hand_base_link|torso_link
0.5307,240,0,0.5346,-0.2801,0.1777,9e-05,0.5345,-0.28,0.1777,0.0001,0.0,0,0.0,0,0,
0.2906,241,0,0.2946,-0.0735,0.0322,7e-05,0.2946,-0.0735,0.0322,0.0,0.0,1,0.0,0,0,right_shoulder_yaw_link|torso_link
0.0927,242,0,0.0967,0.0021,0.1834,8e-05,0.1602,-0.0676,0.1918,0.0947,0.50416,1,0.00036,0,0,right_hand_base_link|torso_link
0.2093,244,0,0.2132,0.1225,0.0555,9e-05,0.2467,0.0653,0.0253,0.0728,0.16351,1,0.0,1,454,left_wrist_pitch_link|right_hand_Link2_2;left_wrist_pitch_link|right_hand_Link2_3;right_elbow_link|torso_link;right_wrist_pitch_link|torso_link;right_wrist_roll_link|torso_link
0.5648,246,0,0.5688,-0.2889,0.0958,0.04002,0.5318,-0.279,0.1066,0.0398,0.0,0,0.0,0,0,
0.1643,247,0,0.1682,0.0339,0.1852,6e-05,0.1753,0.0251,0.1801,0.0124,0.0506,1,0.0,1,6,right_wrist_roll_link|torso_link
0.3275,248,0,0.3314,-0.2781,0.0025,7e-05,0.3315,-0.2781,0.0025,0.0001,0.0,0,0.0,0,0,
0.2881,249,0,0.2921,0.1297,-0.027,6e-05,0.3185,0.0693,-0.0248,0.066,0.26639,1,3e-05,1,262,right_shoulder_yaw_link|torso_link
0.5525,252,0,0.5564,-0.1503,0.2578,9e-05,0.5563,-0.1503,0.2578,0.0001,0.0,0,0.0,0,0,
0.0821,255,0,0.086,-0.0057,0.198,6e-05,0.1479,-0.0749,0.2153,0.0944,0.50504,1,0.0,0,0,right_hand_Link1_1|torso_link;right_hand_base_link|torso_link
0.2203,257,0,0.2242,0.1469,0.161,6e-05,0.2253,0.1339,0.1252,0.0381,0.17879,1,0.0,1,410,right_elbow_link|torso_link
0.2547,258,0,0.2587,0.1637,0.079,9e-05,0.2704,0.1379,0.101,0.0359,0.19322,1,3e-05,1,448,left_hand_base_link|right_hand_Link1_2;left_hand_base_link|right_hand_Link1_3;left_hand_base_link|right_hand_Link2_2;left_hand_base_link|right_hand_Link2_3;left_wrist_yaw_link|right_hand_Link2_2;left_wrist_yaw_link|right_hand_Link2_3;right_elbow_link|torso_link;right_shoulder_yaw_link|torso_link
0.4676,260,0,0.4716,-0.079,0.1896,0.0001,0.4715,-0.079,0.1896,0.0001,0.0,0,0.0,0,0,
0.2989,264,0,0.3028,-0.1451,-0.0204,6e-05,0.3029,-0.1451,-0.0204,0.0001,0.0,1,0.0,0,0,right_shoulder_yaw_link|torso_link
0.2227,265,0,0.2266,0.1286,0.2012,5e-05,0.2267,0.126,0.1838,0.0176,0.12211,1,0.0,1,244,right_elbow_link|torso_link
0.2724,268,0,0.2763,-0.1721,0.0266,7e-05,0.2764,-0.1721,0.0266,0.0001,0.0,0,0.0,0,0,
0.1406,269,0,0.1445,-0.0333,0.1441,8e-05,0.1693,-0.0795,0.1406,0.0525,0.26506,1,0.00076,0,0,right_hand_base_link|torso_link
0.2093,270,0,0.2133,0.0898,0.1269,8e-05,0.2505,0.0396,0.1113,0.0644,0.18845,1,7e-05,1,291,right_elbow_link|torso_link;right_wrist_roll_link|torso_link
0.1968,271,0,0.2008,0.0134,0.2163,5e-05,0.2006,0.0137,0.2159,0.0005,0.0041,1,7e-05,1,44,right_elbow_link|torso_link;right_wrist_roll_link|torso_link
0.1252,272,0,0.1292,0.0276,0.1927,5e-05,0.1733,-0.0062,0.1908,0.0556,0.27214,1,2e-05,0,0,right_hand_Link1_1|torso_link;right_hand_base_link|torso_link;right_wrist_yaw_link|torso_link
0.2534,273,0,0.2573,0.0117,0.0925,8e-05,0.2622,-0.0049,0.0848,0.0189,0.05208,1,0.0,1,194,right_elbow_link|torso_link;right_wrist_roll_link|torso_link
0.2336,274,0,0.2376,-0.1662,0.0614,4e-05,0.2376,-0.1662,0.0614,0.0,0.0,0,0.0,0,0,
0.194,275,0,0.198,0.1289,0.114,8e-05,0.2547,0.0615,0.0899,0.0913,0.25246,1,0.0,1,323,right_elbow_link|torso_link;right_wrist_roll_link|torso_link
0.4265,277,0,0.4304,0.1469,0.0911,8e-05,0.46,0.0893,0.0787,0.0659,0.13861,1,0.0,0,0,right_shoulder_roll_link|torso_link;right_shoulder_yaw_link|torso_link
0.4072,278,0,0.4112,-0.1156,0.1922,9e-05,0.4111,-0.1156,0.1922,0.0001,0.0,0,0.0,0,0,
0.119,279,0,0.123,-0.0043,0.1758,5e-05,0.1725,-0.0682,0.1764,0.0808,0.42585,1,0.00013,0,0,right_hand_base_link|torso_link
0.435,282,0,0.4389,0.09,-0.0536,0.01665,0.4561,0.0359,-0.0341,0.06,0.10843,1,0.0,0,0,right_shoulder_roll_link|torso_link;right_shoulder_yaw_link|torso_link
0.2417,283,0,0.2456,-0.0226,0.1017,9e-05,0.2471,-0.0284,0.0992,0.0065,0.01953,1,0.0,1,109,right_elbow_link|torso_link;right_wrist_roll_link|torso_link
0.1389,284,0,0.1429,-0.0465,0.1851,6e-05,0.1586,-0.0771,0.1881,0.0345,0.15979,1,0.0,0,0,right_hand_base_link|torso_link
0.189,285,0,0.1929,0.1238,0.1395,7e-05,0.2503,0.0647,0.1252,0.0837,0.24457,1,0.0,1,276,right_elbow_link|torso_link;right_wrist_roll_link|torso_link
0.2397,286,0,0.2437,-0.1412,0.199,6e-05,0.2437,-0.1412,0.199,0.0,0.0,0,0.0,0,0,
0.1796,288,0,0.1836,-0.0537,0.2071,6e-05,0.1836,-0.0537,0.2071,0.0,0.0,0,0.0,0,0,
0.2504,289,0,0.2544,0.049,0.0403,8e-05,0.2678,0.0087,0.0239,0.0455,0.11278,1,2e-05,1,219,right_elbow_link|torso_link;right_wrist_roll_link|torso_link
0.2449,290,0,0.2488,0.0131,0.145,8e-05,0.2545,0.0009,0.1404,0.0142,0.04502,1,0.0,1,184,right_elbow_link|torso_link;right_wrist_roll_link|torso_link
0.1855,291,0,0.1895,-0.0566,0.2141,5e-05,0.1896,-0.0565,0.2141,0.0001,0.0,0,0.0,0,0,
0.3571,292,0,0.3611,-0.2029,0.0584,7e-05,0.3611,-0.2029,0.0583,0.0001,0.0,0,0.0,0,0,
0.3241,293,0,0.328,0.0599,0.2143,3e-05,0.3306,0.0526,0.1984,0.0177,0.08802,1,0.0,1,104,right_shoulder_yaw_link|torso_link
0.3959,294,0,0.3999,-0.343,0.0481,5e-05,0.3999,-0.343,0.0481,0.0001,0.0,0,0.0,0,0,
0.2332,296,0,0.2371,-0.1617,0.1094,5e-05,0.2372,-0.1617,0.1094,0.0001,0.0,0,0.0,0,0,
0.5365,297,0,0.5404,-0.118,0.1221,9e-05,0.5403,-0.118,0.1221,0.0001,0.0,0,0.0,0,0,
0.109,299,0,0.1129,0.0033,0.1841,5e-05,0.1699,-0.0633,0.1893,0.0878,0.46322,1,0.00021,0,0,right_hand_base_link|torso_link
0.2238,302,0,0.2277,-0.1033,0.078,4e-05,0.2278,-0.1033,0.078,0.0001,0.0,0,0.0,1,112,
0.3663,303,0,0.3703,0.1703,0.0447,8e-05,0.4144,0.079,0.0116,0.1067,0.25485,1,6e-05,1,74,right_shoulder_yaw_link|torso_link
0.2412,304,0,0.2451,-0.0204,0.1957,3e-05,0.2452,-0.0204,0.1957,0.0001,0.0,1,0.0,1,28,right_elbow_link|torso_link;right_wrist_roll_link|torso_link
0.5045,305,0,0.5085,-0.2167,0.1226,6e-05,0.5084,-0.2167,0.1227,0.0001,0.0,0,0.0,0,0,
0.1748,306,0,0.1788,0.1154,0.097,9e-05,0.2285,0.0527,0.0708,0.0842,0.24005,1,0.0,1,513,right_elbow_link|torso_link;right_wrist_roll_link|torso_link
0.2021,307,0,0.206,0.007,0.0756,3e-05,0.2079,-0.0044,0.0683,0.0137,0.04126,1,0.0,1,914,right_wrist_pitch_link|torso_link;right_wrist_roll_link|torso_link
0.4128,309,0,0.4168,-0.0196,0.2413,4e-05,0.4167,-0.0196,0.2413,0.0001,0.0,0,0.0,1,48,
0.0876,311,0,0.0916,-0.0029,0.1968,5e-05,0.1507,-0.068,0.2117,0.0892,0.47661,1,6e-05,0,0,right_hand_Link1_1|torso_link;right_hand_base_link|torso_link
0.2316,312,0,0.2356,0.0494,0.0621,8e-05,0.2534,0.0073,0.0467,0.0482,0.13235,1,0.0,1,228,right_elbow_link|torso_link;right_wrist_roll_link|torso_link
0.2013,313,0,0.2052,0.0491,0.1385,3e-05,0.2197,0.0253,0.1275,0.03,0.09764,1,0.0,1,185,right_wrist_roll_link|torso_link
0.222,314,0,0.226,-0.0197,0.0935,3e-05,0.2268,-0.0251,0.0904,0.0063,0.02028,1,1e-05,1,355,right_wrist_pitch_link|torso_link;right_wrist_roll_link|torso_link
0.268,315,0,0.272,0.0114,0.1138,7e-05,0.2713,0.0099,0.11,0.0041,0.04292,1,0.0,1,260,right_elbow_link|torso_link;right_wrist_roll_link|torso_link
0.3893,316,0,0.3933,0.1593,0.2228,8e-05,0.421,0.117,0.2017,0.0548,0.15319,1,0.0,0,0,right_shoulder_roll_link|torso_link;right_shoulder_yaw_link|torso_link
0.3282,319,0,0.3322,-0.1114,0.0971,5e-05,0.3322,-0.1114,0.0971,0.0,0.0,1,0.0,0,0,right_shoulder_yaw_link|torso_link
0.1907,320,0,0.1947,0.0088,0.1315,5e-05,0.1956,0.0032,0.1258,0.008,0.02744,1,0.0,1,101,right_wrist_pitch_link|torso_link;right_wrist_roll_link|torso_link
0.4548,321,0,0.4588,-0.1723,0.0717,6e-05,0.4587,-0.1723,0.0717,0.0001,0.0,0,0.0,0,0,
0.2919,322,0,0.2959,-0.1825,0.1902,7e-05,0.296,-0.1825,0.1902,0.0001,0.0,0,0.0,0,0,
0.4233,323,0,0.4272,0.1406,0.2452,6e-05,0.4473,0.1081,0.2376,0.0389,0.10113,1,0.0,0,0,right_shoulder_roll_link|torso_link;right_shoulder_yaw_link|torso_link
0.4106,324,0,0.4146,-0.1134,-0.1798,0.03493,0.4588,-0.1142,-0.0372,0.1493,0.58564,0,0.0,0,0,
0.1469,325,0,0.1509,0.0329,0.1502,8e-05,0.1799,0.0138,0.1416,0.0358,0.12804,1,0.00014,1,60,right_hand_base_link|torso_link;right_wrist_pitch_link|torso_link;right_wrist_roll_link|torso_link;right_wrist_yaw_link|torso_link
0.2568,326,0,0.2608,0.0616,0.0444,8e-05,0.2662,0.0366,0.0275,0.0307,0.09286,1,1e-05,1,399,right_elbow_link|torso_link;right_wrist_roll_link|torso_link
0.0965,327,0,0.1004,0.0131,0.181,5e-05,0.1721,-0.0618,0.1863,0.1038,0.55473,1,0.0,0,0,right_hand_base_link|torso_link
0.1747,328,0,0.1786,-0.0695,0.1869,8e-05,0.1787,-0.0695,0.1869,0.0001,0.0,1,0.0,0,0,right_hand_base_link|torso_link
0.3857,330,0,0.3896,-0.1631,0.107,8e-05,0.3897,-0.1631,0.107,0.0001,0.0,0,0.0,0,0,
0.2816,331,0,0.2855,0.0977,-0.0266,5e-05,0.2914,0.0536,-0.0197,0.045,0.22065,1,0.0,1,248,right_elbow_link|torso_link;right_shoulder_yaw_link|torso_link
0.2716,333,0,0.2756,0.0583,0.1515,6e-05,0.2723,0.0541,0.1343,0.018,0.08424,1,0.00012,1,266,right_elbow_link|torso_link
0.1927,336,0,0.1967,-0.0042,0.2006,7e-05,0.1967,-0.0042,0.2006,0.0001,0.0,1,0.0,0,0,right_wrist_roll_link|torso_link
0.3862,337,0,0.3902,-0.1197,0.1969,9e-05,0.3903,-0.1197,0.1969,0.0001,0.0,0,0.0,0,0,
0.4159,338,0,0.4198,-0.2332,0.0108,5e-05,0.4198,-0.2332,0.0108,0.0001,0.0,0,0.0,0,0,
0.2316,340,0,0.2356,0.0225,0.1976,9e-05,0.2397,0.016,0.195,0.0081,0.02831,1,0.0,1,132,right_elbow_link|torso_link;right_wrist_roll_link|torso_link
0.4436,341,0,0.4475,0.0342,-0.0859,0.02164,0.4485,0.041,-0.0385,0.0479,0.17338,1,6e-05,0,0,right_shoulder_roll_link|torso_link;right_shoulder_yaw_link|torso_link
0.1616,342,0,0.1656,0.0826,0.172,3e-05,0.1998,0.049,0.1614,0.0491,0.16836,1,2e-05,1,162,right_elbow_link|torso_link;right_wrist_roll_link|torso_link
0.3828,343,0,0.3868,-0.2718,-0.0831,6e-05,0.4109,-0.2692,-0.0279,0.0603,0.25662,0,0.0,0,0,
0.4978,345,0,0.5017,0.1786,0.1827,0.02972,0.5418,0.0317,0.202,0.1535,0.26491,1,0.0,0,0,right_shoulder_roll_link|torso_link
0.3907,346,0,0.3946,-0.2766,0.1869,4e-05,0.3946,-0.2766,0.1869,0.0,0.0,0,0.0,0,0,
0.5001,347,0,0.5041,-0.0379,0.1161,8e-05,0.504,-0.0379,0.1161,0.0001,0.0,0,0.0,0,0,
0.3086,348,0,0.3126,0.1728,0.1544,4e-05,0.3098,0.1497,0.16,0.0239,0.21021,1,0.0,1,96,left_hand_base_link|right_hand_Link2_2;left_hand_base_link|right_hand_Link2_3;right_shoulder_yaw_link|torso_link
0.4121,350,0,0.4161,-0.3213,0.1871,9e-05,0.416,-0.3213,0.1871,0.0001,0.0,0,0.0,0,0,
0.3979,352,0,0.4018,-0.2349,0.0291,7e-05,0.4018,-0.2348,0.0291,0.0001,0.0,0,0.0,0,0,
0.5098,354,0,0.5138,-0.2764,0.0844,9e-05,0.5137,-0.2764,0.0844,0.0001,0.0,0,0.0,0,0,
0.2178,355,0,0.2218,0.0951,0.0643,8e-05,0.2454,0.0425,0.0352,0.0646,0.15618,1,2e-05,1,353,right_elbow_link|torso_link;right_wrist_roll_link|torso_link
0.2084,356,0,0.2124,-0.125,0.1844,4e-05,0.2125,-0.125,0.1844,0.0001,0.0,0,0.0,0,0,
0.1701,357,0,0.1741,0.0324,0.1688,6e-05,0.1816,0.0216,0.1624,0.0146,0.05756,1,0.0,1,62,right_wrist_roll_link|torso_link
0.3019,359,0,0.3059,0.1612,0.1373,8e-05,0.332,0.1112,0.0916,0.0726,0.21488,1,0.00222,1,236,left_hand_base_link|right_hand_Link2_2;left_hand_base_link|right_hand_Link2_3;right_shoulder_yaw_link|torso_link
0.2948,360,0,0.2988,-0.1625,0.0761,6e-05,0.2988,-0.1625,0.0761,0.0001,0.0,0,0.0,0,0,
0.1756,361,0,0.1796,-0.0635,0.1514,5e-05,0.1797,-0.0637,0.1513,0.0002,0.0009,1,4e-05,0,0,right_hand_base_link|torso_link
0.504,363,0,0.508,-0.1317,0.216,5e-05,0.5079,-0.1317,0.216,0.0001,0.0,0,0.0,0,0,
0.3018,364,0,0.3058,-0.0395,0.1089,6e-05,0.3059,-0.0395,0.1089,0.0001,0.0,1,0.0,1,84,right_elbow_link|torso_link;right_shoulder_yaw_link|torso_link
0.3523,365,0,0.3563,-0.0814,0.2333,8e-05,0.3563,-0.0814,0.2333,0.0001,0.0,1,0.0,0,0,right_shoulder_yaw_link|torso_link
0.1322,366,0,0.1362,-0.0464,0.1991,8e-05,0.1523,-0.0755,0.2022,0.0335,0.15393,1,0.0002,0,0,right_hand_Link1_1|torso_link;right_hand_base_link|torso_link
0.2759,367,0,0.2799,0.0382,0.1251,6e-05,0.28,0.0327,0.1168,0.01,0.05913,1,0.0,1,230,right_elbow_link|torso_link;right_wrist_roll_link|torso_link
0.1384,371,0,0.1423,0.0019,0.1822,7e-05,0.183,-0.0401,0.1751,0.0589,0.29405,1,0.0,0,0,right_hand_base_link|torso_link
0.4138,373,0,0.4178,-0.0093,0.0496,7e-05,0.4193,-0.0194,0.0465,0.0106,0.03423,1,2e-05,1,32,right_shoulder_yaw_link|torso_link
0.5957,376,0,0.5997,-0.1879,0.2654,0.0306,0.5692,-0.1852,0.2651,0.0306,0.0,0,0.0,0,0,
0.2586,377,0,0.2626,-0.0403,0.1991,9e-05,0.2627,-0.0403,0.1991,0.0001,0.0,0,0.0,0,0,
0.2964,378,0,0.3004,-0.0386,0.0776,6e-05,0.3001,-0.0388,0.0769,0.0008,0.00449,1,0.0,1,114,right_elbow_link|torso_link;right_shoulder_yaw_link|torso_link
0.1119,380,0,0.1158,-0.0236,0.2014,0.0001,0.1513,-0.0715,0.2077,0.06,0.30718,1,0.00029,0,0,right_hand_Link1_1|torso_link;right_hand_base_link|torso_link
0.4363,382,0,0.4403,-0.1762,0.2367,6e-05,0.4402,-0.1762,0.2367,0.0001,0.0,0,0.0,0,0,
0.1328,385,0,0.1368,0.0309,0.2053,4e-05,0.1656,0.015,0.2,0.0334,0.14463,1,0.00077,0,0,logo_link|right_hand_base_link;right_hand_Link1_1|torso_link;right_hand_base_link|torso_link;right_wrist_pitch_link|torso_link;right_wrist_roll_link|torso_link;right_wrist_yaw_link|torso_link
0.1702,386,0,0.1742,-0.0973,0.1282,6e-05,0.1743,-0.0972,0.1282,0.0001,0.0,0,0.0,0,0,
0.2431,387,0,0.2471,0.1813,0.1108,8e-05,0.2722,0.1443,0.1029,0.0453,0.20593,1,0.0,1,456,left_hand_base_link|right_hand_Link1_2;left_hand_base_link|right_hand_Link1_3;left_wrist_pitch_link|right_hand_Link2_2;left_wrist_pitch_link|right_hand_Link2_3;left_wrist_yaw_link|right_hand_Link2_2;left_wrist_yaw_link|right_hand_Link2_3;right_elbow_link|torso_link;right_shoulder_yaw_link|torso_link
0.3333,388,0,0.3373,0.1326,0.1972,7e-05,0.3505,0.1142,0.185,0.0258,0.14823,1,1e-05,1,74,right_shoulder_yaw_link|torso_link
0.3895,389,0,0.3935,0.1268,-0.1205,0.04082,0.4437,0.045,-0.0353,0.1283,0.29604,1,0.0,0,0,right_shoulder_roll_link|torso_link;right_shoulder_yaw_link|torso_link
0.3706,391,0,0.3745,0.0011,0.0649,4e-05,0.3752,-0.0167,0.0535,0.0212,0.0887,1,1e-05,1,34,right_shoulder_yaw_link|torso_link
0.1407,392,0,0.1446,0.0797,0.1332,4e-05,0.1615,0.0552,0.1125,0.0362,0.11748,1,2e-05,1,321,right_wrist_pitch_link|torso_link;right_wrist_roll_link|torso_link
0.3439,398,0,0.3478,-0.1288,-0.067,9e-05,0.36,-0.1294,-0.0225,0.0462,0.19611,1,0.0,0,0,right_shoulder_yaw_link|torso_link
0.1143,399,0,0.1183,-0.0192,0.1658,6e-05,0.1598,-0.0801,0.166,0.0737,0.38212,1,7e-05,0,0,right_hand_base_link|torso_link
0.3842,400,0,0.3881,0.0169,0.2301,4e-05,0.3892,0.0141,0.2279,0.0037,0.01984,1,0.0,1,40,right_shoulder_yaw_link|torso_link
0.331,401,0,0.335,0.1165,-0.0159,6e-05,0.359,0.0479,-0.0299,0.074,0.24798,1,1e-05,1,192,right_shoulder_yaw_link|torso_link
0.3055,402,0,0.3095,0.1922,-0.0072,9e-05,0.3837,0.0909,-0.0229,0.1266,0.32508,1,5e-05,1,112,right_shoulder_yaw_link|torso_link
0.2799,403,0,0.2838,0.1901,0.1832,4e-05,0.2961,0.16,0.1394,0.0546,0.22142,1,0.0,1,164,left_hand_base_link|right_hand_Link2_2;left_hand_base_link|right_hand_Link2_3;right_shoulder_yaw_link|torso_link
0.2279,404,0,0.2319,0.1335,0.2073,5e-05,0.2318,0.134,0.2021,0.0052,0.09764,1,0.0,1,222,right_elbow_link|torso_link;right_shoulder_yaw_link|torso_link
0.2286,405,0,0.2325,0.0512,0.1583,8e-05,0.2481,0.0267,0.1496,0.0303,0.09456,1,0.0,1,250,right_elbow_link|torso_link;right_wrist_roll_link|torso_link
0.2612,406,0,0.2651,0.0693,0.1439,6e-05,0.2628,0.0608,0.1225,0.0231,0.09734,1,0.0,1,294,right_elbow_link|torso_link;right_wrist_roll_link|torso_link
0.2617,407,0,0.2657,0.1149,0.2157,4e-05,0.268,0.1087,0.1912,0.0254,0.10721,1,1e-05,1,206,right_elbow_link|torso_link;right_shoulder_yaw_link|torso_link
0.4073,409,0,0.4113,-0.2893,0.0016,9e-05,0.4112,-0.2893,0.0016,0.0001,0.0,0,0.0,0,0,
0.2837,410,0,0.2876,-0.2304,0.0879,6e-05,0.2877,-0.2304,0.0879,0.0001,0.0,0,0.0,0,0,
0.575,412,0,0.579,-0.2548,0.0992,0.04098,0.5404,-0.247,0.1101,0.0408,0.0,0,0.0,0,0,
0.3062,414,0,0.3102,-0.1874,0.1348,6e-05,0.3102,-0.1874,0.1348,0.0,0.0,0,0.0,0,0,
0.2643,415,0,0.2683,0.1202,0.2158,4e-05,0.2714,0.1122,0.1875,0.0296,0.11455,1,0.0,1,212,right_elbow_link|torso_link;right_shoulder_yaw_link|torso_link
0.3636,418,0,0.3675,-0.2394,0.0431,7e-05,0.3676,-0.2394,0.0431,0.0001,0.0,0,0.0,0,0,
0.2428,419,0,0.2467,0.0501,0.1427,7e-05,0.2596,0.027,0.1334,0.0281,0.084,1,1e-05,1,266,right_elbow_link|torso_link;right_wrist_roll_link|torso_link
0.2516,421,0,0.2555,-0.035,0.0804,9e-05,0.2561,-0.0375,0.0794,0.0028,0.00915,1,4e-05,1,107,right_elbow_link|torso_link;right_wrist_roll_link|torso_link
0.2238,422,0,0.2278,0.1406,0.1964,5e-05,0.2279,0.1415,0.1945,0.0021,0.12049,1,0.0,1,232,right_elbow_link|torso_link;right_shoulder_yaw_link|torso_link
0.4446,423,0,0.4486,-0.0397,0.1203,8e-05,0.4485,-0.0398,0.1203,0.0001,0.0,0,0.0,1,30,
0.1046,426,0,0.1086,-0.0028,0.2001,7e-05,0.1598,-0.0571,0.2059,0.0748,0.38881,1,0.00053,0,0,right_hand_base_link|torso_link
0.3616,428,0,0.3656,-0.1851,0.039,5e-05,0.3657,-0.1851,0.039,0.0001,0.0,0,0.0,0,0,
0.1453,429,0,0.1492,-0.0208,0.2016,9e-05,0.1697,-0.0453,0.2006,0.032,0.14614,1,0.00039,0,0,right_hand_base_link|torso_link
0.2577,431,0,0.2617,0.1032,0.1434,6e-05,0.2611,0.0955,0.1236,0.0213,0.13169,1,0.0,1,318,right_elbow_link|torso_link
0.0848,432,0,0.0887,0.0064,0.1996,9e-05,0.1566,-0.0561,0.2105,0.093,0.49152,1,0.00018,0,0,right_hand_Link1_1|torso_link;right_hand_base_link|torso_link
0.2823,433,0,0.2862,-0.187,0.19,9e-05,0.2863,-0.187,0.1901,0.0001,0.0,0,0.0,0,0,
0.3875,434,0,0.3915,0.1778,0.0277,0.0001,0.3449,0.1527,-0.0187,0.0704,0.68683,1,0.00045,0,0,left_hand_Link1_1|right_hand_base_link;left_hand_Link1_2|right_hand_Link1_2;left_hand_Link1_2|right_hand_Link1_3;left_hand_Link1_2|right_hand_base_link;left_hand_Link1_3|right_hand_Link1_2;left_hand_Link1_3|right_hand_Link1_3;left_hand_Link2_1|right_hand_Link2_2;left_hand_Link2_1|right_hand_Link2_3;left_hand_Link2_1|right_hand_base_link;left_hand_base_link|right_hand_Link2_2;left_hand_base_link|right_hand_Link2_3;right_shoulder_roll_link|torso_link;right_shoulder_yaw_link|torso_link
0.1728,435,0,0.1768,-0.0457,0.2162,7e-05,0.1773,-0.0463,0.2159,0.0009,0.0038,1,0.00029,0,0,right_hand_base_link|torso_link
0.5447,436,0,0.5486,-0.1011,-0.0107,0.04178,0.5116,-0.1038,0.0077,0.0414,0.0,0,0.0,0,0,
0.2923,437,0,0.2962,0.1829,0.1578,9e-05,0.2994,0.1589,0.144,0.0279,0.21585,1,2e-05,1,140,left_hand_base_link|right_hand_Link2_2;left_hand_base_link|right_hand_Link2_3;right_shoulder_yaw_link|torso_link
0.4908,438,0,0.4948,-0.0108,0.1283,7e-05,0.4947,-0.0108,0.1284,0.0001,0.0,0,0.0,0,0,
0.2381,439,0,0.2421,0.1158,0.2199,5e-05,0.2414,0.1168,0.215,0.0051,0.08319,1,0.0,1,178,right_elbow_link|torso_link;right_shoulder_yaw_link|torso_link
0.5139,442,0,0.5179,-0.0505,0.266,7e-05,0.5178,-0.0505,0.266,0.0001,0.0,0,0.0,0,0,
0.3328,443,0,0.3368,-0.1118,0.1711,4e-05,0.3368,-0.1118,0.1711,0.0,0.0,0,0.0,0,0,
0.1986,444,0,0.2026,-0.0715,0.0975,6e-05,0.2027,-0.0715,0.0975,0.0001,0.0,0,0.0,1,106,
0.2659,446,0,0.2699,-0.1442,0.1658,4e-05,0.2699,-0.1442,0.1658,0.0,0.0,0,0.0,0,0,
0.1364,447,0,0.1403,0.0022,0.136,5e-05,0.1906,-0.0752,0.1234,0.0932,0.48345,1,0.00019,1,1,right_hand_base_link|torso_link
0.482,448,0,0.486,-0.0447,-0.0225,0.00048,0.4856,-0.0447,-0.0223,0.0005,0.0,0,0.0,0,0,
0.1136,450,0,0.1176,0.0157,0.1594,7e-05,0.1868,-0.0679,0.1528,0.1087,0.57128,1,0.0,0,0,right_hand_base_link|torso_link
0.1991,452,0,0.2031,-0.0001,0.164,5e-05,0.2057,-0.0055,0.1613,0.0066,0.0257,1,0.0,1,52,right_wrist_roll_link|torso_link
0.0932,453,0,0.0972,-0.0014,0.1847,8e-05,0.1576,-0.0693,0.1936,0.0913,0.48561,1,0.0,0,0,right_hand_base_link|torso_link
0.185,454,0,0.189,-0.0321,0.2046,4e-05,0.189,-0.0321,0.2046,0.0001,0.0,0,0.0,0,0,
0.489,455,0,0.493,-0.265,0.2464,5e-05,0.4929,-0.265,0.2464,0.0001,0.0,0,0.0,0,0,
0.1826,457,0,0.1866,0.0905,0.1166,9e-05,0.2259,0.0404,0.0991,0.066,0.20043,1,0.0,1,359,right_elbow_link|torso_link;right_wrist_roll_link|torso_link
0.5082,458,0,0.5121,0.0202,0.1773,8e-05,0.512,0.0202,0.1773,0.0001,0.0,0,0.0,0,0,
0.2388,459,0,0.2427,-0.1165,0.224,6e-05,0.2428,-0.1165,0.224,0.0001,0.0,0,0.0,0,0,
0.4083,460,0,0.4123,-0.0971,0.1498,3e-05,0.4122,-0.0971,0.1498,0.0001,0.0,0,0.0,0,0,
0.1454,461,0,0.1493,0.0234,0.1366,8e-05,0.1981,-0.0356,0.1265,0.0772,0.37079,1,0.0,1,11,right_hand_base_link|torso_link;right_wrist_yaw_link|torso_link
0.2931,464,0,0.2971,0.052,0.0223,8e-05,0.2926,0.0348,0.0028,0.0264,0.11063,1,6e-05,1,276,right_elbow_link|torso_link;right_shoulder_yaw_link|torso_link
0.3603,466,0,0.3643,0.1048,0.0446,7e-05,0.371,0.0601,0.0116,0.0559,0.19768,1,0.0,1,150,left_hand_Link1_2|right_hand_Link2_2;left_hand_Link1_2|right_hand_Link2_3;left_hand_Link2_1|right_hand_Link2_2;left_hand_Link2_1|right_hand_Link2_3;right_shoulder_yaw_link|torso_link
0.3809,467,0,0.3849,-0.2928,0.1791,7e-05,0.3848,-0.2928,0.1791,0.0001,0.0,0,0.0,0,0,
0.5439,468,0,0.5479,-0.256,0.199,0.0001,0.5478,-0.256,0.199,0.0001,0.0,0,0.0,0,0,
0.5207,470,0,0.5246,0.0823,0.0581,0.03399,0.5122,0.0319,0.0745,0.0544,0.07602,1,0.0,0,0,right_shoulder_roll_link|torso_link
0.1317,471,0,0.1357,-0.0498,0.1968,9e-05,0.1515,-0.0783,0.1987,0.0326,0.14727,1,0.00047,0,0,right_hand_Link1_1|torso_link;right_hand_base_link|torso_link
0.3179,472,0,0.3219,-0.1348,0.0572,5e-05,0.3219,-0.1348,0.0572,0.0,0.0,1,0.0,0,0,right_shoulder_yaw_link|torso_link
0.387,475,0,0.391,-0.1554,0.2214,4e-05,0.391,-0.1554,0.2214,0.0001,0.0,0,0.0,0,0,
0.3597,476,0,0.3637,-0.0758,-0.0591,7e-05,0.3746,-0.0884,-0.025,0.038,0.15883,1,0.0,0,0,right_shoulder_yaw_link|torso_link
0.1003,477,0,0.1043,-0.0063,0.1843,8e-05,0.1581,-0.0713,0.1914,0.0847,0.44731,1,8e-05,0,0,right_hand_base_link|torso_link
0.1141,478,0,0.1181,0.0302,0.2057,6e-05,0.1676,0.0113,0.189,0.0555,0.24098,1,0.00011,0,0,right_hand_base_link|torso_link;right_wrist_pitch_link|torso_link;right_wrist_yaw_link|torso_link
0.4079,479,0,0.4118,0.146,0.2445,6e-05,0.4326,0.114,0.2333,0.0398,0.10894,1,0.0,0,0,right_shoulder_roll_link|torso_link;right_shoulder_yaw_link|torso_link
0.0934,480,0,0.0974,-0.013,0.1832,5e-05,0.1513,-0.0802,0.1912,0.0865,0.46164,1,0.0,0,0,right_hand_Link1_1|torso_link;right_hand_base_link|torso_link
0.3993,481,0,0.4033,-0.0926,0.2419,9e-05,0.4032,-0.0926,0.2419,0.0001,0.0,0,0.0,0,0,
0.6097,483,0,0.6136,-0.1136,0.2121,0.04451,0.5693,-0.1154,0.2154,0.0444,0.0,0,0.0,0,0,
0.3095,484,0,0.3135,0.101,0.1065,6e-05,0.3134,0.0787,0.0731,0.0402,0.14438,1,0.0,1,338,right_elbow_link|torso_link;right_shoulder_yaw_link|torso_link
0.2706,485,0,0.2745,-0.1086,0.2197,3e-05,0.2746,-0.1086,0.2197,0.0001,0.0,0,0.0,0,0,
0.4532,487,0,0.4572,0.1495,0.1373,9e-05,0.4919,0.0865,0.1355,0.072,0.14282,1,0.0,0,0,right_shoulder_roll_link|torso_link
0.2418,488,0,0.2458,0.1026,0.1399,6e-05,0.2439,0.0957,0.1194,0.0217,0.13918,1,0.0,1,340,right_elbow_link|torso_link
0.4615,489,0,0.4655,-0.1044,0.0246,9e-05,0.4654,-0.1044,0.0246,0.0001,0.0,0,0.0,0,0,
0.4596,490,0,0.4636,0.0933,0.1662,6e-05,0.4696,0.0805,0.1644,0.0142,0.03252,1,2e-05,0,0,right_shoulder_roll_link|torso_link;right_shoulder_yaw_link|torso_link
0.4843,491,0,0.4883,0.1663,0.1219,0.02307,0.5295,0.0358,0.1375,0.1377,0.23947,1,0.0,0,0,right_shoulder_roll_link|torso_link
0.4021,492,0,0.406,-0.1061,0.2091,6e-05,0.406,-0.1061,0.2091,0.0,0.0,0,0.0,0,0,
0.1698,494,0,0.1737,0.0529,0.1008,3e-05,0.1815,0.0331,0.086,0.026,0.08033,1,3e-05,1,830,right_wrist_pitch_link|torso_link;right_wrist_roll_link|torso_link;right_wrist_yaw_link|torso_link
0.3894,495,0,0.3933,0.0566,0.2229,5e-05,0.3974,0.0475,0.2165,0.0119,0.0521,1,0.0,1,84,right_shoulder_yaw_link|torso_link
0.4948,496,0,0.4988,-0.3983,0.1469,0.00444,0.495,-0.3963,0.1478,0.0044,0.0,0,0.0,0,0,
0.3639,497,0,0.3679,-0.2925,-0.0153,8e-05,0.3678,-0.2925,-0.0152,0.0001,0.0,0,0.0,0,0,
0.2792,498,0,0.2832,-0.0146,0.209,6e-05,0.2833,-0.0146,0.2091,0.0001,0.0,1,0.0,1,72,right_elbow_link|torso_link
0.4481,499,0,0.4521,-0.2738,-0.0219,8e-05,0.452,-0.2738,-0.0219,0.0001,0.0,0,0.0,0,0,
0.4512,501,0,0.4552,0.1159,0.2007,0.0001,0.4674,0.0924,0.1971,0.0267,0.0636,1,0.0,0,0,right_shoulder_roll_link|torso_link;right_shoulder_yaw_link|torso_link
0.2975,504,0,0.3014,0.1826,0.2289,9e-05,0.3242,0.1582,0.2008,0.0436,0.19205,1,0.00021,1,90,right_shoulder_yaw_link|torso_link
0.1276,505,0,0.1316,0.0065,0.1573,6e-05,0.1876,-0.0688,0.1517,0.094,0.49261,1,0.00043,0,0,right_hand_base_link|torso_link
0.3115,507,0,0.3155,0.1477,0.2317,3e-05,0.3277,0.1344,0.2212,0.0209,0.14462,1,4e-05,1,78,right_shoulder_yaw_link|torso_link
0.2043,509,0,0.2082,-0.0901,0.2127,4e-05,0.2083,-0.0901,0.2127,0.0001,0.0,0,0.0,0,0,
0.3302,510,0,0.3342,0.0932,0.2037,7e-05,0.3403,0.0787,0.1798,0.0286,0.1189,1,0.0,1,86,right_shoulder_yaw_link|torso_link
0.0891,511,0,0.093,0.011,0.1999,7e-05,0.1613,-0.0511,0.2097,0.0928,0.48972,1,0.00048,0,0,right_hand_base_link|torso_link
0.1419,512,0,0.1458,0.0073,0.1327,4e-05,0.1978,-0.0732,0.1183,0.0969,0.50197,1,0.00026,1,1,right_hand_base_link|torso_link;right_wrist_pitch_link|torso_link
0.4983,513,0,0.5022,-0.323,0.1438,9e-05,0.5022,-0.3229,0.1438,0.0001,0.0,0,0.0,0,0,
0.4816,514,0,0.4855,-0.3071,0.002,0.00443,0.4818,-0.3058,0.0039,0.0043,0.0,0,0.0,0,0,
0.1441,516,0,0.1481,0.0106,0.1928,5e-05,0.1721,-0.0086,0.1893,0.031,0.14664,1,0.0,0,0,right_hand_base_link|torso_link;right_wrist_yaw_link|torso_link
0.1909,517,0,0.1949,-0.0027,0.1953,7e-05,0.1948,-0.0025,0.195,0.0004,0.00299,1,8e-05,0,0,right_wrist_roll_link|torso_link
0.3737,518,0,0.3776,-0.2615,0.0143,9e-05,0.3776,-0.2615,0.0144,0.0001,0.0,0,0.0,0,0,
0.2867,519,0,0.2906,-0.1547,0.1195,8e-05,0.2907,-0.1547,0.1195,0.0001,0.0,0,0.0,0,0,
0.1751,520,0,0.1791,-0.0407,0.1511,4e-05,0.1863,-0.0546,0.15,0.0157,0.06697,1,0.00024,0,0,right_hand_base_link|torso_link
0.1812,521,0,0.1851,0.0414,0.1549,4e-05,0.1961,0.0248,0.146,0.0218,0.07849,1,0.0,1,132,right_wrist_roll_link|torso_link
0.1771,523,0,0.1811,-0.1077,0.1492,7e-05,0.1812,-0.1077,0.1492,0.0001,0.0,0,0.0,0,0,
0.4775,524,0,0.4814,-0.2575,0.0886,7e-05,0.4814,-0.2575,0.0886,0.0,0.0,0,0.0,0,0,
0.2744,527,0,0.2784,-0.1078,0.1745,0.0001,0.2785,-0.1078,0.1745,0.0001,0.0,0,0.0,0,0,
0.4391,528,0,0.443,-0.1505,0.0253,7e-05,0.443,-0.1505,0.0253,0.0,0.0,0,0.0,0,0,
0.1388,529,0,0.1428,0.0106,0.1311,4e-05,0.1939,-0.0635,0.1176,0.091,0.43109,1,0.0,1,3,right_hand_base_link|torso_link
0.2509,530,0,0.2549,-0.0438,0.197,3e-05,0.2549,-0.0437,0.197,0.0001,0.0,0,0.0,0,0,
0.398,531,0,0.4019,0.1584,-0.0643,0.02813,0.4512,0.0461,-0.033,0.1266,0.23705,1,0.0,0,0,right_shoulder_roll_link|torso_link
0.3267,532,0,0.3307,0.0912,0.1008,5e-05,0.3325,0.0644,0.0678,0.0426,0.15635,1,0.0,1,294,right_shoulder_yaw_link|torso_link
0.2744,533,0,0.2784,-0.0168,0.1902,7e-05,0.2785,-0.0168,0.1902,0.0001,0.0,1,0.0,1,112,right_elbow_link|torso_link
0.5313,534,0,0.5353,-0.081,0.1917,0.0001,0.5352,-0.081,0.1917,0.0001,0.0,0,0.0,0,0,
0.229,536,0,0.2329,0.1156,0.1613,6e-05,0.231,0.1088,0.1365,0.0258,0.14837,1,0.0,1,328,right_elbow_link|torso_link
0.1582,540,0,0.1621,-0.0425,0.1395,6e-05,0.1769,-0.0729,0.1368,0.0339,0.16545,1,0.00124,0,0,right_hand_base_link|torso_link
0.1154,542,0,0.1194,0.025,0.1687,6e-05,0.1851,-0.0353,0.1571,0.0899,0.41468,1,0.00023,0,0,right_hand_base_link|torso_link
0.3248,543,0,0.3288,-0.1552,0.1551,5e-05,0.3288,-0.1552,0.1551,0.0001,0.0,0,0.0,0,0,
0.3215,544,0,0.3255,0.1697,0.1442,4e-05,0.3544,0.133,0.1299,0.0489,0.20806,1,0.00083,1,82,left_hand_base_link|right_hand_Link2_2;left_hand_base_link|right_hand_Link2_3;right_shoulder_yaw_link|torso_link
0.3065,545,0,0.3104,-0.0422,0.2336,5e-05,0.3105,-0.0422,0.2336,0.0001,0.0,1,0.0,1,2,right_shoulder_yaw_link|torso_link
0.4074,546,0,0.4114,0.0094,-0.1464,0.02749,0.4435,0.022,-0.0309,0.1205,0.481,1,1e-05,1,16,right_shoulder_roll_link|torso_link;right_shoulder_yaw_link|torso_link
0.3463,547,0,0.3502,-0.1039,0.1254,4e-05,0.3503,-0.1039,0.1254,0.0001,0.0,1,0.0,0,0,right_shoulder_yaw_link|torso_link
0.3961,549,0,0.4001,-0.0888,-0.1133,9e-05,0.4402,-0.0837,-0.0272,0.0951,0.41003,0,0.0,0,0,
0.2814,550,0,0.2854,-0.1604,0.0324,7e-05,0.2855,-0.1604,0.0324,0.0001,0.0,0,0.0,0,0,
0.2476,551,0,0.2516,0.0751,0.0248,9e-05,0.2637,0.0432,0.0092,0.0375,0.10346,1,1e-05,1,353,right_elbow_link|torso_link;right_wrist_roll_link|torso_link
0.3435,552,0,0.3474,-0.1425,0.2031,3e-05,0.3475,-0.1425,0.2031,0.0001,0.0,0,0.0,0,0,
0.1928,553,0,0.1968,0.0278,0.1895,4e-05,0.2032,0.0188,0.1853,0.0118,0.04528,1,8e-05,1,34,right_wrist_roll_link|torso_link
0.329,554,0,0.333,-0.2671,0.0537,0.0001,0.3331,-0.2671,0.0537,0.0001,0.0,0,0.0,0,0,
0.4561,555,0,0.4601,-0.0679,-0.125,0.03372,0.4725,-0.0633,-0.0375,0.0885,0.32678,0,0.0,0,0,
0.1478,557,0,0.1518,-0.0091,0.1664,6e-05,0.1842,-0.052,0.1597,0.0542,0.25742,1,4e-05,0,0,right_hand_base_link|torso_link
0.2453,558,0,0.2492,0.1171,0.1952,5e-05,0.2498,0.1143,0.1812,0.0143,0.11109,1,0.0,1,236,right_elbow_link|torso_link
0.4565,559,0,0.4605,-0.0452,0.1252,5e-05,0.4604,-0.0452,0.1252,0.0001,0.0,0,0.0,1,18,
0.1237,562,0,0.1277,0.0377,0.158,4e-05,0.1819,-0.0094,0.1498,0.0723,0.28738,1,4e-05,1,10,right_hand_Link1_1|torso_link;right_hand_base_link|torso_link;right_wrist_yaw_link|torso_link
0.3058,563,0,0.3098,-0.1341,0.1991,6e-05,0.3098,-0.1341,0.1991,0.0,0.0,0,0.0,0,0,
0.4308,564,0,0.4347,0.0808,0.0425,0.0001,0.4461,0.0491,0.0349,0.0345,0.07809,1,8e-05,1,36,right_shoulder_roll_link|torso_link;right_shoulder_yaw_link|torso_link
0.3166,566,0,0.3205,-0.1887,0.2048,5e-05,0.3206,-0.1887,0.2048,0.0001,0.0,0,0.0,0,0,
0.3543,567,0,0.3582,-0.2836,0.0526,9e-05,0.3583,-0.2836,0.0526,0.0001,0.0,0,0.0,0,0,
0.1091,569,0,0.113,0.0013,0.1728,5e-05,0.171,-0.0693,0.1738,0.0913,0.48659,1,0.0,0,0,right_hand_base_link|torso_link
0.4985,571,0,0.5025,-0.0101,0.2466,7e-05,0.5024,-0.0101,0.2466,0.0001,0.0,0,0.0,0,0,
0.1758,572,0,0.1797,-0.0275,0.2039,5e-05,0.1798,-0.0275,0.2039,0.0001,0.0,1,0.0,0,0,right_hand_base_link|torso_link
0.5999,573,0,0.6039,-0.0019,0.2118,0.04982,0.5556,-0.0131,0.2156,0.0497,0.0,1,0.0,0,0,right_shoulder_roll_link|torso_link
0.4874,575,0,0.4914,0.1274,0.2329,0.0001,0.5194,0.07,0.2422,0.0645,0.12292,1,0.0,0,0,right_shoulder_roll_link|torso_link
0.1562,576,0,0.1602,-0.0541,0.1506,8e-05,0.1714,-0.0794,0.1502,0.0277,0.12684,1,0.0,0,0,right_hand_base_link|torso_link
0.14,577,0,0.1439,0.0655,0.1731,5e-05,0.1578,0.0498,0.1597,0.0248,0.09185,1,2e-05,1,82,right_hand_base_link|torso_link;right_wrist_pitch_link|torso_link;right_wrist_roll_link|torso_link
0.2005,578,0,0.2045,0.0537,0.1601,0.0001,0.2223,0.0289,0.1511,0.0318,0.10581,1,0.0,1,186,right_elbow_link|torso_link;right_wrist_roll_link|torso_link
0.3866,579,0,0.3905,-0.2661,0.1567,5e-05,0.3905,-0.2661,0.1567,0.0001,0.0,0,0.0,0,0,
0.2815,580,0,0.2854,-0.2207,0.0806,7e-05,0.2855,-0.2208,0.0806,0.0001,0.0,0,0.0,0,0,
0.1124,581,0,0.1163,-0.0174,0.1998,8e-05,0.1551,-0.0675,0.2063,0.0637,0.32752,1,8e-05,0,0,right_hand_Link1_1|torso_link;right_hand_base_link|torso_link
0.3997,583,0,0.4036,-0.1258,0.0107,7e-05,0.4036,-0.1258,0.0107,0.0,0.0,0,0.0,0,0,
0.124,584,0,0.128,-0.0442,0.1856,9e-05,0.1517,-0.0869,0.1882,0.049,0.24379,1,0.0,0,0,right_hand_Link1_1|torso_link;right_hand_base_link|torso_link
0.4174,585,0,0.4214,0.1745,0.1187,8e-05,0.4643,0.1002,0.1033,0.0872,0.18256,1,0.0,0,0,right_shoulder_roll_link|torso_link;right_shoulder_yaw_link|torso_link
0.2262,586,0,0.2301,0.0441,0.1593,8e-05,0.2437,0.0225,0.1518,0.0265,0.08475,1,0.0,1,232,right_elbow_link|torso_link;right_wrist_roll_link|torso_link
0.2533,587,0,0.2572,-0.099,0.0486,9e-05,0.2573,-0.099,0.0486,0.0001,0.0,0,0.0,0,0,
0.4113,589,0,0.4153,0.1091,0.0097,9e-05,0.4365,0.0546,-0.0036,0.0599,0.12667,1,0.0,1,22,right_shoulder_roll_link|torso_link;right_shoulder_yaw_link|torso_link
0.078,590,0,0.0819,0.0018,0.1991,5e-05,0.1489,-0.0669,0.2188,0.098,0.52672,1,0.0,0,0,right_hand_Link1_1|torso_link;right_hand_base_link|torso_link
0.2033,593,0,0.2073,0.0523,0.1472,0.0001,0.2241,0.027,0.1371,0.0319,0.10446,1,0.0,1,180,right_elbow_link|torso_link;right_wrist_roll_link|torso_link
0.3571,594,0,0.3611,-0.0988,0.2174,8e-05,0.3612,-0.0988,0.2174,0.0001,0.0,0,0.0,0,0,
0.2467,595,0,0.2507,-0.1161,0.0403,0.0001,0.2508,-0.1161,0.0403,0.0001,0.0,0,0.0,0,0,
0.1331,596,0,0.137,-0.0072,0.1403,6e-05,0.1812,-0.0763,0.1313,0.0825,0.43261,1,0.00041,0,0,right_hand_base_link|torso_link
0.3772,598,0,0.3812,0.0072,0.1113,9e-05,0.3827,-0.0066,0.1013,0.0171,0.07812,1,0.0,1,62,right_shoulder_yaw_link|torso_link
0.3912,599,0,0.3951,0.079,0.2394,0.0001,0.4003,0.0695,0.2361,0.0114,0.05434,1,0.0,1,46,right_shoulder_yaw_link|torso_link
0.4697,600,0,0.4737,0.0921,0.0596,9e-05,0.4887,0.0596,0.06,0.0358,0.06549,1,0.0,0,0,right_shoulder_roll_link|torso_link
0.5485,601,0,0.5524,0.0938,0.2126,0.03087,0.5452,0.0284,0.2295,0.0679,0.1074,1,0.0,0,0,right_shoulder_roll_link|torso_link
0.4165,602,0,0.4205,-0.2902,0.1841,6e-05,0.4204,-0.2901,0.1841,0.0001,0.0,0,0.0,0,0,
0.0828,603,0,0.0868,0.0019,0.1958,0.0001,0.1518,-0.0656,0.212,0.0951,0.51009,1,0.0,0,0,right_hand_Link1_1|torso_link;right_hand_base_link|torso_link
0.1332,604,0,0.1372,-0.0591,0.1502,6e-05,0.1528,-0.0964,0.1489,0.0405,0.19873,1,0.0,0,0,right_hand_Link1_1|torso_link;right_hand_base_link|torso_link
0.176,605,0,0.18,-0.028,0.1851,4e-05,0.18,-0.028,0.1851,0.0,0.0,1,0.0,0,0,right_hand_base_link|torso_link
0.3963,606,0,0.4003,-0.2619,-0.0257,8e-05,0.4002,-0.2619,-0.0257,0.0001,0.0,0,0.0,0,0,
0.2548,607,0,0.2588,-0.0534,0.0397,8e-05,0.2589,-0.0534,0.0397,0.0001,0.0,1,0.0,1,37,right_elbow_link|torso_link;right_wrist_roll_link|torso_link
0.3219,608,0,0.3258,0.0033,0.1899,4e-05,0.3257,0.0017,0.185,0.0052,0.03319,1,0.0,1,120,right_shoulder_yaw_link|torso_link
0.2844,611,0,0.2884,-0.0565,0.135,7e-05,0.2885,-0.0565,0.135,0.0001,0.0,0,0.0,1,22,
0.4117,613,0,0.4156,0.1994,-0.0076,0.03176,0.3679,0.11,-0.039,0.1061,0.74889,1,0.02731,0,0,left_hand_Link1_2|right_hand_Link2_1;left_hand_Link1_2|right_hand_base_link;left_hand_Link1_3|right_hand_Link2_1;left_hand_Link1_3|right_hand_base_link;left_hand_Link2_2|right_hand_Link1_2;left_hand_Link2_2|right_hand_Link1_3;left_hand_Link2_2|right_hand_Link2_2;left_hand_Link2_2|right_hand_Link2_3;left_hand_Link2_3|right_hand_Link1_2;left_hand_Link2_3|right_hand_Link2_2;left_hand_Link2_3|right_hand_Link2_3;left_hand_base_link|right_hand_Link1_1;left_hand_base_link|right_hand_Link2_1;left_hand_base_link|right_hand_Link2_2;left_hand_base_link|right_hand_base_link;right_shoulder_roll_link|torso_link
0.1676,614,0,0.1716,-0.0654,0.1451,6e-05,0.173,-0.07,0.1448,0.0049,0.02909,1,0.00111,0,0,right_hand_base_link|torso_link
0.1617,615,0,0.1656,0.0622,0.1866,4e-05,0.1817,0.0448,0.1762,0.0259,0.09572,1,0.0,1,48,right_wrist_roll_link|torso_link
0.4552,616,0,0.4591,-0.0708,0.2371,6e-05,0.4591,-0.0708,0.2371,0.0001,0.0,0,0.0,0,0,
0.5823,617,0,0.5863,-0.2593,0.2712,0.0281,0.5589,-0.2534,0.2707,0.0281,0.0,0,0.0,0,0,
0.3786,618,0,0.3825,-0.174,0.2422,6e-05,0.3826,-0.174,0.2422,0.0001,0.0,0,0.0,0,0,
0.0986,619,0,0.1026,0.0224,0.1927,4e-05,0.1782,-0.0423,0.1934,0.0995,0.52738,1,0.0001,0,0,right_hand_base_link|torso_link
0.1035,620,0,0.1075,-0.0038,0.203,8e-05,0.1573,-0.0574,0.2105,0.0735,0.37974,1,0.00053,0,0,right_hand_Link1_1|torso_link;right_hand_base_link|torso_link
0.1121,622,0,0.1161,-0.0197,0.1991,9e-05,0.153,-0.0704,0.2071,0.0633,0.3267,1,5e-05,0,0,right_hand_Link1_1|torso_link;right_hand_base_link|torso_link
0.3552,624,0,0.3592,-0.1246,0.1306,3e-05,0.3592,-0.1246,0.1306,0.0001,0.0,0,0.0,0,0,
0.1828,625,0,0.1867,-0.0562,0.1504,4e-05,0.1868,-0.0562,0.1504,0.0001,0.0,1,0.0,0,0,right_hand_base_link|torso_link
0.0848,627,0,0.0888,0.0068,0.2006,9e-05,0.1554,-0.058,0.2155,0.0941,0.50092,1,0.00017,0,0,right_hand_Link1_1|torso_link;right_hand_base_link|torso_link
0.359,628,0,0.3629,-0.0038,-0.0677,7e-05,0.3826,-0.0291,-0.0263,0.0524,0.21256,1,1e-05,0,0,right_shoulder_yaw_link|torso_link
0.1949,629,0,0.1988,0.0496,0.0911,0.0001,0.218,0.0147,0.0778,0.042,0.12925,1,0.0,1,605,right_wrist_roll_link|torso_link
0.2947,631,0,0.2986,0.1583,0.1735,9e-05,0.3003,0.141,0.1409,0.037,0.18403,1,0.00053,1,170,left_hand_base_link|right_hand_Link2_2;left_hand_base_link|right_hand_Link2_3;right_shoulder_yaw_link|torso_link
0.372,632,0,0.376,-0.1845,0.0211,7e-05,0.3761,-0.1845,0.0211,0.0001,0.0,0,0.0,0,0,
0.3995,633,0,0.4034,0.0779,0.1671,5e-05,0.4118,0.0597,0.1609,0.0209,0.08493,1,0.0,1,88,right_shoulder_yaw_link|torso_link
0.2205,634,0,0.2245,-0.0879,0.1751,7e-05,0.2245,-0.0878,0.1751,0.0001,0.0,0,0.0,0,0,
0.1288,635,0,0.1327,0.0475,0.204,9e-05,0.1641,0.029,0.199,0.0368,0.11799,1,9e-05,0,0,logo_link|right_hand_base_link;right_hand_base_link|torso_link;right_wrist_pitch_link|torso_link;right_wrist_roll_link|torso_link
0.2926,636,0,0.2966,0.0349,0.0396,7e-05,0.2938,0.0249,0.0273,0.0161,0.08502,1,0.0,1,284,right_elbow_link|torso_link;right_shoulder_yaw_link|torso_link;right_wrist_roll_link|torso_link
0.5567,638,0,0.5606,-0.1133,0.1461,0.00167,0.559,-0.1134,0.1465,0.0016,0.0,0,0.0,0,0,
0.3218,639,0,0.3258,-0.2374,0.0992,4e-05,0.3258,-0.2374,0.0992,0.0,0.0,0,0.0,0,0,
0.3499,643,0,0.3539,-0.0334,0.1794,3e-05,0.3539,-0.0353,0.1766,0.0034,0.02666,1,0.0,1,10,right_shoulder_yaw_link|torso_link
0.4024,644,0,0.4064,0.1475,0.0291,8e-05,0.3844,0.1452,0.0263,0.0223,0.48415,1,0.01356,0,0,left_hand_Link1_2|right_hand_Link1_1;left_hand_Link1_2|right_hand_Link1_2;left_hand_Link1_2|right_hand_Link2_1;left_hand_Link1_2|right_hand_Link2_2;left_hand_Link1_2|right_hand_base_link;left_hand_Link1_3|right_hand_base_link;left_hand_Link2_1|right_hand_Link2_1;left_hand_Link2_2|right_hand_Link2_2;left_hand_Link2_3|right_hand_Link2_2;left_hand_base_link|right_hand_Link2_2;right_shoulder_roll_link|torso_link;right_shoulder_yaw_link|torso_link
0.3492,645,0,0.3531,-0.148,-0.0966,7e-05,0.3772,-0.1477,-0.0196,0.0806,0.34772,0,0.0,0,0,
0.1467,647,0,0.1507,-0.0524,0.1293,8e-05,0.1658,-0.0886,0.1262,0.0393,0.19312,1,0.0,0,0,right_hand_base_link|torso_link
0.4041,648,0,0.4081,-0.2377,0.2053,6e-05,0.408,-0.2377,0.2053,0.0001,0.0,0,0.0,0,0,
0.1015,650,0,0.1055,0.0185,0.1737,0.0001,0.1801,-0.0605,0.1746,0.1087,0.57199,1,3e-05,0,0,right_hand_base_link|torso_link
0.2085,651,0,0.2125,0.041,0.1592,3e-05,0.2262,0.0201,0.1521,0.026,0.08746,1,0.0,1,164,right_elbow_link|torso_link;right_wrist_roll_link|torso_link
0.168,652,0,0.172,0.0321,0.1216,5e-05,0.1813,0.0171,0.1149,0.0189,0.06752,1,4e-05,1,136,right_hand_base_link|torso_link;right_wrist_pitch_link|torso_link;right_wrist_roll_link|torso_link;right_wrist_yaw_link|torso_link
0.4216,653,0,0.4256,-0.0374,0.1918,5e-05,0.4255,-0.0374,0.1918,0.0001,0.0,0,0.0,1,20,
0.3661,654,0,0.37,0.143,0.1615,8e-05,0.3923,0.1113,0.1556,0.0392,0.16317,1,0.0,1,78,right_shoulder_yaw_link|torso_link
0.1848,655,0,0.1887,0.0629,0.1273,3e-05,0.208,0.0335,0.1129,0.038,0.12203,1,0.0,1,244,right_wrist_roll_link|torso_link
0.1275,656,0,0.1315,-0.04,0.1678,7e-05,0.1552,-0.0826,0.1684,0.0488,0.24546,1,0.00056,0,0,right_hand_Link1_1|torso_link;right_hand_base_link|torso_link
0.1533,657,0,0.1573,-0.0028,0.2091,5e-05,0.1694,-0.01,0.2035,0.0151,0.04478,1,0.00015,0,0,right_hand_base_link|torso_link
0.421,658,0,0.4249,0.1489,-0.0193,0.01581,0.4686,0.0369,-0.0138,0.1204,0.21516,1,0.0,0,0,right_shoulder_roll_link|torso_link
0.2285,659,0,0.2324,-0.0092,0.201,4e-05,0.2325,-0.0092,0.201,0.0001,0.0,1,0.0,1,48,right_elbow_link|torso_link;right_wrist_roll_link|torso_link
0.2436,660,0,0.2475,-0.066,0.1433,4e-05,0.2476,-0.066,0.1433,0.0001,0.0,0,0.0,0,0,
0.1956,662,0,0.1996,0.0252,0.088,3e-05,0.2021,0.0111,0.0771,0.018,0.05263,1,0.0,1,882,right_wrist_pitch_link|torso_link;right_wrist_roll_link|torso_link
0.5795,663,0,0.5834,-0.0879,0.1656,0.0217,0.5621,-0.0897,0.169,0.0216,0.0,0,0.0,0,0,
0.2685,665,0,0.2725,-0.0959,0.1191,9e-05,0.2726,-0.0959,0.1191,0.0001,0.0,0,0.0,0,0,
0.1284,666,0,0.1324,-0.0028,0.2091,4e-05,0.169,-0.0397,0.2099,0.052,0.25341,1,0.0,0,0,right_hand_base_link|torso_link
0.1929,667,0,0.1969,0.0464,0.2159,3e-05,0.2065,0.0354,0.2116,0.0153,0.05663,1,0.0,1,76,right_elbow_link|torso_link;right_wrist_roll_link|torso_link
0.1623,670,0,0.1663,0.0427,0.1887,6e-05,0.1753,0.0321,0.1825,0.0152,0.06068,1,0.0,1,18,right_wrist_roll_link|torso_link
0.183,671,0,0.187,0.0677,0.1392,3e-05,0.2067,0.0395,0.1244,0.0374,0.12085,1,0.0,1,220,right_wrist_roll_link|torso_link
0.3232,672,0,0.3272,0.1495,0.1791,4e-05,0.3443,0.127,0.1654,0.0314,0.17296,1,0.0,1,72,right_shoulder_yaw_link|torso_link
0.465,675,0,0.469,-0.355,0.0372,0.0001,0.4689,-0.3549,0.0373,0.0001,0.0,0,0.0,0,0,
0.4449,677,0,0.4488,-0.0058,0.1065,6e-05,0.4488,-0.0058,0.1065,0.0,0.0,1,0.0,1,72,right_shoulder_yaw_link|torso_link
0.2774,678,0,0.2813,0.0129,0.2183,6e-05,0.2814,0.0129,0.2183,0.0001,0.0,1,0.0,1,124,right_elbow_link|torso_link;right_shoulder_yaw_link|torso_link
0.1178,680,0,0.1218,0.0046,0.2047,4e-05,0.168,-0.0394,0.2062,0.0638,0.32193,1,0.0,0,0,right_hand_base_link|torso_link
0.1137,681,0,0.1177,0.0191,0.1857,8e-05,0.1827,-0.0416,0.1824,0.089,0.47,1,5e-05,0,0,right_hand_base_link|torso_link;right_wrist_yaw_link|torso_link
0.1124,682,0,0.1164,0.0094,0.2003,4e-05,0.1704,-0.0415,0.202,0.0743,0.37622,1,0.00028,0,0,right_hand_base_link|torso_link
0.0938,685,0,0.0977,-0.0191,0.188,6e-05,0.1488,-0.0874,0.1975,0.0858,0.45673,1,0.0,0,0,right_hand_Link1_1|torso_link
0.1087,686,0,0.1127,0.0221,0.2014,9e-05,0.172,-0.0184,0.1963,0.0719,0.36518,1,3e-05,0,0,right_hand_base_link|torso_link;right_wrist_yaw_link|torso_link
0.527,687,0,0.5309,0.0158,0.2574,9e-05,0.5308,0.0158,0.2574,0.0001,0.0,1,0.0,0,0,right_shoulder_roll_link|torso_link
0.1058,688,0,0.1098,0.005,0.1998,6e-05,0.1657,-0.0487,0.2028,0.0776,0.40008,1,0.00128,0,0,right_hand_base_link|torso_link
0.3997,689,0,0.4036,-0.0532,-0.0409,5e-05,0.4064,-0.0567,-0.0349,0.0075,0.02177,1,3e-05,1,2,right_shoulder_yaw_link|torso_link
0.3587,690,0,0.3626,0.1784,-0.0217,0.0001,0.3365,0.1447,-0.0399,0.0463,0.65851,1,2e-05,0,0,left_hand_Link1_1|right_hand_base_link;left_hand_Link1_2|right_hand_base_link;right_shoulder_roll_link|torso_link;right_shoulder_yaw_link|torso_link
0.2242,692,0,0.2282,0.1304,0.1087,7e-05,0.2309,0.1176,0.0873,0.025,0.1723,1,1e-05,1,459,right_elbow_link|torso_link
0.3744,693,0,0.3784,-0.188,0.0715,3e-05,0.3784,-0.188,0.0715,0.0,0.0,0,0.0,0,0,
0.2466,698,0,0.2505,-0.1964,0.0164,9e-05,0.2506,-0.1964,0.0164,0.0001,0.0,0,0.0,0,0,
0.4391,700,0,0.4431,-0.1478,0.2604,7e-05,0.443,-0.1478,0.2604,0.0001,0.0,0,0.0,0,0,
0.3838,702,0,0.3878,0.1011,0.0696,6e-05,0.4037,0.0522,0.0459,0.0567,0.16726,1,0.0,1,52,right_shoulder_yaw_link|torso_link
0.0906,704,0,0.0946,-0.0076,0.1995,5e-05,0.1494,-0.0715,0.2142,0.0855,0.45549,1,0.0,0,0,right_hand_Link1_1|torso_link;right_hand_base_link|torso_link
0.2161,705,0,0.22,0.0274,0.2098,3e-05,0.2239,0.0219,0.2073,0.0072,0.02634,1,0.0,1,92,right_elbow_link|torso_link;right_wrist_roll_link|torso_link
0.2664,706,0,0.2704,0.1876,0.156,4e-05,0.285,0.1597,0.1201,0.0478,0.20924,1,0.0,1,242,left_hand_base_link|right_hand_Link1_2;right_shoulder_yaw_link|torso_link
0.2445,707,0,0.2485,0.0247,0.1062,8e-05,0.2588,0.0006,0.0979,0.0275,0.08115,1,0.0,1,163,right_elbow_link|torso_link;right_wrist_roll_link|torso_link
0.3651,708,0,0.369,-0.0463,-0.0263,7e-05,0.3691,-0.0603,-0.0289,0.0142,0.06069,1,0.0,0,0,right_shoulder_yaw_link|torso_link
0.3844,709,0,0.3884,-0.3122,-0.0259,5e-05,0.3883,-0.3122,-0.0259,0.0001,0.0,0,0.0,0,0,
0.1748,710,0,0.1788,-0.0809,0.2135,9e-05,0.1789,-0.0809,0.2135,0.0001,0.0,1,0.0,0,0,right_hand_base_link|torso_link
0.2063,712,0,0.2102,-0.0725,0.0869,5e-05,0.2103,-0.0724,0.0869,0.0001,0.0,0,0.0,1,307,
0.2356,713,0,0.2396,-0.1156,0.2136,7e-05,0.2397,-0.1156,0.2136,0.0001,0.0,0,0.0,0,0,
0.3011,715,0,0.305,-0.1493,0.195,7e-05,0.3051,-0.1493,0.195,0.0001,0.0,0,0.0,0,0,
0.1285,721,0,0.1324,-0.0026,0.1629,8e-05,0.1807,-0.0692,0.1591,0.0824,0.43379,1,0.00017,0,0,right_hand_base_link|torso_link
0.3364,723,0,0.3404,0.1181,-0.0674,7e-05,0.4104,0.0516,-0.0336,0.1023,0.20813,1,6e-05,1,90,right_shoulder_yaw_link|torso_link
0.2133,724,0,0.2173,0.0675,0.1773,8e-05,0.2412,0.0368,0.1689,0.0398,0.12707,1,0.0,1,186,right_elbow_link|torso_link;right_wrist_roll_link|torso_link
0.3967,725,0,0.4006,-0.1263,0.1364,6e-05,0.4007,-0.1263,0.1364,0.0001,0.0,0,0.0,0,0,
0.3216,726,0,0.3256,-0.0627,0.1126,5e-05,0.3256,-0.0627,0.1126,0.0001,0.0,1,0.0,1,2,right_shoulder_yaw_link|torso_link
0.1066,727,0,0.1106,0.0087,0.1986,5e-05,0.1697,-0.0457,0.1992,0.0803,0.4129,1,0.00034,0,0,right_hand_base_link|torso_link
0.4901,728,0,0.494,-0.1468,0.2677,9e-05,0.4939,-0.1468,0.2677,0.0001,0.0,0,0.0,0,0,
0.435,729,0,0.4389,-0.2197,-0.0834,9e-05,0.4676,-0.2063,-0.0387,0.0548,0.22354,0,0.00035,0,0,
0.3253,730,0,0.3293,-0.2283,0.1481,4e-05,0.3293,-0.2284,0.1481,0.0001,0.0,0,0.0,0,0,
0.3127,731,0,0.3167,0.0887,0.2399,8e-05,0.3218,0.0804,0.2204,0.0217,0.09792,1,0.0,1,42,right_shoulder_yaw_link|torso_link
0.2956,732,0,0.2996,0.1452,0.1809,3e-05,0.3068,0.1275,0.1495,0.0368,0.16611,1,0.00037,1,176,left_hand_base_link|right_hand_Link2_2;left_hand_base_link|right_hand_Link2_3;right_shoulder_yaw_link|torso_link
0.2224,733,0,0.2263,0.0867,0.1726,7e-05,0.2484,0.0574,0.1575,0.0397,0.11294,1,1e-05,1,240,right_elbow_link|torso_link;right_wrist_roll_link|torso_link
0.4191,735,0,0.4231,-0.3663,0.0333,7e-05,0.423,-0.3663,0.0333,0.0001,0.0,0,0.0,0,0,
0.3275,736,0,0.3315,0.0824,0.0019,8e-05,0.3334,0.0331,-0.0294,0.0584,0.19142,1,0.0,1,214,right_shoulder_yaw_link|torso_link
0.4935,737,0,0.4975,-0.2824,0.071,9e-05,0.4974,-0.2824,0.071,0.0001,0.0,0,0.0,0,0,
0.1046,738,0,0.1086,-0.0095,0.1936,8e-05,0.1564,-0.0687,0.2023,0.0765,0.40211,1,0.00022,0,0,right_hand_Link1_1|torso_link;right_hand_base_link|torso_link
0.3349,739,0,0.3389,0.1433,0.1284,5e-05,0.3564,0.1037,0.0941,0.0553,0.19985,1,0.0,1,98,right_shoulder_yaw_link|torso_link
0.2444,740,0,0.2484,0.093,0.1875,6e-05,0.2472,0.0921,0.1765,0.0111,0.09888,1,0.0,1,236,right_elbow_link|torso_link
0.2941,741,0,0.2981,-0.019,0.221,5e-05,0.2982,-0.0189,0.221,0.0001,0.0,1,0.0,1,62,right_shoulder_yaw_link|torso_link
0.3596,742,0,0.3636,-0.126,-0.0381,0.0001,0.3664,-0.1268,-0.0273,0.0112,0.04189,1,0.0,0,0,right_shoulder_yaw_link|torso_link
0.5779,744,0,0.5818,-0.1677,0.128,0.02588,0.5567,-0.1664,0.1337,0.0258,0.0,0,0.0,0,0,
0.2873,745,0,0.2912,0.1415,0.2233,9e-05,0.3015,0.1255,0.1867,0.0413,0.1501,1,0.0,1,104,right_shoulder_yaw_link|torso_link
0.3102,746,0,0.3141,0.1729,0.103,0.0001,0.3506,0.1232,0.0968,0.062,0.22958,1,0.00637,1,118,left_hand_Link1_1|right_hand_Link2_2;left_hand_Link1_1|right_hand_Link2_3;left_hand_Link1_2|right_hand_Link2_2;left_hand_base_link|right_hand_Link2_2;left_hand_base_link|right_hand_Link2_3;right_shoulder_yaw_link|torso_link
0.1418,747,0,0.1457,0.0603,0.1963,6e-05,0.1613,0.0461,0.1879,0.0227,0.08661,1,0.00068,1,24,right_hand_base_link|torso_link;right_wrist_roll_link|torso_link
0.1585,749,0,0.1625,-0.0466,0.1826,9e-05,0.1698,-0.0589,0.1811,0.0144,0.05006,1,7e-05,0,0,right_hand_base_link|torso_link
0.2977,750,0,0.3016,0.0836,0.0631,7e-05,0.2973,0.0627,0.0337,0.0363,0.13285,1,1e-05,1,398,right_elbow_link|torso_link;right_shoulder_yaw_link|torso_link
0.5832,752,0,0.5872,-0.1644,0.2774,0.01682,0.5704,-0.1636,0.2769,0.0169,0.0,0,0.0,0,0,
0.2234,753,0,0.2274,0.0113,0.173,3e-05,0.2313,0.0039,0.1697,0.009,0.03203,1,2e-05,1,80,right_elbow_link|torso_link;right_wrist_roll_link|torso_link
0.23,754,0,0.234,-0.1045,0.1879,7e-05,0.2341,-0.1045,0.1879,0.0001,0.0,0,0.0,0,0,
0.0789,755,0,0.0829,-0.0023,0.1991,5e-05,0.1488,-0.0691,0.2147,0.0951,0.50814,1,0.0,0,0,right_hand_Link1_1|torso_link;right_hand_base_link|torso_link
0.2454,756,0,0.2494,0.1508,0.0804,9e-05,0.2658,0.1069,0.0413,0.061,0.21851,1,0.00013,1,584,left_wrist_pitch_link|right_hand_Link2_2;left_wrist_pitch_link|right_hand_Link2_3;left_wrist_yaw_link|right_hand_Link2_2;left_wrist_yaw_link|right_hand_Link2_3;right_elbow_link|torso_link
0.2336,759,0,0.2375,-0.1078,0.083,4e-05,0.2376,-0.1078,0.083,0.0001,0.0,0,0.0,1,24,
0.1546,760,0,0.1585,-0.0538,0.1734,4e-05,0.1675,-0.0728,0.1737,0.021,0.09357,1,0.0,0,0,right_hand_base_link|torso_link
0.3389,761,0,0.3429,0.1394,0.0981,4e-05,0.3663,0.0928,0.0738,0.0575,0.20599,1,0.0,1,96,left_hand_Link1_2|right_hand_Link2_2;right_shoulder_yaw_link|torso_link
0.423,762,0,0.4269,-0.3755,0.0237,0.0001,0.4268,-0.3755,0.0237,0.0001,0.0,0,0.0,0,0,
0.2313,763,0,0.2353,0.1258,0.2181,5e-05,0.2351,0.126,0.2103,0.0078,0.09241,1,0.0,1,192,right_elbow_link|torso_link;right_shoulder_yaw_link|torso_link
0.0812,764,0,0.0851,0.0007,0.1948,5e-05,0.1504,-0.0671,0.2113,0.0956,0.5123,1,0.0,0,0,right_hand_Link1_1|torso_link;right_hand_base_link|torso_link
0.1965,765,0,0.2004,-0.0598,0.1385,8e-05,0.2005,-0.0598,0.1385,0.0001,0.0,0,0.0,0,0,
0.1767,768,0,0.1807,-0.0735,0.1819,7e-05,0.1808,-0.0735,0.1819,0.0001,0.0,0,0.0,0,0,
0.0783,769,0,0.0822,-0.0008,0.1988,5e-05,0.1483,-0.0686,0.2168,0.0964,0.51749,1,3e-05,0,0,right_hand_Link1_1|torso_link;right_hand_base_link|torso_link
0.1979,770,0,0.2018,-0.0318,0.0749,4e-05,0.2023,-0.0345,0.0737,0.003,0.01099,1,2e-05,1,719,right_hand_base_link|torso_link;right_wrist_pitch_link|torso_link;right_wrist_roll_link|torso_link;right_wrist_yaw_link|torso_link
0.281,771,0,0.285,-0.0661,-0.0008,7e-05,0.285,-0.0661,-0.0008,0.0,0.0,1,0.0,0,0,right_elbow_link|torso_link;right_shoulder_yaw_link|torso_link
0.0791,772,0,0.083,-0.0024,0.1972,5e-05,0.1485,-0.0698,0.2132,0.0953,0.50975,1,9e-05,0,0,right_hand_Link1_1|torso_link;right_hand_base_link|torso_link
0.279,774,0,0.2829,-0.0376,0.213,7e-05,0.283,-0.0376,0.213,0.0001,0.0,0,0.0,1,18,
0.2789,776,0,0.2828,-0.1307,0.2157,9e-05,0.2829,-0.1307,0.2158,0.0002,0.0,0,0.0,0,0,
0.3995,778,0,0.4034,0.0342,-0.0339,6e-05,0.4118,0.0036,-0.0383,0.0321,0.08736,1,0.0,1,96,right_shoulder_yaw_link|torso_link
0.3367,780,0,0.3406,0.0091,0.2291,0.0001,0.3416,0.0065,0.2234,0.0064,0.04318,1,0.0,1,38,right_shoulder_yaw_link|torso_link
0.2324,782,0,0.2363,0.0485,0.1763,8e-05,0.2508,0.0268,0.1695,0.027,0.08554,1,0.0,1,186,right_elbow_link|torso_link;right_wrist_roll_link|torso_link
0.2788,783,0,0.2828,-0.03,0.1293,7e-05,0.2828,-0.03,0.1293,0.0,0.0,1,0.0,1,148,right_elbow_link|torso_link;right_wrist_roll_link|torso_link
0.1558,785,0,0.1597,0.0154,0.1862,0.0001,0.1682,0.0077,0.1853,0.0115,0.04552,1,0.0,0,0,right_hand_base_link|torso_link;right_wrist_pitch_link|torso_link;right_wrist_roll_link|torso_link;right_wrist_yaw_link|torso_link
0.2638,786,0,0.2677,0.177,0.1168,7e-05,0.2461,0.1603,0.1229,0.028,0.22565,1,0.0,1,394,left_hand_base_link|right_hand_Link1_2;right_shoulder_yaw_link|torso_link
0.2722,788,0,0.2761,-0.0453,0.2315,8e-05,0.2762,-0.0453,0.2315,0.0001,0.0,0,0.0,0,0,
0.3137,789,0,0.3176,-0.0831,0.1468,5e-05,0.3177,-0.0831,0.1468,0.0001,0.0,1,0.0,0,0,right_shoulder_yaw_link|torso_link
0.1525,790,0,0.1565,-0.0412,0.2026,4e-05,0.1662,-0.0593,0.205,0.0207,0.08506,1,0.0,0,0,right_hand_base_link|torso_link
0.1486,791,0,0.1525,-0.0492,0.1285,7e-05,0.1686,-0.087,0.1246,0.0412,0.20541,1,0.0,0,0,right_hand_base_link|torso_link
0.3802,793,0,0.3842,0.14,0.2413,6e-05,0.4045,0.1096,0.2223,0.0412,0.13106,1,1e-05,1,28,right_shoulder_roll_link|torso_link;right_shoulder_yaw_link|torso_link
0.2333,795,0,0.2372,-0.097,0.0264,3e-05,0.2373,-0.097,0.0264,0.0001,0.0,0,0.0,1,8,
0.1966,796,0,0.2006,0.1033,0.1347,8e-05,0.2427,0.0513,0.1158,0.0696,0.20376,1,0.0,1,300,right_elbow_link|torso_link;right_wrist_roll_link|torso_link
0.2555,797,0,0.2594,-0.0636,0.22,3e-05,0.2594,-0.0636,0.22,0.0,0.0,0,0.0,0,0,
0.1014,798,0,0.1053,-0.0102,0.1743,8e-05,0.156,-0.0736,0.1782,0.0813,0.42755,1,0.00105,0,0,right_hand_Link1_1|torso_link;right_hand_base_link|torso_link
0.0823,799,0,0.0862,0.0008,0.1936,5e-05,0.1511,-0.0669,0.2093,0.0951,0.51103,1,0.00045,0,0,right_hand_Link1_1|torso_link;right_hand_base_link|torso_link
0.3379,800,0,0.3418,0.0274,0.0176,5e-05,0.3401,0.0036,-0.0006,0.03,0.11181,1,0.0,1,162,right_shoulder_yaw_link|torso_link
0.2336,801,0,0.2376,-0.1134,0.1634,6e-05,0.2377,-0.1134,0.1634,0.0001,0.0,0,0.0,0,0,
0.2528,804,0,0.2568,0.0927,0.0782,8e-05,0.2735,0.0523,0.0533,0.0503,0.1015,1,5e-05,1,404,right_elbow_link|torso_link;right_wrist_roll_link|torso_link
0.1694,806,0,0.1734,0.0571,0.1986,4e-05,0.1899,0.04,0.1924,0.0245,0.09192,1,0.0,1,82,right_elbow_link|torso_link;right_wrist_roll_link|torso_link
0.229,808,0,0.233,0.1175,0.0644,9e-05,0.259,0.0813,0.0495,0.047,0.12331,1,0.00012,1,506,right_elbow_link|torso_link;right_wrist_roll_link|torso_link
0.3577,809,0,0.3617,-0.0645,0.1921,9e-05,0.3618,-0.0648,0.1918,0.0004,0.0048,1,0.0,0,0,right_shoulder_yaw_link|torso_link
0.2452,812,0,0.2492,0.0667,0.2158,6e-05,0.2479,0.0675,0.2087,0.0072,0.05799,1,0.0,1,156,right_elbow_link|torso_link
0.1791,815,0,0.1831,-0.0913,0.1752,8e-05,0.1832,-0.0913,0.1752,0.0001,0.0,0,0.0,0,0,
0.2582,816,0,0.2621,-0.1266,0.223,4e-05,0.2622,-0.1266,0.223,0.0001,0.0,0,0.0,0,0,
0.2325,818,0,0.2364,0.0069,0.1015,9e-05,0.2416,-0.0085,0.0947,0.0176,0.05378,1,0.0,1,149,right_wrist_roll_link|torso_link
0.1637,820,0,0.1677,-0.0542,0.1415,6e-05,0.1765,-0.0744,0.1407,0.022,0.09955,1,0.00016,0,0,right_hand_base_link|torso_link
0.6002,821,0,0.6042,-0.0659,0.2572,0.03718,0.5673,-0.0704,0.2572,0.0371,0.0,0,0.0,0,0,
0.4538,823,0,0.4578,-0.2796,0.1321,7e-05,0.4577,-0.2795,0.1321,0.0001,0.0,0,0.0,0,0,
0.3437,825,0,0.3477,0.1542,0.1372,0.0001,0.3731,0.1173,0.1236,0.0469,0.19693,1,6e-05,1,84,right_shoulder_yaw_link|torso_link
0.3793,826,0,0.3832,-0.3207,-0.0257,0.0001,0.3832,-0.3207,-0.0256,0.0001,0.0,0,0.0,0,0,
0.1015,827,0,0.1055,-0.0152,0.1984,4e-05,0.1511,-0.0718,0.2073,0.0733,0.385,1,0.0,0,0,right_hand_Link1_1|torso_link;right_hand_base_link|torso_link
0.2517,828,0,0.2557,0.0948,0.1165,7e-05,0.2639,0.0687,0.0898,0.0382,0.11089,1,0.0,1,334,right_elbow_link|torso_link;right_wrist_roll_link|torso_link
0.391,829,0,0.3949,-0.3328,0.0685,4e-05,0.3949,-0.3327,0.0686,0.0001,0.0,0,0.0,0,0,
0.1543,830,0,0.1582,-0.0403,0.1711,8e-05,0.1723,-0.0659,0.1709,0.0292,0.13992,1,0.00051,0,0,right_hand_base_link|torso_link
0.2018,831,0,0.2057,0.0781,0.1632,8e-05,0.2344,0.0424,0.1512,0.0474,0.14929,1,3e-05,1,254,right_elbow_link|torso_link;right_wrist_roll_link|torso_link
0.1686,833,0,0.1725,-0.0655,0.1929,9e-05,0.1726,-0.0654,0.1929,0.0001,0.0,1,0.0,0,0,right_hand_base_link|torso_link
0.27,834,0,0.274,0.1599,0.2329,8e-05,0.287,0.143,0.1908,0.0472,0.16239,1,1e-05,1,102,right_shoulder_yaw_link|torso_link
0.1289,835,0,0.1328,0.0343,0.1813,4e-05,0.1709,0.0058,0.1787,0.0476,0.18172,1,0.0,0,0,right_hand_base_link|torso_link;right_wrist_yaw_link|torso_link
0.3782,837,0,0.3822,-0.1731,0.2199,0.0001,0.3822,-0.1731,0.2199,0.0001,0.0,0,0.0,0,0,
0.3801,838,0,0.384,0.0726,0.2428,5e-05,0.3892,0.063,0.2363,0.0127,0.05946,1,0.0,1,74,right_shoulder_yaw_link|torso_link
0.2085,839,0,0.2125,0.0824,0.1651,8e-05,0.2409,0.0463,0.1516,0.0479,0.14649,1,0.0,1,244,right_elbow_link|torso_link;right_wrist_roll_link|torso_link
0.5676,840,0,0.5716,-0.1844,0.1603,0.01067,0.5611,-0.1836,0.1621,0.0107,0.0,0,0.0,0,0,
0.1003,842,0,0.1042,0.0243,0.1829,9e-05,0.1822,-0.0494,0.1837,0.1073,0.56116,1,4e-05,0,0,right_hand_base_link|torso_link
0.3316,845,0,0.3356,0.1872,0.1213,6e-05,0.3121,0.1927,0.1294,0.0255,0.40423,1,3e-05,1,50,left_hand_base_link|right_hand_Link2_2;left_hand_base_link|right_hand_Link2_3;left_hand_base_link|right_hand_base_link;right_shoulder_yaw_link|torso_link
0.2065,847,0,0.2105,-0.0747,0.1006,6e-05,0.2106,-0.0747,0.1006,0.0001,0.0,0,0.0,1,81,
0.5079,848,0,0.5119,-0.0535,0.205,8e-05,0.5118,-0.0535,0.205,0.0001,0.0,0,0.0,0,0,
0.3608,849,0,0.3648,-0.2595,0.101,5e-05,0.3648,-0.2595,0.101,0.0,0.0,0,0.0,0,0,
0.1052,850,0,0.1092,-0.0175,0.1726,8e-05,0.1542,-0.0784,0.1754,0.0758,0.39961,1,6e-05,0,0,right_hand_Link1_1|torso_link;right_hand_base_link|torso_link
0.1751,851,0,0.179,-0.063,0.1068,0.0001,0.1836,-0.076,0.1053,0.0139,0.05521,1,2e-05,0,0,right_hand_base_link|torso_link
0.407,852,0,0.411,0.1421,0.0963,8e-05,0.4402,0.087,0.0837,0.0636,0.15872,1,0.0,1,20,right_shoulder_roll_link|torso_link;right_shoulder_yaw_link|torso_link
0.2829,853,0,0.2869,0.019,0.1079,6e-05,0.2853,0.0172,0.1022,0.0061,0.05213,1,0.0,1,226,right_elbow_link|torso_link;right_wrist_roll_link|torso_link
0.4423,854,0,0.4463,0.0565,0.1533,6e-05,0.4488,0.0496,0.1514,0.0076,0.02161,1,2e-05,1,34,right_shoulder_roll_link|torso_link;right_shoulder_yaw_link|torso_link
0.2794,855,0,0.2833,-0.2333,-0.0254,6e-05,0.2835,-0.2338,-0.0242,0.0013,0.0032,0,0.0,0,0,
0.2747,857,0,0.2787,-0.2058,0.0799,8e-05,0.2788,-0.2058,0.0799,0.0001,0.0,0,0.0,0,0,
0.522,859,0,0.526,-0.2247,-0.0533,0.04745,0.4862,-0.2183,-0.0294,0.0469,0.0,0,0.0,0,0,
0.4128,861,0,0.4168,-0.0008,0.0964,9e-05,0.4183,-0.0097,0.0929,0.0097,0.03558,1,5e-05,1,32,right_shoulder_yaw_link|torso_link
0.312,862,0,0.316,0.1649,0.2397,4e-05,0.3323,0.1483,0.2294,0.0255,0.1594,1,0.0,1,62,right_shoulder_yaw_link|torso_link
0.3588,863,0,0.3628,-0.0515,0.1273,3e-05,0.3627,-0.0536,0.1254,0.0028,0.0201,1,0.0,1,34,right_shoulder_yaw_link|torso_link
0.4021,867,0,0.406,-0.1315,0.21,6e-05,0.406,-0.1315,0.21,0.0001,0.0,0,0.0,0,0,
0.4108,868,0,0.4147,-0.2817,0.073,4e-05,0.4147,-0.2817,0.073,0.0,0.0,0,0.0,0,0,
0.1105,870,0,0.1145,0.0161,0.1987,0.0001,0.173,-0.0292,0.193,0.0742,0.35699,1,0.00012,0,0,right_hand_Link1_1|torso_link;right_hand_base_link|torso_link
0.3499,871,0,0.3538,0.0302,0.1603,0.0001,0.3552,0.02,0.1467,0.0171,0.08631,1,0.0,1,106,right_shoulder_yaw_link|torso_link
0.3477,872,0,0.3516,0.1858,0.1115,8e-05,0.3961,0.1392,0.1221,0.0653,0.22794,1,0.0,1,32,left_hand_base_link|right_hand_Link2_1;left_hand_base_link|right_hand_Link2_2;left_hand_base_link|right_hand_Link2_3;right_shoulder_yaw_link|torso_link
0.3532,873,0,0.3572,0.1297,-0.018,7e-05,0.4152,0.0717,0.0111,0.0871,0.20314,1,4e-05,1,84,right_shoulder_yaw_link|torso_link
0.4366,875,0,0.4405,-0.0927,0.2623,7e-05,0.4405,-0.0927,0.2623,0.0,0.0,0,0.0,0,0,
0.4132,876,0,0.4171,0.1267,0.18,9e-05,0.4346,0.0935,0.1661,0.04,0.11021,1,1e-05,1,10,right_shoulder_roll_link|torso_link;right_shoulder_yaw_link|torso_link
0.3586,882,0,0.3626,-0.1215,-0.1086,6e-05,0.3933,-0.1217,-0.02,0.0938,0.4055,0,0.0,0,0,
0.0984,883,0,0.1024,-0.0187,0.1758,5e-05,0.1517,-0.0855,0.18,0.0832,0.44237,1,0.0,0,0,right_hand_Link1_1|torso_link;right_hand_base_link|torso_link
0.1993,884,0,0.2032,0.0189,0.1687,4e-05,0.209,0.009,0.164,0.0124,0.04622,1,0.0,1,74,right_wrist_roll_link|torso_link
0.1508,885,0,0.1547,-0.0352,0.1687,8e-05,0.1764,-0.0682,0.1617,0.0401,0.1906,1,0.0,0,0,right_hand_base_link|torso_link
0.0798,886,0,0.0838,-0.0031,0.2003,5e-05,0.1511,-0.0624,0.2065,0.0899,0.47395,1,0.0,0,0,right_hand_Link1_1|torso_link;right_hand_base_link|torso_link
0.4416,887,0,0.4455,-0.1926,0.1047,5e-05,0.4455,-0.1926,0.1047,0.0001,0.0,0,0.0,0,0,
0.2207,888,0,0.2247,0.1238,0.2152,5e-05,0.2242,0.123,0.2012,0.014,0.10657,1,0.0,1,202,right_elbow_link|torso_link
0.2409,889,0,0.2448,0.0608,0.1365,7e-05,0.2618,0.0312,0.1242,0.0363,0.10414,1,3e-05,1,264,right_elbow_link|torso_link;right_wrist_roll_link|torso_link
0.1296,890,0,0.1336,0.0371,0.1441,9e-05,0.1874,-0.0185,0.1344,0.078,0.30085,1,7e-05,1,3,right_hand_base_link|torso_link;right_wrist_yaw_link|torso_link
0.5371,891,0,0.5411,-0.0022,0.1837,0.0001,0.541,-0.0023,0.1837,0.0001,0.0,0,0.0,0,0,
0.3113,892,0,0.3152,-0.0623,0.0801,6e-05,0.315,-0.0626,0.0795,0.0007,0.00424,1,0.0,0,0,right_shoulder_yaw_link|torso_link
0.3049,893,0,0.3089,0.0251,-0.0565,8e-05,0.3185,-0.0029,-0.0181,0.0484,0.26319,1,5e-05,1,28,right_shoulder_yaw_link|torso_link
0.3648,894,0,0.3687,-0.0829,0.2281,6e-05,0.3688,-0.0829,0.2282,0.0001,0.0,0,0.0,0,0,
0.4864,895,0,0.4904,-0.2197,0.0723,8e-05,0.4903,-0.2197,0.0723,0.0001,0.0,0,0.0,0,0,
0.3363,896,0,0.3402,-0.0785,0.22,4e-05,0.3403,-0.0785,0.2201,0.0001,0.0,1,0.0,0,0,right_shoulder_yaw_link|torso_link
0.331,898,0,0.335,0.1286,0.2337,4e-05,0.3445,0.1177,0.231,0.0147,0.12145,1,0.0,1,88,right_shoulder_yaw_link|torso_link
0.1644,899,0,0.1683,-0.0341,0.1917,7e-05,0.1724,-0.0376,0.1881,0.0065,0.02453,1,0.00062,0,0,right_hand_base_link|torso_link
0.3068,900,0,0.3107,0.0165,0.1938,5e-05,0.3105,0.0155,0.189,0.0049,0.02927,1,0.0,1,150,right_elbow_link|torso_link;right_shoulder_yaw_link|torso_link
0.3126,902,0,0.3166,-0.2302,0.0638,4e-05,0.3166,-0.2302,0.0638,0.0,0.0,0,0.0,0,0,
0.1167,903,0,0.1207,0.0403,0.1733,4e-05,0.1733,0.0013,0.1647,0.0661,0.25136,1,5e-05,1,2,right_hand_Link1_1|torso_link;right_hand_base_link|torso_link;right_wrist_yaw_link|torso_link
0.2749,905,0,0.2788,-0.1408,0.1866,3e-05,0.2788,-0.1408,0.1866,0.0001,0.0,0,0.0,0,0,
0.4277,906,0,0.4316,-0.0515,0.0768,5e-05,0.4316,-0.0515,0.0768,0.0,0.0,1,0.0,1,2,right_shoulder_yaw_link|torso_link
0.1452,908,0,0.1491,0.051,0.1315,5e-05,0.1761,0.0252,0.1243,0.0381,0.08495,1,0.00031,1,103,right_hand_base_link|torso_link;right_wrist_pitch_link|torso_link;right_wrist_roll_link|torso_link;right_wrist_yaw_link|torso_link
0.1701,909,0,0.1741,0.0221,0.1361,6e-05,0.1809,0.0113,0.1314,0.0136,0.04833,1,0.00018,1,68,right_hand_base_link|torso_link;right_wrist_pitch_link|torso_link;right_wrist_roll_link|torso_link;right_wrist_yaw_link|torso_link
0.2519,910,0,0.2558,0.1307,0.1855,5e-05,0.2582,0.1266,0.1732,0.0132,0.11801,1,0.0,1,268,right_elbow_link|torso_link;right_shoulder_yaw_link|torso_link
0.4591,911,0,0.4631,-0.2853,0.1757,6e-05,0.463,-0.2853,0.1757,0.0001,0.0,0,0.0,0,0,
0.2143,912,0,0.2182,-0.0823,0.2229,9e-05,0.2183,-0.0823,0.2229,0.0001,0.0,0,0.0,0,0,
0.1516,913,0,0.1555,-0.0666,0.1655,5e-05,0.1613,-0.0814,0.1661,0.0159,0.06059,1,0.0,0,0,right_hand_base_link|torso_link
0.5513,914,0,0.5552,0.0066,0.0913,0.02721,0.5302,-0.0,0.0991,0.027,0.0,1,0.0,0,0,right_shoulder_roll_link|torso_link
0.1084,916,0,0.1123,0.0369,0.1688,5e-05,0.1793,-0.0182,0.1607,0.0871,0.37373,1,0.00016,0,0,right_hand_Link1_1|torso_link;right_hand_base_link|torso_link
0.5441,917,0,0.548,-0.0522,0.0826,0.01112,0.5376,-0.0538,0.086,0.0111,0.0,0,0.0,0,0,
0.4777,918,0,0.4816,0.0153,0.1615,8e-05,0.4816,0.0153,0.1615,0.0001,0.0,0,0.0,0,0,
0.4759,921,0,0.4799,-0.2984,-0.0399,0.01738,0.4659,-0.2937,-0.0311,0.0172,0.0,0,0.0,0,0,
0.1121,924,0,0.1161,0.0264,0.2024,7e-05,0.1699,-0.0025,0.1912,0.0621,0.29444,1,0.00039,0,0,right_hand_Link1_1|torso_link;right_hand_base_link|torso_link;right_wrist_yaw_link|torso_link
0.1085,925,0,0.1125,0.0253,0.1848,7e-05,0.182,-0.0373,0.1842,0.0936,0.48659,1,0.0,0,0,right_hand_base_link|torso_link
0.4421,926,0,0.4461,0.0653,0.1621,7e-05,0.4492,0.0575,0.1598,0.0087,0.02444,1,2e-05,1,18,right_shoulder_roll_link|torso_link;right_shoulder_yaw_link|torso_link
0.4072,927,0,0.4112,-0.1576,0.0229,8e-05,0.4111,-0.1576,0.0229,0.0001,0.0,0,0.0,0,0,
0.3508,928,0,0.3547,-0.0366,0.0001,9e-05,0.3539,-0.0492,-0.0062,0.0142,0.05872,1,0.0,0,0,right_shoulder_yaw_link|torso_link
0.41,929,0,0.414,0.1754,0.2259,6e-05,0.4511,0.1197,0.2124,0.0683,0.16437,1,0.0,0,0,right_shoulder_roll_link|torso_link;right_shoulder_yaw_link|torso_link
0.4747,930,0,0.4786,-0.2818,-0.0594,0.02231,0.4634,-0.2841,-0.0399,0.0248,0.03511,0,0.00016,0,0,
0.5604,931,0,0.5644,-0.2442,0.2506,0.00366,0.5608,-0.2435,0.2507,0.0036,0.0,0,0.0,0,0,
0.119,933,0,0.123,0.0345,0.1809,5e-05,0.1742,-0.0059,0.1775,0.0653,0.28225,1,0.0,0,0,right_hand_Link1_1|torso_link;right_hand_base_link|torso_link;right_wrist_yaw_link|torso_link
0.4519,937,0,0.4559,0.1825,0.181,0.0001,0.5198,0.0724,0.1949,0.1281,0.23983,1,6e-05,0,0,right_shoulder_roll_link|torso_link
0.2382,938,0,0.2422,-0.1021,0.188,6e-05,0.2422,-0.1021,0.188,0.0,0.0,0,0.0,0,0,
0.2478,939,0,0.2518,0.1483,0.2157,4e-05,0.2575,0.137,0.1782,0.0396,0.13864,1,0.0,1,256,right_elbow_link|torso_link;right_shoulder_yaw_link|torso_link
0.2558,941,0,0.2597,-0.1277,0.2093,4e-05,0.2598,-0.1277,0.2093,0.0001,0.0,0,0.0,0,0,
0.1217,942,0,0.1256,0.0454,0.1885,4e-05,0.1647,0.0205,0.184,0.0466,0.18228,1,0.00011,0,0,right_hand_base_link|torso_link;right_wrist_pitch_link|torso_link;right_wrist_roll_link|torso_link;right_wrist_yaw_link|torso_link
0.4797,943,0,0.4837,-0.0626,-0.0385,0.00252,0.4819,-0.0626,-0.0365,0.0027,0.00171,0,0.0,0,0,
0.2525,945,0,0.2565,0.1052,0.0085,4e-05,0.2601,0.0774,-0.015,0.0366,0.17955,1,4e-05,1,388,right_elbow_link|torso_link;right_wrist_roll_link|torso_link
0.2301,947,0,0.2341,-0.178,0.084,5e-05,0.2341,-0.178,0.084,0.0,0.0,0,0.0,0,0,
0.1039,949,0,0.1078,-0.0095,0.2046,9e-05,0.1536,-0.0636,0.2145,0.0716,0.37204,1,0.0001,0,0,right_hand_Link1_1|torso_link;right_hand_base_link|torso_link
0.5408,950,0,0.5447,-0.0594,0.2661,9e-05,0.5446,-0.0595,0.2661,0.0001,0.0,0,0.0,0,0,
0.2296,953,0,0.2336,0.1471,0.06,0.0001,0.2407,0.1233,0.09,0.039,0.22309,1,2e-05,1,610,left_wrist_pitch_link|right_hand_Link2_2;left_wrist_pitch_link|right_hand_Link2_3;left_wrist_yaw_link|right_hand_Link2_2;right_elbow_link|torso_link
0.2629,954,0,0.2669,-0.1177,0.0099,8e-05,0.267,-0.1177,0.0099,0.0001,0.0,0,0.0,0,0,
0.123,955,0,0.1269,-0.0505,0.1569,8e-05,0.1503,-0.1008,0.1558,0.0555,0.27917,1,0.00039,0,0,right_hand_Link1_1|torso_link;right_hand_base_link|torso_link
0.1189,959,0,0.1229,0.0054,0.1954,4e-05,0.1732,-0.045,0.1948,0.0712,0.36118,1,0.00015,0,0,right_hand_base_link|torso_link
0.1677,961,0,0.1717,0.0553,0.1255,4e-05,0.1765,0.0397,0.1085,0.0235,0.06887,1,1e-05,1,307,right_wrist_pitch_link|torso_link;right_wrist_roll_link|torso_link
0.3216,962,0,0.3256,-0.0621,0.2065,4e-05,0.3256,-0.0621,0.2065,0.0001,0.0,1,0.0,0,0,right_shoulder_yaw_link|torso_link
0.077,964,0,0.0809,-0.001,0.1993,5e-05,0.1484,-0.0691,0.217,0.0975,0.52228,1,0.0,0,0,right_hand_Link1_1|torso_link;right_hand_base_link|torso_link
0.1419,967,0,0.1458,-0.0703,0.1393,5e-05,0.1541,-0.0934,0.1382,0.0245,0.11117,1,0.00018,0,0,right_hand_Link1_1|torso_link;right_hand_base_link|torso_link
0.2079,970,0,0.2119,0.0755,0.1157,8e-05,0.2331,0.0396,0.0973,0.0456,0.13093,1,0.0,1,279,right_elbow_link|torso_link;right_wrist_roll_link|torso_link
0.2201,971,0,0.2241,-0.1089,0.1297,7e-05,0.2241,-0.1089,0.1297,0.0,0.0,0,0.0,0,0,
0.1419,972,0,0.1458,0.0427,0.2042,8e-05,0.1633,0.0297,0.2005,0.0221,0.05065,1,0.00052,1,2,logo_link|right_hand_base_link;right_hand_base_link|torso_link;right_wrist_pitch_link|torso_link;right_wrist_roll_link|torso_link
0.3902,973,0,0.3941,-0.2634,0.1396,9e-05,0.3941,-0.2634,0.1396,0.0001,0.0,0,0.0,0,0,
0.4461,976,0,0.45,-0.1208,0.2168,8e-05,0.45,-0.1208,0.2168,0.0001,0.0,0,0.0,0,0,
0.3545,979,0,0.3584,0.1773,-0.0367,0.0001,0.4219,0.0903,-0.0311,0.1079,0.26791,1,0.00097,0,0,left_hand_Link2_1|right_hand_base_link;right_shoulder_roll_link|torso_link;right_shoulder_yaw_link|torso_link
0.5349,980,0,0.5389,-0.1406,0.065,0.00196,0.537,-0.1406,0.0657,0.002,0.0,0,0.0,0,0,
0.2691,981,0,0.2731,-0.1354,0.0482,8e-05,0.2731,-0.1355,0.0481,0.0001,0.0,0,0.0,0,0,
0.3714,983,0,0.3754,-0.1191,-0.1128,6e-05,0.4102,-0.1194,-0.0212,0.098,0.42318,0,0.0,0,0,
0.2526,985,0,0.2566,0.1276,0.1338,6e-05,0.2573,0.1134,0.1042,0.0328,0.16262,1,1e-05,1,376,right_elbow_link|torso_link
0.224,986,0,0.2279,0.1605,0.0887,9e-05,0.2327,0.1256,0.0459,0.0554,0.23137,1,0.0,1,743,left_hand_base_link|right_hand_Link1_2;left_hand_base_link|right_hand_Link1_3;left_wrist_pitch_link|right_hand_Link2_2;left_wrist_pitch_link|right_hand_Link2_3;left_wrist_yaw_link|right_hand_Link2_2;left_wrist_yaw_link|right_hand_Link2_3;right_elbow_link|torso_link
0.314,987,0,0.318,0.1713,0.0663,8e-05,0.2873,0.1644,0.0761,0.033,0.40916,1,0.01161,1,116,left_hand_Link1_1|right_hand_Link1_2;left_hand_Link1_1|right_hand_Link1_3;left_hand_Link1_2|right_hand_Link1_2;left_hand_Link1_2|right_hand_Link1_3;left_hand_base_link|right_hand_Link1_2;left_hand_base_link|right_hand_Link1_3;left_hand_base_link|right_hand_Link2_2;left_hand_base_link|right_hand_Link2_3;left_hand_base_link|right_hand_base_link;left_wrist_yaw_link|right_hand_Link2_2;left_wrist_yaw_link|right_hand_Link2_3;right_shoulder_yaw_link|torso_link
0.4021,989,0,0.4061,-0.0631,0.1087,3e-05,0.406,-0.0632,0.1087,0.0001,0.00027,1,8e-05,0,0,right_shoulder_yaw_link|torso_link
0.2271,991,0,0.2311,0.0763,0.0482,8e-05,0.2527,0.0238,0.0242,0.0617,0.15443,1,2e-05,1,244,right_elbow_link|torso_link;right_wrist_roll_link|torso_link
0.2961,994,0,0.3,0.1866,0.1974,5e-05,0.3224,0.159,0.1701,0.0448,0.20663,1,0.00278,1,96,left_hand_base_link|right_hand_Link2_2;left_hand_base_link|right_hand_Link2_3;right_shoulder_yaw_link|torso_link
0.1015,995,0,0.1055,0.0074,0.172,5e-05,0.1713,-0.0675,0.1734,0.0997,0.53275,1,0.00015,0,0,right_hand_base_link|torso_link
0.1173,996,0,0.1213,0.0298,0.1782,5e-05,0.1754,-0.0159,0.1731,0.071,0.30434,1,0.0,0,0,right_hand_base_link|torso_link
0.3813,997,0,0.3853,-0.0802,0.0399,4e-05,0.3853,-0.083,0.0391,0.0029,0.01323,1,0.0,0,0,right_shoulder_yaw_link|torso_link
0.2722,998,0,0.2761,0.0321,0.139,6e-05,0.2768,0.0304,0.1369,0.0028,0.0467,1,0.0,1,218,right_elbow_link|torso_link;right_wrist_roll_link|torso_link
0.2336,999,0,0.2375,0.0354,0.1734,8e-05,0.2476,0.0191,0.1679,0.02,0.06477,1,0.0,1,180,right_elbow_link|torso_link;right_wrist_roll_link|torso_link
0.5365,1001,0,0.5405,-0.0441,0.0341,0.02223,0.5205,-0.0476,0.0426,0.0221,0.0,0,0.0,0,0,
0.2932,1002,0,0.2972,-0.1621,0.2264,7e-05,0.2972,-0.1621,0.2264,0.0,0.0,0,0.0,0,0,
0.2498,1003,0,0.2537,0.0095,0.2152,8e-05,0.2538,0.0095,0.215,0.0002,0.00104,1,3e-05,1,90,right_elbow_link|torso_link;right_wrist_roll_link|torso_link
0.3096,1004,0,0.3135,0.0345,0.233,4e-05,0.3144,0.0321,0.2234,0.0099,0.05762,1,4e-05,1,76,right_shoulder_yaw_link|torso_link
0.1694,1005,0,0.1734,0.0759,0.178,3e-05,0.2031,0.0454,0.1687,0.0436,0.14998,1,0.0,1,130,right_elbow_link|torso_link;right_wrist_roll_link|torso_link
0.0862,1007,0,0.0902,0.0103,0.1977,7e-05,0.1598,-0.058,0.2124,0.0986,0.52805,1,0.00049,0,0,right_hand_base_link|torso_link
0.1421,1008,0,0.1461,-0.028,0.1637,9e-05,0.1743,-0.0715,0.1564,0.0524,0.26087,1,0.00014,0,0,right_hand_base_link|torso_link
0.1268,1009,0,0.1308,0.0161,0.1665,6e-05,0.191,-0.0496,0.1566,0.0897,0.47277,1,0.0,0,0,right_hand_base_link|torso_link;right_wrist_yaw_link|torso_link
0.2955,1011,0,0.2994,-0.0402,0.2302,5e-05,0.2995,-0.0401,0.2302,0.0001,0.0,1,0.0,1,6,right_shoulder_yaw_link|torso_link
0.273,1012,0,0.277,-0.0778,0.1386,9e-05,0.2771,-0.0778,0.1386,0.0001,0.0,0,0.0,0,0,
0.1434,1013,0,0.1473,0.0384,0.159,8e-05,0.1789,0.0142,0.1494,0.041,0.13965,1,2e-05,1,48,right_hand_base_link|torso_link;right_wrist_pitch_link|torso_link;right_wrist_roll_link|torso_link;right_wrist_yaw_link|torso_link
0.3965,1014,0,0.4004,-0.1647,0.1694,1e-05,0.4005,-0.1647,0.1694,0.0001,0.0,0,0.0,0,0,
0.5122,1018,0,0.5161,-0.341,0.2414,0.0001,0.516,-0.341,0.2414,0.0001,0.0,0,0.0,0,0,
0.4028,1021,0,0.4068,0.0237,0.0751,4e-05,0.4105,0.0036,0.0659,0.0224,0.07577,1,0.0,1,34,right_shoulder_yaw_link|torso_link
0.1787,1023,0,0.1827,0.0802,0.1374,0.0001,0.2067,0.0475,0.1192,0.0444,0.13926,1,0.0,1,283,right_wrist_roll_link|torso_link
0.3141,1024,0,0.3181,0.1122,0.0937,5e-05,0.3197,0.0805,0.0529,0.0517,0.1743,1,0.0,1,350,right_shoulder_yaw_link|torso_link
0.5051,1025,0,0.5091,-0.0642,0.1792,7e-05,0.509,-0.0642,0.1792,0.0001,0.0,0,0.0,0,0,
0.1736,1026,0,0.1776,0.0673,0.2167,3e-05,0.1967,0.0489,0.2106,0.0272,0.09894,1,1e-05,1,72,right_elbow_link|torso_link;right_wrist_roll_link|torso_link
0.2539,1027,0,0.2579,-0.0012,0.0464,8e-05,0.2608,-0.017,0.0394,0.0175,0.04453,1,0.0,1,167,right_elbow_link|torso_link;right_wrist_roll_link|torso_link
0.14,1029,0,0.144,0.0266,0.1975,4e-05,0.164,0.0138,0.1929,0.0242,0.10537,1,0.00105,0,0,right_hand_Link1_1|torso_link;right_hand_base_link|torso_link;right_wrist_pitch_link|torso_link;right_wrist_roll_link|torso_link;right_wrist_yaw_link|torso_link
0.1194,1030,0,0.1234,0.0391,0.1717,4e-05,0.1711,0.0104,0.1713,0.0557,0.2257,1,0.0,0,0,right_hand_base_link|torso_link
0.4265,1031,0,0.4304,-0.1284,0.119,5e-05,0.4304,-0.1284,0.1191,0.0001,0.0,0,0.0,0,0,
0.1281,1032,0,0.1321,-0.0423,0.1571,6e-05,0.1551,-0.0858,0.1562,0.0492,0.24797,1,0.00047,0,0,right_hand_Link1_1|torso_link;right_hand_base_link|torso_link
0.1719,1035,0,0.1758,0.0967,0.1369,9e-05,0.2177,0.0499,0.1202,0.065,0.20259,1,7e-05,1,279,right_elbow_link|torso_link;right_wrist_roll_link|torso_link
0.2066,1038,0,0.2105,-0.0297,0.2152,7e-05,0.2106,-0.0296,0.2152,0.0001,0.0,0,0.0,0,0,
0.1481,1039,0,0.152,-0.0249,0.1852,9e-05,0.1733,-0.0522,0.1815,0.0348,0.16494,1,0.001,0,0,right_hand_base_link|torso_link
0.4583,1040,0,0.4622,-0.0616,-0.1319,0.04074,0.4721,-0.0617,-0.036,0.0965,0.34618,0,0.0,0,0,
0.1163,1041,0,0.1203,0.018,0.1998,8e-05,0.1703,-0.0189,0.1944,0.0623,0.29129,1,0.00042,0,0,right_hand_Link1_1|torso_link;right_hand_base_link|torso_link
0.445,1047,0,0.4489,-0.0875,-0.1546,0.04324,0.4703,-0.0917,-0.0333,0.1232,0.4586,0,0.0,0,0,
0.4257,1048,0,0.4297,-0.3042,0.0678,6e-05,0.4296,-0.3042,0.0678,0.0001,0.0,0,0.0,0,0,
0.2936,1049,0,0.2975,-0.1441,0.1471,7e-05,0.2976,-0.1441,0.1471,0.0001,0.0,0,0.0,0,0,
0.3272,1050,0,0.3312,-0.0904,0.2309,4e-05,0.3312,-0.0904,0.231,0.0001,0.0,1,0.0,0,0,right_shoulder_yaw_link|torso_link
0.2332,1051,0,0.2372,0.1517,0.1377,6e-05,0.2398,0.1335,0.0996,0.0423,0.18987,1,0.0,1,452,right_elbow_link|torso_link
0.3416,1052,0,0.3455,-0.1184,0.0867,4e-05,0.3456,-0.1184,0.0867,0.0001,0.0,1,0.0,0,0,right_shoulder_yaw_link|torso_link
0.2687,1055,0,0.2726,0.1359,0.1417,6e-05,0.2785,0.1253,0.127,0.019,0.14058,1,1e-05,1,338,right_elbow_link|torso_link;right_shoulder_yaw_link|torso_link
0.3401,1058,0,0.3441,0.0263,0.1621,4e-05,0.3445,0.0189,0.1501,0.0142,0.07488,1,0.0,1,130,right_shoulder_yaw_link|torso_link
0.2784,1060,0,0.2824,0.0838,-0.0054,4e-05,0.2813,0.0601,-0.0233,0.0297,0.15378,1,1e-05,1,272,right_elbow_link|torso_link;right_shoulder_yaw_link|torso_link
0.2452,1063,0,0.2491,0.073,0.0726,8e-05,0.2647,0.0377,0.0549,0.0425,0.09987,1,0.0,1,429,right_elbow_link|torso_link;right_wrist_roll_link|torso_link
0.1742,1064,0,0.1782,-0.0263,0.1656,4e-05,0.1831,-0.0343,0.1654,0.0094,0.02828,1,0.0,0,0,right_hand_base_link|torso_link
0.0976,1065,0,0.1016,0.0031,0.195,7e-05,0.1621,-0.0593,0.2021,0.0872,0.45959,1,0.00027,0,0,right_hand_base_link|torso_link
0.2434,1066,0,0.2473,-0.1243,0.1814,6e-05,0.2474,-0.1243,0.1814,0.0001,0.0,0,0.0,0,0,
0.2874,1067,0,0.2914,-0.1953,0.1523,8e-05,0.2914,-0.1954,0.1523,0.0001,0.0,0,0.0,0,0,
0.2412,1069,0,0.2452,0.008,0.1664,9e-05,0.2485,0.0011,0.1636,0.0081,0.02729,1,0.0,1,150,right_elbow_link|torso_link;right_wrist_roll_link|torso_link
0.3426,1070,0,0.3465,0.1318,-0.0899,0.0001,0.4181,0.0702,-0.031,0.1113,0.41616,1,0.0,1,42,right_shoulder_roll_link|torso_link;right_shoulder_yaw_link|torso_link
0.0933,1072,0,0.0973,-0.0178,0.1817,5e-05,0.1499,-0.0874,0.1892,0.0875,0.46564,1,0.0,0,0,right_hand_Link1_1|torso_link
0.5079,1074,0,0.5119,-0.2627,0.2072,9e-05,0.5118,-0.2627,0.2072,0.0001,0.0,0,0.0,0,0,
0.3175,1075,0,0.3215,-0.146,-0.0311,5e-05,0.3228,-0.1465,-0.0261,0.0052,0.01401,0,0.0,0,0,
0.4966,1076,0,0.5006,-0.1188,0.1947,7e-05,0.5005,-0.1188,0.1947,0.0001,0.0,0,0.0,0,0,
0.3331,1078,0,0.3371,0.0906,0.1972,7e-05,0.343,0.0756,0.1733,0.0288,0.11973,1,0.0,1,98,right_shoulder_yaw_link|torso_link
0.1247,1080,0,0.1287,-0.0039,0.1945,4e-05,0.1707,-0.0521,0.1958,0.0639,0.32388,1,0.0,0,0,right_hand_base_link|torso_link
0.1815,1081,0,0.1855,-0.053,0.1498,4e-05,0.1857,-0.0533,0.1498,0.0004,0.00236,1,7e-05,0,0,right_hand_base_link|torso_link
0.5265,1082,0,0.5304,-0.0323,0.1007,9e-05,0.5303,-0.0323,0.1007,0.0001,0.0,0,0.0,0,0,
0.1581,1083,0,0.162,0.0645,0.1998,4e-05,0.1823,0.0454,0.193,0.0287,0.10778,1,0.0,1,80,right_wrist_roll_link|torso_link
0.4056,1084,0,0.4095,0.0129,0.1514,4e-05,0.4114,0.0053,0.1473,0.0089,0.03713,1,0.0,1,32,right_shoulder_yaw_link|torso_link
0.461,1085,0,0.465,0.0109,0.1376,7e-05,0.4649,0.0109,0.1376,0.0001,0.0,1,0.0,1,32,right_shoulder_yaw_link|torso_link
0.276,1086,0,0.28,-0.0269,0.2125,7e-05,0.2801,-0.0269,0.2125,0.0001,0.0,0,0.0,1,54,
0.3258,1087,0,0.3297,-0.0584,0.0721,5e-05,0.3293,-0.0595,0.0707,0.0018,0.01258,1,0.0,1,6,right_shoulder_yaw_link|torso_link
0.0776,1089,0,0.0815,-0.0005,0.1987,5e-05,0.1479,-0.0697,0.2181,0.0978,0.52539,1,0.00027,0,0,right_hand_Link1_1|torso_link;right_hand_base_link|torso_link
0.1114,1090,0,0.1153,0.0312,0.1763,6e-05,0.1765,-0.0192,0.1694,0.0796,0.34395,1,0.00031,0,0,right_hand_base_link|torso_link
0.0781,1091,0,0.082,0.0026,0.1978,5e-05,0.1495,-0.066,0.217,0.0981,0.52846,1,0.0,0,0,right_hand_Link1_1|torso_link;right_hand_base_link|torso_link
0.2841,1092,0,0.2881,-0.1962,-0.0286,6e-05,0.2888,-0.1971,-0.0257,0.0032,0.00759,0,0.0,0,0,
0.0946,1094,0,0.0986,-0.0144,0.198,5e-05,0.1494,-0.0748,0.2074,0.0795,0.42018,1,0.00039,0,0,right_hand_Link1_1|torso_link;right_hand_base_link|torso_link
0.1386,1095,0,0.1425,-0.0455,0.129,9e-05,0.1613,-0.0869,0.1242,0.0457,0.2264,1,0.00117,0,0,right_hand_base_link|torso_link
0.1767,1096,0,0.1806,-0.098,0.1111,5e-05,0.1807,-0.098,0.1111,0.0001,0.0,0,0.0,0,0,
0.2184,1097,0,0.2224,0.0855,0.1983,7e-05,0.236,0.0696,0.1877,0.0235,0.06995,1,0.0,1,182,right_elbow_link|torso_link
0.2425,1098,0,0.2465,0.0251,0.1969,8e-05,0.2506,0.0183,0.1942,0.0084,0.0277,1,5e-05,1,136,right_elbow_link|torso_link;right_wrist_roll_link|torso_link
0.1954,1100,0,0.1993,0.1041,0.0874,8e-05,0.2418,0.0416,0.0624,0.0796,0.2218,1,0.0,1,395,right_elbow_link|torso_link;right_wrist_roll_link|torso_link
0.2407,1103,0,0.2447,-0.0835,0.1741,5e-05,0.2447,-0.0834,0.1741,0.0001,0.0,0,0.0,0,0,
0.1648,1104,0,0.1688,-0.0002,0.181,4e-05,0.1708,-0.0028,0.1803,0.0033,0.01827,1,0.00063,0,0,right_hand_base_link|torso_link;right_wrist_roll_link|torso_link;right_wrist_yaw_link|torso_link
0.2653,1106,0,0.2693,-0.0614,0.1305,9e-05,0.2694,-0.0614,0.1305,0.0001,0.0,0,0.0,1,10,
0.5444,1109,0,0.5484,-0.3264,0.1044,0.02982,0.5214,-0.317,0.1122,0.0296,0.0,0,0.0,0,0,
0.3518,1112,0,0.3558,0.0635,-0.0147,5e-05,0.3672,0.0131,-0.032,0.0545,0.18037,1,0.0,1,112,right_shoulder_yaw_link|torso_link
0.4436,1113,0,0.4476,-0.2121,0.1471,4e-05,0.4476,-0.2121,0.1472,0.0001,0.0,0,0.0,0,0,
0.4582,1115,0,0.4621,-0.3505,-0.015,0.00782,0.456,-0.3477,-0.0114,0.0077,0.0,0,0.0,0,0,
0.2732,1116,0,0.2772,-0.2081,-0.0225,6e-05,0.2772,-0.2081,-0.0225,0.0,0.0,0,0.0,0,0,
0.339,1117,0,0.343,0.1261,0.0151,0.0001,0.3604,0.0515,-0.0289,0.0884,0.24609,1,1e-05,1,232,right_shoulder_yaw_link|torso_link
0.115,1118,0,0.119,-0.0423,0.1832,5e-05,0.1497,-0.0955,0.1842,0.0614,0.31474,1,0.0,0,0,right_hand_Link1_1|torso_link
0.2576,1119,0,0.2615,0.1946,0.0729,9e-05,0.2277,0.1823,0.1097,0.0515,0.33957,1,0.00605,1,328,left_wrist_pitch_link|right_hand_Link2_2;left_wrist_pitch_link|right_hand_Link2_3;left_wrist_pitch_link|right_hand_base_link;left_wrist_roll_link|right_hand_Link1_1;left_wrist_roll_link|right_hand_Link2_1;left_wrist_roll_link|right_hand_Link2_2;left_wrist_yaw_link|right_hand_Link2_2;left_wrist_yaw_link|right_hand_Link2_3;right_shoulder_yaw_link|torso_link
0.1948,1120,0,0.1988,0.0603,0.1301,0.0001,0.217,0.0316,0.1164,0.0366,0.11625,1,0.0,1,233,right_wrist_roll_link|torso_link
0.5179,1121,0,0.5218,0.1125,0.1098,0.02849,0.5281,0.0335,0.1283,0.0814,0.13541,1,4e-05,0,0,right_shoulder_roll_link|torso_link
0.2175,1122,0,0.2215,-0.079,0.0604,4e-05,0.2215,-0.079,0.0604,0.0001,0.0,1,0.0,1,368,right_wrist_roll_link|torso_link
0.2675,1123,0,0.2715,-0.2047,0.1227,0.0001,0.2716,-0.2047,0.1227,0.0001,0.0,0,0.0,0,0,
0.4053,1126,0,0.4093,0.176,-0.02,0.01957,0.4646,0.0413,-0.0174,0.1456,0.26789,1,0.0,0,0,right_shoulder_roll_link|torso_link
0.2413,1127,0,0.2452,-0.1208,0.2218,6e-05,0.2453,-0.1207,0.2218,0.0001,0.0,0,0.0,0,0,
0.377,1128,0,0.381,-0.2611,0.0878,4e-05,0.3809,-0.2611,0.0878,0.0001,0.0,0,0.0,0,0,
0.2436,1129,0,0.2475,-0.0576,0.0956,3e-05,0.2476,-0.0576,0.0956,0.0001,0.0,1,0.0,1,25,right_wrist_roll_link|torso_link
0.3918,1131,0,0.3957,-0.0907,-0.1324,9e-05,0.45,-0.0792,-0.0266,0.1195,0.51667,0,0.0,0,0,
0.3507,1135,0,0.3546,-0.175,0.2434,7e-05,0.3547,-0.1751,0.2434,0.0001,0.0,0,0.0,0,0,
0.1571,1136,0,0.1611,-0.0277,0.2041,8e-05,0.1709,-0.0326,0.1956,0.0139,0.05428,1,9e-05,0,0,right_hand_base_link|torso_link
0.4474,1139,0,0.4513,-0.1392,0.2329,9e-05,0.4512,-0.1392,0.2329,0.0001,0.0,0,0.0,0,0,
0.2756,1141,0,0.2795,-0.0995,0.1168,9e-05,0.2796,-0.0995,0.1168,0.0001,0.0,0,0.0,0,0,
0.3183,1142,0,0.3223,0.1915,-0.0679,0.00053,0.4031,0.1077,-0.0299,0.1225,0.44072,1,0.0,0,0,left_hand_base_link|right_hand_base_link;right_shoulder_roll_link|torso_link;right_shoulder_yaw_link|torso_link
0.4143,1144,0,0.4183,-0.0798,-0.108,0.0001,0.4572,-0.0645,-0.0337,0.0853,0.36484,0,0.0,0,0,
0.1224,1145,0,0.1264,0.01,0.2043,9e-05,0.1694,-0.0219,0.199,0.0538,0.26157,1,8e-05,0,0,right_hand_base_link|torso_link
0.1362,1146,0,0.1402,0.0007,0.1955,8e-05,0.1744,-0.0307,0.1903,0.0467,0.22652,1,0.00049,0,0,right_hand_base_link|torso_link
0.4871,1147,0,0.4911,-0.2831,0.0794,7e-05,0.491,-0.2831,0.0795,0.0001,0.0,0,0.0,0,0,
0.3416,1149,0,0.3456,-0.0285,0.1605,4e-05,0.3454,-0.0302,0.1577,0.0032,0.02387,1,0.0,1,48,right_shoulder_yaw_link|torso_link
0.4158,1150,0,0.4197,0.1868,0.1486,0.0001,0.4693,0.1066,0.1343,0.0953,0.20067,1,0.0,0,0,right_shoulder_roll_link|torso_link
0.2201,1151,0,0.224,0.0918,0.1584,7e-05,0.2419,0.0632,0.1355,0.0408,0.10129,1,0.0,1,282,right_elbow_link|torso_link;right_wrist_roll_link|torso_link
0.4877,1152,0,0.4916,-0.2211,0.1785,6e-05,0.4916,-0.2211,0.1785,0.0001,0.0,0,0.0,0,0,
0.1446,1156,0,0.1486,0.0409,0.1922,8e-05,0.1651,0.026,0.1894,0.0223,0.05584,1,2e-05,0,0,right_hand_base_link|torso_link;right_wrist_pitch_link|torso_link;right_wrist_roll_link|torso_link
0.5639,1157,0,0.5678,-0.2487,0.2438,0.0079,0.5601,-0.2471,0.2441,0.0079,0.0,0,0.0,0,0,
0.3877,1158,0,0.3917,-0.0353,0.1174,6e-05,0.3922,-0.0409,0.1144,0.0064,0.0336,1,0.0,1,16,right_shoulder_yaw_link|torso_link
0.3755,1159,0,0.3795,-0.0251,0.0477,6e-05,0.3798,-0.0394,0.0406,0.016,0.06755,1,0.0,1,4,right_shoulder_yaw_link|torso_link
0.2247,1164,0,0.2287,0.0535,0.2242,7e-05,0.2342,0.0466,0.219,0.0103,0.03199,1,0.0,1,102,right_elbow_link|torso_link
0.2472,1166,0,0.2512,-0.0531,0.0142,9e-05,0.2506,-0.0534,0.0134,0.001,0.00663,1,0.0,1,11,right_elbow_link|torso_link;right_wrist_roll_link|torso_link
0.0899,1169,0,0.0939,0.0135,0.1924,6e-05,0.1664,-0.0553,0.201,0.1003,0.52933,1,0.0,0,0,right_hand_base_link|torso_link
0.2416,1170,0,0.2456,0.1032,0.1585,6e-05,0.2437,0.0976,0.138,0.0213,0.1329,1,0.0,1,280,right_elbow_link|torso_link
0.1247,1174,0,0.1287,-0.0599,0.1508,8e-05,0.1467,-0.1043,0.1492,0.0479,0.23655,1,0.0003,0,0,right_hand_Link1_1|torso_link;right_hand_Link2_1|torso_link;right_hand_base_link|torso_link
0.2539,1177,0,0.2579,0.0392,0.2035,6e-05,0.2569,0.0398,0.1991,0.0046,0.03427,1,0.0,1,154,right_elbow_link|torso_link
0.2154,1178,0,0.2194,0.054,0.2238,8e-05,0.2256,0.0466,0.2187,0.0109,0.03577,1,0.0,1,98,right_elbow_link|torso_link;right_wrist_roll_link|torso_link
0.4067,1180,0,0.4107,-0.1138,0.1642,8e-05,0.4106,-0.1138,0.1642,0.0001,0.0,0,0.0,0,0,
0.3931,1182,0,0.397,-0.1959,-0.0129,4e-05,0.397,-0.1959,-0.0129,0.0001,0.0,0,0.0,0,0,
0.2045,1183,0,0.2085,-0.0705,0.1608,9e-05,0.2086,-0.0705,0.1608,0.0001,0.0,0,0.0,0,0,
0.3133,1185,0,0.3173,0.1534,0.0453,5e-05,0.3327,0.0753,-0.0197,0.1028,0.27336,1,0.00253,1,354,right_shoulder_yaw_link|torso_link
0.2083,1186,0,0.2123,-0.125,0.1335,9e-05,0.2124,-0.125,0.1335,0.0001,0.0,0,0.0,0,0,
0.1803,1187,0,0.1842,0.052,0.1889,4e-05,0.1996,0.0344,0.1826,0.0242,0.08839,1,0.0,1,78,right_elbow_link|torso_link;right_wrist_roll_link|torso_link
0.397,1188,0,0.401,-0.0185,0.2324,5e-05,0.401,-0.0185,0.2324,0.0001,0.0,1,0.0,1,40,right_shoulder_yaw_link|torso_link
0.3032,1190,0,0.3071,0.087,0.1996,4e-05,0.3096,0.0778,0.1765,0.025,0.10834,1,0.0,1,156,right_shoulder_yaw_link|torso_link
0.3794,1192,0,0.3834,-0.244,0.1318,5e-05,0.3835,-0.244,0.1318,0.0001,0.0,0,0.0,0,0,
0.1133,1193,0,0.1173,-0.0075,0.166,5e-05,0.1673,-0.0744,0.1648,0.0835,0.44136,1,0.0005,0,0,right_hand_base_link|torso_link
0.1145,1194,0,0.1185,-0.0235,0.1971,9e-05,0.1534,-0.0721,0.2029,0.0601,0.30869,1,7e-05,0,0,right_hand_Link1_1|torso_link;right_hand_base_link|torso_link
0.4987,1195,0,0.5027,-0.4056,0.1289,0.01493,0.49,-0.3988,0.1324,0.0148,0.0,0,0.0,0,0,
0.376,1196,0,0.38,0.0802,0.1683,9e-05,0.3887,0.063,0.1625,0.0201,0.10611,1,0.0,1,56,right_shoulder_yaw_link|torso_link
0.0805,1197,0,0.0845,0.0023,0.1997,5e-05,0.1496,-0.0647,0.2186,0.0953,0.51108,1,1e-05,0,0,right_hand_Link1_1|torso_link;right_hand_base_link|torso_link
0.1745,1199,0,0.1784,0.0703,0.1948,3e-05,0.2028,0.0455,0.1874,0.0356,0.12524,1,0.0,1,128,right_elbow_link|torso_link;right_wrist_roll_link|torso_link
0.1263,1200,0,0.1302,0.0433,0.203,3e-05,0.1646,0.0227,0.1991,0.0403,0.15352,1,0.00018,0,0,logo_link|right_hand_base_link;right_hand_base_link|torso_link;right_wrist_pitch_link|torso_link;right_wrist_roll_link|torso_link
0.3615,1201,0,0.3654,-0.0026,-0.008,9e-05,0.3657,-0.0302,-0.0207,0.0304,0.10423,1,0.0,1,18,right_shoulder_yaw_link|torso_link
0.1547,1204,0,0.1587,0.0465,0.1304,5e-05,0.176,0.0254,0.1217,0.0286,0.08584,1,0.0,1,109,right_hand_base_link|torso_link;right_wrist_pitch_link|torso_link;right_wrist_roll_link|torso_link;right_wrist_yaw_link|torso_link
0.1132,1205,0,0.1172,0.0371,0.1912,5e-05,0.1717,0.0,0.1878,0.066,0.30925,1,0.0,0,0,right_hand_base_link|torso_link;right_wrist_yaw_link|torso_link
0.5247,1208,0,0.5287,-0.2791,0.0466,0.0163,0.5141,-0.2752,0.0525,0.0162,0.0,0,0.0,0,0,
0.4307,1209,0,0.4346,0.0318,-0.0446,9e-05,0.4367,0.0362,-0.038,0.0082,0.0281,1,2e-05,0,0,right_shoulder_roll_link|torso_link;right_shoulder_yaw_link|torso_link
0.2376,1210,0,0.2415,0.0142,0.055,8e-05,0.2476,-0.0086,0.0453,0.0255,0.06926,1,0.0,1,186,right_elbow_link|torso_link;right_wrist_roll_link|torso_link
0.0867,1211,0,0.0907,0.0032,0.1965,9e-05,0.1551,-0.0634,0.2106,0.0937,0.49813,1,0.00016,0,0,right_hand_Link1_1|torso_link;right_hand_base_link|torso_link
0.5698,1212,0,0.5738,-0.0808,0.277,0.00566,0.5681,-0.0813,0.2769,0.0057,0.0,0,0.0,0,0,
0.1396,1213,0,0.1436,0.0241,0.1409,9e-05,0.1972,-0.0398,0.1309,0.084,0.40689,1,0.0,1,4,right_hand_base_link|torso_link;right_wrist_pitch_link|torso_link;right_wrist_yaw_link|torso_link
0.3901,1214,0,0.394,-0.1489,0.055,6e-05,0.394,-0.1489,0.055,0.0,0.0,0,0.0,0,0,
0.4608,1216,0,0.4648,0.1632,0.1744,9e-05,0.5129,0.0775,0.1828,0.0986,0.18753,1,0.0,0,0,right_shoulder_roll_link|torso_link
0.3848,1217,0,0.3888,0.0496,0.2166,9e-05,0.3923,0.0414,0.2115,0.0103,0.05313,1,0.0,1,70,right_shoulder_yaw_link|torso_link
0.2915,1218,0,0.2954,-0.1438,0.2366,7e-05,0.2955,-0.1438,0.2366,0.0001,0.0,0,0.0,0,0,
0.2374,1220,0,0.2413,0.1417,0.0623,9e-05,0.2469,0.1096,0.0278,0.0475,0.21226,1,0.00024,1,637,left_wrist_pitch_link|right_hand_Link2_2;left_wrist_pitch_link|right_hand_Link2_3;left_wrist_yaw_link|right_hand_Link2_2;left_wrist_yaw_link|right_hand_Link2_3;right_elbow_link|torso_link;right_wrist_roll_link|torso_link
0.334,1221,0,0.338,-0.1192,0.2152,4e-05,0.338,-0.1192,0.2152,0.0,0.0,0,0.0,0,0,
0.4636,1222,0,0.4675,-0.1223,0.0668,5e-05,0.4675,-0.1223,0.0668,0.0,0.0,0,0.0,0,0,
0.3042,1224,0,0.3082,0.1752,0.0337,6e-05,0.2915,0.1601,0.0609,0.0353,0.39476,1,0.02148,1,132,left_hand_Link1_2|right_hand_Link1_2;left_hand_Link1_2|right_hand_Link1_3;left_hand_Link2_1|right_hand_Link1_2;left_hand_Link2_1|right_hand_Link1_3;left_hand_base_link|right_hand_Link1_2;left_hand_base_link|right_hand_Link1_3;left_hand_base_link|right_hand_Link2_2;left_hand_base_link|right_hand_Link2_3;left_hand_base_link|right_hand_base_link;left_wrist_pitch_link|right_hand_Link2_2;left_wrist_yaw_link|right_hand_Link2_2;left_wrist_yaw_link|right_hand_Link2_3;right_shoulder_yaw_link|torso_link
0.2937,1226,0,0.2977,-0.0372,0.191,6e-05,0.2978,-0.0372,0.191,0.0001,0.0,1,0.0,1,60,right_shoulder_yaw_link|torso_link
0.1662,1227,0,0.1701,-0.0237,0.1602,5e-05,0.1834,-0.044,0.1551,0.0248,0.08692,1,0.00084,0,0,right_hand_base_link|torso_link
0.3961,1228,0,0.4,-0.2268,0.0548,9e-05,0.4,-0.2268,0.0549,0.0001,0.0,0,0.0,0,0,
0.2112,1229,0,0.2152,0.0842,0.1541,8e-05,0.2465,0.0435,0.1405,0.0531,0.1602,1,0.0,1,266,right_elbow_link|torso_link;right_wrist_roll_link|torso_link
0.4134,1230,0,0.4174,0.1108,0.1453,7e-05,0.433,0.0849,0.1469,0.0303,0.09961,1,0.0,1,34,right_shoulder_roll_link|torso_link;right_shoulder_yaw_link|torso_link
0.3082,1232,0,0.3122,-0.2473,0.0845,4e-05,0.3122,-0.2473,0.0845,0.0,0.0,0,0.0,0,0,
0.4725,1233,0,0.4765,0.0761,0.2573,7e-05,0.4764,0.0761,0.2573,0.0001,0.0,1,0.0,0,0,right_shoulder_roll_link|torso_link
0.4196,1236,0,0.4235,-0.2212,-0.0521,6e-05,0.4303,-0.2213,-0.0362,0.0173,0.06763,0,0.0,0,0,
0.3844,1238,0,0.3884,0.0271,0.1654,6e-05,0.391,0.0166,0.1572,0.0136,0.06218,1,1e-05,1,28,right_shoulder_yaw_link|torso_link
0.5149,1239,0,0.5189,-0.114,0.1503,9e-05,0.5188,-0.114,0.1503,0.0001,0.0,0,0.0,0,0,
0.1103,1240,0,0.1142,-0.0209,0.2053,0.0001,0.1508,-0.0687,0.2129,0.0607,0.31121,1,0.00051,0,0,right_hand_Link1_1|torso_link;right_hand_base_link|torso_link
0.1675,1241,0,0.1715,-0.0001,0.2114,4e-05,0.1724,-0.0009,0.2109,0.0013,0.00508,1,0.00049,0,0,logo_link|right_hand_base_link;right_hand_base_link|torso_link;right_wrist_roll_link|torso_link
0.47,1246,0,0.4739,-0.0074,0.1922,5e-05,0.4739,-0.0074,0.1922,0.0,0.0,0,0.0,0,0,
0.2994,1247,0,0.3033,0.0891,0.0958,6e-05,0.3007,0.0714,0.0669,0.034,0.1278,1,0.0,1,430,right_elbow_link|torso_link;right_shoulder_yaw_link|torso_link
0.1941,1249,0,0.1981,-0.0907,0.1648,5e-05,0.1981,-0.0907,0.1648,0.0001,0.0,0,0.0,0,0,
0.0854,1252,0,0.0893,0.0048,0.1897,9e-05,0.1578,-0.0653,0.2018,0.0988,0.52876,1,0.00027,0,0,right_hand_base_link|torso_link
0.2236,1255,0,0.2276,-0.1237,0.102,6e-05,0.2276,-0.1237,0.102,0.0,0.0,0,0.0,0,0,
0.0921,1257,0,0.0961,-0.0062,0.1928,4e-05,0.1516,-0.0703,0.2049,0.0856,0.45711,1,0.00027,0,0,right_hand_Link1_1|torso_link;right_hand_base_link|torso_link
0.3557,1258,0,0.3597,-0.1812,0.2122,7e-05,0.3598,-0.1812,0.2122,0.0001,0.0,0,0.0,0,0,
0.3246,1259,0,0.3285,-0.2172,0.1554,4e-05,0.3286,-0.2172,0.1554,0.0001,0.0,0,0.0,0,0,
0.3214,1260,0,0.3253,-0.2141,0.1723,4e-05,0.3254,-0.2141,0.1723,0.0001,0.0,0,0.0,0,0,
0.3087,1261,0,0.3127,0.0565,0.1449,5e-05,0.3117,0.0498,0.13,0.0163,0.07444,1,0.0,1,254,right_elbow_link|torso_link;right_shoulder_yaw_link|torso_link
0.097,1262,0,0.1009,-0.0041,0.2035,9e-05,0.1521,-0.063,0.2174,0.0793,0.41882,1,0.00013,0,0,right_hand_Link1_1|torso_link;right_hand_base_link|torso_link
0.1523,1263,0,0.1563,-0.0141,0.1611,6e-05,0.1868,-0.0564,0.152,0.0529,0.25235,1,0.00023,0,0,right_hand_base_link|torso_link
0.4723,1264,0,0.4763,0.077,0.1275,7e-05,0.4786,0.0715,0.127,0.006,0.01318,1,0.0,0,0,right_shoulder_roll_link|torso_link;right_shoulder_yaw_link|torso_link
0.5453,1265,0,0.5493,0.0762,0.1012,0.04051,0.5273,0.0279,0.1179,0.0556,0.06713,1,2e-05,0,0,right_shoulder_roll_link|torso_link
0.3739,1266,0,0.3779,-0.0922,0.2227,5e-05,0.3779,-0.0922,0.2227,0.0001,0.0,0,0.0,0,0,
0.4177,1267,0,0.4217,0.1828,0.1715,8e-05,0.467,0.1106,0.1581,0.0863,0.18734,1,0.0,0,0,right_shoulder_roll_link|torso_link
0.363,1268,0,0.367,-0.2104,0.148,6e-05,0.3671,-0.2104,0.148,0.0001,0.0,0,0.0,0,0,
0.154,1269,0,0.158,0.0782,0.1424,3e-05,0.1797,0.0509,0.1247,0.0391,0.13007,1,0.0,1,236,right_wrist_pitch_link|torso_link;right_wrist_roll_link|torso_link
0.3616,1270,0,0.3656,0.0564,0.1748,3e-05,0.3696,0.0423,0.159,0.0216,0.09541,1,0.0,1,68,right_shoulder_yaw_link|torso_link
0.3146,1271,0,0.3186,0.1001,0.1259,5e-05,0.3201,0.0785,0.0927,0.0396,0.14642,1,0.0,1,296,right_shoulder_yaw_link|torso_link
0.369,1272,0,0.3729,-0.0758,0.022,4e-05,0.3728,-0.0799,0.0206,0.0043,0.01967,1,0.0,0,0,right_shoulder_yaw_link|torso_link
0.3247,1273,0,0.3287,-0.1515,-0.035,4e-05,0.331,-0.1521,-0.0258,0.0095,0.03528,0,0.0,0,0,
0.0961,1275,0,0.1001,-0.014,0.1826,5e-05,0.1518,-0.0795,0.1897,0.0838,0.44632,1,0.0,0,0,right_hand_Link1_1|torso_link;right_hand_base_link|torso_link
0.321,1276,0,0.325,0.0584,0.032,6e-05,0.3221,0.0333,0.0071,0.0355,0.12847,1,0.0,1,262,right_shoulder_yaw_link|torso_link
0.418,1279,0,0.4219,-0.2086,0.2467,3e-05,0.4219,-0.2086,0.2467,0.0,0.0,0,0.0,0,0,
0.1384,1280,0,0.1424,-0.0517,0.1594,5e-05,0.1576,-0.0838,0.1592,0.0355,0.17092,1,0.00075,0,0,right_hand_Link1_1|torso_link;right_hand_base_link|torso_link
0.274,1281,0,0.278,0.1364,0.144,6e-05,0.283,0.1217,0.1191,0.0293,0.1497,1,1e-05,1,342,right_elbow_link|torso_link;right_shoulder_yaw_link|torso_link
0.1639,1282,0,0.1678,0.0622,0.1672,4e-05,0.183,0.0431,0.1543,0.0276,0.09813,1,0.0,1,134,right_wrist_roll_link|torso_link
0.3565,1284,0,0.3605,0.1844,0.1972,5e-05,0.3969,0.1327,0.1657,0.0706,0.21248,1,0.00013,1,30,right_shoulder_roll_link|torso_link;right_shoulder_yaw_link|torso_link
0.1765,1285,0,0.1804,-0.0936,0.1709,8e-05,0.1805,-0.0936,0.1709,0.0001,0.0,0,0.0,0,0,
0.1189,1286,0,0.1229,-0.0064,0.194,5e-05,0.1657,-0.0551,0.1953,0.0649,0.32767,1,0.00145,0,0,right_hand_base_link|torso_link
0.2441,1288,0,0.2481,0.0363,0.206,7e-05,0.247,0.0372,0.2023,0.004,0.0307,1,0.0,1,138,right_elbow_link|torso_link;right_wrist_roll_link|torso_link
0.3042,1289,0,0.3081,0.0095,0.1761,5e-05,0.3078,0.0089,0.1732,0.003,0.01799,1,0.0,1,192,right_elbow_link|torso_link;right_shoulder_yaw_link|torso_link
0.4048,1290,0,0.4088,-0.1601,-0.0379,7e-05,0.4104,-0.1604,-0.0333,0.0049,0.01074,0,0.0,0,0,
0.4509,1291,0,0.4548,0.0124,0.2272,5e-05,0.4548,0.0124,0.2272,0.0,0.0,0,0.0,1,2,
0.328,1293,0,0.332,-0.1739,0.1775,4e-05,0.332,-0.1739,0.1775,0.0,0.0,0,0.0,0,0,
0.3006,1294,0,0.3046,0.0294,0.0359,7e-05,0.3025,0.0195,0.0249,0.0149,0.0783,1,0.0,1,256,right_elbow_link|torso_link;right_shoulder_yaw_link|torso_link
0.392,1295,0,0.396,0.1024,0.0532,8e-05,0.4138,0.05,0.032,0.0593,0.16047,1,0.0,1,92,right_shoulder_yaw_link|torso_link
0.298,1297,0,0.3019,-0.2375,0.1006,5e-05,0.302,-0.2376,0.1006,0.0001,0.0,0,0.0,0,0,
0.4844,1299,0,0.4884,-0.0594,0.2106,5e-05,0.4884,-0.0594,0.2106,0.0,0.0,0,0.0,0,0,
0.416,1302,0,0.42,-0.2166,-0.1728,0.03807,0.4549,-0.2268,-0.0361,0.1415,0.54979,0,0.0,0,0,
0.3673,1303,0,0.3712,-0.1378,0.1743,7e-05,0.3713,-0.1378,0.1743,0.0001,0.0,0,0.0,0,0,
0.2394,1305,0,0.2434,-0.0168,0.228,3e-05,0.2434,-0.0168,0.2281,0.0001,0.0,0,0.0,1,30,
0.4011,1306,0,0.405,-0.0307,-0.0496,7e-05,0.4118,-0.0367,-0.0355,0.0168,0.06527,1,5e-05,1,40,right_shoulder_yaw_link|torso_link
0.3721,1308,0,0.376,-0.0143,-0.0527,6e-05,0.3885,-0.0378,-0.0292,0.0356,0.12918,1,1e-05,0,0,right_shoulder_yaw_link|torso_link
0.0766,1309,0,0.0806,0.0006,0.1994,5e-05,0.1494,-0.0651,0.215,0.0964,0.51668,1,0.0,0,0,right_hand_Link1_1|torso_link;right_hand_base_link|torso_link
0.1748,1313,0,0.1788,0.0128,0.1124,5e-05,0.1896,0.0004,0.1121,0.0164,0.04066,1,0.00019,1,135,right_hand_base_link|torso_link;right_wrist_pitch_link|torso_link;right_wrist_roll_link|torso_link;right_wrist_yaw_link|torso_link
0.1553,1316,0,0.1593,-0.0725,0.1105,6e-05,0.1654,-0.0925,0.1085,0.021,0.09465,1,0.0,0,0,right_hand_base_link|torso_link
0.4575,1317,0,0.4615,-0.0063,0.234,5e-05,0.4614,-0.0063,0.234,0.0001,0.0,0,0.0,0,0,
0.1416,1318,0,0.1455,0.0112,0.2066,5e-05,0.1691,-0.005,0.2025,0.0289,0.12802,1,0.0,0,0,right_hand_base_link|torso_link;right_wrist_yaw_link|torso_link
0.3593,1320,0,0.3632,-0.2413,0.0881,6e-05,0.3633,-0.2414,0.0881,0.0001,0.0,0,0.0,0,0,
0.1686,1321,0,0.1726,-0.0191,0.1327,9e-05,0.1942,-0.0578,0.127,0.0447,0.19304,1,0.0,1,1,right_hand_base_link|torso_link
0.5238,1322,0,0.5278,0.0501,0.0989,0.01254,0.5214,0.034,0.1047,0.0182,0.02322,1,0.0,0,0,right_shoulder_roll_link|torso_link
0.1032,1323,0,0.1072,0.0277,0.1854,8e-05,0.1779,-0.0325,0.185,0.0929,0.46159,1,0.0,0,0,right_hand_base_link|torso_link
0.1763,1325,0,0.1802,0.0727,0.186,3e-05,0.2069,0.0448,0.1776,0.0395,0.13639,1,0.0,1,132,right_elbow_link|torso_link;right_wrist_roll_link|torso_link
0.0912,1326,0,0.0951,0.0083,0.191,7e-05,0.1628,-0.0615,0.2019,0.0978,0.52033,1,7e-05,0,0,right_hand_base_link|torso_link
0.0788,1327,0,0.0827,-0.0007,0.199,5e-05,0.1483,-0.0687,0.2174,0.0963,0.51662,1,6e-05,0,0,right_hand_Link1_1|torso_link;right_hand_base_link|torso_link
0.0831,1328,0,0.0871,-0.0067,0.1977,6e-05,0.1476,-0.075,0.2143,0.0928,0.49715,1,0.00035,0,0,right_hand_Link1_1|torso_link;right_hand_base_link|torso_link
0.1132,1329,0,0.1172,-0.0032,0.1922,6e-05,0.1659,-0.0582,0.1947,0.0735,0.38109,1,0.00102,0,0,right_hand_base_link|torso_link
0.1651,1331,0,0.1691,0.0553,0.1591,4e-05,0.1828,0.037,0.1477,0.0255,0.09202,1,0.0,1,150,right_wrist_pitch_link|torso_link;right_wrist_roll_link|torso_link
0.5413,1332,0,0.5453,-0.1567,0.0463,0.01448,0.5319,-0.1562,0.0516,0.0144,0.0,0,0.0,0,0,
0.4925,1333,0,0.4964,-0.3628,0.2529,9e-05,0.4963,-0.3627,0.2529,0.0001,0.0,0,0.0,0,0,
0.2645,1334,0,0.2684,0.178,0.1252,6e-05,0.2588,0.1536,0.1329,0.0273,0.23041,1,0.00157,1,388,left_hand_base_link|right_hand_Link1_2;left_hand_base_link|right_hand_Link1_3;right_shoulder_yaw_link|torso_link
0.1434,1336,0,0.1473,-0.0014,0.1631,6e-05,0.1881,-0.0544,0.1555,0.0673,0.32976,1,0.0,0,0,right_hand_base_link|torso_link
0.3685,1337,0,0.3724,-0.2323,0.1764,4e-05,0.3725,-0.2323,0.1764,0.0001,0.0,0,0.0,0,0,
0.4288,1339,0,0.4327,-0.1156,-0.1205,0.00574,0.4753,-0.1037,-0.0333,0.0978,0.41568,0,0.0,0,0,
0.0891,1340,0,0.093,0.0096,0.2011,7e-05,0.16,-0.0529,0.2123,0.0923,0.48967,1,0.00056,0,0,right_hand_base_link|torso_link
0.2377,1344,0,0.2416,0.0381,0.0208,9e-05,0.2572,-0.0072,0.0062,0.0501,0.13307,1,0.0,1,138,right_elbow_link|torso_link;right_wrist_roll_link|torso_link
0.2286,1346,0,0.2325,0.054,0.2217,7e-05,0.2382,0.0466,0.2161,0.0109,0.03314,1,0.0,1,108,right_elbow_link|torso_link
0.2144,1347,0,0.2184,-0.0375,0.1389,5e-05,0.2184,-0.0375,0.1389,0.0,0.0,1,0.0,1,27,right_wrist_roll_link|torso_link
0.0957,1348,0,0.0996,0.0032,0.1969,7e-05,0.1604,-0.0601,0.2065,0.0882,0.4669,1,0.00021,0,0,right_hand_base_link|torso_link
0.5103,1350,0,0.5143,-0.2705,0.0991,0.0001,0.5142,-0.2705,0.0992,0.0001,0.0,0,0.0,0,0,
0.1856,1351,0,0.1896,-0.0343,0.0928,6e-05,0.2013,-0.0586,0.089,0.0272,0.13,1,0.0,1,365,right_hand_base_link|torso_link;right_wrist_pitch_link|torso_link;right_wrist_roll_link|torso_link;right_wrist_yaw_link|torso_link
0.1317,1352,0,0.1357,0.0232,0.1818,5e-05,0.1759,-0.0101,0.177,0.0524,0.21991,1,0.0,0,0,right_hand_base_link|torso_link
0.4934,1353,0,0.4974,-0.0668,0.1073,8e-05,0.4973,-0.0668,0.1073,0.0001,0.0,0,0.0,0,0,
0.1962,1355,0,0.2002,-0.0801,0.1149,8e-05,0.2003,-0.0801,0.1149,0.0001,0.0,0,0.0,1,1,
0.0785,1356,0,0.0824,0.0015,0.1978,5e-05,0.1492,-0.0672,0.2167,0.0977,0.52545,1,0.0,0,0,right_hand_Link1_1|torso_link;right_hand_base_link|torso_link
0.192,1357,0,0.1959,0.097,0.1435,8e-05,0.2385,0.047,0.1284,0.0674,0.20466,1,5e-05,1,289,right_elbow_link|torso_link;right_wrist_roll_link|torso_link
0.2906,1358,0,0.2945,-0.009,0.1166,6e-05,0.2935,-0.0097,0.1135,0.0033,0.02023,1,0.0,1,182,right_elbow_link|torso_link;right_shoulder_yaw_link|torso_link;right_wrist_roll_link|torso_link
0.503,1359,0,0.507,-0.2426,0.1942,7e-05,0.5069,-0.2426,0.1942,0.0001,0.0,0,0.0,0,0,
0.1427,1360,0,0.1467,0.0144,0.1363,0.0001,0.1989,-0.057,0.1241,0.0893,0.45014,1,0.0,1,2,right_hand_base_link|torso_link;right_wrist_pitch_link|torso_link;right_wrist_yaw_link|torso_link
0.1749,1361,0,0.1789,0.0533,0.1855,4e-05,0.1927,0.037,0.1772,0.0229,0.08435,1,0.0,1,52,right_wrist_roll_link|torso_link
0.38,1363,0,0.3839,-0.1408,-0.0287,7e-05,0.3839,-0.1408,-0.0287,0.0001,0.0,0,0.0,0,0,
0.2342,1365,0,0.2382,-0.038,0.1967,4e-05,0.2382,-0.038,0.1967,0.0,0.0,0,0.0,0,0,
0.0766,1366,0,0.0806,-0.0001,0.1998,5e-05,0.1478,-0.0701,0.2203,0.0992,0.5354,1,0.0,0,0,right_hand_Link1_1|torso_link;right_hand_base_link|torso_link
0.3027,1368,0,0.3067,0.1339,0.189,0.0001,0.3155,0.1129,0.1508,0.0445,0.16093,1,0.0,1,180,right_shoulder_yaw_link|torso_link
0.3821,1369,0,0.386,0.1559,-0.0545,0.01054,0.4455,0.0592,-0.0316,0.1158,0.2422,1,0.00052,0,0,right_shoulder_roll_link|torso_link
0.3619,1370,0,0.3659,0.1705,0.1033,9e-05,0.4044,0.1082,0.0827,0.0761,0.22678,1,0.00011,1,90,right_shoulder_yaw_link|torso_link
0.142,1372,0,0.146,0.0367,0.1924,9e-05,0.1639,0.0216,0.19,0.0236,0.06241,1,0.0,0,0,right_hand_base_link|torso_link;right_wrist_pitch_link|torso_link;right_wrist_roll_link|torso_link
0.1091,1374,0,0.1131,-0.0286,0.1929,5e-05,0.15,-0.0826,0.1986,0.0656,0.34003,1,0.00045,0,0,right_hand_Link1_1|torso_link;right_hand_base_link|torso_link
0.1163,1375,0,0.1203,0.0285,0.1852,6e-05,0.1724,-0.013,0.1808,0.0668,0.29205,1,0.0,0,0,right_hand_base_link|torso_link
0.3357,1376,0,0.3397,-0.1028,0.1695,4e-05,0.3397,-0.1028,0.1695,0.0,0.0,0,0.0,0,0,
0.5534,1377,0,0.5573,0.0841,0.1056,0.04954,0.5301,0.0257,0.1255,0.0675,0.08035,1,3e-05,0,0,right_shoulder_roll_link|torso_link
0.105,1378,0,0.1089,0.0332,0.1737,6e-05,0.1721,-0.0182,0.1667,0.0818,0.32556,1,0.00018,0,0,right_hand_Link1_1|torso_link;right_hand_base_link|torso_link
0.3777,1380,0,0.3816,-0.2696,0.2088,5e-05,0.3816,-0.2696,0.2088,0.0,0.0,0,0.0,0,0,
0.4856,1381,0,0.4895,-0.0731,0.1974,5e-05,0.4895,-0.0731,0.1974,0.0,0.0,0,0.0,0,0,
0.1963,1382,0,0.2002,0.0093,0.1933,5e-05,0.2025,0.0056,0.1914,0.0048,0.01937,1,0.0,1,12,right_wrist_roll_link|torso_link
0.5382,1383,0,0.5422,-0.1035,0.2677,9e-05,0.5421,-0.1035,0.2677,0.0001,0.0,0,0.0,0,0,
0.091,1384,0,0.0949,-0.0059,0.197,5e-05,0.1505,-0.0696,0.2108,0.0857,0.45623,1,0.00015,0,0,right_hand_Link1_1|torso_link;right_hand_base_link|torso_link
0.1236,1385,0,0.1276,0.0182,0.1894,7e-05,0.1772,-0.0229,0.1836,0.0647,0.31785,1,0.00014,0,0,right_hand_base_link|torso_link;right_wrist_yaw_link|torso_link
0.3576,1387,0,0.3615,-0.0556,0.1416,3e-05,0.3615,-0.0569,0.1403,0.0018,0.01473,1,0.0,1,24,right_shoulder_yaw_link|torso_link
0.1177,1388,0,0.1217,-0.0005,0.1915,5e-05,0.1695,-0.0522,0.1914,0.0704,0.35678,1,0.0002,0,0,right_hand_base_link|torso_link
0.3528,1389,0,0.3568,-0.1975,0.1021,9e-05,0.3569,-0.1975,0.1021,0.0001,0.0,0,0.0,0,0,
0.0783,1391,0,0.0822,-0.0022,0.1985,5e-05,0.1484,-0.0706,0.2157,0.0968,0.51787,1,0.0,0,0,right_hand_Link1_1|torso_link;right_hand_base_link|torso_link
0.3811,1392,0,0.3851,0.0803,0.0154,6e-05,0.3971,0.0243,-0.01,0.0627,0.16667,1,0.0,1,74,right_shoulder_yaw_link|torso_link
0.5662,1393,0,0.5702,-0.2986,0.1508,0.03163,0.5404,-0.2901,0.1566,0.0315,0.0,0,0.0,0,0,
0.2042,1394,0,0.2082,0.0521,0.1611,0.0001,0.2252,0.0281,0.1524,0.0307,0.102,1,0.0,1,188,right_elbow_link|torso_link;right_wrist_roll_link|torso_link
0.5283,1395,0,0.5323,-0.199,0.2153,0.0001,0.5322,-0.1989,0.2153,0.0002,0.0,0,0.0,0,0,
0.5058,1396,0,0.5098,-0.1562,0.1989,6e-05,0.5097,-0.1562,0.1989,0.0001,0.0,0,0.0,0,0,
0.3458,1398,0,0.3497,0.1444,0.0675,8e-05,0.3753,0.084,0.0345,0.0734,0.2313,1,0.0,1,104,left_hand_Link1_2|right_hand_Link2_2;left_hand_Link1_2|right_hand_Link2_3;right_shoulder_yaw_link|torso_link
0.0784,1400,0,0.0824,-0.0001,0.1998,5e-05,0.1516,-0.0597,0.2072,0.0916,0.48378,1,0.00014,0,0,right_hand_Link1_1|torso_link;right_hand_base_link|torso_link
0.4279,1404,0,0.4318,0.1181,0.0374,9e-05,0.4528,0.071,0.0281,0.0524,0.10653,1,0.0,0,0,right_shoulder_roll_link|torso_link;right_shoulder_yaw_link|torso_link
0.0985,1406,0,0.1025,0.017,0.1893,5e-05,0.175,-0.0527,0.193,0.1006,0.52659,1,0.00014,0,0,right_hand_base_link|torso_link
0.4845,1408,0,0.4885,0.1109,0.1601,9e-05,0.5062,0.0747,0.1624,0.0404,0.07854,1,0.0,0,0,right_shoulder_roll_link|torso_link
0.5,1410,0,0.504,0.1115,0.1421,0.0049,0.5324,0.0374,0.1535,0.0802,0.14247,1,2e-05,0,0,right_shoulder_roll_link|torso_link
0.3549,1411,0,0.3588,-0.0783,0.2456,7e-05,0.3589,-0.0783,0.2457,0.0001,0.0,0,0.0,0,0,
0.1467,1413,0,0.1507,-0.0473,0.1706,5e-05,0.1665,-0.0774,0.169,0.0341,0.15933,1,0.0,0,0,right_hand_base_link|torso_link
0.5178,1416,0,0.5218,-0.2262,0.1576,7e-05,0.5217,-0.2262,0.1577,0.0001,0.0,0,0.0,0,0,
0.3633,1418,0,0.3673,-0.0203,0.2222,6e-05,0.3676,-0.0212,0.2212,0.0014,0.01043,1,0.0,1,14,right_shoulder_yaw_link|torso_link
0.0962,1419,0,0.1001,0.0147,0.1919,5e-05,0.1702,-0.0534,0.1988,0.0979,0.51147,1,0.0,0,0,right_hand_base_link|torso_link
0.2179,1420,0,0.2219,-0.0523,0.2173,7e-05,0.222,-0.0522,0.2173,0.0001,0.0,0,0.0,0,0,
0.1742,1421,0,0.1781,-0.0643,0.208,8e-05,0.1782,-0.0642,0.2081,0.0001,0.0,1,0.0,0,0,right_hand_base_link|torso_link
0.5378,1422,0,0.5418,0.1237,0.1228,0.04769,0.5348,0.0258,0.1462,0.1009,0.15303,1,2e-05,0,0,right_shoulder_roll_link|torso_link
0.3588,1425,0,0.3628,-0.2863,0.1231,4e-05,0.3628,-0.2863,0.1231,0.0001,0.0,0,0.0,0,0,
0.3501,1426,0,0.3541,0.0229,-0.1105,9e-05,0.4045,-0.0061,-0.0238,0.1044,0.40769,1,0.0,1,58,right_shoulder_yaw_link|torso_link
0.4832,1427,0,0.4872,-0.1424,0.093,5e-05,0.4871,-0.1424,0.093,0.0001,0.0,0,0.0,0,0,
0.3942,1428,0,0.3981,-0.1475,-0.0117,9e-05,0.398,-0.1475,-0.0117,0.0001,0.0,0,0.0,0,0,
0.3759,1429,0,0.3798,0.0198,0.1602,8e-05,0.382,0.0099,0.1515,0.0134,0.06521,1,0.0,1,52,right_shoulder_yaw_link|torso_link
0.083,1430,0,0.0869,-0.0007,0.1966,5e-05,0.15,-0.0678,0.2131,0.0936,0.50118,1,3e-05,0,0,right_hand_Link1_1|torso_link;right_hand_base_link|torso_link
0.1371,1433,0,0.141,-0.0595,0.1738,7e-05,0.1535,-0.0867,0.1743,0.03,0.13675,1,0.0,0,0,right_hand_Link1_1|torso_link;right_hand_base_link|torso_link
0.1206,1435,0,0.1246,-0.0033,0.199,5e-05,0.1665,-0.0479,0.2,0.0612,0.30594,1,0.0015,0,0,right_hand_base_link|torso_link
0.2271,1437,0,0.2311,0.1399,0.1098,7e-05,0.2325,0.1217,0.0869,0.0293,0.18913,1,0.00012,1,467,left_wrist_pitch_link|right_hand_Link2_2;left_wrist_yaw_link|right_hand_Link2_2;right_elbow_link|torso_link
0.3203,1438,0,0.3243,-0.237,-0.0617,4e-05,0.3356,-0.2353,-0.0204,0.0429,0.18211,0,0.0,0,0,
0.2186,1439,0,0.2226,0.0416,0.0645,9e-05,0.2413,0.001,0.0517,0.0465,0.13509,1,1e-05,1,229,right_elbow_link|torso_link;right_wrist_roll_link|torso_link
0.1828,1440,0,0.1868,-0.1084,0.0877,9e-05,0.1869,-0.1084,0.0877,0.0001,0.0,0,0.0,1,58,
0.1959,1441,0,0.1999,0.0293,0.1143,3e-05,0.202,0.0167,0.1022,0.0176,0.05117,1,0.0,1,448,right_wrist_pitch_link|torso_link;right_wrist_roll_link|torso_link
0.3988,1443,0,0.4028,-0.298,-0.1334,0.01491,0.4429,-0.3077,-0.0299,0.1114,0.46461,0,0.0,0,0,
0.4746,1444,0,0.4786,-0.1962,0.1728,5e-05,0.4785,-0.1962,0.1728,0.0001,0.0,0,0.0,0,0,
0.211,1446,0,0.215,-0.0946,0.2009,4e-05,0.215,-0.0946,0.2009,0.0001,0.0,0,0.0,0,0,
0.215,1447,0,0.219,0.1004,0.2227,6e-05,0.217,0.1017,0.212,0.0109,0.08792,1,0.0,1,164,right_elbow_link|torso_link
0.1366,1448,0,0.1405,0.0053,0.2083,7e-05,0.1693,-0.0151,0.203,0.0357,0.16137,1,0.0,0,0,right_hand_base_link|torso_link;right_wrist_yaw_link|torso_link
0.2982,1449,0,0.3022,-0.1146,0.1725,7e-05,0.3023,-0.1146,0.1725,0.0001,0.0,0,0.0,0,0,
0.1682,1450,0,0.1721,-0.0844,0.1836,4e-05,0.1722,-0.0844,0.1836,0.0001,0.0,0,0.0,0,0,
0.4241,1451,0,0.428,-0.2198,0.1898,4e-05,0.428,-0.2198,0.1898,0.0,0.0,0,0.0,0,0,
0.5256,1452,0,0.5296,-0.0886,0.2128,0.0001,0.5295,-0.0886,0.2128,0.0001,0.0,0,0.0,0,0,
0.4938,1453,0,0.4978,-0.1089,0.238,5e-05,0.4977,-0.1089,0.238,0.0001,0.0,0,0.0,0,0,
0.497,1454,0,0.5009,0.1099,0.131,0.00396,0.5293,0.0387,0.1414,0.0773,0.13781,1,7e-05,0,0,right_shoulder_roll_link|torso_link
0.3837,1457,0,0.3876,-0.2137,0.1701,6e-05,0.3877,-0.2137,0.1701,0.0001,0.0,0,0.0,0,0,
0.4162,1459,0,0.4201,0.0952,0.0579,8e-05,0.437,0.0563,0.051,0.043,0.11049,1,0.00011,1,54,right_shoulder_yaw_link|torso_link
0.3845,1462,0,0.3884,-0.1553,0.174,3e-05,0.3885,-0.1553,0.174,0.0001,0.0,0,0.0,0,0,
0.2781,1463,0,0.2821,0.0848,0.2322,4e-05,0.2838,0.0809,0.2143,0.0184,0.08324,1,0.0,1,140,right_shoulder_yaw_link|torso_link
0.3868,1464,0,0.3907,-0.1165,0.0559,7e-05,0.3908,-0.1166,0.0559,0.0001,0.0,1,0.0,0,0,right_shoulder_yaw_link|torso_link
0.1301,1467,0,0.1341,-0.0315,0.1815,6e-05,0.1604,-0.0746,0.1841,0.0505,0.25334,1,0.00016,0,0,right_hand_base_link|torso_link
0.4432,1468,0,0.4472,0.1275,0.0855,9e-05,0.4701,0.081,0.0788,0.0523,0.10682,1,0.0,0,0,right_shoulder_roll_link|torso_link;right_shoulder_yaw_link|torso_link
0.4937,1469,0,0.4977,0.1216,0.0495,0.03039,0.5092,0.0339,0.0684,0.0904,0.14942,1,1e-05,0,0,right_shoulder_roll_link|torso_link
0.1736,1470,0,0.1775,-0.0357,0.1929,5e-05,0.1776,-0.0356,0.1929,0.0001,0.0,1,0.0,0,0,right_hand_base_link|torso_link
0.2068,1472,0,0.2107,0.116,0.1115,7e-05,0.2583,0.0574,0.0932,0.0777,0.21516,1,7e-05,1,308,right_elbow_link|torso_link;right_wrist_roll_link|torso_link
0.2424,1474,0,0.2464,0.064,0.2107,6e-05,0.2448,0.065,0.2038,0.0072,0.05885,1,0.0,1,158,right_elbow_link|torso_link
0.3837,1476,0,0.3876,-0.1425,0.1173,4e-05,0.3877,-0.1425,0.1173,0.0001,0.0,0,0.0,0,0,
0.5558,1477,0,0.5598,-0.2116,0.2684,9e-05,0.5597,-0.2116,0.2684,0.0001,0.0,0,0.0,0,0,
0.4681,1478,0,0.4721,-0.1558,0.2544,8e-05,0.472,-0.1558,0.2544,0.0001,0.0,0,0.0,0,0,
0.4743,1479,0,0.4783,0.1004,0.2438,8e-05,0.4861,0.0843,0.2441,0.0179,0.04006,1,0.0,0,0,right_shoulder_roll_link|torso_link
0.2376,1480,0,0.2416,-0.07,0.1171,4e-05,0.2416,-0.07,0.1171,0.0001,0.0,0,0.0,1,4,
0.2934,1481,0,0.2974,0.154,0.1967,8e-05,0.309,0.1312,0.1548,0.0491,0.176,1,0.00136,1,152,left_hand_base_link|right_hand_Link2_2;left_hand_base_link|right_hand_Link2_3;right_shoulder_yaw_link|torso_link
0.2381,1482,0,0.2421,0.0709,0.1654,7e-05,0.2597,0.0444,0.1533,0.034,0.09696,1,0.0,1,230,right_elbow_link|torso_link;right_wrist_roll_link|torso_link
0.2526,1487,0,0.2565,-0.1983,0.0981,4e-05,0.2566,-0.1983,0.0981,0.0001,0.0,0,0.0,0,0,
0.5493,1489,0,0.5532,-0.0636,0.1325,0.00173,0.5516,-0.0639,0.1328,0.0017,0.0,0,0.0,0,0,
0.2202,1491,0,0.2242,-0.0555,0.1036,4e-05,0.2242,-0.0554,0.1036,0.0001,0.0,1,0.0,1,98,right_wrist_roll_link|torso_link
0.4736,1492,0,0.4776,-0.2813,0.123,7e-05,0.4775,-0.2812,0.123,0.0001,0.0,0,0.0,0,0,
0.4003,1494,0,0.4043,0.1877,0.0688,0.0001,0.461,0.089,0.0497,0.1154,0.22816,1,0.0,0,0,right_shoulder_roll_link|torso_link;right_shoulder_yaw_link|torso_link
0.318,1495,0,0.322,-0.0924,0.0951,5e-05,0.322,-0.0924,0.0951,0.0,0.0,1,0.0,0,0,right_shoulder_yaw_link|torso_link
0.1126,1496,0,0.1165,0.014,0.1852,9e-05,0.1798,-0.0489,0.183,0.0893,0.45838,1,0.0,0,0,right_hand_base_link|torso_link
0.1206,1497,0,0.1246,0.0255,0.1583,5e-05,0.1952,-0.0534,0.1501,0.1062,0.55345,1,7e-05,0,0,right_hand_base_link|torso_link
0.237,1499,0,0.241,0.0809,0.1573,7e-05,0.2617,0.0497,0.1424,0.0403,0.11119,1,0.0,1,230,right_elbow_link|torso_link;right_wrist_roll_link|torso_link
0.3887,1501,0,0.3927,-0.2308,0.068,4e-05,0.3926,-0.2308,0.068,0.0001,0.0,0,0.0,0,0,
0.1035,1504,0,0.1074,-0.0113,0.1805,8e-05,0.157,-0.0745,0.1857,0.0806,0.42354,1,0.00027,0,0,right_hand_Link1_1|torso_link;right_hand_base_link|torso_link
0.2763,1505,0,0.2803,0.0987,0.1716,5e-05,0.2806,0.0913,0.1507,0.0222,0.11129,1,0.0,1,246,right_elbow_link|torso_link;right_shoulder_yaw_link|torso_link
0.1968,1506,0,0.2007,-0.0582,0.2018,4e-05,0.2007,-0.0582,0.2019,0.0001,0.0,0,0.0,0,0,
0.3235,1507,0,0.3274,0.0144,-0.0064,6e-05,0.3243,-0.006,-0.0218,0.0257,0.0978,1,0.0,1,94,right_shoulder_yaw_link|torso_link
0.2921,1508,0,0.2961,-0.1215,0.1667,8e-05,0.2962,-0.1215,0.1667,0.0001,0.0,0,0.0,0,0,
0.2514,1509,0,0.2554,0.0067,0.2041,8e-05,0.2552,0.0069,0.2034,0.0008,0.00508,1,2e-05,1,102,right_elbow_link|torso_link;right_wrist_roll_link|torso_link
0.1322,1510,0,0.1362,0.0203,0.1746,5e-05,0.1861,-0.03,0.172,0.0709,0.36334,1,0.0,0,0,right_hand_base_link|torso_link;right_wrist_yaw_link|torso_link
0.4598,1511,0,0.4638,-0.2385,-0.0704,0.00708,0.4762,-0.2307,-0.0393,0.0344,0.131,0,0.0,0,0,
0.2546,1512,0,0.2585,0.0853,0.0442,9e-05,0.2714,0.0613,0.0338,0.0291,0.11443,1,0.0,1,432,right_elbow_link|torso_link;right_wrist_roll_link|torso_link
0.077,1513,0,0.0809,0.0003,0.2,5e-05,0.1484,-0.0677,0.2186,0.0976,0.52345,1,0.0,0,0,right_hand_Link1_1|torso_link;right_hand_base_link|torso_link
0.1881,1514,0,0.192,-0.035,0.1648,9e-05,0.1921,-0.0349,0.1648,0.0001,0.0,0,0.0,0,0,
0.2049,1515,0,0.2089,0.034,0.1639,3e-05,0.2198,0.0172,0.1577,0.0209,0.07301,1,0.0,1,128,right_elbow_link|torso_link;right_wrist_roll_link|torso_link
0.165,1516,0,0.1689,0.0402,0.2093,6e-05,0.1755,0.033,0.2047,0.0108,0.04425,1,0.0,1,32,right_wrist_roll_link|torso_link
0.1498,1517,0,0.1537,0.073,0.1857,4e-05,0.1735,0.0532,0.1725,0.0309,0.1125,1,0.0,1,58,right_wrist_roll_link|torso_link
0.3366,1518,0,0.3405,-0.0018,-0.0674,5e-05,0.3565,-0.0324,-0.0213,0.0576,0.27246,1,0.0,0,0,right_shoulder_yaw_link|torso_link
0.3886,1519,0,0.3925,0.0762,-0.1016,0.00609,0.4389,0.0539,-0.033,0.0858,0.34877,1,0.0,0,0,right_shoulder_roll_link|torso_link;right_shoulder_yaw_link|torso_link
0.5697,1520,0,0.5737,-0.0533,0.1641,0.0165,0.5576,-0.0557,0.1668,0.0164,0.0,0,0.0,0,0,
0.2526,1521,0,0.2566,-0.1592,0.2188,5e-05,0.2567,-0.1592,0.2189,0.0001,0.0,0,0.0,0,0,
0.4899,1522,0,0.4938,-0.2728,0.2063,7e-05,0.4938,-0.2727,0.2063,0.0001,0.0,0,0.0,0,0,
0.251,1523,0,0.255,-0.0885,0.1061,3e-05,0.255,-0.0885,0.1061,0.0,0.0,0,0.0,1,2,
0.4853,1524,0,0.4893,-0.1411,-0.011,9e-05,0.4892,-0.1411,-0.011,0.0001,0.0,0,0.0,0,0,
0.0928,1525,0,0.0968,0.0137,0.1999,6e-05,0.1641,-0.0468,0.2085,0.0909,0.47723,1,0.00082,0,0,right_hand_base_link|torso_link
0.3428,1526,0,0.3467,-0.0424,-0.0071,4e-05,0.3456,-0.0534,-0.0127,0.0124,0.05262,1,0.0,0,0,right_shoulder_yaw_link|torso_link
0.2993,1527,0,0.3032,-0.1161,0.0053,6e-05,0.3033,-0.1161,0.0053,0.0001,0.0,1,0.0,0,0,right_shoulder_yaw_link|torso_link
0.4473,1529,0,0.4513,-0.2453,-0.0872,0.00836,0.4726,-0.2354,-0.0394,0.0533,0.21253,0,0.00019,0,0,
0.2394,1530,0,0.2433,0.0662,0.1612,7e-05,0.2616,0.0377,0.1496,0.0358,0.10336,1,0.0,1,232,right_elbow_link|torso_link;right_wrist_roll_link|torso_link
0.1255,1531,0,0.1294,0.0349,0.1686,4e-05,0.1833,-0.0093,0.1606,0.0701,0.3161,1,4e-05,1,8,right_hand_base_link|torso_link;right_wrist_yaw_link|torso_link
0.2735,1534,0,0.2775,0.0026,0.0818,7e-05,0.2771,-0.004,0.0754,0.0092,0.03401,1,4e-05,1,296,right_elbow_link|torso_link;right_wrist_roll_link|torso_link
0.2318,1535,0,0.2357,0.1614,0.1282,7e-05,0.2458,0.1556,0.1282,0.0116,0.18725,1,0.0,1,376,right_elbow_link|torso_link;right_shoulder_yaw_link|torso_link
0.1184,1536,0,0.1223,-0.0202,0.2072,8e-05,0.1555,-0.0644,0.2137,0.0557,0.278,1,1e-05,0,0,right_hand_Link1_1|torso_link;right_hand_base_link|torso_link
0.1341,1539,0,0.1381,-0.0168,0.2033,5e-05,0.1648,-0.0503,0.2055,0.0429,0.20757,1,0.0003,0,0,right_hand_base_link|torso_link
0.2634,1542,0,0.2674,0.1655,0.1153,7e-05,0.2726,0.1371,0.1042,0.0309,0.19748,1,0.0,1,428,left_hand_base_link|right_hand_Link1_2;left_hand_base_link|right_hand_Link1_3;right_elbow_link|torso_link;right_shoulder_yaw_link|torso_link
0.1801,1543,0,0.1841,-0.0072,0.1864,9e-05,0.1841,-0.0072,0.1864,0.0,0.00013,1,0.0,0,0,right_wrist_roll_link|torso_link
0.2775,1544,0,0.2815,0.1173,0.2152,4e-05,0.2856,0.1077,0.1862,0.0309,0.12071,1,0.0,1,186,right_shoulder_yaw_link|torso_link
0.2288,1545,0,0.2327,-0.1101,0.1315,6e-05,0.2328,-0.1101,0.1315,0.0001,0.0,0,0.0,0,0,
0.3181,1546,0,0.322,-0.1983,0.1541,5e-05,0.3221,-0.1983,0.1541,0.0001,0.0,0,0.0,0,0,
0.2029,1547,0,0.2069,-0.0742,0.1691,0.0001,0.207,-0.0742,0.1692,0.0001,0.0,0,0.0,0,0,
0.356,1549,0,0.3599,-0.1803,-0.0639,6e-05,0.3716,-0.1786,-0.0233,0.0423,0.17905,0,0.0,0,0,
0.1509,1550,0,0.1548,0.004,0.1822,5e-05,0.1791,-0.0185,0.1773,0.0334,0.15667,1,0.0,0,0,right_hand_base_link|torso_link;right_wrist_yaw_link|torso_link
0.2239,1551,0,0.2278,-0.0869,0.2132,7e-05,0.2279,-0.0869,0.2132,0.0001,0.0,0,0.0,0,0,
0.1915,1553,0,0.1954,0.05,0.2012,3e-05,0.2083,0.0348,0.1956,0.0207,0.07462,1,0.0,1,116,right_elbow_link|torso_link;right_wrist_roll_link|torso_link
0.0832,1555,0,0.0871,-0.0065,0.196,5e-05,0.1483,-0.0757,0.2122,0.0938,0.50238,1,0.0,0,0,right_hand_Link1_1|torso_link;right_hand_base_link|torso_link
0.1219,1558,0,0.1259,-0.0012,0.1844,4e-05,0.1742,-0.0605,0.1862,0.0765,0.39663,1,0.0,0,0,right_hand_base_link|torso_link
0.0828,1560,0,0.0868,0.0038,0.1947,9e-05,0.1532,-0.0643,0.2108,0.0965,0.5188,1,0.00017,0,0,right_hand_Link1_1|torso_link;right_hand_base_link|torso_link
0.222,1562,0,0.2259,0.0928,0.2209,6e-05,0.224,0.094,0.2112,0.01,0.08207,1,0.0,1,166,right_elbow_link|torso_link
0.1294,1563,0,0.1334,-0.0253,0.2018,6e-05,0.1584,-0.061,0.2058,0.0437,0.21271,1,0.00027,0,0,right_hand_base_link|torso_link
0.0852,1564,0,0.0892,-0.0042,0.1961,5e-05,0.1496,-0.0714,0.2117,0.0917,0.4912,1,0.0,0,0,right_hand_Link1_1|torso_link;right_hand_base_link|torso_link
0.3784,1565,0,0.3824,0.1533,-0.0143,9e-05,0.4282,0.0586,-0.0322,0.1067,0.22244,1,0.0,1,6,right_shoulder_roll_link|torso_link;right_shoulder_yaw_link|torso_link
0.2613,1567,0,0.2652,-0.1047,0.2186,4e-05,0.2653,-0.1047,0.2186,0.0001,0.0,0,0.0,0,0,
0.3179,1568,0,0.3218,-0.1483,0.1726,5e-05,0.3219,-0.1483,0.1726,0.0001,0.0,0,0.0,0,0,
0.4687,1569,0,0.4726,-0.0884,0.2294,9e-05,0.4725,-0.0884,0.2293,0.0001,0.0,0,0.0,0,0,
0.3432,1570,0,0.3471,0.0698,-0.0431,6e-05,0.3707,0.0167,-0.0277,0.0601,0.19741,1,0.0,1,112,right_shoulder_yaw_link|torso_link
0.3899,1572,0,0.3939,-0.3408,-0.0507,8e-05,0.4043,-0.3338,-0.0361,0.0192,0.0682,0,1e-05,0,0,
0.5944,1573,0,0.5984,-0.2765,0.1968,0.04657,0.5534,-0.2659,0.2017,0.0465,0.0,0,0.0,0,0,
0.4472,1574,0,0.4512,0.0638,0.135,6e-05,0.4544,0.0552,0.1329,0.0094,0.0245,1,2e-05,1,16,right_shoulder_roll_link|torso_link;right_shoulder_yaw_link|torso_link
0.4558,1576,0,0.4598,-0.1307,0.2112,4e-05,0.4597,-0.1307,0.2111,0.0001,0.0,0,0.0,0,0,
0.1298,1577,0,0.1338,-0.0056,0.1953,4e-05,0.1725,-0.0481,0.1936,0.0575,0.28759,1,0.0,0,0,right_hand_base_link|torso_link
0.1752,1579,0,0.1791,-0.0153,0.1326,8e-05,0.1963,-0.0425,0.1293,0.0323,0.15985,1,0.0,1,4,right_hand_base_link|torso_link;right_wrist_pitch_link|torso_link;right_wrist_roll_link|torso_link;right_wrist_yaw_link|torso_link
0.2353,1580,0,0.2393,0.0953,0.0817,8e-05,0.2682,0.0552,0.0711,0.0506,0.12986,1,1e-05,1,412,right_elbow_link|torso_link;right_wrist_roll_link|torso_link
0.2323,1581,0,0.2363,0.1315,0.076,8e-05,0.2444,0.1085,0.05,0.0357,0.18845,1,9e-05,1,665,left_wrist_pitch_link|right_hand_Link2_2;left_wrist_pitch_link|right_hand_Link2_3;left_wrist_yaw_link|right_hand_Link2_2;right_elbow_link|torso_link
0.2055,1582,0,0.2095,0.1087,0.132,7e-05,0.256,0.0518,0.1148,0.0754,0.21707,1,5e-05,1,272,right_elbow_link|torso_link;right_wrist_roll_link|torso_link
0.3467,1584,0,0.3507,0.102,0.2276,9e-05,0.3574,0.0932,0.2274,0.0111,0.09854,1,0.0,1,84,right_shoulder_yaw_link|torso_link
0.3547,1585,0,0.3587,0.1083,0.2089,7e-05,0.3684,0.094,0.2038,0.018,0.11378,1,0.0,1,82,right_shoulder_yaw_link|torso_link
0.1153,1587,0,0.1193,-0.0167,0.2038,8e-05,0.1563,-0.0627,0.2089,0.0593,0.30012,1,0.00044,0,0,right_hand_Link1_1|torso_link;right_hand_base_link|torso_link
0.2047,1588,0,0.2087,-0.0433,0.0899,5e-05,0.2087,-0.0433,0.0899,0.0,0.0,1,0.0,1,452,right_wrist_pitch_link|torso_link;right_wrist_roll_link|torso_link
0.161,1589,0,0.165,-0.0012,0.1383,9e-05,0.1978,-0.0491,0.1313,0.0585,0.30393,1,8e-05,1,3,right_hand_base_link|torso_link;right_wrist_pitch_link|torso_link;right_wrist_yaw_link|torso_link
0.5483,1591,0,0.5522,-0.0645,0.2199,9e-05,0.5522,-0.0645,0.2199,0.0001,0.0,0,0.0,0,0,
0.4898,1592,0,0.4938,-0.299,-0.0725,0.04628,0.4617,-0.2951,-0.0367,0.0482,0.04601,0,0.0,0,0,
0.4324,1594,0,0.4364,-0.3192,0.2009,7e-05,0.4363,-0.3192,0.2009,0.0001,0.0,0,0.0,0,0,
0.395,1595,0,0.3989,-0.2117,0.2394,0.0001,0.3988,-0.2117,0.2394,0.0001,0.0,0,0.0,0,0,
0.2655,1596,0,0.2695,0.1373,0.201,4e-05,0.2742,0.1243,0.1645,0.0391,0.14058,1,0.0,1,262,right_elbow_link|torso_link;right_shoulder_yaw_link|torso_link
0.3524,1597,0,0.3564,-0.0337,0.0886,4e-05,0.3559,-0.0385,0.0843,0.0065,0.03752,1,0.0,1,90,right_shoulder_yaw_link|torso_link
0.4899,1598,0,0.4938,-0.4024,0.0503,0.02855,0.4707,-0.3899,0.0603,0.0281,0.0,0,0.0,0,0,
0.3934,1600,0,0.3974,-0.1267,-0.0243,5e-05,0.3973,-0.1267,-0.0243,0.0001,0.0,0,0.0,0,0,
0.1078,1601,0,0.1118,-0.0276,0.1735,0.0001,0.1518,-0.089,0.1762,0.0734,0.38529,1,0.0,0,0,right_hand_Link1_1|torso_link;right_hand_base_link|torso_link
0.5526,1603,0,0.5565,0.0592,0.1849,0.02473,0.5427,0.0263,0.1942,0.0369,0.04892,1,0.0,0,0,right_shoulder_roll_link|torso_link
0.3958,1605,0,0.3997,-0.0046,0.1742,3e-05,0.4005,-0.0082,0.172,0.0043,0.02155,1,1e-05,1,22,right_shoulder_yaw_link|torso_link
0.4166,1606,0,0.4206,0.1964,0.1571,9e-05,0.4792,0.1047,0.1467,0.1093,0.22376,1,0.0,0,0,right_shoulder_roll_link|torso_link
0.4359,1607,0,0.4399,-0.3174,-0.0263,8e-05,0.4398,-0.3174,-0.0263,0.0001,0.0,0,0.0,0,0,
0.2966,1612,0,0.3005,-0.0788,0.2247,6e-05,0.3006,-0.0788,0.2248,0.0001,0.0,0,0.0,0,0,
0.147,1616,0,0.151,0.0042,0.1802,5e-05,0.1803,-0.0236,0.174,0.0409,0.19664,1,0.00059,0,0,right_hand_base_link|torso_link;right_wrist_yaw_link|torso_link
0.2962,1618,0,0.3002,-0.0582,-0.0235,7e-05,0.2986,-0.0617,-0.0228,0.0039,0.03945,1,0.0,0,0,right_shoulder_yaw_link|torso_link
0.4641,1621,0,0.468,-0.0893,0.2437,7e-05,0.468,-0.0893,0.2437,0.0,0.0,0,0.0,0,0,
0.2436,1622,0,0.2476,-0.1152,0.188,5e-05,0.2476,-0.1152,0.188,0.0,0.0,0,0.0,0,0,
0.1591,1624,0,0.1631,-0.0579,0.118,5e-05,0.1731,-0.0842,0.1152,0.0282,0.1335,1,0.00023,0,0,right_hand_base_link|torso_link
0.2076,1625,0,0.2115,-0.0616,0.1283,6e-05,0.2116,-0.0616,0.1283,0.0001,0.0,0,0.0,1,2,
0.3257,1627,0,0.3297,-0.2962,-0.0371,5e-05,0.3329,-0.2974,-0.0238,0.0137,0.05193,0,0.0,0,0,
0.3197,1628,0,0.3237,0.1177,0.0874,5e-05,0.3275,0.0787,0.0423,0.0598,0.19591,1,0.0,1,330,right_shoulder_yaw_link|torso_link
0.5554,1629,0,0.5593,0.0293,0.173,0.0195,0.541,0.0238,0.1759,0.0194,0.0,1,0.0,0,0,right_shoulder_roll_link|torso_link
0.3689,1630,0,0.3729,-0.1672,-0.0603,5e-05,0.3833,-0.1663,-0.0251,0.0367,0.1544,0,0.0,0,0,
0.0916,1631,0,0.0955,0.0156,0.1863,5e-05,0.1699,-0.0592,0.1958,0.106,0.56671,1,0.00012,0,0,right_hand_base_link|torso_link
0.4487,1633,0,0.4527,-0.1582,-0.1034,0.00979,0.4801,-0.1468,-0.038,0.0718,0.29635,0,2e-05,0,0,
0.2891,1634,0,0.2931,0.0257,0.1137,6e-05,0.2916,0.0234,0.1073,0.007,0.05443,1,0.0,1,220,right_elbow_link|torso_link;right_wrist_roll_link|torso_link
0.355,1635,0,0.3589,-0.0381,0.249,6e-05,0.359,-0.0381,0.249,0.0001,0.0,1,0.0,1,2,right_shoulder_yaw_link|torso_link
0.4983,1637,0,0.5023,-0.1268,0.2028,7e-05,0.5022,-0.1268,0.2028,0.0001,0.0,0,0.0,0,0,
0.204,1639,0,0.2079,0.0883,0.2205,7e-05,0.2085,0.0872,0.2109,0.0097,0.07664,1,0.0,1,130,right_elbow_link|torso_link
0.1956,1641,0,0.1995,0.0956,0.1483,8e-05,0.2373,0.05,0.132,0.0615,0.18546,1,0.0,1,293,right_elbow_link|torso_link;right_wrist_roll_link|torso_link
0.3624,1642,0,0.3664,-0.2405,0.1922,5e-05,0.3664,-0.2405,0.1922,0.0,0.0,0,0.0,0,0,
0.549,1643,0,0.553,-0.2192,0.1395,0.00125,0.5518,-0.219,0.1397,0.0012,0.0,0,0.0,0,0,
0.3082,1644,0,0.3122,0.0877,0.1502,5e-05,0.3128,0.0745,0.1247,0.0287,0.11572,1,1e-05,1,260,right_elbow_link|torso_link;right_shoulder_yaw_link|torso_link
0.1857,1645,0,0.1897,0.0197,0.146,5e-05,0.1908,0.0133,0.138,0.0103,0.03446,1,0.0,1,104,right_wrist_pitch_link|torso_link;right_wrist_roll_link|torso_link
0.2162,1646,0,0.2201,0.0458,0.1943,9e-05,0.2318,0.03,0.1889,0.0204,0.06932,1,1e-05,1,138,right_elbow_link|torso_link;right_wrist_roll_link|torso_link
0.176,1648,0,0.1799,-0.0854,0.1984,9e-05,0.18,-0.0854,0.1984,0.0001,0.0,0,0.0,0,0,
0.5067,1649,0,0.5107,-0.3257,0.2212,8e-05,0.5106,-0.3257,0.2212,0.0001,0.0,0,0.0,0,0,
0.3135,1650,0,0.3175,0.136,0.2107,4e-05,0.3297,0.1144,0.1745,0.0438,0.1576,1,0.0,1,64,right_shoulder_yaw_link|torso_link
0.1749,1651,0,0.1789,-0.0446,0.1157,9e-05,0.1881,-0.0663,0.1124,0.0238,0.10099,1,0.0008,1,3,right_hand_base_link|torso_link
0.5065,1653,0,0.5105,-0.1034,0.002,0.00201,0.5087,-0.1035,0.0029,0.002,0.0,0,0.0,0,0,
0.2691,1654,0,0.2731,-0.2127,0.0941,8e-05,0.2732,-0.2127,0.0941,0.0001,0.0,0,0.0,0,0,
0.316,1656,0,0.32,0.1145,0.178,0.0001,0.3267,0.0946,0.1448,0.0393,0.15002,1,0.0,1,176,right_shoulder_yaw_link|torso_link
0.2188,1658,0,0.2228,0.118,0.1986,6e-05,0.2216,0.1164,0.1822,0.0166,0.11935,1,0.0,1,248,right_elbow_link|torso_link
0.1496,1659,0,0.1535,0.0054,0.1672,4e-05,0.1887,-0.0323,0.1591,0.0522,0.26523,1,0.00036,0,0,right_hand_base_link|torso_link;right_wrist_pitch_link|torso_link;right_wrist_yaw_link|torso_link
0.2854,1660,0,0.2893,-0.03,0.2216,6e-05,0.2894,-0.0299,0.2217,0.0001,0.0,1,0.0,1,36,right_shoulder_yaw_link|torso_link
0.4496,1661,0,0.4536,-0.2337,0.0809,6e-05,0.4535,-0.2337,0.0809,0.0001,0.0,0,0.0,0,0,
0.3944,1664,0,0.3984,-0.1795,0.0969,4e-05,0.3984,-0.1795,0.0969,0.0001,0.0,0,0.0,0,0,
0.2491,1665,0,0.2531,-0.1319,0.0231,9e-05,0.2532,-0.1319,0.0231,0.0001,0.0,0,0.0,0,0,
0.5642,1666,0,0.5681,-0.3018,0.0716,0.04981,0.5229,-0.2888,0.0869,0.0494,0.0,0,0.0,0,0,
0.2754,1667,0,0.2794,-0.0464,0.2254,7e-05,0.2794,-0.0464,0.2254,0.0001,0.0,0,0.0,0,0,
0.2848,1669,0,0.2887,-0.2217,0.1199,7e-05,0.2888,-0.2218,0.1199,0.0001,0.0,0,0.0,0,0,
0.2259,1670,0,0.2298,-0.0076,0.158,4e-05,0.2318,-0.0123,0.1559,0.0056,0.01974,1,1e-05,1,88,right_wrist_roll_link|torso_link
0.4494,1672,0,0.4533,-0.0609,-0.1201,0.02628,0.471,-0.0535,-0.0371,0.0851,0.32845,0,0.0,0,0,
0.4853,1673,0,0.4892,0.0292,-0.0654,0.04122,0.4585,0.0209,-0.0398,0.0409,0.01291,1,6e-05,0,0,right_shoulder_roll_link|torso_link;right_shoulder_yaw_link|torso_link
0.3678,1674,0,0.3717,-0.2249,0.1121,5e-05,0.3718,-0.2249,0.1121,0.0001,0.0,0,0.0,0,0,
0.4222,1675,0,0.4262,-0.195,0.0723,8e-05,0.4261,-0.1949,0.0724,0.0001,0.0,0,0.0,0,0,
0.089,1679,0,0.093,-0.0132,0.1946,6e-05,0.1482,-0.0813,0.208,0.0887,0.47347,1,0.0,0,0,right_hand_Link1_1|torso_link;right_hand_base_link|torso_link
0.2487,1680,0,0.2527,0.0693,0.0174,9e-05,0.2581,0.0417,-0.0007,0.0334,0.11515,1,0.0,1,288,right_elbow_link|torso_link;right_wrist_roll_link|torso_link
0.4176,1681,0,0.4215,-0.0377,0.1503,4e-05,0.4215,-0.0377,0.1503,0.0001,0.0,1,0.0,1,10,right_shoulder_yaw_link|torso_link
0.1071,1682,0,0.1111,0.0008,0.1954,6e-05,0.1654,-0.0561,0.1987,0.0787,0.4098,1,0.00051,0,0,right_hand_base_link|torso_link
0.3587,1683,0,0.3626,0.1365,0.0559,8e-05,0.374,0.0963,0.0271,0.0507,0.2198,1,0.00705,1,58,left_hand_Link1_2|right_hand_Link2_2;left_hand_Link1_2|right_hand_Link2_3;left_hand_Link1_3|right_hand_Link2_2;left_hand_Link1_3|right_hand_Link2_3;left_hand_Link2_1|right_hand_Link2_2;right_shoulder_yaw_link|torso_link
0.275,1684,0,0.279,0.0244,0.1118,7e-05,0.2772,0.0229,0.1058,0.0064,0.05738,1,0.0,1,260,right_elbow_link|torso_link;right_wrist_roll_link|torso_link
0.479,1685,0,0.4829,-0.0169,0.0208,0.0001,0.4828,-0.0169,0.0209,0.0001,0.0,0,0.0,0,0,
0.2502,1689,0,0.2541,0.0838,0.1905,6e-05,0.2529,0.0834,0.1807,0.0099,0.088,1,0.0,1,220,right_elbow_link|torso_link
0.3685,1690,0,0.3724,0.1066,0.1334,6e-05,0.3857,0.0726,0.1098,0.0435,0.1577,1,0.0,1,42,right_shoulder_yaw_link|torso_link
0.3328,1691,0,0.3368,-0.0867,0.2452,3e-05,0.3368,-0.0867,0.2452,0.0001,0.0,1,0.0,0,0,right_shoulder_yaw_link|torso_link
0.5378,1692,0,0.5418,-0.1587,-0.0319,0.04466,0.503,-0.1575,-0.0108,0.0442,0.0,0,0.0,0,0,
0.4852,1693,0,0.4891,-0.3616,0.1378,9e-05,0.4891,-0.3616,0.1378,0.0,0.0,0,0.0,0,0,
0.1917,1695,0,0.1957,-0.006,0.1128,5e-05,0.1964,-0.01,0.1097,0.0051,0.01845,1,1e-05,1,149,right_hand_base_link|torso_link;right_wrist_pitch_link|torso_link;right_wrist_roll_link|torso_link;right_wrist_yaw_link|torso_link
0.1399,1696,0,0.1439,-0.0018,0.1739,7e-05,0.1847,-0.0538,0.1705,0.0662,0.33438,1,0.0,0,0,right_hand_base_link|torso_link
0.2889,1697,0,0.2929,-0.1606,0.1404,8e-05,0.293,-0.1606,0.1404,0.0001,0.0,0,0.0,0,0,
0.2533,1698,0,0.2573,-0.0336,0.1168,9e-05,0.2572,-0.0335,0.1164,0.0004,0.00364,1,0.00011,1,107,right_elbow_link|torso_link;right_wrist_roll_link|torso_link
0.3748,1699,0,0.3787,-0.1137,0.1645,6e-05,0.3788,-0.1137,0.1645,0.0001,0.0,0,0.0,0,0,
0.1002,1700,0,0.1041,0.0213,0.2028,4e-05,0.1709,-0.024,0.198,0.0808,0.41031,1,0.00029,0,0,right_hand_base_link|torso_link
0.2663,1701,0,0.2702,-0.0481,0.1297,9e-05,0.2703,-0.0481,0.1297,0.0001,0.0,1,0.0,1,58,right_elbow_link|torso_link;right_wrist_roll_link|torso_link
0.4903,1704,0,0.4942,0.1039,0.0513,0.01907,0.5065,0.0371,0.0644,0.0692,0.11959,1,0.0,0,0,right_shoulder_roll_link|torso_link
0.1905,1705,0,0.1944,0.0705,0.137,0.0001,0.2199,0.0362,0.1238,0.0448,0.14256,1,0.0,1,215,right_elbow_link|torso_link;right_wrist_roll_link|torso_link
0.0982,1708,0,0.1022,0.0085,0.2014,6e-05,0.163,-0.0467,0.2066,0.0823,0.42538,1,0.00119,0,0,right_hand_base_link|torso_link
0.2719,1709,0,0.2758,-0.0221,0.1933,7e-05,0.2759,-0.022,0.1933,0.0001,0.0,1,0.0,1,102,right_elbow_link|torso_link
0.1395,1710,0,0.1435,-0.0434,0.1693,5e-05,0.1622,-0.0797,0.1699,0.0408,0.19404,1,0.00029,0,0,right_hand_base_link|torso_link
0.1159,1714,0,0.1198,-0.0171,0.1748,6e-05,0.1615,-0.0765,0.1773,0.0726,0.37589,1,0.00016,0,0,right_hand_base_link|torso_link
0.4764,1715,0,0.4803,-0.0568,0.2166,7e-05,0.4803,-0.0568,0.2166,0.0,0.0,0,0.0,0,0,
0.1814,1716,0,0.1854,0.0041,0.2133,7e-05,0.1854,0.0042,0.2133,0.0001,0.0,1,0.0,0,0,right_wrist_roll_link|torso_link
0.2496,1717,0,0.2535,0.0354,0.2075,7e-05,0.2526,0.0362,0.2038,0.0039,0.02877,1,0.0,1,126,right_elbow_link|torso_link
0.3943,1718,0,0.3983,-0.3032,0.19,9e-05,0.3982,-0.3032,0.19,0.0001,0.0,0,0.0,0,0,
0.3881,1722,0,0.3921,0.1654,0.2211,5e-05,0.4226,0.1196,0.1988,0.0594,0.16278,1,0.0,0,0,right_shoulder_roll_link|torso_link;right_shoulder_yaw_link|torso_link
0.5336,1723,0,0.5376,-0.2373,0.0504,0.01418,0.5246,-0.2349,0.0555,0.0141,0.0,0,0.0,0,0,
0.0879,1724,0,0.0918,0.0093,0.2005,7e-05,0.1594,-0.0551,0.2133,0.0942,0.50151,1,0.00056,0,0,right_hand_base_link|torso_link
0.091,1726,0,0.0949,0.0124,0.1883,6e-05,0.1678,-0.0602,0.1966,0.1033,0.55224,1,0.00067,0,0,right_hand_base_link|torso_link
0.2815,1728,0,0.2855,-0.2135,0.0851,7e-05,0.2856,-0.2135,0.0851,0.0001,0.0,0,0.0,0,0,
0.1025,1729,0,0.1064,-0.021,0.1891,5e-05,0.1509,-0.0817,0.1961,0.0756,0.39835,1,0.0,0,0,right_hand_Link1_1|torso_link;right_hand_base_link|torso_link
0.5333,1730,0,0.5372,0.1235,0.2248,0.02885,0.5441,0.0339,0.2484,0.093,0.15734,1,0.0,0,0,right_shoulder_roll_link|torso_link
0.4369,1731,0,0.4409,0.1979,0.1403,0.00054,0.5229,0.0604,0.1564,0.1609,0.29557,1,6e-05,0,0,right_shoulder_roll_link|torso_link
0.2781,1733,0,0.282,-0.1856,0.1213,9e-05,0.2821,-0.1856,0.1213,0.0001,0.0,0,0.0,0,0,
0.1726,1734,0,0.1766,0.0797,0.2052,0.0001,0.2049,0.053,0.1978,0.0396,0.13754,1,0.0,1,114,right_elbow_link|torso_link;right_wrist_roll_link|torso_link
0.3085,1735,0,0.3124,0.1634,0.2408,8e-05,0.3277,0.1481,0.2304,0.024,0.15645,1,0.0,1,68,right_shoulder_yaw_link|torso_link
0.2341,1736,0,0.238,0.1202,0.178,6e-05,0.2372,0.1135,0.1519,0.027,0.14275,1,0.0,1,330,right_elbow_link|torso_link
0.2436,1737,0,0.2476,0.0311,0.1331,8e-05,0.2567,0.012,0.1252,0.0226,0.06783,1,0.0,1,208,right_elbow_link|torso_link;right_wrist_roll_link|torso_link
0.1161,1738,0,0.12,0.0245,0.1772,6e-05,0.1749,-0.0231,0.171,0.0729,0.30361,1,2e-05,0,0,right_hand_base_link|torso_link
0.3089,1740,0,0.3129,-0.0822,0.0067,6e-05,0.3122,-0.0842,0.0052,0.0026,0.01614,1,0.0,0,0,right_shoulder_yaw_link|torso_link
0.0927,1741,0,0.0967,0.0005,0.1945,8e-05,0.157,-0.0647,0.2057,0.0896,0.4744,1,0.00023,0,0,right_hand_base_link|torso_link
0.3861,1744,0,0.39,0.0576,0.235,5e-05,0.3938,0.0496,0.2292,0.0107,0.04832,1,0.0,1,80,right_shoulder_yaw_link|torso_link
0.2107,1745,0,0.2146,-0.0962,0.0578,5e-05,0.2147,-0.0962,0.0578,0.0001,0.0,0,0.0,1,232,
0.1657,1747,0,0.1696,0.0832,0.2001,3e-05,0.2008,0.0545,0.1919,0.0432,0.14986,1,0.0,1,126,right_elbow_link|torso_link;right_wrist_roll_link|torso_link
0.3219,1749,0,0.3259,0.0352,0.1943,4e-05,0.3264,0.0307,0.1828,0.0123,0.06718,1,1e-05,1,118,right_shoulder_yaw_link|torso_link
0.2491,1750,0,0.253,0.1519,0.0429,4e-05,0.2641,0.1222,0.045,0.0318,0.21392,1,0.01182,1,586,left_hand_base_link|right_hand_Link2_2;left_hand_base_link|right_hand_Link2_3;left_wrist_pitch_link|right_hand_Link2_2;left_wrist_yaw_link|right_hand_Link2_2;left_wrist_yaw_link|right_hand_Link2_3;right_elbow_link|torso_link
0.3506,1751,0,0.3545,-0.0532,-0.069,7e-05,0.3695,-0.0714,-0.0227,0.0519,0.22786,1,0.0,0,0,right_shoulder_yaw_link|torso_link
0.2528,1753,0,0.2568,0.1608,0.0945,8e-05,0.2724,0.1389,0.1003,0.0275,0.17841,1,7e-05,1,430,left_hand_base_link|right_hand_Link1_2;left_hand_base_link|right_hand_Link1_3;left_hand_base_link|right_hand_Link2_2;left_hand_base_link|right_hand_Link2_3;left_wrist_pitch_link|right_hand_Link2_2;left_wrist_yaw_link|right_hand_Link2_2;left_wrist_yaw_link|right_hand_Link2_3;right_elbow_link|torso_link;right_shoulder_yaw_link|torso_link
0.153,1756,0,0.157,-0.0326,0.1819,8e-05,0.173,-0.0578,0.1817,0.0299,0.14379,1,0.00042,0,0,right_hand_base_link|torso_link
0.2828,1757,0,0.2867,-0.2225,0.0977,7e-05,0.2868,-0.2225,0.0977,0.0001,0.0,0,0.0,0,0,
0.274,1760,0,0.2779,-0.0007,0.212,6e-05,0.278,-0.0006,0.212,0.0001,0.0,1,0.0,1,106,right_elbow_link|torso_link;right_shoulder_yaw_link|torso_link
0.1093,1761,0,0.1132,0.0015,0.1866,5e-05,0.1681,-0.0629,0.1925,0.0848,0.44687,1,0.0,0,0,right_hand_base_link|torso_link
0.1898,1762,0,0.1938,0.0381,0.163,4e-05,0.2033,0.0233,0.1552,0.0192,0.0692,1,0.0,1,122,right_wrist_roll_link|torso_link
0.2282,1764,0,0.2321,0.1363,0.2086,5e-05,0.2327,0.1354,0.1989,0.0098,0.10476,1,0.0,1,226,right_elbow_link|torso_link;right_shoulder_yaw_link|torso_link
0.296,1765,0,0.3,0.0537,0.1397,5e-05,0.2981,0.0483,0.1254,0.0154,0.07266,1,0.0,1,286,right_elbow_link|torso_link;right_shoulder_yaw_link|torso_link
0.3541,1768,0,0.3581,-0.2049,0.1823,8e-05,0.3581,-0.2049,0.1824,0.0001,0.0,0,0.0,0,0,
0.3572,1770,0,0.3612,-0.0283,-0.0605,5e-05,0.3747,-0.0536,-0.025,0.0456,0.19454,1,1e-05,0,0,right_shoulder_yaw_link|torso_link
0.4081,1771,0,0.412,-0.1671,0.224,5e-05,0.412,-0.1671,0.224,0.0,0.0,0,0.0,0,0,
0.0943,1774,0,0.0983,-0.0155,0.1921,5e-05,0.1493,-0.0805,0.2028,0.0833,0.44317,1,9e-05,0,0,right_hand_Link1_1|torso_link;right_hand_base_link|torso_link
0.2059,1775,0,0.2099,-0.1214,0.1453,4e-05,0.2099,-0.1214,0.1453,0.0,0.0,0,0.0,0,0,
0.1079,1776,0,0.1119,-0.0039,0.1903,7e-05,0.1631,-0.0637,0.1955,0.0789,0.41219,1,0.0,0,0,right_hand_base_link|torso_link
0.1012,1777,0,0.1052,0.0002,0.2034,7e-05,0.1587,-0.0543,0.2109,0.0767,0.39808,1,0.00062,0,0,right_hand_base_link|torso_link
0.3985,1779,0,0.4025,-0.1578,0.203,0.0001,0.4024,-0.1578,0.2029,0.0001,0.0,0,0.0,0,0,
0.3386,1780,0,0.3426,-0.168,0.185,3e-05,0.3426,-0.168,0.185,0.0,0.0,0,0.0,0,0,
0.2846,1781,0,0.2886,-0.1952,0.1536,8e-05,0.2886,-0.1953,0.1536,0.0001,0.0,0,0.0,0,0,
0.3606,1782,0,0.3646,0.1297,-0.0148,7e-05,0.4133,0.0618,-0.007,0.0839,0.2073,1,0.0,1,90,right_shoulder_yaw_link|torso_link
0.4118,1784,0,0.4158,-0.1295,0.2019,5e-05,0.4157,-0.1295,0.2019,0.0001,0.0,0,0.0,0,0,
0.4104,1785,0,0.4143,0.1927,-0.0283,0.03673,0.4669,0.035,-0.0178,0.1666,0.29082,1,0.0,0,0,right_shoulder_roll_link|torso_link
0.4706,1786,0,0.4746,-0.2229,0.015,9e-05,0.4745,-0.2229,0.0151,0.0001,0.0,0,0.0,0,0,
0.5787,1789,0,0.5827,-0.1526,0.2556,0.01164,0.5711,-0.1523,0.2556,0.0116,0.0,0,0.0,0,0,
0.3496,1790,0,0.3536,-0.1072,0.2447,8e-05,0.3537,-0.1072,0.2447,0.0001,0.0,0,0.0,0,0,
0.5172,1793,0,0.5211,-0.081,0.038,0.00027,0.5209,-0.081,0.0381,0.0002,0.0,0,0.0,0,0,
0.3229,1794,0,0.3269,0.0886,0.1197,5e-05,0.3282,0.0665,0.0885,0.0382,0.14473,1,7e-05,1,266,right_shoulder_yaw_link|torso_link
0.1561,1795,0,0.1601,-0.0719,0.1208,7e-05,0.1658,-0.0893,0.1195,0.0183,0.08009,1,0.0,0,0,right_hand_base_link|torso_link
0.3124,1796,0,0.3163,-0.1674,0.1599,5e-05,0.3164,-0.1674,0.1599,0.0001,0.0,0,0.0,0,0,
0.3659,1799,0,0.3699,0.183,0.1165,0.0001,0.4142,0.1155,0.0962,0.0832,0.23443,1,6e-05,1,34,right_shoulder_roll_link|torso_link;right_shoulder_yaw_link|torso_link
0.2052,1800,0,0.2091,-0.1173,0.07,6e-05,0.2092,-0.1173,0.07,0.0001,0.0,0,0.0,1,9,
0.0845,1801,0,0.0885,0.0067,0.2001,9e-05,0.1546,-0.0598,0.217,0.0952,0.51015,1,0.00033,0,0,right_hand_Link1_1|torso_link;right_hand_base_link|torso_link
0.1392,1802,0,0.1432,-0.056,0.1425,5e-05,0.1574,-0.0894,0.1407,0.0364,0.17455,1,0.00018,0,0,right_hand_Link1_1|torso_link;right_hand_base_link|torso_link
0.3823,1804,0,0.3862,-0.0186,0.1531,3e-05,0.3869,-0.0234,0.1496,0.006,0.03365,1,0.0,1,30,right_shoulder_yaw_link|torso_link
0.1204,1805,0,0.1244,-0.0208,0.2032,7e-05,0.1567,-0.0646,0.2088,0.0547,0.27161,1,0.00028,0,0,right_hand_Link1_1|torso_link;right_hand_base_link|torso_link
0.3,1808,0,0.304,0.068,-0.0255,9e-05,0.3077,0.0313,-0.0213,0.0371,0.15958,1,1e-05,1,192,right_elbow_link|torso_link;right_shoulder_yaw_link|torso_link
0.477,1809,0,0.4809,-0.2452,0.218,8e-05,0.4808,-0.2452,0.218,0.0001,0.0,0,0.0,0,0,
0.3886,1810,0,0.3925,0.1694,0.1167,6e-05,0.4293,0.0989,0.0852,0.0855,0.20619,1,0.0,1,34,right_shoulder_roll_link|torso_link;right_shoulder_yaw_link|torso_link
0.1574,1812,0,0.1614,0.0763,0.1479,3e-05,0.1825,0.05,0.131,0.0377,0.1265,1,0.0,1,230,right_wrist_pitch_link|torso_link;right_wrist_roll_link|torso_link
0.1219,1813,0,0.1258,0.011,0.2072,9e-05,0.1679,-0.0165,0.1996,0.0509,0.23651,1,0.00093,0,0,right_hand_Link1_1|torso_link;right_hand_base_link|torso_link;right_wrist_yaw_link|torso_link
0.3967,1816,0,0.4007,-0.3239,0.0923,9e-05,0.4006,-0.3238,0.0923,0.0001,0.0,0,0.0,0,0,
0.2642,1817,0,0.2681,0.1537,0.0966,8e-05,0.2729,0.1336,0.1005,0.0211,0.18017,1,2e-05,1,416,left_hand_base_link|right_hand_Link2_2;left_hand_base_link|right_hand_Link2_3;left_wrist_yaw_link|right_hand_Link2_2;right_elbow_link|torso_link;right_shoulder_yaw_link|torso_link
0.382,1818,0,0.3859,-0.1866,0.0652,7e-05,0.386,-0.1867,0.0652,0.0001,0.0,0,0.0,0,0,
0.4283,1819,0,0.4323,-0.2406,-0.0961,0.0003,0.4701,-0.2329,-0.0378,0.0699,0.29581,0,0.00012,0,0,
0.0876,1821,0,0.0915,-0.006,0.1945,5e-05,0.15,-0.0726,0.2089,0.0898,0.4799,1,0.0,0,0,right_hand_Link1_1|torso_link;right_hand_base_link|torso_link
0.1335,1822,0,0.1375,-0.0487,0.2088,8e-05,0.1505,-0.0728,0.2123,0.0276,0.1199,1,0.0003,0,0,right_hand_Link1_1|torso_link;right_hand_base_link|torso_link
0.3882,1824,0,0.3921,-0.3023,0.0395,9e-05,0.3921,-0.3022,0.0395,0.0001,0.0,0,0.0,0,0,
0.3818,1827,0,0.3858,-0.1434,0.2253,8e-05,0.3858,-0.1434,0.2253,0.0,0.0,0,0.0,0,0,
0.4504,1828,0,0.4544,0.0523,0.2116,5e-05,0.4544,0.0523,0.2116,0.0001,0.0,1,0.0,0,0,right_shoulder_roll_link|torso_link;right_shoulder_yaw_link|torso_link
0.4174,1830,0,0.4213,0.1652,0.2401,9e-05,0.4537,0.1155,0.2302,0.0601,0.14518,1,1e-05,0,0,right_shoulder_roll_link|torso_link
0.2046,1831,0,0.2086,-0.0262,0.1824,6e-05,0.2086,-0.0262,0.1824,0.0,0.0,1,0.0,0,0,right_wrist_roll_link|torso_link
0.3203,1832,0,0.3243,-0.1305,0.0958,5e-05,0.3244,-0.1305,0.0958,0.0001,0.0,0,0.0,0,0,
0.3374,1833,0,0.3413,-0.0988,0.2074,4e-05,0.3414,-0.0988,0.2074,0.0001,0.0,0,0.0,0,0,
0.5206,1836,0,0.5246,-0.3396,0.1954,0.0001,0.5245,-0.3396,0.1954,0.0001,0.0,0,0.0,0,0,
0.4437,1838,0,0.4477,-0.1545,0.0581,4e-05,0.4477,-0.1545,0.0581,0.0001,0.0,0,0.0,0,0,
0.1268,1839,0,0.1308,-0.0064,0.2005,4e-05,0.1664,-0.0465,0.2025,0.0537,0.26543,1,0.00083,0,0,right_hand_base_link|torso_link
0.5436,1840,0,0.5475,-0.0435,-0.0023,0.04362,0.5092,-0.0504,0.0163,0.0431,0.0,0,0.0,0,0,
0.441,1841,0,0.445,-0.2519,-0.0742,0.0001,0.4696,-0.2437,-0.0385,0.0441,0.17897,0,9e-05,0,0,
0.1577,1844,0,0.1617,0.0737,0.2057,4e-05,0.1865,0.0515,0.1986,0.034,0.12438,1,0.0,1,96,right_elbow_link|torso_link;right_wrist_roll_link|torso_link
0.1908,1845,0,0.1947,0.0379,0.1601,4e-05,0.2045,0.0225,0.1521,0.02,0.07117,1,0.0,1,122,right_wrist_roll_link|torso_link
0.3098,1846,0,0.3137,-0.2075,0.2355,4e-05,0.3138,-0.2075,0.2356,0.0001,0.0,0,0.0,0,0,
0.3202,1847,0,0.3242,0.0611,0.0273,7e-05,0.3212,0.034,0.0011,0.0378,0.13392,1,0.0,1,250,right_shoulder_yaw_link|torso_link
0.2085,1849,0,0.2125,-0.1202,0.0759,6e-05,0.2125,-0.1202,0.0759,0.0001,0.0,0,0.0,0,0,
0.3258,1850,0,0.3298,-0.2478,-0.0476,4e-05,0.3364,-0.2479,-0.0221,0.0263,0.10937,0,0.0,0,0,
0.4502,1851,0,0.4541,0.0545,0.1221,7e-05,0.4563,0.0484,0.1207,0.0067,0.01688,1,2e-05,1,18,right_shoulder_roll_link|torso_link;right_shoulder_yaw_link|torso_link
0.3572,1852,0,0.3612,-0.3112,0.0218,7e-05,0.3612,-0.3112,0.0219,0.0001,0.0,0,0.0,0,0,
0.2118,1854,0,0.2158,-0.1039,0.1436,8e-05,0.2159,-0.1039,0.1436,0.0001,0.0,0,0.0,0,0,
0.2672,1855,0,0.2711,-0.1494,-0.0075,8e-05,0.2712,-0.1494,-0.0076,0.0001,0.0,0,0.0,0,0,
0.5303,1856,0,0.5343,-0.2603,0.1069,0.00028,0.534,-0.2603,0.107,0.0003,0.0,0,0.0,0,0,
0.3591,1859,0,0.3631,0.0958,0.0759,0.0001,0.3716,0.0516,0.0418,0.0565,0.17935,1,0.0,1,186,right_shoulder_yaw_link|torso_link
0.24,1863,0,0.244,-0.092,0.051,3e-05,0.244,-0.092,0.051,0.0,0.0,0,0.0,1,3,
0.1345,1864,0,0.1384,-0.049,0.1356,4e-05,0.1564,-0.0887,0.132,0.0438,0.21821,1,0.0013,0,0,right_hand_Link1_1|torso_link;right_hand_base_link|torso_link
0.2329,1865,0,0.2369,-0.1717,0.0581,4e-05,0.2369,-0.1717,0.0581,0.0,0.0,0,0.0,0,0,
0.1238,1866,0,0.1278,-0.0122,0.176,5e-05,0.1696,-0.0697,0.1764,0.0711,0.36928,1,0.00029,0,0,right_hand_base_link|torso_link
0.5182,1867,0,0.5221,0.111,0.1297,0.02329,0.5328,0.0318,0.1459,0.0816,0.13695,1,2e-05,0,0,right_shoulder_roll_link|torso_link
0.5485,1868,0,0.5525,-0.3937,0.2626,0.03974,0.5169,-0.3767,0.2629,0.0394,0.0,0,0.0,0,0,
0.478,1869,0,0.482,-0.0933,-0.0742,0.01733,0.4808,-0.0782,-0.0399,0.0375,0.11912,0,0.00045,0,0,
0.2949,1870,0,0.2989,-0.1434,0.0504,6e-05,0.299,-0.1435,0.0504,0.0001,0.0,0,0.0,0,0,
0.3789,1872,0,0.3829,-0.0609,0.2333,9e-05,0.3829,-0.0609,0.2333,0.0001,0.0,0,0.0,0,0,
0.1928,1876,0,0.1968,-0.071,0.212,5e-05,0.1968,-0.0709,0.212,0.0001,0.0,0,0.0,0,0,
0.4755,1877,0,0.4795,-0.2322,0.1539,9e-05,0.4794,-0.2322,0.154,0.0001,0.0,0,0.0,0,0,
0.0855,1879,0,0.0895,-0.0057,0.1981,5e-05,0.1489,-0.0726,0.2141,0.0909,0.4865,1,0.0,0,0,right_hand_Link1_1|torso_link;right_hand_base_link|torso_link
0.3957,1881,0,0.3997,-0.2067,0.0402,4e-05,0.3996,-0.2067,0.0402,0.0001,0.0,0,0.0,0,0,
0.1835,1882,0,0.1875,-0.0429,0.1442,0.0001,0.1876,-0.0429,0.1442,0.0001,0.0,1,0.0,0,0,right_hand_base_link|torso_link
0.1605,1883,0,0.1645,-0.0565,0.1896,0.0001,0.1663,-0.0605,0.1891,0.0044,0.02181,1,0.00121,0,0,right_hand_base_link|torso_link
0.2839,1884,0,0.2878,0.0645,0.1115,6e-05,0.2836,0.0556,0.0906,0.0231,0.09992,1,1e-05,1,290,right_elbow_link|torso_link
0.2272,1886,0,0.2312,-0.1113,0.2239,8e-05,0.2313,-0.1113,0.2239,0.0001,0.0,0,0.0,0,0,
0.1287,1887,0,0.1327,0.0319,0.1844,4e-05,0.1731,0.0004,0.181,0.0514,0.22569,1,0.0,0,0,right_hand_base_link|torso_link;right_wrist_pitch_link|torso_link;right_wrist_yaw_link|torso_link
0.1613,1888,0,0.1652,0.0128,0.1521,8e-05,0.1888,-0.0124,0.1484,0.0347,0.16446,1,0.00012,1,24,right_hand_base_link|torso_link;right_wrist_pitch_link|torso_link;right_wrist_roll_link|torso_link;right_wrist_yaw_link|torso_link
0.3333,1889,0,0.3373,-0.126,0.2296,4e-05,0.3373,-0.126,0.2297,0.0001,0.0,0,0.0,0,0,
0.263,1890,0,0.267,-0.0621,0.0183,8e-05,0.2671,-0.0621,0.0183,0.0001,0.0,1,0.0,1,3,right_elbow_link|torso_link;right_wrist_roll_link|torso_link
0.5199,1893,0,0.5239,0.0903,0.0815,0.0289,0.5194,0.0333,0.0972,0.0593,0.09247,1,0.0,0,0,right_shoulder_roll_link|torso_link
0.0979,1895,0,0.1019,-0.0215,0.1829,5e-05,0.1499,-0.0883,0.1897,0.0825,0.43813,1,0.0,0,0,right_hand_Link1_1|torso_link
0.3526,1896,0,0.3566,-0.1972,0.1612,9e-05,0.3567,-0.1972,0.1613,0.0001,0.0,0,0.0,0,0,
0.3323,1898,0,0.3363,-0.0467,0.048,5e-05,0.3354,-0.0504,0.0448,0.005,0.02922,1,0.0,1,4,right_shoulder_yaw_link|torso_link
0.212,1899,0,0.216,0.0824,0.1765,7e-05,0.2379,0.0538,0.1611,0.0392,0.1161,1,0.0,1,226,right_elbow_link|torso_link;right_wrist_roll_link|torso_link
0.2157,1900,0,0.2197,0.0745,0.208,7e-05,0.2358,0.0555,0.199,0.0265,0.08226,1,0.0,1,140,right_elbow_link|torso_link;right_wrist_roll_link|torso_link
0.3193,1904,0,0.3233,-0.1214,0.1506,5e-05,0.3233,-0.1214,0.1506,0.0001,0.0,0,0.0,0,0,
0.2739,1906,0,0.2779,0.1292,0.1121,7e-05,0.2824,0.1223,0.1104,0.0084,0.1455,1,0.0006,1,308,left_hand_base_link|right_hand_Link2_2;left_hand_base_link|right_hand_Link2_3;right_elbow_link|torso_link;right_shoulder_yaw_link|torso_link
0.3056,1907,0,0.3095,-0.1433,0.0979,6e-05,0.3096,-0.1433,0.0979,0.0001,0.0,0,0.0,0,0,
0.5764,1909,0,0.5804,-0.0926,0.0645,0.04274,0.5402,-0.096,0.0781,0.0426,0.0,0,0.0,0,0,
0.4526,1910,0,0.4566,0.0354,0.2592,9e-05,0.4565,0.0354,0.2592,0.0001,0.0,1,0.0,0,0,right_shoulder_roll_link|torso_link
0.3637,1911,0,0.3677,-0.0132,0.0472,7e-05,0.3675,-0.0279,0.0381,0.0173,0.07432,1,0.0,1,56,right_shoulder_yaw_link|torso_link
0.2413,1914,0,0.2453,-0.0892,0.1832,5e-05,0.2453,-0.0892,0.1832,0.0,0.0,0,0.0,0,0,
0.4898,1915,0,0.4938,0.1581,0.1088,0.0266,0.5267,0.0364,0.1267,0.1273,0.22102,1,0.0,0,0,right_shoulder_roll_link|torso_link
0.2289,1916,0,0.2329,-0.1043,0.2103,7e-05,0.2329,-0.1043,0.2104,0.0001,0.0,0,0.0,0,0,
0.5212,1917,0,0.5252,-0.1649,0.0237,0.00509,0.5206,-0.1646,0.0258,0.0051,0.0,0,0.0,0,0,
0.1728,1919,0,0.1768,0.0102,0.1732,7e-05,0.1771,0.0082,0.1697,0.004,0.01646,1,6e-05,1,14,right_hand_base_link|torso_link;right_wrist_roll_link|torso_link
0.0765,1921,0,0.0805,-0.0001,0.1996,5e-05,0.1485,-0.068,0.2175,0.0978,0.52323,1,0.0,0,0,right_hand_Link1_1|torso_link;right_hand_base_link|torso_link
0.3623,1922,0,0.3663,0.094,0.2353,0.0001,0.3727,0.0846,0.2346,0.0114,0.08308,1,0.0,1,76,right_shoulder_yaw_link|torso_link
0.1276,1923,0,0.1315,0.0469,0.1797,9e-05,0.1668,0.0203,0.1765,0.0443,0.14891,1,0.0,0,0,right_hand_base_link|torso_link;right_wrist_pitch_link|torso_link;right_wrist_roll_link|torso_link;right_wrist_yaw_link|torso_link
0.2817,1924,0,0.2857,-0.1944,0.0296,6e-05,0.2857,-0.1944,0.0295,0.0001,0.0,0,0.0,0,0,
0.3998,1925,0,0.4037,-0.117,0.0163,6e-05,0.4037,-0.117,0.0164,0.0001,0.0,0,0.0,0,0,
0.3083,1926,0,0.3122,-0.2018,0.0702,5e-05,0.3123,-0.2018,0.0702,0.0001,0.0,0,0.0,0,0,
0.0822,1929,0,0.0861,-0.0022,0.1934,5e-05,0.15,-0.0708,0.209,0.0951,0.5098,1,0.0,0,0,right_hand_Link1_1|torso_link;right_hand_base_link|torso_link
0.1661,1932,0,0.1701,0.0149,0.2061,8e-05,0.1708,0.0147,0.2042,0.002,0.00577,1,0.00016,0,0,logo_link|right_hand_base_link;right_hand_base_link|torso_link;right_wrist_roll_link|torso_link
0.1438,1934,0,0.1478,0.0352,0.2097,9e-05,0.1663,0.0271,0.2009,0.022,0.05758,1,0.00044,0,0,logo_link|right_hand_base_link;right_hand_base_link|torso_link;right_wrist_pitch_link|torso_link;right_wrist_roll_link|torso_link
0.1261,1935,0,0.1301,0.042,0.2076,4e-05,0.1654,0.0237,0.2002,0.0404,0.15069,1,3e-05,0,0,logo_link|right_hand_base_link;right_hand_base_link|torso_link;right_wrist_pitch_link|torso_link;right_wrist_roll_link|torso_link
0.0951,1936,0,0.0991,-0.0124,0.1884,5e-05,0.151,-0.0766,0.198,0.0831,0.44226,1,0.00037,0,0,right_hand_Link1_1|torso_link;right_hand_base_link|torso_link
0.1499,1940,0,0.1538,-0.0785,0.1665,6e-05,0.1553,-0.0833,0.1664,0.005,0.01962,1,0.00074,0,0,right_hand_Link1_1|torso_link;right_hand_base_link|torso_link
0.2275,1941,0,0.2315,0.0288,0.1302,9e-05,0.242,0.0079,0.1222,0.0247,0.07806,1,0.0,1,158,right_elbow_link|torso_link;right_wrist_roll_link|torso_link
0.289,1945,0,0.2929,0.0178,0.1009,6e-05,0.2918,0.0158,0.096,0.0054,0.05121,1,1e-05,1,214,right_elbow_link|torso_link;right_wrist_roll_link|torso_link
0.228,1946,0,0.2319,-0.0051,0.1231,3e-05,0.2351,-0.0142,0.119,0.0105,0.03498,1,0.0,1,133,right_wrist_roll_link|torso_link
0.2386,1949,0,0.2426,0.0626,0.0372,8e-05,0.26,0.014,0.0163,0.0556,0.13706,1,4e-05,1,195,right_elbow_link|torso_link;right_wrist_roll_link|torso_link
0.4234,1951,0,0.4274,-0.0835,0.152,4e-05,0.4273,-0.0835,0.152,0.0001,0.0,0,0.0,0,0,
0.0822,1952,0,0.0861,-0.0036,0.1933,5e-05,0.1494,-0.0724,0.2089,0.0948,0.50828,1,0.00017,0,0,right_hand_Link1_1|torso_link;right_hand_base_link|torso_link
0.1394,1953,0,0.1434,-0.061,0.1732,7e-05,0.154,-0.0852,0.1742,0.0264,0.11692,1,0.0002,0,0,right_hand_Link1_1|torso_link;right_hand_base_link|torso_link
0.1701,1954,0,0.1741,-0.1046,0.1295,7e-05,0.1741,-0.1046,0.1295,0.0,0.0,0,0.0,0,0,
0.2865,1955,0,0.2904,-0.1034,0.0092,7e-05,0.2905,-0.1034,0.0091,0.0001,0.0,1,0.0,0,0,right_shoulder_yaw_link|torso_link
0.3434,1957,0,0.3473,-0.1869,0.2168,9e-05,0.3474,-0.1869,0.2169,0.0001,0.0,0,0.0,0,0,
0.2131,1960,0,0.2171,-0.0995,0.2068,4e-05,0.2171,-0.0995,0.2068,0.0,0.0,0,0.0,0,0,
0.522,1962,0,0.526,0.1413,0.1641,0.03396,0.54,0.0288,0.1805,0.1146,0.19161,1,0.0,0,0,right_shoulder_roll_link|torso_link
0.4371,1963,0,0.4411,-0.2171,-0.0092,8e-05,0.441,-0.2171,-0.0091,0.0001,0.0,0,0.0,0,0,
0.4538,1965,0,0.4578,0.119,0.0866,0.0001,0.4782,0.0771,0.0829,0.0467,0.09352,1,0.0,0,0,right_shoulder_roll_link|torso_link;right_shoulder_yaw_link|torso_link
0.4748,1966,0,0.4788,-0.2544,0.1188,9e-05,0.4787,-0.2544,0.1189,0.0001,0.0,0,0.0,0,0,
0.4173,1967,0,0.4212,-0.1609,0.0667,6e-05,0.4212,-0.1609,0.0667,0.0001,0.0,0,0.0,0,0,
0.2025,1969,0,0.2064,-0.0637,0.207,4e-05,0.2065,-0.0637,0.2071,0.0001,0.0,0,0.0,0,0,
0.2579,1970,0,0.2619,0.0989,0.1322,6e-05,0.2612,0.0913,0.1142,0.0195,0.13102,1,0.0,1,306,right_elbow_link|torso_link
0.1908,1975,0,0.1947,0.0138,0.1278,4e-05,0.1959,0.0069,0.1208,0.0099,0.03271,1,0.0,1,130,right_wrist_pitch_link|torso_link;right_wrist_roll_link|torso_link
0.4868,1978,0,0.4907,-0.2123,0.1738,6e-05,0.4907,-0.2122,0.1738,0.0001,0.0,0,0.0,0,0,
0.1237,1979,0,0.1276,-0.0347,0.1977,9e-05,0.1528,-0.0735,0.2014,0.0464,0.23021,1,0.00059,0,0,right_hand_Link1_1|torso_link;right_hand_base_link|torso_link
0.1288,1980,0,0.1327,-0.026,0.2084,7e-05,0.1577,-0.0615,0.2127,0.0436,0.20767,1,0.00052,0,0,right_hand_base_link|torso_link
0.2615,1982,0,0.2655,-0.0205,0.1256,8e-05,0.2666,-0.024,0.1243,0.0039,0.01124,1,0.0,1,116,right_elbow_link|torso_link;right_wrist_roll_link|torso_link
0.1706,1983,0,0.1745,-0.0033,0.1647,9e-05,0.182,-0.0123,0.1642,0.0117,0.04743,1,0.00029,1,6,right_hand_base_link|torso_link;right_wrist_pitch_link|torso_link;right_wrist_roll_link|torso_link;right_wrist_yaw_link|torso_link
0.275,1984,0,0.279,-0.1603,0.1445,0.0001,0.2791,-0.1603,0.1445,0.0001,0.0,0,0.0,0,0,
0.3586,1986,0,0.3626,0.1095,0.1964,9e-05,0.3733,0.0938,0.1929,0.0193,0.118,1,0.0,1,86,right_shoulder_yaw_link|torso_link
0.2526,1987,0,0.2566,-0.0837,0.1892,4e-05,0.2566,-0.0837,0.1892,0.0,0.0,0,0.0,0,0,
0.1737,1989,0,0.1777,-0.0953,0.1245,6e-05,0.1777,-0.0953,0.1245,0.0,0.0,0,0.0,0,0,
0.3804,1990,0,0.3843,0.092,0.2313,8e-05,0.3912,0.0808,0.2294,0.0133,0.07399,1,0.0,1,58,right_shoulder_yaw_link|torso_link
0.5976,1991,0,0.6016,-0.1654,0.1799,0.03603,0.5659,-0.1638,0.1846,0.036,0.0,0,0.0,0,0,
0.2414,1992,0,0.2454,-0.0192,0.1888,3e-05,0.2454,-0.0192,0.1888,0.0,0.0,1,0.0,1,40,right_elbow_link|torso_link;right_wrist_roll_link|torso_link
0.1512,1993,0,0.1552,-0.0265,0.1848,8e-05,0.177,-0.0508,0.1761,0.0338,0.15149,1,0.00042,0,0,right_hand_base_link|torso_link
0.4596,1994,0,0.4636,0.0209,0.1913,5e-05,0.4636,0.0208,0.1913,0.0001,0.0,0,0.0,1,2,
0.142,1995,0,0.1459,0.0096,0.1949,5e-05,0.1715,-0.0103,0.1906,0.0327,0.15132,1,0.00016,0,0,right_hand_base_link|torso_link;right_wrist_yaw_link|torso_link
0.2723,1996,0,0.2763,0.1385,0.2101,4e-05,0.2829,0.1247,0.1733,0.0399,0.14429,1,0.0,1,218,right_shoulder_yaw_link|torso_link
0.2526,1997,0,0.2565,0.0472,0.0682,7e-05,0.2679,0.0144,0.0529,0.038,0.09442,1,0.0,1,333,right_elbow_link|torso_link;right_wrist_roll_link|torso_link
0.0907,1998,0,0.0947,0.0136,0.1985,6e-05,0.1655,-0.0523,0.2085,0.0972,0.51792,1,0.00062,0,0,right_hand_base_link|torso_link
0.2159,1999,0,0.2199,0.0492,0.151,9e-05,0.2353,0.0251,0.142,0.03,0.09635,1,0.00013,1,207,right_elbow_link|torso_link;right_wrist_roll_link|torso_link
