depth,row,col,u,v,tx,ty,tz,reach_ok,in_ws_box,converged,err_m,joint_margin_rad,max_joint_rad,q0,q1,q2,q3,q4,q5,q6
0.1365,0,0,327.6,342.2,0.1405,-0.0018,0.137,1,1,1,5e-05,0.4513,0.9517,0.951672,-0.274532,0.455705,-0.595851,0.125365,-0.584433,0.624311
0.304,1,0,607.1,112.3,0.308,-0.2018,0.1706,1,1,1,6e-05,0.6632,0.384,0.276882,-0.005605,-0.051513,-0.38402,-0.024623,-0.327212,-0.062457
0.3798,2,0,529.7,147.3,0.3837,-0.2036,0.1273,1,1,1,3e-05,0.9253,0.1219,-0.026674,-0.047845,-0.102923,-0.121892,0.000725,-0.081862,-0.052718
0.3729,3,0,17.6,271.3,0.3768,0.3301,-0.0095,0,0,0,,,,,,,,,,
0.2319,4,0,211.0,283.8,0.2359,0.0634,0.0814,1,1,1,8e-05,0.7995,0.5388,0.426878,0.013309,0.538763,-0.247702,0.056529,-0.191898,0.443575
0.2919,5,0,290.2,48.3,0.2958,0.0186,0.2116,1,1,1,5e-05,0.7212,0.395,0.070024,0.046792,0.394973,-0.325961,-0.009536,-0.280784,0.269564
0.5002,6,0,130.2,94.4,0.5042,0.2437,0.168,0,0,0,,,,,,,,,,
0.6384,7,0,179.5,174.7,0.6424,0.2602,0.0136,0,0,0,,,,,,,,,,
0.3747,8,0,615.5,260.9,0.3787,-0.3206,0.0024,1,1,1,7e-05,1.2942,0.2997,-0.11294,-0.212058,-0.2997,0.246955,0.027053,0.144266,-0.065153
0.632,9,0,177.2,57.8,0.6359,0.2318,0.2156,0,0,0,,,,,,,,,,
0.4241,10,0,330.3,41.7,0.4281,-0.0103,0.2248,1,1,1,8e-05,1.0586,0.4735,-0.473474,0.105971,0.160137,0.011415,-0.031221,0.066214,0.027021
0.6004,11,0,497.1,220.7,0.6043,-0.3217,-0.0618,0,1,0,,,,,,,,,,
0.3256,12,0,25.3,190.3,0.3296,0.2462,0.1035,0,0,0,,,,,,,,,,
0.5616,13,0,39.9,230.9,0.5655,0.4768,-0.0617,0,0,0,,,,,,,,,,
0.5539,14,0,379.5,93.6,0.5579,-0.086,0.165,1,1,0,0.00013,0.9545,1.26,-1.260009,-0.094195,-0.119905,1.139862,-0.001955,0.280055,-0.014122
0.5018,15,0,326.1,183.9,0.5058,-0.0086,0.0451,1,1,1,9e-05,1.0689,1.0255,-0.996782,0.086736,0.05721,1.025529,-0.04531,0.32366,-0.010914
0.46,16,0,94.7,295.1,0.4639,0.3277,-0.1117,0,0,0,,,,,,,,,,
0.5314,17,0,503.7,69.0,0.5354,-0.247,0.1988,1,1,1,9e-05,1.2239,1.0099,-1.009861,-0.288416,-0.326935,0.693275,0.071293,0.390489,-0.050364
0.5631,18,0,122.4,29.4,0.5671,0.2735,0.2505,0,0,0,,,,,,,,,,
0.3331,19,0,551.2,315.6,0.3371,-0.2311,-0.0335,1,1,1,5e-05,1.1139,0.1596,0.159622,-0.054705,-0.10947,0.066747,-0.004007,0.041042,-0.053223
0.4374,20,0,175.4,2.6,0.4414,0.1449,0.2619,1,1,1,8e-05,1.2687,1.0393,-1.039276,0.295445,0.272885,0.456094,-0.136731,0.345739,-0.042699
0.2191,21,0,460.7,300.8,0.2231,-0.0768,0.0801,1,1,1,4e-05,0.5671,0.8304,0.830444,-0.029709,0.30489,-0.4801,0.043824,-0.379093,0.28068
0.533,22,0,137.7,230.2,0.537,0.2918,-0.045,0,0,0,,,,,,,,,,
0.3393,23,0,616.7,54.2,0.3433,-0.2274,0.21,1,1,1,9e-05,0.744,0.3032,0.011086,-0.053381,-0.160474,-0.303235,-0.000434,-0.227964,-0.095819
0.4037,24,0,572.6,152.2,0.4077,-0.266,0.1164,1,1,1,3e-05,1.0742,0.2381,-0.177,-0.13886,-0.238115,0.026993,0.020134,0.036748,-0.083628
0.6015,25,0,15.7,242.4,0.6054,0.5682,-0.1074,0,0,0,,,,,,,,,,
0.4462,26,0,529.2,318.8,0.4502,-0.3022,-0.142,0,1,0,,,,,,,,,,
0.177,27,0,157.2,276.7,0.181,0.0609,0.1264,1,1,1,3e-05,0.6381,0.5911,0.555052,-0.116869,0.591064,-0.409102,0.081507,-0.354931,0.586305
0.5453,28,0,532.0,22.6,0.5493,-0.281,0.2568,1,1,0,0.00016,0.9565,1.3322,-1.332188,-0.43819,-0.440366,1.137868,0.092449,0.274276,-0.031012
0.24,29,0,105.3,135.1,0.244,0.1111,0.1672,1,1,1,6e-05,0.8097,0.6287,0.107945,0.066118,0.628675,-0.237451,-0.016094,-0.203592,0.409511
0.2878,30,0,442.5,64.3,0.2917,-0.0762,0.2022,1,1,1,7e-05,0.618,0.4292,0.270535,0.00467,0.22185,-0.429241,-0.004231,-0.394865,0.170343
0.3027,31,0,3.7,94.5,0.3067,0.2171,0.1828,0,0,0,,,,,,,,,,
0.2783,32,0,67.8,227.9,0.2822,0.1782,0.0933,1,1,1,6e-05,1.1551,0.6683,-0.091591,0.266004,0.668272,0.107864,-0.08924,0.067905,0.237442
0.3087,33,0,464.2,235.4,0.3127,-0.1183,0.0704,1,1,1,6e-05,0.7824,0.3812,0.381187,0.034544,0.141318,-0.264773,0.005129,-0.200742,0.090777
0.5362,34,0,555.1,227.6,0.5401,-0.3778,-0.042,0,1,0,,,,,,,,,,
0.1678,35,0,218.7,195.7,0.1717,0.0313,0.1627,1,1,1,6e-05,0.5308,0.6158,0.615829,-0.175665,0.534576,-0.516398,0.074849,-0.503822,0.582311
0.2041,36,0,637.5,87.6,0.2081,-0.1223,0.1929,1,1,1,5e-05,0.4288,0.7964,0.796374,-0.053691,0.190716,-0.618404,-0.027895,-0.690999,0.154739
0.5079,37,0,46.8,92.8,0.5118,0.3565,0.1694,0,0,0,,,,,,,,,,
0.2757,38,0,446.7,46.3,0.2797,-0.0731,0.2118,1,1,1,8e-05,0.5869,0.4603,0.297181,-0.005198,0.235687,-0.460253,-0.005321,-0.434046,0.186885
0.3236,39,0,269.4,239.4,0.3275,0.0444,0.0582,1,1,1,6e-05,1.0165,0.3956,0.109614,0.132584,0.395571,-0.030737,0.000995,-0.027233,0.220391
0.4859,40,0,375.4,302.3,0.4898,-0.0867,-0.1464,0,1,0,,,,,,,,,,
0.2706,41,0,233.6,161.4,0.2746,0.0546,0.1443,1,1,1,6e-05,0.784,0.4919,0.215279,0.045808,0.491906,-0.263176,0.012556,-0.226045,0.357429
0.2203,42,0,70.2,73.2,0.2242,0.1068,0.1979,1,1,1,6e-05,0.7387,0.6453,0.09713,0.034927,0.645254,-0.308486,-0.02043,-0.272029,0.43958
0.396,43,0,201.0,112.7,0.4,0.1174,0.1584,1,1,1,6e-05,1.2612,0.4993,-0.499295,0.266451,0.381482,0.214039,-0.096542,0.17554,0.052399
0.5247,44,0,621.9,278.9,0.5286,-0.5028,-0.1315,0,1,0,,,,,,,,,,
0.6006,45,0,485.9,214.9,0.6046,-0.2996,-0.0504,0,1,0,,,,,,,,,,
0.0963,46,0,441.4,180.1,0.1002,-0.0081,0.1929,1,1,1,0.0001,0.3764,0.9252,0.92522,-0.428207,0.395903,-0.670756,0.131765,-0.876849,0.696895
0.1296,47,0,312.6,76.6,0.1336,0.0012,0.1987,1,1,1,9e-05,0.4082,0.7564,0.756371,-0.302372,0.454785,-0.639024,0.083502,-0.74825,0.614255
0.227,48,0,323.9,282.6,0.231,-0.0022,0.0859,1,1,1,0.0001,0.6673,0.6278,0.627767,-0.034115,0.42673,-0.379892,0.071406,-0.301208,0.409526
0.1394,49,0,492.0,189.2,0.1434,-0.0365,0.1757,1,1,1,5e-05,0.3946,0.9968,0.996805,-0.281656,0.362569,-0.652555,0.086473,-0.779758,0.522955
0.2271,50,0,617.6,144.6,0.2311,-0.1433,0.1652,1,1,1,8e-05,0.4808,0.7361,0.736072,-0.011515,0.152346,-0.56636,-0.035003,-0.569885,0.087093
0.4902,51,0,542.1,44.8,0.4941,-0.2653,0.2261,1,1,1,6e-05,1.3304,0.7565,-0.756549,-0.245892,-0.33298,0.315574,0.077398,0.284052,-0.069075
0.1891,52,0,120.2,141.3,0.1931,0.0718,0.1751,1,1,1,0.0001,0.6315,0.6116,0.358634,-0.079958,0.611594,-0.415704,0.034434,-0.388376,0.540431
0.6348,53,0,538.4,140.4,0.6388,-0.3873,0.0788,0,1,0,,,,,,,,,,
0.3629,54,0,400.2,249.7,0.3669,-0.0824,0.0237,1,1,1,6e-05,1.0513,0.1364,0.083428,0.063952,0.136416,0.00411,0.003904,0.000824,0.071683
0.6146,55,0,197.7,142.4,0.6185,0.2094,0.0797,0,0,0,,,,,,,,,,
0.505,56,0,128.8,355.8,0.5089,0.3362,-0.2775,0,0,0,,,,,,,,,,
0.2786,57,0,230.3,230.9,0.2825,0.0637,0.0908,1,1,1,7e-05,0.8852,0.4914,0.236486,0.081611,0.491354,-0.162045,0.01912,-0.130462,0.336562
0.2213,58,0,315.9,349.8,0.2252,0.0024,0.0429,1,1,1,9e-05,0.7282,0.6641,0.664132,-0.009807,0.427537,-0.318967,0.087946,-0.212046,0.406029
0.1756,59,0,478.9,159.4,0.1795,-0.0512,0.1722,1,1,1,6e-05,0.4285,0.8775,0.877537,-0.171992,0.34628,-0.61869,0.046134,-0.680405,0.410334
0.2321,60,0,579.2,6.1,0.2361,-0.1125,0.2254,1,1,1,7e-05,0.4678,0.6109,0.515923,-0.033129,0.177678,-0.579424,-0.022648,-0.610864,0.144559
0.5594,61,0,639.4,94.4,0.5634,-0.4674,0.1636,0,1,0,,,,,,,,,,
0.4282,62,0,387.6,290.2,0.4322,-0.0897,-0.078,1,1,1,0.0001,1.2964,0.7399,-0.505739,0.03285,0.019448,0.739904,-0.021449,0.318028,-0.017728
0.3362,63,0,286.0,133.9,0.3402,0.0279,0.149,1,1,1,4e-05,0.8954,0.3637,0.000632,0.103105,0.363728,-0.151846,-0.011367,-0.118126,0.208049
0.3872,64,0,81.7,80.1,0.3912,0.2214,0.1894,0,0,0,,,,,,,,,,
0.4131,65,0,248.2,285.0,0.417,0.0906,-0.0582,1,1,0,0.00322,0.7198,1.3746,-0.932346,0.308145,0.220413,1.374583,-0.095493,0.115577,0.003731
0.4111,66,0,551.2,263.6,0.4151,-0.2823,-0.0255,1,1,1,8e-05,1.374,0.4521,-0.298767,-0.203426,-0.249087,0.452108,0.030738,0.240478,-0.033297
0.2008,67,0,184.1,281.8,0.2047,0.0632,0.1062,1,1,1,9e-05,0.707,0.5728,0.506046,-0.056712,0.572795,-0.340202,0.072342,-0.279516,0.526319
0.374,68,0,48.1,346.6,0.378,0.328,-0.1173,0,0,0,,,,,,,,,,
0.4169,69,0,495.3,190.5,0.4209,-0.2002,0.068,1,1,1,7e-05,1.153,0.1796,-0.17961,-0.070116,-0.115111,0.105835,0.008005,0.078025,-0.041003
0.4548,70,0,21.7,67.2,0.4588,0.333,0.2008,0,0,0,,,,,,,,,,
0.6212,71,0,365.2,57.1,0.6252,-0.0719,0.2164,0,1,0,,,,,,,,,,
0.1364,72,0,98.8,183.7,0.1404,0.0444,0.1781,1,1,1,8e-05,0.4954,0.6647,0.598218,-0.239781,0.581623,-0.551767,0.080329,-0.559735,0.664678
0.1305,73,0,459.1,99.5,0.1344,-0.023,0.1951,1,1,1,6e-05,0.3897,0.8957,0.895661,-0.311617,0.384663,-0.657497,0.087128,-0.818767,0.56477
0.1651,74,0,29.4,62.9,0.169,0.0759,0.2012,1,1,1,3e-05,0.5814,0.6448,0.320695,-0.112024,0.644843,-0.465772,0.023351,-0.451735,0.577567
0.6244,75,0,343.7,162.4,0.6283,-0.0421,0.0413,0,1,0,,,,,,,,,,
0.453,76,0,610.7,286.8,0.4569,-0.4107,-0.0917,0,1,0,,,,,,,,,,
0.1062,77,0,75.6,129.7,0.1101,0.0231,0.1945,1,1,1,9e-05,0.411,0.7257,0.709617,-0.352641,0.517789,-0.636166,0.100379,-0.725699,0.716243
0.2086,78,0,383.7,93.7,0.2126,-0.0255,0.1903,1,1,1,6e-05,0.5008,0.5789,0.578941,-0.105466,0.388282,-0.546432,0.028556,-0.562078,0.393859
0.4946,79,0,184.5,35.2,0.4985,0.1621,0.2371,0,1,0,,,,,,,,,,
0.1438,80,0,274.9,246.7,0.1478,0.0109,0.1592,1,1,1,4e-05,0.4637,0.8005,0.800475,-0.256804,0.488142,-0.583522,0.101833,-0.596961,0.621103
0.0991,81,0,246.8,7.1,0.1031,0.0047,0.2037,1,1,1,7e-05,0.3801,0.838,0.78822,-0.395814,0.447162,-0.66709,0.109414,-0.837953,0.700374
0.3279,82,0,138.5,149.3,0.3319,0.1464,0.1381,1,1,1,0.0001,1.129,0.5452,-0.237379,0.256076,0.545217,0.081809,-0.087092,0.067655,0.173422
0.1058,83,0,528.8,22.3,0.1098,-0.0175,0.2036,1,1,1,0.0001,0.3747,0.9097,0.908329,-0.391648,0.374744,-0.672497,0.11069,-0.909748,0.634752
0.2527,84,0,616.4,271.2,0.2567,-0.1926,0.0754,1,1,1,3e-05,0.6319,0.6583,0.658312,0.033851,0.053793,-0.415302,-0.041949,-0.318856,-0.037126
0.2535,85,0,84.6,139.2,0.2575,0.1324,0.1622,1,1,1,5e-05,0.8883,0.6461,0.01627,0.121918,0.646054,-0.158938,-0.040342,-0.130775,0.361882
0.0992,86,0,559.6,150.8,0.1032,-0.0178,0.1942,1,1,1,5e-05,0.3752,0.9738,0.973838,-0.422473,0.365475,-0.672027,0.129573,-0.91245,0.663759
0.12,87,0,593.2,224.0,0.124,-0.0418,0.1775,1,1,1,9e-05,0.3789,1.1109,1.110872,-0.343723,0.329316,-0.668335,0.107567,-0.872542,0.552237
0.1053,88,0,72.4,167.7,0.1092,0.0236,0.191,1,1,1,9e-05,0.413,0.7232,0.722993,-0.356927,0.518931,-0.634177,0.104695,-0.718474,0.723243
0.5992,89,0,516.8,283.2,0.6031,-0.3842,-0.1967,0,1,0,,,,,,,,,,
0.1482,90,0,429.0,249.4,0.1522,-0.0282,0.1557,1,1,1,7e-05,0.4206,0.9764,0.976377,-0.251095,0.39412,-0.62664,0.09319,-0.675396,0.533655
0.6287,91,0,15.3,23.6,0.6326,0.4761,0.2655,0,0,0,,,,,,,,,,
0.2596,92,0,413.3,340.9,0.2636,-0.0688,0.01,1,1,1,8e-05,0.7878,0.592,0.591984,0.047032,0.265172,-0.259391,0.046752,-0.153341,0.211587
0.1497,93,0,483.3,23.5,0.1537,-0.034,0.2087,1,1,1,4e-05,0.3948,0.8105,0.810465,-0.244041,0.365022,-0.6524,0.053451,-0.803555,0.480442
0.3844,94,0,177.4,198.1,0.3884,0.1486,0.0721,1,1,1,8e-05,1.247,0.503,-0.502962,0.341232,0.418206,0.440594,-0.118595,0.261337,0.025302
0.3954,95,0,319.4,152.8,0.3994,0.0007,0.1178,1,1,1,5e-05,1.0758,0.2388,-0.193033,0.122144,0.238784,0.028613,-0.02297,0.03039,0.090496
0.5525,96,0,618.7,164.9,0.5564,-0.4635,0.0581,0,1,0,,,,,,,,,,
0.3863,97,0,35.8,138.8,0.3903,0.2794,0.1343,0,0,0,,,,,,,,,,
0.2896,98,0,397.0,90.0,0.2935,-0.0496,0.1866,1,1,1,7e-05,0.6526,0.3946,0.266036,0.010871,0.27754,-0.394591,0.002632,-0.357609,0.215603
0.401,99,0,606.1,233.6,0.4049,-0.3269,0.0214,1,1,1,8e-05,1.3711,0.3261,-0.244833,-0.248244,-0.326103,0.323887,0.040932,0.192906,-0.053908
0.1768,100,0,41.8,18.8,0.1808,0.0789,0.2132,1,1,1,9e-05,0.5982,0.6396,0.244514,-0.076309,0.639557,-0.449048,0.006356,-0.431059,0.53654
0.434,101,0,234.1,21.0,0.438,0.0867,0.2448,1,1,1,6e-05,1.274,0.7657,-0.765679,0.220862,0.252669,0.226846,-0.091952,0.231462,-0.012362
0.098,102,0,29.8,24.6,0.1019,0.018,0.2025,1,1,1,5e-05,0.3914,0.7827,0.716129,-0.380191,0.496908,-0.655804,0.102367,-0.782745,0.724995
0.5333,103,0,173.9,207.5,0.5372,0.228,-0.0055,0,0,0,,,,,,,,,,
0.5447,104,0,171.0,101.9,0.5486,0.213,0.1542,0,0,0,,,,,,,,,,
0.5338,105,0,477.4,45.7,0.5378,-0.208,0.2279,1,1,1,8e-05,1.2259,1.0205,-1.020541,-0.227306,-0.27708,0.601425,0.060951,0.388495,-0.057755
0.4262,106,0,532.0,64.0,0.4301,-0.2181,0.2039,1,1,1,5e-05,1.0192,0.3565,-0.356508,-0.106293,-0.194147,-0.028047,0.029141,0.030848,-0.070339
0.3464,107,0,125.9,87.7,0.3504,0.1578,0.1849,1,1,1,5e-05,1.1656,0.5156,-0.425236,0.296735,0.515608,0.118423,-0.116871,0.116458,0.111128
0.3747,108,0,334.2,172.5,0.3786,-0.0139,0.1033,1,1,1,5e-05,1.0087,0.2448,-0.057528,0.103103,0.244778,-0.038503,-0.009638,-0.026338,0.11982
0.2167,109,0,136.4,280.3,0.2207,0.096,0.0952,1,1,1,8e-05,0.8189,0.618,0.360178,0.01571,0.617998,-0.228345,0.042753,-0.181896,0.480527
0.2322,110,0,584.1,185.5,0.2362,-0.1374,0.1423,1,1,1,6e-05,0.507,0.7471,0.747086,-0.008163,0.171886,-0.540181,-0.025307,-0.514272,0.105517
0.2758,111,0,111.6,174.7,0.2797,0.137,0.1338,1,1,1,6e-05,0.9777,0.6196,-0.012858,0.165476,0.619622,-0.069489,-0.046919,-0.057005,0.309253
0.5466,112,0,533.2,18.6,0.5505,-0.2823,0.2617,1,1,0,0.00047,0.8925,1.3633,-1.363276,-0.450632,-0.450584,1.201934,0.091588,0.230989,-0.026385
0.4486,113,0,520.2,332.6,0.4526,-0.2964,-0.1699,0,1,0,,,,,,,,,,
0.3137,114,0,102.8,159.1,0.3176,0.1671,0.1339,1,1,1,4e-05,1.1529,0.5954,-0.237856,0.280277,0.595422,0.105657,-0.101488,0.081475,0.179783
0.4554,115,0,404.7,137.2,0.4594,-0.1016,0.1216,1,1,1,8e-05,1.2176,0.4086,-0.40864,0.012923,0.005845,0.170428,-0.006626,0.140655,-0.015179
0.376,116,0,130.5,127.2,0.3799,0.1779,0.1475,1,1,1,8e-05,1.2172,0.5972,-0.597228,0.371,0.465418,0.355888,-0.145847,0.24773,0.028085
0.6295,117,0,273.7,44.1,0.6335,0.0739,0.236,0,1,0,,,,,,,,,,
0.2645,118,0,442.4,299.9,0.2684,-0.0879,0.0428,1,1,1,8e-05,0.7235,0.5991,0.59907,0.033061,0.239133,-0.323694,0.030906,-0.224262,0.185651
0.6377,119,0,604.7,292.5,0.6417,-0.6038,-0.2493,0,1,0,,,,,,,,,,
0.2815,120,0,126.3,171.8,0.2855,0.1306,0.134,1,1,1,6e-05,0.975,0.6012,-0.01354,0.162913,0.601195,-0.072187,-0.043813,-0.058674,0.302057
0.1103,121,0,392.9,90.1,0.1142,-0.0075,0.1978,1,1,1,7e-05,0.3833,0.8643,0.864256,-0.374266,0.413507,-0.663852,0.108273,-0.839899,0.651255
0.2804,122,0,305.0,230.2,0.2844,0.0107,0.0904,1,1,1,7e-05,0.8002,0.4003,0.352891,0.043957,0.400307,-0.247004,0.034638,-0.198152,0.312005
0.2299,123,0,632.0,146.2,0.2338,-0.1532,0.1638,1,1,1,7e-05,0.4871,0.7222,0.722229,-0.002053,0.130378,-0.56012,-0.040747,-0.557795,0.058201
0.2139,124,0,520.9,168.0,0.2179,-0.0905,0.1575,1,1,1,8e-05,0.4753,0.7879,0.787921,-0.066769,0.267646,-0.571879,0.00642,-0.57757,0.249455
0.627,125,0,183.4,341.0,0.631,0.3026,-0.3705,0,0,0,,,,,,,,,,
0.4768,126,0,413.6,100.4,0.4808,-0.1142,0.1627,1,1,1,6e-05,1.2597,0.5561,-0.556119,-0.017376,-0.045544,0.212491,0.000385,0.188013,-0.036076
0.375,127,0,138.7,116.0,0.379,0.1677,0.1581,1,1,1,8e-05,1.2419,0.5602,-0.560224,0.346307,0.463065,0.292857,-0.13557,0.219271,0.042515
0.6345,128,0,256.7,126.4,0.6384,0.1105,0.1038,0,1,0,,,,,,,,,,
0.645,129,0,58.7,75.6,0.649,0.4418,0.1879,0,0,0,,,,,,,,,,
0.0797,130,0,464.9,312.5,0.0837,-0.002,0.1967,1,1,1,5e-05,0.3679,0.9125,0.892773,-0.479361,0.398098,-0.679296,0.146033,-0.912527,0.759025
0.2999,131,0,436.1,158.4,0.3038,-0.0841,0.1382,1,1,1,6e-05,0.6912,0.356,0.348943,0.02054,0.212035,-0.356015,0.005192,-0.307436,0.158541
0.3581,132,0,453.3,111.0,0.362,-0.1157,0.1648,1,1,1,0.0001,0.811,0.2362,0.039069,0.021064,0.080815,-0.236163,-0.002543,-0.183663,0.048662
0.37,133,0,166.9,140.9,0.374,0.1429,0.1358,1,1,1,5e-05,1.265,0.4582,-0.418044,0.297042,0.458218,0.21781,-0.105778,0.165193,0.080991
0.3022,134,0,101.0,99.4,0.3062,0.1507,0.1796,1,1,1,8e-05,1.0247,0.5937,-0.224527,0.22791,0.593689,-0.022532,-0.088678,-0.002007,0.221511
0.4358,135,0,302.6,288.0,0.4397,0.0236,-0.0804,1,1,0,0.00919,0.6756,1.4188,-0.90885,0.193729,0.09095,1.418826,-0.072879,0.07468,-0.001835
0.1684,136,0,360.0,313.2,0.1724,-0.0143,0.1172,1,1,1,8e-05,0.499,0.9022,0.902182,-0.173231,0.434232,-0.548199,0.101416,-0.49274,0.523123
0.1323,137,0,66.6,141.7,0.1363,0.0453,0.1876,1,1,1,9e-05,0.4843,0.6682,0.569432,-0.245248,0.586984,-0.56293,0.073453,-0.581626,0.668205
0.129,138,0,355.8,206.5,0.1329,-0.0065,0.1764,1,1,1,9e-05,0.4108,0.8862,0.886192,-0.315626,0.433934,-0.636449,0.104961,-0.726269,0.620478
0.3039,139,0,458.3,200.4,0.3079,-0.1067,0.1036,1,1,1,6e-05,0.728,0.3835,0.38346,0.027723,0.168619,-0.319249,0.00428,-0.260287,0.116879
0.1826,140,0,587.2,308.1,0.1865,-0.1096,0.107,1,1,1,4e-05,0.4404,1.0844,1.08443,-0.06916,0.270043,-0.606766,0.012432,-0.551263,0.235905
0.1444,141,0,106.6,329.6,0.1483,0.0577,0.1332,1,1,1,5e-05,0.5751,0.6692,0.647706,-0.199319,0.6051,-0.472069,0.104581,-0.419993,0.669211
0.2667,142,0,484.6,112.5,0.2707,-0.0968,0.1753,1,1,1,3e-05,0.5729,0.4743,0.462629,-0.008942,0.2104,-0.474278,-0.005107,-0.448679,0.166263
0.2867,143,0,103.9,259.3,0.2906,0.165,0.0621,1,1,1,7e-05,1.1956,0.6266,-0.055261,0.267015,0.626642,0.148414,-0.076222,0.090235,0.219163
0.2084,144,0,184.2,346.6,0.2124,0.0728,0.059,1,1,1,9e-05,0.8096,0.5697,0.504391,-0.003711,0.569691,-0.237579,0.076373,-0.16652,0.488065
0.5077,145,0,457.1,347.1,0.5116,-0.2397,-0.2607,0,1,0,,,,,,,,,,
0.5331,146,0,454.0,260.4,0.5371,-0.2224,-0.1012,0,1,0,,,,,,,,,,
0.5317,147,0,173.6,225.6,0.5357,0.2325,-0.0362,0,0,0,,,,,,,,,,
0.5923,148,0,568.5,326.1,0.5963,-0.5055,-0.2956,0,1,0,,,,,,,,,,
0.3238,149,0,62.5,135.5,0.3278,0.2015,0.1502,0,0,0,,,,,,,,,,
0.2089,150,0,570.7,150.9,0.2129,-0.1069,0.1666,1,1,1,4e-05,0.453,0.8211,0.821108,-0.061817,0.234553,-0.594164,-0.008993,-0.622616,0.20627
0.5184,151,0,12.7,104.0,0.5224,0.4155,0.1541,0,0,0,,,,,,,,,,
0.2366,152,0,12.9,59.4,0.2405,0.1442,0.2038,1,1,1,5e-05,0.8472,0.6863,-0.072812,0.127987,0.686276,-0.199964,-0.065572,-0.159692,0.364487
0.5796,153,0,340.5,130.7,0.5835,-0.0324,0.1064,1,1,0,0.04143,0.6846,1.4098,-1.288309,0.009327,-0.264319,1.409822,-0.055155,0.069879,-0.005985
0.5167,154,0,132.8,202.2,0.5207,0.2799,0.0106,0,0,0,,,,,,,,,,
0.1313,155,0,594.9,314.5,0.1353,-0.059,0.1501,1,1,1,7e-05,0.3788,1.2211,1.221119,-0.277916,0.319791,-0.668444,0.093349,-0.781963,0.482131
0.303,156,0,506.8,243.1,0.3069,-0.1507,0.0666,1,1,1,6e-05,0.767,0.4136,0.41356,0.027046,0.085371,-0.28021,-0.00622,-0.209468,0.03831
0.4997,157,0,16.4,60.5,0.5036,0.3766,0.2088,0,0,0,,,,,,,,,,
0.2031,158,0,53.8,112.6,0.2071,0.1043,0.1835,1,1,1,7e-05,0.715,0.6629,0.1861,-0.002987,0.662907,-0.332188,-0.00177,-0.298658,0.491682
0.1023,159,0,477.5,129.3,0.1063,-0.013,0.1952,1,1,1,9e-05,0.3771,0.9303,0.930307,-0.407931,0.386284,-0.670132,0.122848,-0.883153,0.665129
0.4802,160,0,237.1,117.7,0.4842,0.1039,0.1413,1,1,1,9e-05,1.2459,1.068,-1.068028,0.239336,0.204409,0.813208,-0.09936,0.368528,-0.020843
0.3732,161,0,204.9,249.7,0.3771,0.1226,0.0174,1,1,1,6e-05,1.2761,0.4491,-0.37172,0.312064,0.396412,0.449062,-0.094906,0.248455,0.036042
0.2948,162,0,568.1,264.0,0.2987,-0.1979,0.0525,1,1,1,6e-05,0.7786,0.433,0.432985,0.014192,-0.00213,-0.268607,-0.023795,-0.191477,-0.042058
0.573,163,0,310.3,169.7,0.577,0.0157,0.0438,0,1,0,,,,,,,,,,
0.3709,164,0,88.3,152.7,0.3749,0.2196,0.1242,0,0,0,,,,,,,,,,
0.3493,165,0,279.2,215.3,0.3533,0.0384,0.0692,1,1,1,4e-05,1.0615,0.3543,-0.002875,0.145703,0.354347,0.014325,-0.013139,0.006393,0.170634
0.2476,166,0,264.8,247.3,0.2516,0.0339,0.0963,1,1,1,8e-05,0.7556,0.4747,0.432673,0.00836,0.474726,-0.291568,0.050913,-0.236631,0.400948
0.1284,167,0,388.4,262.3,0.1323,-0.013,0.1651,1,1,1,0.0001,0.4089,0.9629,0.962912,-0.318151,0.41739,-0.63834,0.114172,-0.71714,0.614592
0.6296,168,0,208.9,340.1,0.6336,0.2468,-0.3706,0,0,0,,,,,,,,,,
0.5459,169,0,635.1,15.3,0.5499,-0.4154,0.2656,1,1,0,0.04724,0.703,1.3914,-1.377896,-0.65663,-0.852893,1.391418,0.08562,0.070106,0.002857
0.479,170,0,598.6,324.7,0.4829,-0.4415,-0.184,0,1,0,,,,,,,,,,
0.3949,171,0,432.4,259.1,0.3989,-0.1299,-0.0084,1,1,1,9e-05,1.2342,0.187,-0.092085,0.015047,0.01863,0.187029,-0.001507,0.112283,0.004518
0.1856,172,0,504.6,180.7,0.1895,-0.067,0.1614,1,1,1,5e-05,0.4372,0.8969,0.896931,-0.136112,0.319208,-0.610016,0.033649,-0.649436,0.354446
0.5029,173,0,60.4,327.0,0.5069,0.4372,-0.2116,0,0,0,,,,,,,,,,
0.2302,174,0,113.4,296.1,0.2342,0.1208,0.0741,1,1,1,8e-05,0.9314,0.6416,0.265421,0.085229,0.641636,-0.11576,0.015265,-0.090205,0.421816
0.1785,175,0,406.8,128.2,0.1825,-0.0279,0.1818,1,1,1,4e-05,0.4504,0.7525,0.752542,-0.173536,0.39352,-0.596813,0.05025,-0.644361,0.455111
0.0947,176,0,112.4,25.5,0.0986,0.011,0.2021,1,1,1,6e-05,0.3819,0.8207,0.764835,-0.403015,0.467505,-0.665303,0.111624,-0.82071,0.725926
0.5504,177,0,44.2,32.4,0.5544,0.3729,0.2455,0,0,0,,,,,,,,,,
0.365,178,0,331.4,46.3,0.369,-0.0095,0.2171,1,1,1,5e-05,0.871,0.2488,-0.191252,0.090361,0.248793,-0.176185,-0.019764,-0.113627,0.120017
0.1739,179,0,347.3,178.8,0.1779,-0.0088,0.1662,1,1,1,9e-05,0.4757,0.7471,0.747104,-0.182959,0.439799,-0.571512,0.068848,-0.58744,0.511187
0.2802,180,0,278.0,313.5,0.2842,0.0332,0.0165,1,1,1,8e-05,0.965,0.4146,0.331377,0.100099,0.414631,-0.082229,0.037027,-0.052208,0.283123
0.1897,181,0,322.6,334.9,0.1936,-0.0012,0.0859,1,1,1,4e-05,0.5942,0.7959,0.795946,-0.100436,0.451458,-0.45304,0.101277,-0.356113,0.491532
0.5224,182,0,464.3,174.2,0.5264,-0.212,0.0528,1,1,0,0.00057,0.8676,1.2268,-1.037338,-0.248307,-0.252211,1.226796,0.021876,0.217811,-0.01294
0.271,183,0,230.2,195.2,0.2749,0.0589,0.1212,1,1,1,6e-05,0.8187,0.4974,0.240663,0.055232,0.497382,-0.228522,0.018458,-0.191587,0.359089
0.4291,184,0,554.3,329.3,0.4331,-0.3274,-0.1446,0,1,0,,,,,,,,,,
0.5483,185,0,627.9,263.5,0.5522,-0.5297,-0.1176,0,1,0,,,,,,,,,,
0.642,186,0,572.6,97.9,0.646,-0.4344,0.1515,0,1,0,,,,,,,,,,
0.1582,187,0,249.9,179.0,0.1622,0.0191,0.1715,1,1,1,9e-05,0.4883,0.6747,0.674735,-0.211027,0.508045,-0.558944,0.078135,-0.570374,0.588676
0.4636,188,0,525.7,121.3,0.4676,-0.2481,0.1394,1,1,1,7e-05,1.2814,0.4855,-0.485545,-0.174773,-0.249643,0.234196,0.040744,0.192395,-0.061601
0.2805,189,0,139.7,126.5,0.2845,0.1153,0.1647,1,1,1,5e-05,0.9043,0.5794,-0.022409,0.134671,0.579415,-0.142913,-0.039216,-0.113603,0.312135
0.5121,190,0,151.4,12.6,0.5161,0.2057,0.2638,0,0,0,,,,,,,,,,
0.1476,191,0,608.2,81.4,0.1516,-0.0616,0.1973,1,1,1,6e-05,0.3831,0.9834,0.983419,-0.236346,0.301671,-0.664136,0.04812,-0.86318,0.415797
0.4398,192,0,222.5,29.8,0.4438,0.1009,0.2373,1,1,1,6e-05,1.3438,0.8274,-0.827379,0.239482,0.25699,0.303385,-0.102904,0.27065,-0.02286
0.5935,193,0,235.9,202.5,0.5975,0.1478,-0.023,0,1,0,,,,,,,,,,
0.611,194,0,551.4,331.8,0.615,-0.4915,-0.3289,0,1,0,,,,,,,,,,
0.5636,195,0,65.6,188.6,0.5676,0.4146,0.0145,0,0,0,,,,,,,,,,
0.1774,196,0,276.9,1.3,0.1813,0.0121,0.2177,1,1,1,7e-05,0.4798,0.6018,0.479281,-0.152184,0.481298,-0.567407,0.029777,-0.601759,0.495702
0.1697,197,0,486.4,57.0,0.1737,-0.0455,0.2028,1,1,1,7e-05,0.4118,0.7859,0.785914,-0.187594,0.346399,-0.635367,0.036305,-0.74548,0.416507
0.5518,198,0,182.7,219.3,0.5558,0.2259,-0.0351,0,0,0,,,,,,,,,,
0.368,199,0,140.1,215.8,0.3719,0.181,0.0597,1,1,1,8e-05,1.1808,0.5558,-0.555784,0.407439,0.462629,0.548437,-0.145154,0.294341,0.01096
0.5385,200,0,284.7,209.0,0.5424,0.0558,-0.0103,0,1,0,,,,,,,,,,
0.1088,201,0,139.2,179.0,0.1127,0.0196,0.1887,1,1,1,9e-05,0.4129,0.7496,0.749575,-0.353757,0.505487,-0.634261,0.106659,-0.720062,0.710446
0.6491,202,0,328.5,284.8,0.6531,-0.0182,-0.2384,0,0,0,,,,,,,,,,
0.3977,203,0,304.4,106.8,0.4017,0.0153,0.1639,1,1,1,7e-05,1.0475,0.2798,-0.279773,0.131632,0.253682,0.000298,-0.032216,0.023716,0.08708
0.3647,204,0,237.9,42.1,0.3687,0.0682,0.2203,1,1,1,8e-05,0.9831,0.3672,-0.336252,0.171116,0.367167,-0.064069,-0.056048,-0.009436,0.126428
0.6369,205,0,511.4,320.8,0.6408,-0.4202,-0.3237,0,1,0,,,,,,,,,,
0.1165,206,0,235.3,90.6,0.1205,0.0103,0.1974,1,1,1,0.0001,0.4048,0.752,0.747877,-0.336168,0.477943,-0.642415,0.094813,-0.752024,0.666327
0.1908,207,0,279.2,290.5,0.1947,0.0176,0.1092,1,1,1,4e-05,0.5994,0.6985,0.698506,-0.110906,0.490048,-0.447777,0.09133,-0.379615,0.520202
0.1706,208,0,543.7,256.2,0.1745,-0.0764,0.1393,1,1,1,6e-05,0.4179,1.0597,1.059748,-0.149813,0.312296,-0.629268,0.043523,-0.651517,0.356922
0.6097,209,0,404.3,295.1,0.6137,-0.1704,-0.2333,0,1,0,,,,,,,,,,
0.5155,210,0,103.8,295.9,0.5195,0.3602,-0.1585,0,0,0,,,,,,,,,,
0.6243,211,0,156.0,106.0,0.6282,0.2754,0.1397,0,0,0,,,,,,,,,,
0.482,212,0,231.7,104.0,0.486,0.1096,0.1578,1,1,1,0.0001,1.2436,1.1163,-1.116288,0.241464,0.20261,0.828311,-0.101878,0.370818,-0.020327
0.2649,213,0,85.1,173.9,0.2688,0.1459,0.1379,1,1,1,6e-05,0.9708,0.6501,-0.011413,0.164458,0.650068,-0.076438,-0.051486,-0.062993,0.325116
0.4341,214,0,348.2,217.2,0.438,-0.0348,0.026,1,1,1,6e-05,1.3865,0.3595,-0.359513,0.101302,0.123974,0.339264,-0.028919,0.206392,0.007466
0.5514,215,0,276.7,319.3,0.5554,0.0803,-0.2404,0,1,0,,,,,,,,,,
0.4881,216,0,597.3,160.5,0.492,-0.3704,0.0834,1,1,0,0.00228,0.7708,1.3236,-1.023916,-0.52823,-0.49556,1.323621,0.070778,0.135458,-0.013612
0.4411,217,0,275.6,100.4,0.4451,0.0493,0.166,1,1,1,9e-05,1.2822,0.5776,-0.57758,0.180195,0.227333,0.234984,-0.065013,0.197593,0.010252
0.2211,218,0,605.4,289.6,0.2251,-0.1558,0.0859,1,1,1,6e-05,0.5344,0.8649,0.864935,0.018949,0.164435,-0.512752,-0.028918,-0.416545,0.063626
0.4731,219,0,146.0,277.8,0.477,0.2561,-0.0915,0,0,0,,,,,,,,,,
0.567,220,0,552.7,52.7,0.571,-0.332,0.2206,1,1,0,0.03415,0.6979,1.3965,-1.341571,-0.508606,-0.677916,1.396547,0.065002,0.069513,-0.002742
0.2559,221,0,276.9,98.4,0.2599,0.0236,0.1843,1,1,1,7e-05,0.6665,0.4503,0.265184,-0.003019,0.450342,-0.380659,0.012369,-0.348678,0.361522
0.1002,222,0,635.8,344.2,0.1042,-0.0309,0.1745,1,1,1,5e-05,0.3767,1.1432,1.143242,-0.422398,0.330621,-0.670519,0.144552,-0.898819,0.640923
0.5711,223,0,23.0,16.2,0.575,0.4128,0.268,0,0,0,,,,,,,,,,
0.526,224,0,213.6,114.7,0.53,0.148,0.1386,1,1,0,0.04527,0.6764,1.418,-1.408798,0.290782,-0.039545,1.417995,-0.121023,0.071681,-0.008373
0.2716,225,0,203.9,265.8,0.2756,0.083,0.0666,1,1,1,8e-05,0.9456,0.5251,0.235056,0.104255,0.525059,-0.101643,0.016699,-0.079727,0.339351
0.1508,226,0,190.4,139.4,0.1548,0.0307,0.184,1,1,1,8e-05,0.4873,0.6115,0.604477,-0.217446,0.540091,-0.559857,0.070454,-0.578568,0.611469
0.571,227,0,48.0,313.6,0.575,0.5221,-0.245,0,0,0,,,,,,,,,,
0.5676,228,0,294.9,247.8,0.5715,0.0441,-0.0983,0,1,0,,,,,,,,,,
0.5029,229,0,250.1,256.3,0.5068,0.1078,-0.0739,0,1,0,,,,,,,,,,
0.5002,230,0,50.0,49.7,0.5042,0.3319,0.2212,0,0,0,,,,,,,,,,
0.546,231,0,451.6,66.7,0.55,-0.1822,0.2017,1,1,1,0.0001,1.2194,1.098,-1.098036,-0.21065,-0.242778,0.774461,0.045424,0.395023,-0.045758
0.2542,232,0,512.6,119.8,0.2581,-0.1066,0.173,1,1,1,4e-05,0.5416,0.5437,0.543738,-0.015858,0.202416,-0.505618,-0.009469,-0.488287,0.158793
0.1159,233,0,70.8,160.4,0.1198,0.0322,0.1887,1,1,1,5e-05,0.4395,0.7032,0.665404,-0.312036,0.549508,-0.607739,0.092482,-0.659764,0.70324
0.3992,234,0,347.8,224.8,0.4031,-0.0313,0.0334,1,1,1,8e-05,1.2081,0.1755,-0.152212,0.107982,0.175495,0.16095,-0.01625,0.103504,0.055652
0.5013,235,0,45.9,223.8,0.5053,0.4054,-0.0175,0,0,0,,,,,,,,,,
0.5414,236,0,90.8,214.2,0.5454,0.3669,-0.0209,0,0,0,,,,,,,,,,
0.6331,237,0,123.9,328.8,0.6371,0.432,-0.3424,0,0,0,,,,,,,,,,
0.2131,238,0,455.5,313.9,0.217,-0.072,0.0766,1,1,1,4e-05,0.562,0.858,0.858,-0.03702,0.317171,-0.485159,0.051391,-0.377375,0.300502
0.0768,239,0,425.6,333.4,0.0808,-0.0003,0.1992,1,1,1,5e-05,0.3654,0.9195,0.870659,-0.484471,0.402141,-0.681779,0.145174,-0.919524,0.768874
0.5307,240,0,525.3,85.3,0.5346,-0.2801,0.1777,1,1,1,9e-05,1.2234,1.0633,-1.06332,-0.360792,-0.377237,0.870972,0.078346,0.37675,-0.040252
0.2906,241,0,411.1,288.6,0.2946,-0.0735,0.0322,1,1,1,7e-05,0.8222,0.4493,0.449258,0.051758,0.23369,-0.224951,0.029181,-0.152264,0.173272
0.0927,242,0,288.1,332.7,0.0967,0.0021,0.1834,1,1,1,8e-05,0.3835,0.9108,0.910754,-0.435017,0.429897,-0.663714,0.140773,-0.816376,0.737747
0.598,243,0,100.0,350.2,0.6019,0.4672,-0.3656,0,0,0,,,,,,,,,,
0.2093,244,0,94.0,350.4,0.2132,0.1225,0.0555,1,1,1,9e-05,0.9296,0.6618,0.344138,0.063975,0.661759,-0.117608,0.032317,-0.082717,0.458514
0.6087,245,0,6.2,117.7,0.6127,0.5181,0.1225,0,0,0,,,,,,,,,,
0.5648,246,0,506.5,139.3,0.5688,-0.2889,0.0958,1,1,0,0.04002,0.6957,1.3987,-1.159312,-0.379302,-0.596263,1.39874,0.020151,0.067705,-0.001205
0.1643,247,0,196.8,125.1,0.1682,0.0339,0.1852,1,1,1,6e-05,0.5125,0.5793,0.547252,-0.179011,0.543191,-0.534716,0.058942,-0.541979,0.579289
0.3275,248,0,614.1,289.3,0.3314,-0.2781,0.0025,1,1,1,7e-05,1.0511,0.1942,0.171777,-0.09534,-0.194169,0.003936,-0.010865,0.001609,-0.099297
0.2881,249,0,169.1,347.8,0.2921,0.1297,-0.027,1,1,1,6e-05,1.3109,0.5258,0.031243,0.277327,0.525824,0.277423,-0.054451,0.153041,0.157964
0.4815,250,0,134.9,152.9,0.4854,0.2414,0.0956,0,0,0,,,,,,,,,,
0.6176,251,0,493.2,39.2,0.6215,-0.2692,0.2422,0,1,0,,,,,,,,,,
0.5525,252,0,431.7,22.5,0.5564,-0.1503,0.2578,1,1,1,9e-05,1.2086,1.237,-1.236999,-0.192283,-0.228355,0.808219,0.043824,0.405804,-0.047278
0.5828,253,0,302.8,212.1,0.5868,0.0299,-0.0365,0,1,0,,,,,,,,,,
0.6101,254,0,321.8,27.8,0.6141,-0.0027,0.2575,0,1,0,,,,,,,,,,
0.0821,255,0,609.1,175.0,0.086,-0.0057,0.198,1,1,1,6e-05,0.3684,0.9268,0.908307,-0.474333,0.386108,-0.678807,0.144257,-0.926824,0.741964
0.6327,256,0,536.9,267.0,0.6367,-0.4418,-0.1826,0,1,0,,,,,,,,,,
0.2203,257,0,4.7,156.8,0.2242,0.1469,0.161,1,1,1,6e-05,0.8615,0.7179,0.061752,0.09624,0.717885,-0.185747,-0.039139,-0.157038,0.424096
0.2547,258,0,68.9,264.6,0.2587,0.1637,0.079,1,1,1,9e-05,1.0822,0.6823,0.049303,0.202458,0.682329,0.035,-0.053519,0.014974,0.311351
0.5336,259,0,24.9,48.1,0.5376,0.3906,0.2249,0,0,0,,,,,,,,,,
0.4676,260,0,387.8,77.4,0.4716,-0.079,0.1896,1,1,1,0.0001,1.2018,0.5596,-0.559562,0.024964,0.011495,0.154623,-0.009887,0.161159,-0.025699
0.443,261,0,83.5,242.3,0.447,0.3084,-0.0146,0,0,0,,,,,,,,,,
0.4858,262,0,3.5,184.1,0.4897,0.4313,0.0506,0,0,0,,,,,,,,,,
0.581,263,0,485.5,254.1,0.585,-0.301,-0.1195,0,1,0,,,,,,,,,,
0.2989,264,0,484.0,331.9,0.3028,-0.1451,-0.0204,1,1,1,6e-05,0.9302,0.3918,0.391845,0.040616,0.081419,-0.116956,0.006686,-0.059055,0.039173
0.2227,265,0,21.9,65.2,0.2266,0.1286,0.2012,1,1,1,5e-05,0.788,0.6807,0.01444,0.077113,0.680741,-0.259173,-0.043028,-0.22024,0.414372
0.3613,266,0,26.7,38.9,0.3652,0.2399,0.2224,0,0,0,,,,,,,,,,
0.4949,267,0,161.6,102.8,0.4988,0.2026,0.158,0,0,0,,,,,,,,,,
0.2724,268,0,547.0,310.3,0.2763,-0.1721,0.0266,1,1,1,7e-05,0.7542,0.5583,0.558275,0.035604,0.071865,-0.292978,-0.013899,-0.190174,0.007105
0.1406,269,0,454.2,306.8,0.1445,-0.0333,0.1441,1,1,1,8e-05,0.4114,1.0677,1.067727,-0.265519,0.382823,-0.635792,0.105853,-0.672935,0.541465
0.2093,270,0,128.4,233.3,0.2133,0.0898,0.1269,1,1,1,8e-05,0.7514,0.6217,0.350571,-0.016491,0.62167,-0.295804,0.039458,-0.251957,0.50483
0.1968,271,0,280.5,17.0,0.2008,0.0134,0.2163,1,1,1,5e-05,0.5158,0.5442,0.414444,-0.109233,0.474254,-0.531431,0.021133,-0.544159,0.455785
0.1252,272,0,139.2,118.6,0.1292,0.0276,0.1927,1,1,1,5e-05,0.4412,0.6687,0.654153,-0.289445,0.535336,-0.606005,0.083439,-0.661459,0.66872
0.2534,273,0,301.6,247.6,0.2573,0.0117,0.0925,1,1,1,8e-05,0.7367,0.4686,0.468573,0.006991,0.429737,-0.310483,0.051315,-0.250656,0.370515
0.2336,274,0,593.4,309.5,0.2376,-0.1662,0.0614,1,1,1,4e-05,0.5961,0.7868,0.786782,0.03502,0.131904,-0.451082,-0.027283,-0.332105,0.03047
0.194,275,0,24.9,276.5,0.198,0.1289,0.114,1,1,1,8e-05,0.8299,0.7117,0.282136,0.019102,0.711705,-0.217338,0.019113,-0.17847,0.51581
0.6493,276,0,212.6,208.6,0.6533,0.2105,-0.0599,0,0,0,,,,,,,,,,
0.4265,277,0,191.8,168.7,0.4304,0.1469,0.0911,1,1,1,8e-05,1.2484,0.815,-0.815036,0.339811,0.33018,0.675089,-0.128623,0.340297,-0.016844
0.4072,278,0,437.4,76.4,0.4112,-0.1156,0.1922,1,1,1,9e-05,0.942,0.2391,-0.239132,0.010822,0.019387,-0.105214,0.000512,-0.048705,0.005138
0.119,279,0,348.2,237.1,0.123,-0.0043,0.1758,1,1,1,5e-05,0.4032,0.9113,0.911307,-0.348416,0.433393,-0.643971,0.117178,-0.745915,0.652535
0.5428,280,0,80.8,351.2,0.5467,0.4547,-0.3082,0,0,0,,,,,,,,,,
0.6264,281,0,529.6,336.3,0.6303,-0.4607,-0.3565,0,0,0,,,,,,,,,,
0.435,282,0,251.8,271.5,0.4389,0.09,-0.0536,1,1,0,0.01665,0.6705,1.4239,-0.979512,0.298215,0.143381,1.423942,-0.101529,0.071158,-0.00187
0.2417,283,0,358.3,244.6,0.2456,-0.0226,0.1017,1,1,1,9e-05,0.65,0.5925,0.592521,-0.023683,0.381326,-0.397162,0.052376,-0.331309,0.354127
0.1389,284,0,551.8,146.5,0.1429,-0.0465,0.1851,1,1,1,6e-05,0.3857,1.0126,1.012557,-0.277773,0.334542,-0.661473,0.075417,-0.833589,0.489002
0.189,285,0,7.0,230.1,0.1929,0.1238,0.1395,1,1,1,7e-05,0.779,0.7138,0.260168,-0.001882,0.713829,-0.268224,0.014624,-0.229853,0.53135
0.2397,286,0,611.9,70.2,0.2437,-0.1412,0.199,1,1,1,6e-05,0.4877,0.5755,0.575543,-0.010369,0.127079,-0.559463,-0.032697,-0.570964,0.07669
0.6032,287,0,629.8,187.1,0.6072,-0.5451,0.0022,0,1,0,,,,,,,,,,
0.1796,288,0,500.1,42.8,0.1836,-0.0537,0.2071,1,1,1,6e-05,0.4176,0.748,0.748039,-0.158549,0.327636,-0.629604,0.023562,-0.730289,0.374538
0.2504,289,0,247.8,317.1,0.2544,0.049,0.0403,1,1,1,8e-05,0.8776,0.4816,0.421927,0.057221,0.481633,-0.169561,0.055206,-0.115643,0.373174
0.2449,290,0,296.4,173.1,0.2488,0.0131,0.145,1,1,1,8e-05,0.6603,0.4445,0.424384,-0.024588,0.444544,-0.386862,0.036727,-0.347696,0.390937
0.1855,291,0,503.4,19.7,0.1895,-0.0566,0.2141,1,1,1,5e-05,0.4215,0.7206,0.69982,-0.141624,0.318605,-0.62565,0.015472,-0.720599,0.351886
0.3571,292,0,528.1,221.9,0.3611,-0.2029,0.0584,1,1,1,7e-05,0.9565,0.1196,0.119585,-0.029854,-0.070401,-0.090661,-0.00618,-0.064081,-0.043866
0.3241,293,0,236.5,46.9,0.328,0.0599,0.2143,1,1,1,3e-05,0.8609,0.4206,-0.145357,0.122804,0.420594,-0.186255,-0.036536,-0.132194,0.213433
0.3959,294,0,631.7,214.2,0.3999,-0.343,0.0481,1,1,1,5e-05,1.3089,0.3599,-0.228019,-0.262446,-0.359893,0.261741,0.04504,0.167519,-0.067195
0.6495,295,0,633.7,318.7,0.6535,-0.7021,-0.3298,0,0,0,,,,,,,,,,
0.2332,296,0,610.3,240.3,0.2371,-0.1617,0.1094,1,1,1,5e-05,0.5375,0.7776,0.777566,0.017819,0.134423,-0.509686,-0.036398,-0.443194,0.041489
0.5365,297,0,402.0,125.4,0.5404,-0.118,0.1221,1,1,1,9e-05,1.2402,1.0114,-1.011418,-0.095783,-0.119039,0.840468,0.0052,0.374243,-0.032479
0.5545,298,0,87.9,166.5,0.5584,0.3623,0.0549,0,0,0,,,,,,,,,,
0.109,299,0,290.9,216.4,0.1129,0.0033,0.1841,1,1,1,5e-05,0.3972,0.8635,0.863489,-0.375844,0.449273,-0.649954,0.119597,-0.768924,0.689407
0.4442,300,0,182.5,343.6,0.4481,0.2042,-0.1862,0,0,0,,,,,,,,,,
0.5149,301,0,233.6,186.1,0.5189,0.1264,0.037,0,1,0,,,,,,,,,,
0.2238,302,0,504.0,298.1,0.2277,-0.1033,0.078,1,1,1,4e-05,0.5619,0.8361,0.83608,-0.009482,0.256657,-0.485274,0.021457,-0.38162,0.20708
0.3663,303,0,152.5,229.9,0.3703,0.1703,0.0447,1,1,1,8e-05,1.198,0.5323,-0.502853,0.390242,0.455461,0.532329,-0.134431,0.285298,0.017093
0.2412,304,0,361.5,77.3,0.2451,-0.0204,0.1957,1,1,1,3e-05,0.5684,0.4788,0.40493,-0.045671,0.376504,-0.478829,0.014309,-0.466366,0.336863
0.5045,305,0,481.3,129.0,0.5085,-0.2167,0.1226,1,1,1,6e-05,1.2953,0.7187,-0.71871,-0.181158,-0.22608,0.499595,0.037751,0.319175,-0.048262
0.1748,306,0,29.9,342.3,0.1788,0.1154,0.097,1,1,1,9e-05,0.7925,0.7002,0.408347,-0.034326,0.700174,-0.254714,0.054477,-0.198161,0.572119
0.2021,307,0,306.1,331.5,0.206,0.007,0.0756,1,1,1,3e-05,0.6457,0.7235,0.72347,-0.067266,0.457681,-0.401488,0.095716,-0.303277,0.471359
0.5927,308,0,145.5,354.8,0.5966,0.369,-0.3726,0,0,0,,,,,,,,,,
0.4128,309,0,340.6,22.0,0.4168,-0.0196,0.2413,1,1,1,4e-05,0.9985,0.4435,-0.443545,0.095205,0.155444,-0.048671,-0.025771,0.024104,0.034395
0.6093,310,0,161.0,77.0,0.6132,0.2523,0.1865,0,0,0,,,,,,,,,,
0.0876,311,0,396.4,159.9,0.0916,-0.0029,0.1968,1,1,1,5e-05,0.372,0.8917,0.888402,-0.452007,0.404989,-0.675233,0.136389,-0.891662,0.73109
0.2316,312,0,237.8,311.0,0.2356,0.0494,0.0621,1,1,1,8e-05,0.8015,0.5078,0.485932,0.013437,0.507807,-0.245694,0.067752,-0.178708,0.431327
0.2013,313,0,206.6,218.5,0.2052,0.0491,0.1385,1,1,1,3e-05,0.6428,0.5503,0.493668,-0.080457,0.550328,-0.404391,0.061176,-0.361463,0.519907
0.222,314,0,356.4,276.7,0.226,-0.0197,0.0935,1,1,1,3e-05,0.6211,0.6894,0.689363,-0.049167,0.400694,-0.426068,0.068485,-0.347921,0.396217
0.268,315,0,302.6,207.5,0.272,0.0114,0.1138,1,1,1,7e-05,0.7421,0.4177,0.380312,0.018811,0.41772,-0.305086,0.035559,-0.256778,0.342158
0.3893,316,0,143.1,41.2,0.3933,0.1593,0.2228,1,1,1,8e-05,1.2567,0.7137,-0.713685,0.331454,0.407589,0.258444,-0.140355,0.23242,0.012782
0.5694,317,0,600.0,6.8,0.5734,-0.3844,0.2794,0,1,0,,,,,,,,,,
0.6307,318,0,616.0,195.2,0.6347,-0.5528,-0.0243,0,1,0,,,,,,,,,,
0.3282,319,0,451.1,196.3,0.3322,-0.1114,0.0971,1,1,1,5e-05,0.8013,0.2657,0.265664,0.032699,0.133007,-0.245904,0.00257,-0.194192,0.08598
0.1907,320,0,298.5,245.5,0.1947,0.0088,0.1315,1,1,1,5e-05,0.5603,0.6913,0.691344,-0.126645,0.474285,-0.486901,0.079338,-0.443468,0.509765
0.4548,321,0,457.9,176.8,0.4588,-0.1723,0.0717,1,1,1,6e-05,1.3066,0.38,-0.37995,-0.066715,-0.100845,0.259405,0.008561,0.178955,-0.034865
0.2919,322,0,602.2,84.0,0.2959,-0.1825,0.1902,1,1,1,7e-05,0.6126,0.4346,0.30868,0.001974,-0.006341,-0.434555,-0.025198,-0.386979,-0.030684
0.4233,323,0,176.1,19.0,0.4272,0.1406,0.2452,1,1,1,6e-05,1.2888,0.8879,-0.887929,0.299388,0.311409,0.349699,-0.132552,0.29476,-0.02652
0.4106,324,0,402.3,359.8,0.4146,-0.1134,-0.1798,1,1,0,0.03493,0.6831,1.4113,-0.694436,0.010193,-0.223126,1.411288,-0.050692,0.063463,-0.003682
0.1469,325,0,193.7,270.7,0.1509,0.0329,0.1502,1,1,1,8e-05,0.5129,0.711,0.710967,-0.226821,0.544442,-0.534271,0.10105,-0.513692,0.642927
0.2568,326,0,231.2,305.7,0.2608,0.0616,0.0444,1,1,1,8e-05,0.9085,0.4981,0.362131,0.074253,0.498136,-0.138661,0.043589,-0.097596,0.363084
0.0965,327,0,155.5,320.6,0.1004,0.0131,0.181,1,1,1,5e-05,0.3977,0.8445,0.844468,-0.40776,0.474711,-0.649482,0.131767,-0.75497,0.746253
0.1747,328,0,548.3,113.5,0.1786,-0.0695,0.1869,1,1,1,8e-05,0.4085,0.8948,0.894758,-0.16125,0.302013,-0.63871,0.026163,-0.745048,0.352702
0.6288,329,0,312.2,174.0,0.6328,0.0141,0.018,0,1,0,,,,,,,,,,
0.3857,330,0,481.6,165.6,0.3896,-0.1631,0.107,1,1,1,8e-05,0.959,0.0882,-0.025335,-0.013324,-0.025623,-0.088187,-0.000221,-0.059396,-0.013183
0.2816,331,0,203.8,353.8,0.2855,0.0977,-0.0266,1,1,1,5e-05,1.2122,0.491,0.153095,0.21164,0.49098,0.165049,-0.015342,0.096494,0.209199
0.5997,332,0,566.8,236.2,0.6036,-0.456,-0.0932,0,1,0,,,,,,,,,,
0.2716,333,0,226.9,150.0,0.2756,0.0583,0.1515,1,1,1,6e-05,0.7856,0.4974,0.188416,0.050065,0.497427,-0.261592,0.007691,-0.225,0.354342
0.5447,334,0,529.3,343.1,0.5487,-0.3953,-0.2905,0,1,0,,,,,,,,,,
0.4881,335,0,288.9,298.5,0.4921,0.0487,-0.141,0,1,0,,,,,,,,,,
0.1927,336,0,332.2,66.1,0.1967,-0.0042,0.2006,1,1,1,7e-05,0.4923,0.5794,0.544768,-0.133348,0.439435,-0.554905,0.034047,-0.579353,0.454967
0.3862,337,0,450.4,71.5,0.3902,-0.1197,0.1969,1,1,1,9e-05,0.8695,0.1777,-0.149103,0.011555,0.032292,-0.177657,5e-05,-0.115155,0.016109
0.4159,338,0,514.7,235.4,0.4198,-0.2332,0.0108,1,1,1,5e-05,1.3169,0.2697,-0.22011,-0.119213,-0.168317,0.269706,0.01496,0.163171,-0.041928
0.3846,339,0,29.7,83.4,0.3886,0.2683,0.1865,0,0,0,,,,,,,,,,
0.2316,340,0,271.2,73.5,0.2356,0.0225,0.1976,1,1,1,9e-05,0.6059,0.47,0.32276,-0.042351,0.470047,-0.441274,0.016174,-0.421103,0.404729
0.4436,341,0,295.2,287.6,0.4475,0.0342,-0.0859,1,1,0,0.02164,0.6739,1.4205,-0.91185,0.211216,0.039433,1.420466,-0.083018,0.069339,-0.003522
0.1616,342,0,26.2,173.3,0.1656,0.0826,0.172,1,1,1,3e-05,0.6133,0.6613,0.393232,-0.12155,0.661286,-0.433935,0.045016,-0.406242,0.609659
0.3828,343,0,547.1,318.6,0.3868,-0.2718,-0.0831,1,1,1,6e-05,1.357,0.5468,-0.251631,-0.186613,-0.219677,0.54683,0.026649,0.257454,-0.020341
0.5401,344,0,471.3,247.2,0.5441,-0.2509,-0.0806,0,1,0,,,,,,,,,,
0.4978,345,0,178.4,82.5,0.5017,0.1786,0.1827,1,1,0,0.02972,0.6725,1.5061,-1.506132,0.332058,0.076366,1.421948,-0.136056,0.073761,-0.004413
0.3907,346,0,613.8,82.7,0.3946,-0.2766,0.1869,1,1,1,4e-05,0.9591,0.2827,-0.209985,-0.147054,-0.282735,-0.088092,0.029879,-0.027726,-0.107379
0.5001,347,0,348.3,134.5,0.5041,-0.0379,0.1161,1,1,1,8e-05,1.291,0.7695,-0.769469,0.0557,0.038773,0.524379,-0.0323,0.323452,-0.035064
0.3086,348,0,84.3,133.8,0.3126,0.1728,0.1544,1,1,1,4e-05,1.1291,0.6112,-0.267772,0.282683,0.611166,0.081939,-0.109807,0.07092,0.182906
0.4766,349,0,609.9,246.3,0.4805,-0.4146,-0.0407,0,1,0,,,,,,,,,,
0.4121,350,0,639.9,81.6,0.4161,-0.3213,0.1871,1,1,1,9e-05,1.0998,0.3809,-0.356413,-0.236628,-0.380926,0.052618,0.061581,0.089849,-0.100769
0.4677,351,0,68.9,58.5,0.4716,0.2874,0.2103,0,0,0,,,,,,,,,,
0.3979,352,0,528.6,228.9,0.4018,-0.2349,0.0291,1,1,1,7e-05,1.1886,0.1592,-0.111246,-0.100625,-0.159229,0.141396,0.009287,0.091171,-0.051957
0.6053,353,0,506.0,344.2,0.6093,-0.3973,-0.357,0,0,0,,,,,,,,,,
0.5098,354,0,517.6,155.6,0.5138,-0.2764,0.0844,1,1,1,9e-05,1.2029,0.8989,-0.898936,-0.319301,-0.327646,0.89151,0.054753,0.357833,-0.030502
0.2178,355,0,149.7,325.5,0.2218,0.0951,0.0643,1,1,1,8e-05,0.8662,0.6048,0.396296,0.033851,0.604784,-0.18105,0.050913,-0.131591,0.463458
0.2084,356,0,627.4,108.6,0.2124,-0.125,0.1844,1,1,1,4e-05,0.4388,0.7966,0.796634,-0.045975,0.188998,-0.608384,-0.02818,-0.66294,0.146596
0.1701,357,0,215.2,174.7,0.1741,0.0324,0.1688,1,1,1,6e-05,0.5315,0.5859,0.585943,-0.168808,0.536471,-0.515651,0.068226,-0.507091,0.574283
0.6088,358,0,168.8,318.3,0.6128,0.3143,-0.291,0,0,0,,,,,,,,,,
0.3019,359,0,99.4,158.9,0.3059,0.1612,0.1373,1,1,1,8e-05,1.0993,0.6104,-0.180458,0.250611,0.610384,0.052129,-0.089026,0.041872,0.216221
0.2948,360,0,530.1,237.7,0.2988,-0.1625,0.0761,1,1,1,6e-05,0.7311,0.4507,0.4507,0.024141,0.070757,-0.31606,-0.013442,-0.241787,0.020219
0.1756,361,0,504.8,217.9,0.1796,-0.0635,0.1514,1,1,1,5e-05,0.4291,0.9689,0.96893,-0.156912,0.330291,-0.618123,0.047152,-0.651377,0.384305
0.5822,362,0,507.3,167.6,0.5861,-0.3096,0.0445,0,1,0,,,,,,,,,,
0.504,363,0,425.7,54.4,0.508,-0.1317,0.216,1,1,1,5e-05,1.3391,0.7782,-0.778199,-0.069197,-0.119829,0.311911,0.016834,0.275289,-0.057728
0.3018,364,0,372.0,195.0,0.3058,-0.0395,0.1089,1,1,1,6e-05,0.7655,0.324,0.32397,0.039114,0.292615,-0.281715,0.01942,-0.2324,0.22246
0.3523,365,0,424.2,22.8,0.3563,-0.0814,0.2333,1,1,1,8e-05,0.7651,0.2821,-0.097136,0.034214,0.128494,-0.282146,-0.005398,-0.210422,0.074585
0.1322,366,0,598.7,73.8,0.1362,-0.0464,0.1991,1,1,1,8e-05,0.3794,0.988,0.987974,-0.296105,0.323131,-0.667822,0.073971,-0.894632,0.492639
0.2759,367,0,262.7,187.0,0.2799,0.0382,0.1251,1,1,1,6e-05,0.7889,0.4565,0.267715,0.04358,0.456535,-0.258267,0.022025,-0.218346,0.342253
0.5257,368,0,309.7,242.9,0.5296,0.0164,-0.0639,0,1,0,,,,,,,,,,
0.4215,369,0,33.0,137.4,0.4255,0.3137,0.1284,0,0,0,,,,,,,,,,
0.4345,370,0,13.4,341.7,0.4385,0.4421,-0.1725,0,0,0,,,,,,,,,,
0.1384,371,0,310.4,161.4,0.1423,0.0019,0.1822,1,1,1,7e-05,0.4284,0.7884,0.788414,-0.280255,0.461341,-0.618814,0.089526,-0.687899,0.607326
0.6044,372,0,42.4,245.1,0.6084,0.5229,-0.1149,0,0,0,,,,,,,,,,
0.4138,373,0,328.1,206.4,0.4178,-0.0093,0.0496,1,1,1,7e-05,1.2607,0.2589,-0.258853,0.128746,0.190879,0.213452,-0.028467,0.140324,0.043557
0.6436,374,0,560.7,323.2,0.6475,-0.5362,-0.3368,0,1,0,,,,,,,,,,
0.6462,375,0,213.5,168.7,0.6501,0.1985,0.0228,0,0,0,,,,,,,,,,
0.5957,376,0,448.2,20.7,0.5997,-0.1879,0.2654,1,1,0,0.0306,0.6921,1.4834,-1.483407,-0.3033,-0.493186,1.402291,0.028969,0.071455,-0.005858
0.2586,377,0,394.7,69.7,0.2626,-0.0403,0.1991,1,1,1,9e-05,0.5826,0.4646,0.36028,-0.022889,0.321498,-0.464615,0.005594,-0.445405,0.273606
0.2964,378,0,369.7,235.0,0.3004,-0.0386,0.0776,1,1,1,6e-05,0.7948,0.3738,0.373822,0.045827,0.297214,-0.252417,0.027903,-0.196653,0.227958
0.6349,379,0,476.4,191.8,0.6388,-0.2931,-0.0191,0,1,0,,,,,,,,,,
0.1119,380,0,546.2,54.0,0.1158,-0.0236,0.2014,1,1,1,0.0001,0.3765,0.937,0.937047,-0.372929,0.362947,-0.670687,0.105258,-0.905599,0.605326
0.6357,381,0,546.3,218.8,0.6397,-0.4378,-0.0754,0,1,0,,,,,,,,,,
0.4363,382,0,491.9,30.1,0.4403,-0.1762,0.2367,1,1,1,6e-05,1.0188,0.4537,-0.453688,-0.070344,-0.138526,-0.028361,0.025669,0.04807,-0.055832
0.6163,383,0,360.7,266.2,0.6203,-0.0803,-0.1696,0,1,0,,,,,,,,,,
0.5009,384,0,151.4,173.7,0.5049,0.2356,0.0606,0,0,0,,,,,,,,,,
0.1328,385,0,129.5,33.1,0.1368,0.0309,0.2053,1,1,1,4e-05,0.4482,0.6529,0.570545,-0.254855,0.545583,-0.599034,0.063134,-0.652915,0.637868
0.1702,386,0,596.3,284.2,0.1742,-0.0973,0.1282,1,1,1,6e-05,0.4108,1.1269,1.12689,-0.118472,0.283393,-0.636352,0.023747,-0.641359,0.290403
0.2431,387,0,10.2,229.6,0.2471,0.1813,0.1108,1,1,1,8e-05,1.0565,0.7351,-0.011991,0.209848,0.735149,0.009307,-0.076155,-0.002081,0.322668
0.3333,388,0,145.9,71.8,0.3373,0.1326,0.1972,1,1,1,7e-05,1.0463,0.5119,-0.32108,0.234772,0.511881,-0.000948,-0.088991,0.028241,0.163691
0.3895,389,0,219.0,338.5,0.3935,0.1268,-0.1205,1,1,0,0.04082,0.6717,1.4227,-0.82691,0.389643,0.092492,1.422726,-0.122717,0.064739,-0.006812
0.5901,390,0,576.1,332.9,0.594,-0.5233,-0.3109,0,1,0,,,,,,,,,,
0.3706,391,0,318.9,210.0,0.3745,0.0011,0.0649,1,1,1,4e-05,1.0789,0.2683,-0.041372,0.124205,0.268306,0.031666,-0.010877,0.020156,0.122674
0.1407,392,0,13.0,340.7,0.1446,0.0797,0.1332,1,1,1,4e-05,0.6175,0.6806,0.557743,-0.175309,0.662366,-0.429729,0.091487,-0.373991,0.680585
0.5218,393,0,354.2,245.8,0.5257,-0.0544,-0.0668,0,1,0,,,,,,,,,,
0.5463,394,0,347.0,230.1,0.5502,-0.0445,-0.052,0,1,0,,,,,,,,,,
0.5624,395,0,411.9,240.1,0.5664,-0.1583,-0.0799,0,1,0,,,,,,,,,,
0.5697,396,0,96.9,10.3,0.5737,0.3076,0.2751,0,0,0,,,,,,,,,,
0.5224,397,0,211.0,187.6,0.5263,0.1624,0.0318,0,1,0,,,,,,,,,,
0.3439,398,0,440.9,333.5,0.3478,-0.1288,-0.067,1,1,1,9e-05,1.222,0.1748,0.093784,0.035632,0.049031,0.174773,0.003904,0.100547,0.020374
0.1143,399,0,449.6,312.4,0.1183,-0.0192,0.1658,1,1,1,6e-05,0.3901,1.0515,1.051503,-0.368498,0.387056,-0.657148,0.131426,-0.779476,0.637689
0.3842,400,0,300.7,31.7,0.3881,0.0169,0.2301,1,1,1,4e-05,0.9548,0.3438,-0.343796,0.125305,0.258367,-0.092356,-0.035447,-0.026038,0.089816
0.331,401,0,200.5,302.6,0.335,0.1165,-0.0159,1,1,1,6e-05,1.2984,0.4466,-0.13674,0.289822,0.44665,0.349591,-0.069516,0.192262,0.093012
0.3055,402,0,104.3,314.4,0.3095,0.1922,-0.0072,1,1,1,9e-05,1.1561,0.5646,-0.282344,0.432097,0.564564,0.533197,-0.139014,0.265403,0.04741
0.2799,403,0,12.6,96.7,0.2838,0.1901,0.1832,1,1,1,4e-05,1.0764,0.6819,-0.279319,0.283467,0.68189,0.029223,-0.127308,0.038282,0.213749
0.2279,404,0,16.8,50.4,0.2319,0.1335,0.2073,1,1,1,5e-05,0.8042,0.6808,-0.029472,0.096694,0.68082,-0.243014,-0.053406,-0.201751,0.392666
0.2286,405,0,216.1,157.5,0.2325,0.0512,0.1583,1,1,1,8e-05,0.6781,0.5317,0.348384,-0.028123,0.531724,-0.369123,0.031612,-0.334107,0.449875
0.2612,406,0,205.2,166.3,0.2651,0.0693,0.1439,1,1,1,6e-05,0.791,0.5287,0.210976,0.046016,0.528675,-0.256222,0.011224,-0.220031,0.380756
0.2617,407,0,103.7,36.7,0.2657,0.1149,0.2157,1,1,1,4e-05,0.8228,0.599,-0.08345,0.117137,0.598965,-0.224353,-0.052426,-0.177062,0.326789
0.4877,408,0,228.0,269.7,0.4917,0.139,-0.0878,0,1,0,,,,,,,,,,
0.4073,409,0,564.7,245.9,0.4113,-0.2893,0.0016,1,1,1,9e-05,1.3872,0.34,-0.242936,-0.197893,-0.259666,0.339999,0.029559,0.19615,-0.046248
0.2837,410,0,636.4,231.1,0.2876,-0.2304,0.0879,1,1,1,6e-05,0.7161,0.4483,0.448257,0.004251,-0.067464,-0.331066,-0.042735,-0.255416,-0.105512
0.6165,411,0,195.1,12.9,0.6204,0.189,0.2787,0,1,0,,,,,,,,,,
0.575,412,0,481.7,135.7,0.579,-0.2548,0.0992,1,1,0,0.04098,0.6945,1.3999,-1.184052,-0.327464,-0.560333,1.399853,0.01111,0.067972,-0.001902
0.6235,413,0,488.3,167.5,0.6274,-0.3009,0.0321,0,1,0,,,,,,,,,,
0.3062,414,0,571.1,160.6,0.3102,-0.1874,0.1348,1,1,1,6e-05,0.6954,0.3518,0.3324,0.004469,-0.005381,-0.351755,-0.022906,-0.292675,-0.032543
0.2643,415,0,97.1,36.9,0.2683,0.1202,0.2158,1,1,1,4e-05,0.8393,0.6034,-0.105618,0.129274,0.60342,-0.207905,-0.057884,-0.160279,0.316988
0.4913,416,0,137.3,24.7,0.4952,0.2147,0.248,0,0,0,,,,,,,,,,
0.5945,417,0,615.2,247.5,0.5984,-0.547,-0.1139,0,1,0,,,,,,,,,,
0.3636,418,0,557.0,232.6,0.3675,-0.2394,0.0431,1,1,1,7e-05,1.0342,0.1449,0.060085,-0.073686,-0.144938,-0.013009,-0.002925,-0.009014,-0.070129
0.2428,419,0,229.1,178.2,0.2467,0.0501,0.1427,1,1,1,7e-05,0.7193,0.5147,0.33405,-0.002566,0.514691,-0.32794,0.03125,-0.288345,0.420718
0.4467,420,0,110.1,178.3,0.4507,0.2571,0.0725,0,0,0,,,,,,,,,,
0.2516,421,0,374.6,265.6,0.2555,-0.035,0.0804,1,1,1,9e-05,0.6846,0.5874,0.587371,0.000102,0.348887,-0.362565,0.050107,-0.284827,0.311848
0.2238,422,0,0.1,76.6,0.2278,0.1406,0.1964,1,1,1,5e-05,0.8212,0.7005,-0.01305,0.099376,0.70046,-0.226032,-0.053108,-0.188392,0.402763
0.4446,423,0,354.0,140.2,0.4486,-0.0397,0.1203,1,1,1,8e-05,1.2181,0.4018,-0.401828,0.083025,0.111615,0.170938,-0.02421,0.138573,0.011427
0.5652,424,0,439.2,311.5,0.5692,-0.2255,-0.2348,0,1,0,,,,,,,,,,
0.6389,425,0,559.8,70.6,0.6428,-0.3991,0.1959,0,1,0,,,,,,,,,,
0.1046,426,0,352.9,66.8,0.1086,-0.0028,0.2001,1,1,1,7e-05,0.3812,0.8444,0.839459,-0.388518,0.424477,-0.665987,0.111095,-0.844356,0.674703
0.4272,427,0,45.4,229.3,0.4311,0.3374,0.0129,0,0,0,,,,,,,,,,
0.3616,428,0,503.5,237.1,0.3656,-0.1851,0.039,1,1,1,5e-05,1.0007,0.1044,0.104382,-0.01747,-0.040112,-0.046475,-0.003032,-0.032475,-0.024155
0.1453,429,0,422.6,59.5,0.1492,-0.0208,0.2016,1,1,1,9e-05,0.4029,0.7985,0.798494,-0.261495,0.399178,-0.644259,0.066101,-0.770884,0.528473
0.4822,430,0,579.9,333.8,0.4861,-0.4202,-0.2056,0,1,0,,,,,,,,,,
0.2577,431,0,146.3,169.0,0.2617,0.1032,0.1434,1,1,1,6e-05,0.8521,0.5912,0.127176,0.082647,0.59121,-0.195118,-0.008761,-0.164543,0.379461
0.0848,432,0,75.3,85.3,0.0887,0.0064,0.1996,1,1,1,9e-05,0.3723,0.8635,0.817527,-0.445838,0.440322,-0.674891,0.1291,-0.863454,0.753498
0.2823,433,0,622.3,85.1,0.2862,-0.187,0.19,1,1,1,9e-05,0.5907,0.4565,0.355181,0.004592,-0.008183,-0.456461,-0.030442,-0.413443,-0.038882
0.3875,434,0,157.8,234.5,0.3915,0.1778,0.0277,1,1,1,0.0001,1.1632,0.866,-0.793606,0.425041,0.392423,0.865997,-0.146051,0.330963,-0.009067
0.1728,435,0,490.0,4.1,0.1768,-0.0457,0.2162,1,1,1,7e-05,0.4107,0.7509,0.718778,-0.174873,0.341831,-0.636501,0.026223,-0.750923,0.399228
0.5447,436,0,383.2,207.6,0.5486,-0.1011,-0.0107,1,1,0,0.04178,0.6863,1.4081,-1.059741,-0.045171,-0.312579,1.408113,-0.047055,0.066612,-0.004284
0.2923,437,0,51.5,133.6,0.2962,0.1829,0.1578,1,1,1,9e-05,1.1124,0.6536,-0.247646,0.282769,0.653558,0.065184,-0.115455,0.057277,0.204697
0.4908,438,0,328.3,126.5,0.4948,-0.0108,0.1283,1,1,1,7e-05,1.3074,0.7478,-0.747785,0.09418,0.084024,0.471231,-0.04351,0.307049,-0.031583
0.2381,439,0,66.8,21.8,0.2421,0.1158,0.2199,1,1,1,5e-05,0.7759,0.6335,-0.035804,0.086622,0.633499,-0.271326,-0.047417,-0.225666,0.374617
0.3971,440,0,57.2,141.3,0.401,0.268,0.1295,0,0,0,,,,,,,,,,
0.3832,441,0,53.9,165.5,0.3872,0.2664,0.1078,0,0,0,,,,,,,,,,
0.5139,442,0,361.3,10.9,0.5179,-0.0505,0.266,1,1,1,7e-05,1.264,1.0071,-1.007088,0.004011,-0.039882,0.424255,-0.012283,0.350407,-0.061618
0.3328,443,0,462.1,106.9,0.3368,-0.1118,0.1711,1,1,1,4e-05,0.7355,0.3117,0.14885,0.020521,0.114218,-0.311697,-0.004142,-0.259708,0.074318
0.1986,444,0,473.1,300.3,0.2026,-0.0715,0.0975,1,1,1,6e-05,0.5069,0.9288,0.928819,-0.073176,0.326015,-0.540299,0.050693,-0.458668,0.327912
0.6219,445,0,493.3,152.7,0.6259,-0.3042,0.0597,0,1,0,,,,,,,,,,
0.2659,446,0,562.2,128.9,0.2699,-0.1442,0.1658,1,1,1,4e-05,0.5637,0.5104,0.510403,0.004789,0.117092,-0.483458,-0.023856,-0.451741,0.063792
0.1364,447,0,310.9,345.8,0.1403,0.0022,0.136,1,1,1,5e-05,0.4583,0.9344,0.934367,-0.272692,0.465803,-0.588896,0.126457,-0.571591,0.632116
0.482,448,0,351.3,233.2,0.486,-0.0447,-0.0225,1,1,0,0.00048,0.8685,1.2259,-0.950037,0.051688,0.016184,1.225855,-0.03802,0.222573,-0.003031
0.3203,449,0,43.0,215.8,0.3242,0.2331,0.0826,0,0,0,,,,,,,,,,
0.1136,450,0,217.2,349.4,0.1176,0.0157,0.1594,1,1,1,7e-05,0.4329,0.8712,0.871216,-0.347028,0.49325,-0.61432,0.131704,-0.647181,0.711317
0.6189,451,0,453.6,73.6,0.6228,-0.215,0.1915,0,1,0,,,,,,,,,,
0.1991,452,0,320.2,163.2,0.2031,-0.0001,0.164,1,1,1,5e-05,0.5334,0.6131,0.613108,-0.120553,0.45088,-0.51377,0.053506,-0.503214,0.469384
0.0932,453,0,341.6,311.2,0.0972,-0.0014,0.1847,1,1,1,8e-05,0.381,0.9268,0.926782,-0.436789,0.417069,-0.666222,0.140836,-0.833965,0.728202
0.185,454,0,421.3,52.8,0.189,-0.0321,0.2046,1,1,1,4e-05,0.4451,0.6655,0.659935,-0.15375,0.377144,-0.60209,0.030777,-0.66555,0.417048
0.489,455,0,546.5,26.0,0.493,-0.265,0.2464,1,1,1,5e-05,1.329,0.7855,-0.78545,-0.249151,-0.341938,0.297211,0.083173,0.285412,-0.072134
0.4241,456,0,37.0,183.4,0.4281,0.3273,0.074,0,0,0,,,,,,,,,,
0.1826,457,0,94.1,288.8,0.1866,0.0905,0.1166,1,1,1,9e-05,0.7215,0.6469,0.44508,-0.064537,0.646886,-0.325732,0.063199,-0.270825,0.571073
0.5082,458,0,304.4,86.5,0.5121,0.0202,0.1773,1,1,1,8e-05,1.246,0.9881,-0.98806,0.108244,0.083414,0.616593,-0.054899,0.368428,-0.039591
0.2388,459,0,575.9,12.1,0.2427,-0.1165,0.224,1,1,1,6e-05,0.48,0.5877,0.488728,-0.025631,0.165947,-0.567207,-0.023031,-0.587728,0.129992
0.4083,460,0,414.1,119.6,0.4123,-0.0971,0.1498,1,1,1,3e-05,0.9926,0.1905,-0.190512,0.031205,0.062262,-0.054616,-0.003908,-0.022284,0.024449
0.1454,461,0,233.3,316.8,0.1493,0.0234,0.1366,1,1,1,8e-05,0.5063,0.796,0.796007,-0.234379,0.51958,-0.540856,0.115032,-0.506424,0.639888
0.3644,462,0,11.8,35.9,0.3684,0.2542,0.225,0,0,0,,,,,,,,,,
0.6228,463,0,379.1,300.2,0.6267,-0.1231,-0.2568,0,1,0,,,,,,,,,,
0.2931,464,0,256.8,296.5,0.2971,0.052,0.0223,1,1,1,8e-05,1.0198,0.4327,0.234406,0.12741,0.432688,-0.027414,0.019009,-0.020317,0.262266
0.5712,465,0,237.2,47.8,0.5752,0.1186,0.2273,0,1,0,,,,,,,,,,
0.3603,466,0,215.1,232.8,0.3643,0.1048,0.0446,1,1,1,7e-05,1.2961,0.4173,-0.213111,0.255263,0.417344,0.248855,-0.065848,0.154701,0.101864
0.3809,467,0,638.0,92.0,0.3849,-0.2928,0.1791,1,1,1,7e-05,0.9531,0.3084,-0.171366,-0.15824,-0.308362,-0.094062,0.028848,-0.036046,-0.118981
0.5439,468,0,505.4,68.8,0.5479,-0.256,0.199,1,1,1,0.0001,1.1084,1.1766,-1.176631,-0.351881,-0.363031,0.98598,0.072579,0.349872,-0.035776
0.6308,469,0,357.2,37.3,0.6348,-0.0591,0.2461,0,1,0,,,,,,,,,,
0.5207,470,0,263.6,171.1,0.5246,0.0823,0.0581,1,1,0,0.03399,0.6761,1.4183,-1.232171,0.219474,-0.027014,1.418251,-0.097856,0.070327,-0.005652
0.1317,471,0,617.4,88.4,0.1357,-0.0498,0.1968,1,1,1,9e-05,0.3788,1.0164,1.016408,-0.295815,0.315163,-0.668369,0.074232,-0.901768,0.485303
0.3179,472,0,476.6,243.7,0.3219,-0.1348,0.0572,1,1,1,5e-05,0.8256,0.3384,0.338367,0.031659,0.09913,-0.221553,0.001161,-0.161999,0.055878
0.5551,473,0,414.5,339.9,0.5591,-0.1816,-0.2934,0,1,0,,,,,,,,,,
0.5977,474,0,363.7,327.1,0.6017,-0.0899,-0.3034,0,1,0,,,,,,,,,,
0.387,475,0,493.5,42.7,0.391,-0.1554,0.2214,1,1,1,4e-05,0.8531,0.1975,-0.197479,-0.020825,-0.048337,-0.194051,0.007422,-0.116823,-0.023179
0.3597,476,0,388.7,316.6,0.3637,-0.0758,-0.0591,1,1,1,7e-05,1.2815,0.2343,0.001119,0.08189,0.120456,0.23428,-0.002961,0.131156,0.039945
0.1003,477,0,392.1,257.5,0.1043,-0.0063,0.1843,1,1,1,8e-05,0.3829,0.944,0.943981,-0.41549,0.407679,-0.664325,0.134078,-0.832039,0.696436
0.1141,478,0,36.1,10.9,0.1181,0.0302,0.2057,1,1,1,6e-05,0.4231,0.7008,0.608879,-0.307566,0.545298,-0.62412,0.076359,-0.70078,0.687341
0.4079,479,0,163.5,17.4,0.4118,0.146,0.2445,1,1,1,6e-05,1.278,0.8149,-0.814875,0.310166,0.347989,0.287001,-0.134993,0.261768,-0.01173
0.0934,480,0,509.6,327.8,0.0974,-0.013,0.1832,1,1,1,5e-05,0.3768,1.0096,1.00964,-0.446627,0.375045,-0.670367,0.147365,-0.878703,0.704002
0.3993,481,0,421.8,19.2,0.4033,-0.0926,0.2419,1,1,1,9e-05,0.8955,0.3162,-0.316208,0.027373,0.049373,-0.151719,-0.001451,-0.067927,0.014845
0.6442,482,0,399.3,211.2,0.6481,-0.1544,-0.0633,0,1,0,,,,,,,,,,
0.6097,483,0,392.7,59.8,0.6136,-0.1136,0.2121,1,1,0,0.04451,0.6908,1.4318,-1.431822,-0.15965,-0.445444,1.403597,-0.014642,0.071377,-0.005452
0.3095,484,0,191.4,194.2,0.3135,0.101,0.1065,1,1,1,6e-05,1.0122,0.512,0.001842,0.163759,0.511963,-0.034998,-0.029042,-0.030258,0.255266
0.2706,485,0,516.3,30.2,0.2745,-0.1086,0.2197,1,1,1,3e-05,0.5522,0.495,0.334362,-0.006734,0.161836,-0.495027,-0.01452,-0.474952,0.121695
0.5947,486,0,283.3,215.1,0.5987,0.0655,-0.0479,0,1,0,,,,,,,,,,
0.4532,487,0,193.0,124.4,0.4572,0.1495,0.1373,1,1,1,9e-05,1.2534,1.0666,-1.066586,0.321321,0.27809,0.82859,-0.128594,0.361048,-0.01686
0.2418,488,0,133.7,183.6,0.2458,0.1026,0.1399,1,1,1,6e-05,0.8231,0.6101,0.185655,0.056318,0.610126,-0.224083,0.002608,-0.190897,0.41859
0.4615,489,0,399.2,209.0,0.4655,-0.1044,0.0246,1,1,1,9e-05,1.358,0.4712,-0.471192,0.006289,-0.005736,0.439152,-0.012139,0.256476,-0.022061
0.4596,490,0,240.0,98.7,0.4636,0.0933,0.1662,1,1,1,6e-05,1.2968,0.8307,-0.830687,0.233719,0.235385,0.47667,-0.097345,0.31767,-0.025797
0.4843,491,0,190.6,132.4,0.4883,0.1663,0.1219,1,1,0,0.02307,0.6706,1.4238,-1.3793,0.34499,0.133836,1.423838,-0.133045,0.073065,-0.002444
0.4021,492,0,431.5,57.9,0.406,-0.1061,0.2091,1,1,1,6e-05,0.9161,0.2506,-0.250617,0.018361,0.035858,-0.131053,-0.000473,-0.065306,0.012377
0.5596,493,0,597.0,327.4,0.5636,-0.5288,-0.2673,0,1,0,,,,,,,,,,
0.1698,494,0,180.5,345.5,0.1737,0.0529,0.1008,1,1,1,3e-05,0.6416,0.6577,0.657725,-0.128084,0.57191,-0.405587,0.105776,-0.326339,0.598622
0.3894,495,0,257.2,41.1,0.3933,0.0566,0.2229,1,1,1,5e-05,1.0388,0.4242,-0.4242,0.172551,0.309077,-0.008424,-0.057075,0.043413,0.081287
0.4948,496,0,628.8,111.6,0.4988,-0.3983,0.1469,1,1,0,0.00444,0.7259,1.3685,-1.13557,-0.611603,-0.576237,1.368506,0.092874,0.095506,-0.011744
0.3639,497,0,593.0,280.9,0.3679,-0.2925,-0.0153,1,1,1,8e-05,1.251,0.241,-0.036298,-0.160901,-0.241001,0.203831,0.014294,0.116624,-0.065183
0.2792,498,0,344.7,51.8,0.2832,-0.0146,0.209,1,1,1,6e-05,0.651,0.3962,0.194369,0.011377,0.348565,-0.396209,-0.0005,-0.360678,0.266905
0.4481,499,0,526.4,245.2,0.4521,-0.2738,-0.0219,1,1,1,8e-05,1.2881,0.7107,-0.55028,-0.242236,-0.261826,0.710743,0.035728,0.326296,-0.023673
0.6381,500,0,436.1,125.8,0.6421,-0.204,0.1041,0,1,0,,,,,,,,,,
0.4512,501,0,215.2,67.4,0.4552,0.1159,0.2007,1,1,1,0.0001,1.2909,0.8942,-0.894246,0.261409,0.259145,0.459888,-0.112923,0.323578,-0.03009
0.3953,502,0,108.3,351.1,0.3993,0.2753,-0.1475,0,0,0,,,,,,,,,,
0.4107,503,0,76.9,8.5,0.4147,0.2268,0.2524,0,0,0,,,,,,,,,,
0.2975,504,0,27.0,18.9,0.3014,0.1826,0.2289,1,1,1,9e-05,1.0633,0.6242,-0.415542,0.300548,0.62422,0.016128,-0.13956,0.054591,0.16131
0.1276,505,0,286.9,298.4,0.1316,0.0065,0.1573,1,1,1,6e-05,0.4373,0.8856,0.885643,-0.309081,0.472132,-0.609928,0.120541,-0.639631,0.658117
0.5618,506,0,555.7,145.8,0.5657,-0.3654,0.0862,0,1,0,,,,,,,,,,
0.3115,507,0,96.9,17.3,0.3155,0.1477,0.2317,1,1,1,3e-05,1.002,0.5581,-0.364388,0.244137,0.558146,-0.045216,-0.105892,0.006344,0.175588
0.5421,508,0,138.0,172.2,0.5461,0.2784,0.0496,0,0,0,,,,,,,,,,
0.2043,509,0,566.7,31.3,0.2082,-0.0901,0.2127,1,1,1,4e-05,0.4318,0.6921,0.68481,-0.084088,0.244757,-0.615431,-0.008932,-0.692085,0.238142
0.3302,510,0,195.1,62.8,0.3342,0.0932,0.2037,1,1,1,7e-05,0.9455,0.4637,-0.220952,0.170063,0.463719,-0.101746,-0.056712,-0.056688,0.196548
0.0891,511,0,34.3,71.0,0.093,0.011,0.1999,1,1,1,7e-05,0.3784,0.831,0.782247,-0.423483,0.463173,-0.668799,0.120071,-0.831011,0.746385
0.1419,512,0,292.4,338.4,0.1458,0.0073,0.1327,1,1,1,4e-05,0.477,0.8956,0.895575,-0.25209,0.479628,-0.570242,0.122889,-0.539963,0.626707
0.4983,513,0,567.8,113.7,0.5022,-0.323,0.1438,1,1,1,9e-05,1.2465,0.8397,-0.839652,-0.371999,-0.406688,0.671644,0.08635,0.367947,-0.042637
0.4816,514,0,539.3,217.8,0.4855,-0.3071,0.002,1,1,0,0.00443,0.7189,1.3755,-0.935604,-0.389295,-0.384654,1.375517,0.033944,0.096388,-0.008142
0.5172,515,0,404.6,335.0,0.5212,-0.1487,-0.2433,0,1,0,,,,,,,,,,
0.1441,516,0,269.0,104.7,0.1481,0.0106,0.1928,1,1,1,5e-05,0.4411,0.6876,0.6876,-0.253433,0.48604,-0.606142,0.07365,-0.666961,0.597512
0.1909,517,0,327.8,82.5,0.1949,-0.0027,0.1953,1,1,1,7e-05,0.4942,0.575,0.56428,-0.138247,0.44463,-0.553036,0.038638,-0.574998,0.465276
0.3737,518,0,564.5,251.9,0.3776,-0.2615,0.0143,1,1,1,9e-05,1.1597,0.191,-0.021436,-0.115938,-0.190953,0.112522,0.006532,0.069512,-0.067196
0.2867,519,0,539.6,189.1,0.2906,-0.1547,0.1195,1,1,1,8e-05,0.6549,0.4667,0.466713,0.017903,0.089855,-0.392265,-0.017794,-0.331208,0.036727
0.1751,520,0,438.7,219.2,0.1791,-0.0407,0.1511,1,1,1,4e-05,0.4494,0.8989,0.898878,-0.172147,0.374889,-0.597775,0.064379,-0.614276,0.446382
0.1812,521,0,203.9,202.0,0.1851,0.0414,0.1549,1,1,1,4e-05,0.5778,0.5602,0.551721,-0.133763,0.550084,-0.469383,0.06775,-0.441117,0.560234
0.5758,522,0,586.8,15.9,0.5798,-0.3743,0.2689,0,1,0,,,,,,,,,,
0.1771,523,0,627.1,221.5,0.1811,-0.1077,0.1492,1,1,1,7e-05,0.4084,1.065,1.06504,-0.102766,0.252781,-0.638774,0.000545,-0.691505,0.242144
0.4775,524,0,518.2,158.9,0.4814,-0.2575,0.0886,1,1,1,7e-05,1.3346,0.5698,-0.569804,-0.211049,-0.263053,0.439045,0.042846,0.279794,-0.046853
0.6225,525,0,206.5,79.7,0.6265,0.1851,0.182,0,1,0,,,,,,,,,,
0.5197,526,0,48.5,20.9,0.5236,0.3397,0.2556,0,0,0,,,,,,,,,,
0.2744,527,0,496.3,112.1,0.2784,-0.1078,0.1745,1,1,1,0.0001,0.5865,0.4607,0.432426,-0.001192,0.181219,-0.460689,-0.008616,-0.429772,0.135256
0.4391,528,0,440.3,215.9,0.443,-0.1505,0.0253,1,1,1,7e-05,1.3414,0.3098,-0.3098,-0.031984,-0.051417,0.294186,0.000549,0.182782,-0.021775
0.1388,529,0,278.6,352.9,0.1428,0.0106,0.1311,1,1,1,4e-05,0.4796,0.895,0.894998,-0.258217,0.487375,-0.567563,0.127099,-0.532853,0.640063
0.2509,530,0,404.3,74.2,0.2549,-0.0438,0.197,1,1,1,3e-05,0.5634,0.4838,0.408734,-0.03384,0.321776,-0.483754,0.007257,-0.470659,0.281877
0.398,531,0,190.4,297.0,0.4019,0.1584,-0.0643,1,1,0,0.02813,0.6682,1.4262,-0.948774,0.430118,0.198516,1.4262,-0.133989,0.068956,-0.003387
0.3267,532,0,211.7,192.8,0.3307,0.0912,0.1008,1,1,1,5e-05,1.0454,0.4708,-0.03854,0.17391,0.470812,-0.001849,-0.0319,-0.004156,0.218662
0.2744,533,0,348.2,85.5,0.2784,-0.0168,0.1902,1,1,1,7e-05,0.6488,0.3984,0.268289,0.003067,0.354408,-0.398363,0.006925,-0.365544,0.282971
0.5313,534,0,379.9,74.5,0.5353,-0.081,0.1917,1,1,1,0.0001,1.2394,0.9903,-0.990258,-0.038925,-0.073581,0.602854,-0.003774,0.374991,-0.049105
0.4279,535,0,16.0,80.4,0.4319,0.3193,0.1878,0,0,0,,,,,,,,,,
0.229,536,0,84.5,151.5,0.2329,0.1156,0.1613,1,1,1,6e-05,0.8046,0.651,0.138081,0.054478,0.651016,-0.242596,-0.011305,-0.209153,0.435083
0.6356,537,0,171.9,84.6,0.6395,0.2485,0.1738,0,0,0,,,,,,,,,,
0.5991,538,0,204.6,42.4,0.6031,0.1737,0.2363,0,1,0,,,,,,,,,,
0.4453,539,0,101.3,265.2,0.4493,0.2948,-0.051,0,0,0,,,,,,,,,,
0.1582,540,0,459.3,278.4,0.1621,-0.0425,0.1395,1,1,1,6e-05,0.4283,1.0223,1.022316,-0.207886,0.372904,-0.618905,0.083963,-0.631615,0.479174
0.3169,541,0,23.9,155.1,0.3209,0.2299,0.1362,0,0,0,,,,,,,,,,
0.1154,542,0,151.4,291.6,0.1194,0.025,0.1687,1,1,1,6e-05,0.4424,0.7813,0.78134,-0.330508,0.523953,-0.604841,0.117241,-0.638857,0.713329
0.3248,543,0,519.0,128.9,0.3288,-0.1552,0.1551,1,1,1,5e-05,0.7202,0.327,0.221422,0.007178,0.038808,-0.326988,-0.010867,-0.272352,0.014902
0.3215,544,0,102.9,143.7,0.3255,0.1697,0.1442,1,1,1,4e-05,1.1701,0.5829,-0.29228,0.294931,0.582892,0.122864,-0.110505,0.098413,0.157747
0.3065,545,0,385.5,12.8,0.3104,-0.0422,0.2336,1,1,1,5e-05,0.6748,0.3724,0.057842,0.030309,0.256793,-0.372413,-0.00857,-0.320037,0.176939
0.4074,546,0,313.0,342.9,0.4114,0.0094,-0.1464,1,1,0,0.02749,0.6755,1.4189,-0.772049,0.196587,-0.008015,1.418877,-0.079901,0.066773,-0.004248
0.3463,547,0,438.9,158.5,0.3502,-0.1039,0.1254,1,1,1,4e-05,0.8208,0.2264,0.146119,0.0325,0.124576,-0.226391,0.000198,-0.179966,0.07884
0.6462,548,0,628.8,149.4,0.6502,-0.5642,0.0596,0,0,0,,,,,,,,,,
0.3961,549,0,390.1,329.9,0.4001,-0.0888,-0.1133,1,1,1,9e-05,1.3103,0.7281,-0.400613,0.048855,0.036538,0.728108,-0.021096,0.304148,-0.014636
0.2814,550,0,525.9,296.0,0.2854,-0.1604,0.0324,1,1,1,7e-05,0.766,0.5193,0.519312,0.034795,0.086234,-0.281156,-0.007523,-0.187949,0.027649
0.2476,551,0,210.7,338.3,0.2516,0.0751,0.0248,1,1,1,9e-05,0.9537,0.5225,0.368774,0.089079,0.522484,-0.09345,0.043551,-0.058975,0.366053
0.3435,552,0,501.4,63.9,0.3474,-0.1425,0.2031,1,1,1,3e-05,0.7357,0.3115,0.04045,0.002803,0.027972,-0.311499,-0.004337,-0.24854,0.015957
0.1928,553,0,241.8,99.3,0.1968,0.0278,0.1895,1,1,1,4e-05,0.5467,0.5126,0.466513,-0.116952,0.512553,-0.50054,0.039424,-0.496866,0.501795
0.329,554,0,617.7,240.8,0.333,-0.2671,0.0537,1,1,1,0.0001,0.932,0.1958,0.195763,-0.07162,-0.178722,-0.115192,-0.018153,-0.080333,-0.113234
0.4561,555,0,366.6,304.4,0.4601,-0.0679,-0.125,1,1,0,0.03372,0.6813,1.4131,-0.830315,0.057317,-0.171155,1.413115,-0.059846,0.065446,-0.004331
0.5848,556,0,82.2,75.9,0.5888,0.3597,0.1887,0,0,0,,,,,,,,,,
0.1478,557,0,356.9,212.6,0.1518,-0.0091,0.1664,1,1,1,6e-05,0.4361,0.8593,0.859278,-0.255931,0.437054,-0.611087,0.092196,-0.657117,0.572723
0.2453,558,0,87.7,78.0,0.2492,0.1171,0.1952,1,1,1,5e-05,0.8089,0.63,0.008384,0.089619,0.629994,-0.238294,-0.037869,-0.199389,0.37737
0.4565,559,0,357.7,134.1,0.4605,-0.0452,0.1252,1,1,1,5e-05,1.2608,0.4666,-0.466617,0.073121,0.087636,0.213633,-0.024486,0.169457,-0.002734
0.6211,560,0,276.0,185.2,0.6251,0.0798,-0.0007,0,1,0,,,,,,,,,,
0.4917,561,0,27.0,229.3,0.4957,0.4262,-0.0214,0,0,0,,,,,,,,,,
0.1237,562,0,115.3,309.8,0.1277,0.0377,0.158,1,1,1,4e-05,0.4831,0.7291,0.729051,-0.287653,0.56204,-0.564136,0.112774,-0.559276,0.707433
0.3058,563,0,517.6,69.4,0.3098,-0.1341,0.1991,1,1,1,6e-05,0.6396,0.4076,0.227659,0.007097,0.084899,-0.407555,-0.011951,-0.36027,0.052444
0.4308,564,0,253.1,206.0,0.4347,0.0808,0.0425,1,1,1,0.0001,1.3137,0.598,-0.598033,0.247856,0.265752,0.553287,-0.085398,0.300689,-0.006584
0.3658,565,0,25.9,293.3,0.3698,0.3221,-0.0329,0,0,0,,,,,,,,,,
0.3166,566,0,587.8,60.8,0.3205,-0.1887,0.2048,1,1,1,5e-05,0.6676,0.3796,0.151906,-0.012318,-0.050567,-0.379589,-0.01342,-0.318373,-0.045437
0.3543,567,0,611.5,228.5,0.3582,-0.2836,0.0526,1,1,1,9e-05,1.0338,0.2278,0.058963,-0.11812,-0.227759,-0.01336,-0.001751,-0.008456,-0.103474
0.5431,568,0,633.9,169.5,0.547,-0.4799,0.0535,0,1,0,,,,,,,,,,
0.1091,569,0,309.3,297.7,0.113,0.0013,0.1728,1,1,1,5e-05,0.4013,0.9205,0.920531,-0.37896,0.443402,-0.645888,0.13066,-0.744716,0.693999
0.6478,570,0,272.4,277.2,0.6518,0.1008,-0.2184,0,0,0,,,,,,,,,,
0.4985,571,0,328.4,26.8,0.5025,-0.0101,0.2466,1,1,1,7e-05,1.294,0.9307,-0.930713,0.071038,0.041574,0.380146,-0.037188,0.320433,-0.052638
0.1758,572,0,414.9,53.9,0.1797,-0.0275,0.2039,1,1,1,5e-05,0.4355,0.6882,0.688172,-0.176609,0.388504,-0.611706,0.038229,-0.686222,0.445655
0.5999,573,0,321.2,59.8,0.6039,-0.0019,0.2118,1,1,0,0.04982,0.6865,1.4773,-1.477317,0.011423,-0.319243,1.407886,-0.057677,0.072334,-0.007455
0.5564,574,0,634.1,270.9,0.5604,-0.5547,-0.1381,0,1,0,,,,,,,,,,
0.4874,575,0,212.0,38.4,0.4914,0.1274,0.2329,1,1,1,0.0001,1.176,1.3433,-1.34325,0.23519,0.17836,0.918385,-0.106789,0.369609,-0.013892
0.1562,576,0,508.1,250.1,0.1602,-0.0541,0.1506,1,1,1,8e-05,0.4089,1.053,1.052951,-0.21187,0.344899,-0.638342,0.070997,-0.692632,0.447722
0.14,577,0,17.1,199.6,0.1439,0.0655,0.1731,1,1,1,5e-05,0.5457,0.666,0.508665,-0.198462,0.636664,-0.501478,0.069263,-0.486303,0.666024
0.2005,578,0,188.6,171.5,0.2045,0.0537,0.1601,1,1,1,0.0001,0.6292,0.5624,0.42999,-0.07983,0.562356,-0.418004,0.046761,-0.386562,0.516926
0.3866,579,0,597.0,115.7,0.3905,-0.2661,0.1567,1,1,1,5e-05,0.9625,0.2446,-0.137322,-0.125053,-0.244614,-0.084688,0.017685,-0.038491,-0.100644
0.2815,580,0,622.7,241.5,0.2854,-0.2207,0.0806,1,1,1,7e-05,0.7134,0.4742,0.474152,0.011089,-0.041436,-0.333847,-0.040706,-0.254736,-0.088601
0.1124,581,0,481.9,69.7,0.1163,-0.0174,0.1998,1,1,1,8e-05,0.3791,0.9068,0.906831,-0.370725,0.383272,-0.668145,0.105661,-0.875732,0.621031
0.4448,582,0,24.8,240.4,0.4488,0.3859,-0.0127,0,0,0,,,,,,,,,,
0.3997,583,0,429.4,242.4,0.4036,-0.1258,0.0107,1,1,1,7e-05,1.2012,0.154,-0.100744,0.017465,0.024261,0.153957,-0.001861,0.095889,0.006837
0.124,584,0,602.7,165.5,0.128,-0.0442,0.1856,1,1,1,9e-05,0.3789,1.0724,1.072379,-0.328311,0.324759,-0.668304,0.095217,-0.888827,0.529448
0.4174,585,0,160.0,147.0,0.4214,0.1745,0.1187,1,1,1,8e-05,1.2072,0.8829,-0.882928,0.381026,0.361295,0.685389,-0.149442,0.345961,-0.018845
0.2262,586,0,229.0,156.9,0.2301,0.0441,0.1593,1,1,1,8e-05,0.6599,0.5204,0.376628,-0.038889,0.520421,-0.387302,0.034885,-0.353523,0.452049
0.2533,587,0,465.7,304.2,0.2572,-0.099,0.0486,1,1,1,9e-05,0.6784,0.6682,0.66819,0.025613,0.232765,-0.368832,0.026565,-0.259796,0.17793
0.635,588,0,512.2,71.0,0.6389,-0.3178,0.1954,0,1,0,,,,,,,,,,
0.4113,589,0,227.9,238.1,0.4153,0.1091,0.0097,1,1,1,9e-05,1.2844,0.6881,-0.628881,0.303778,0.307377,0.688129,-0.101558,0.323243,-0.009764
0.078,590,0,52.6,210.9,0.0819,0.0018,0.1991,1,1,1,5e-05,0.3664,0.9051,0.856358,-0.477346,0.412758,-0.680817,0.141971,-0.905102,0.768958
0.6212,591,0,310.8,193.4,0.6252,0.0169,-0.0168,0,1,0,,,,,,,,,,
0.4262,592,0,116.6,17.5,0.4302,0.2003,0.2469,0,0,0,,,,,,,,,,
0.2033,593,0,198.4,198.1,0.2073,0.0523,0.1472,1,1,1,0.0001,0.6437,0.5562,0.456364,-0.074694,0.556165,-0.403477,0.053435,-0.3653,0.514265
0.3571,594,0,441.8,45.3,0.3611,-0.0988,0.2174,1,1,1,8e-05,0.7774,0.2698,-0.068316,0.025322,0.096127,-0.26978,-0.003443,-0.202596,0.056544
0.2467,595,0,493.8,321.2,0.2507,-0.1161,0.0403,1,1,1,0.0001,0.6669,0.7107,0.710666,0.030166,0.207803,-0.380325,0.018349,-0.257766,0.144022
0.1331,596,0,351.2,343.1,0.137,-0.0072,0.1403,1,1,1,6e-05,0.4366,0.9847,0.984725,-0.288825,0.440624,-0.610641,0.126439,-0.614732,0.622334
0.6296,597,0,531.3,263.8,0.6336,-0.4264,-0.1729,0,1,0,,,,,,,,,,
0.3772,598,0,312.7,163.9,0.3812,0.0072,0.1113,1,1,1,9e-05,1.033,0.2742,-0.107903,0.121838,0.274166,-0.014174,-0.017405,-0.006093,0.12329
0.3912,599,0,231.2,21.0,0.3951,0.079,0.2394,1,1,1,0.0001,1.0797,0.5185,-0.518533,0.203352,0.327088,0.032489,-0.074737,0.086968,0.061997
0.4697,600,0,249.5,181.9,0.4737,0.0921,0.0596,1,1,1,9e-05,1.0611,1.0376,-1.03758,0.248263,0.203097,1.033288,-0.091012,0.316956,-0.003842
0.5485,601,0,252.0,58.4,0.5524,0.0938,0.2126,1,1,0,0.03087,0.6777,1.5198,-1.519792,0.165125,-0.068209,1.416736,-0.091712,0.073584,-0.005793
0.4165,602,0,604.3,84.5,0.4205,-0.2902,0.1841,1,1,1,6e-05,1.0713,0.3356,-0.335561,-0.191283,-0.319547,0.024103,0.047404,0.065354,-0.095464
0.0828,603,0,241.5,252.7,0.0868,0.0019,0.1958,1,1,1,0.0001,0.3709,0.8807,0.868076,-0.463293,0.418716,-0.676254,0.139823,-0.880745,0.757093
0.1332,604,0,588.4,307.7,0.1372,-0.0591,0.1502,1,1,1,6e-05,0.3802,1.2097,1.209682,-0.272149,0.321258,-0.666955,0.0909,-0.77617,0.477919
0.176,605,0,410.3,119.0,0.18,-0.028,0.1851,1,1,1,4e-05,0.4446,0.7542,0.754208,-0.179619,0.392417,-0.60264,0.049925,-0.658101,0.457921
0.3963,606,0,542.4,271.1,0.4003,-0.2619,-0.0257,1,1,1,8e-05,1.3812,0.334,-0.184284,-0.152973,-0.204973,0.334048,0.019578,0.185242,-0.04024
0.2548,607,0,397.1,313.1,0.2588,-0.0534,0.0397,1,1,1,8e-05,0.7347,0.6105,0.610528,0.026993,0.305873,-0.312457,0.051357,-0.212335,0.260592
0.3219,608,0,315.5,82.6,0.3258,0.0033,0.1899,1,1,1,4e-05,0.7875,0.3361,0.031647,0.067048,0.33609,-0.25968,-0.00823,-0.212789,0.213842
0.4359,609,0,109.4,124.4,0.4399,0.2366,0.1402,0,0,0,,,,,,,,,,
0.5283,610,0,177.1,235.0,0.5322,0.2277,-0.0512,0,0,0,,,,,,,,,,
0.2844,611,0,402.9,168.9,0.2884,-0.0565,0.135,1,1,1,7e-05,0.6766,0.3999,0.39992,0.012567,0.27996,-0.37065,0.015534,-0.323747,0.225539
0.6233,612,0,46.3,275.8,0.6272,0.5539,-0.1971,0,0,0,,,,,,,,,,
0.4117,613,0,154.4,250.7,0.4156,0.1994,-0.0076,1,1,0,0.03176,0.6675,1.4269,-1.090144,0.479327,0.212485,1.426859,-0.151795,0.069669,-0.00406
0.1676,614,0,520.2,245.9,0.1716,-0.0654,0.1451,1,1,1,6e-05,0.4185,1.0354,1.035406,-0.170537,0.328892,-0.628692,0.053962,-0.661444,0.394302
0.1617,615,0,86.3,121.3,0.1656,0.0622,0.1866,1,1,1,4e-05,0.5596,0.6144,0.431174,-0.148372,0.614444,-0.487596,0.046477,-0.476906,0.599082
0.4552,616,0,385.5,31.6,0.4591,-0.0708,0.2371,1,1,1,6e-05,1.1178,0.5826,-0.582607,0.034004,0.021627,0.070567,-0.009005,0.124974,-0.024252
0.5823,617,0,502.6,14.9,0.5863,-0.2593,0.2712,1,1,0,0.0281,0.6947,1.4603,-1.460299,-0.419595,-0.577996,1.399723,0.057468,0.070674,-0.005571
0.3786,618,0,525.0,15.4,0.3825,-0.174,0.2422,1,1,1,6e-05,0.8196,0.2276,-0.210497,-0.037025,-0.089839,-0.227566,0.01251,-0.137636,-0.042294
0.0986,619,0,17.7,171.7,0.1026,0.0224,0.1927,1,1,1,4e-05,0.4033,0.7426,0.73348,-0.378763,0.512278,-0.643944,0.109786,-0.742599,0.739968
0.1035,620,0,368.6,27.8,0.1075,-0.0038,0.203,1,1,1,8e-05,0.3786,0.8585,0.83442,-0.391081,0.41989,-0.668619,0.10981,-0.858519,0.672584
0.4536,621,0,621.3,291.1,0.4575,-0.4287,-0.0997,0,1,0,,,,,,,,,,
0.1121,622,0,503.9,77.0,0.1161,-0.0197,0.1991,1,1,1,9e-05,0.3783,0.9248,0.924779,-0.372787,0.375572,-0.668877,0.106926,-0.884251,0.616813
0.5033,623,0,206.1,274.0,0.5072,0.1795,-0.1065,0,1,0,,,,,,,,,,
0.3552,624,0,459.3,150.1,0.3592,-0.1246,0.1306,1,1,1,3e-05,0.8344,0.2128,0.102945,0.020832,0.074596,-0.212847,-0.002032,-0.165903,0.044167
0.1828,625,0,473.6,211.5,0.1867,-0.0562,0.1504,1,1,1,4e-05,0.4475,0.9079,0.907902,-0.145818,0.344351,-0.599657,0.048763,-0.616568,0.392132
0.6266,626,0,300.9,336.5,0.6306,0.0421,-0.3575,0,0,0,,,,,,,,,,
0.0848,627,0,49.6,43.1,0.0888,0.0068,0.2006,1,1,1,9e-05,0.372,0.8639,0.809756,-0.444017,0.44226,-0.675192,0.127459,-0.863921,0.752735
0.359,628,0,323.4,323.3,0.3629,-0.0038,-0.0677,1,1,1,7e-05,1.4062,0.359,-0.10031,0.16165,0.220115,0.358999,-0.024816,0.189287,0.044968
0.1949,629,0,212.9,317.2,0.1988,0.0496,0.0911,1,1,1,0.0001,0.6896,0.5962,0.596197,-0.071745,0.546529,-0.357561,0.089778,-0.281303,0.532127
0.5729,630,0,351.7,318.8,0.5769,-0.0615,-0.2591,0,1,0,,,,,,,,,,
0.2947,631,0,84.6,109.8,0.2986,0.1583,0.1735,1,1,1,9e-05,1.0315,0.6176,-0.209138,0.232092,0.617617,-0.015697,-0.091612,0.000175,0.231624
0.372,632,0,494.4,247.2,0.376,-0.1845,0.0211,1,1,1,7e-05,1.0757,0.0489,0.045448,-0.024605,-0.048868,0.028519,-0.000399,0.017627,-0.023188
0.3995,633,0,241.2,103.3,0.4034,0.0779,0.1671,1,1,1,5e-05,1.1641,0.4204,-0.420447,0.207644,0.332692,0.116879,-0.068212,0.114157,0.070635
0.2205,634,0,514.4,126.5,0.2245,-0.0879,0.1751,1,1,1,7e-05,0.4791,0.7044,0.704428,-0.062743,0.261885,-0.568087,0.001448,-0.584765,0.24233
0.1288,635,0,6.3,39.7,0.1327,0.0475,0.204,1,1,1,9e-05,0.4718,0.6614,0.503598,-0.239667,0.596818,-0.575416,0.057277,-0.607158,0.661423
0.2926,636,0,276.6,279.3,0.2966,0.0349,0.0396,1,1,1,7e-05,0.9526,0.4128,0.273405,0.100551,0.412798,-0.094586,0.027294,-0.068446,0.275042
0.6217,637,0,93.5,60.5,0.6257,0.362,0.2114,0,0,0,,,,,,,,,,
0.5567,638,0,396.9,106.7,0.5606,-0.1133,0.1461,1,1,0,0.00167,0.7869,1.3075,-1.277653,-0.139649,-0.168418,1.307512,0.001134,0.160603,-0.007811
0.3218,639,0,606.4,196.8,0.3258,-0.2374,0.0992,1,1,1,4e-05,0.8088,0.2476,0.247556,-0.032651,-0.119741,-0.238359,-0.023563,-0.181008,-0.099599
0.5685,640,0,247.4,135.0,0.5724,0.1128,0.1017,0,1,0,,,,,,,,,,
0.4022,641,0,84.3,188.9,0.4062,0.257,0.0756,0,0,0,,,,,,,,,,
0.5908,642,0,275.3,186.3,0.5948,0.0766,0.0083,0,1,0,,,,,,,,,,
0.3499,643,0,360.2,94.3,0.3539,-0.0334,0.1794,1,1,1,3e-05,0.8286,0.2388,-0.014117,0.064752,0.23881,-0.218561,-0.006607,-0.169717,0.142423
0.4024,644,0,190.5,227.0,0.4064,0.1475,0.0291,1,1,1,8e-05,1.2239,0.7467,-0.712406,0.364253,0.355935,0.746657,-0.125904,0.332731,-0.011135
0.3492,645,0,453.1,350.7,0.3531,-0.148,-0.0966,1,1,1,7e-05,1.3623,0.3151,-0.001644,0.008487,0.001261,0.315135,0.002112,0.162709,0.000116
0.3548,646,0,24.1,178.2,0.3587,0.2725,0.1042,0,0,0,,,,,,,,,,
0.1467,647,0,506.1,334.0,0.1507,-0.0524,0.1293,1,1,1,8e-05,0.4074,1.1446,1.144597,-0.223264,0.354173,-0.639833,0.092125,-0.647063,0.475295
0.4041,648,0,567.0,62.2,0.4081,-0.2377,0.2053,1,1,1,6e-05,0.9529,0.2698,-0.269824,-0.112725,-0.219246,-0.09433,0.027647,-0.02554,-0.084663
0.2973,649,0,3.0,304.2,0.3013,0.2687,0.011,0,0,0,,,,,,,,,,
0.1015,650,0,138.7,340.6,0.1055,0.0185,0.1737,1,1,1,0.0001,0.4139,0.8312,0.831237,-0.384209,0.497254,-0.633307,0.130021,-0.702873,0.743624
0.2085,651,0,225.3,167.8,0.2125,0.041,0.1592,1,1,1,3e-05,0.6211,0.5297,0.449537,-0.075763,0.529706,-0.426097,0.046652,-0.395498,0.491945
0.168,652,0,228.9,303.8,0.172,0.0321,0.1216,1,1,1,5e-05,0.5726,0.7105,0.71048,-0.161758,0.532232,-0.474634,0.102511,-0.415899,0.591808
0.4216,653,0,356.4,76.5,0.4256,-0.0374,0.1918,1,1,1,5e-05,1.0422,0.3658,-0.365774,0.080721,0.133856,-0.004992,-0.019725,0.035577,0.033764
0.3661,654,0,160.3,113.5,0.37,0.143,0.1615,1,1,1,8e-05,1.2149,0.4654,-0.430006,0.288898,0.465425,0.167666,-0.106662,0.14275,0.089688
0.1848,655,0,161.1,262.7,0.1887,0.0629,0.1273,1,1,1,3e-05,0.6536,0.5898,0.521348,-0.098244,0.589771,-0.393567,0.073968,-0.341492,0.567236
0.1275,656,0,535.9,252.3,0.1315,-0.04,0.1678,1,1,1,7e-05,0.3848,1.0996,1.099648,-0.31692,0.346818,-0.662373,0.104408,-0.807904,0.545146
0.1533,657,0,332.9,23.8,0.1573,-0.0028,0.2091,1,1,1,5e-05,0.4277,0.7036,0.655896,-0.22838,0.448564,-0.619527,0.053659,-0.703606,0.537855
0.421,658,0,200.3,254.8,0.4249,0.1489,-0.0193,1,1,0,0.01581,0.6675,1.4269,-1.054915,0.395118,0.229471,1.42686,-0.1282,0.072073,-0.000215
0.2285,659,0,340.5,65.7,0.2324,-0.0092,0.201,1,1,1,4e-05,0.553,0.4942,0.414373,-0.063425,0.407619,-0.494179,0.017293,-0.488622,0.373962
0.2436,660,0,439.4,176.6,0.2475,-0.066,0.1433,1,1,1,4e-05,0.5652,0.6096,0.609595,-0.03431,0.298851,-0.482008,0.019942,-0.447869,0.269863
0.6046,661,0,44.2,16.6,0.6086,0.4095,0.2721,0,0,0,,,,,,,,,,
0.1956,662,0,266.3,321.4,0.1996,0.0252,0.088,1,1,1,3e-05,0.6485,0.681,0.680971,-0.083156,0.497984,-0.39866,0.096368,-0.313151,0.511525
0.5795,663,0,377.8,92.0,0.5834,-0.0879,0.1656,1,1,0,0.0217,0.6842,1.4102,-1.360336,-0.108103,-0.254972,1.410243,-0.018748,0.071474,-0.005712
0.6298,664,0,143.2,196.5,0.6338,0.3301,-0.0264,0,0,0,,,,,,,,,,
0.2685,665,0,467.2,199.6,0.2725,-0.0959,0.1191,1,1,1,9e-05,0.6255,0.5479,0.54793,0.005437,0.224981,-0.421675,0.008028,-0.365045,0.175586
0.1284,666,0,339.2,1.4,0.1324,-0.0028,0.2091,1,1,1,4e-05,0.3978,0.7834,0.736083,-0.302423,0.44156,-0.649404,0.075635,-0.783366,0.598922
0.1929,667,0,178.6,16.9,0.1969,0.0464,0.2159,1,1,1,3e-05,0.5622,0.5515,0.313298,-0.087819,0.551489,-0.485013,0.014954,-0.478129,0.491356
0.6014,668,0,269.5,308.9,0.6054,0.1023,-0.2605,0,1,0,,,,,,,,,,
0.4601,669,0,13.2,165.6,0.4641,0.384,0.0847,0,0,0,,,,,,,,,,
0.1623,670,0,159.6,113.1,0.1663,0.0427,0.1887,1,1,1,6e-05,0.5222,0.5878,0.504394,-0.172685,0.566002,-0.524971,0.054103,-0.528884,0.587841
0.183,671,0,141.1,238.3,0.187,0.0677,0.1392,1,1,1,3e-05,0.6475,0.6038,0.482558,-0.099154,0.603753,-0.39969,0.065309,-0.355185,0.570731
0.3232,672,0,120.9,97.5,0.3272,0.1495,0.1791,1,1,1,4e-05,1.0773,0.5543,-0.295103,0.252793,0.554285,0.030058,-0.09665,0.043454,0.175012
0.6122,673,0,126.8,178.4,0.6161,0.3423,0.0153,0,0,0,,,,,,,,,,
0.6155,674,0,525.9,270.5,0.6195,-0.4082,-0.1789,0,1,0,,,,,,,,,,
0.465,675,0,589.9,199.1,0.469,-0.355,0.0372,1,1,1,0.0001,1.1265,0.9679,-0.791274,-0.431849,-0.419843,0.96791,0.068888,0.331234,-0.022929
0.6024,676,0,225.7,193.8,0.6064,0.1668,-0.0101,0,1,0,,,,,,,,,,
0.4449,677,0,324.9,151.7,0.4488,-0.0058,0.1065,1,1,1,6e-05,1.2893,0.4459,-0.445918,0.122132,0.158106,0.242059,-0.03815,0.178416,0.012717
0.2774,678,0,297.6,34.2,0.2813,0.0129,0.2183,1,1,1,6e-05,0.6767,0.3996,0.11894,0.025713,0.399619,-0.370537,-0.006642,-0.330265,0.289659
0.4945,679,0,86.9,329.3,0.4985,0.3859,-0.2083,0,0,0,,,,,,,,,,
0.1178,680,0,281.2,25.5,0.1218,0.0046,0.2047,1,1,1,4e-05,0.3962,0.7832,0.74453,-0.333205,0.459681,-0.651,0.088396,-0.78323,0.645228
0.1137,681,0,167.9,188.7,0.1177,0.0191,0.1857,1,1,1,8e-05,0.4198,0.7537,0.753722,-0.340045,0.505558,-0.627431,0.105294,-0.702973,0.6983
0.1124,682,0,232.2,65.2,0.1164,0.0094,0.2003,1,1,1,4e-05,0.398,0.7728,0.750087,-0.348602,0.472786,-0.649203,0.096413,-0.772819,0.673183
0.5489,683,0,77.3,43.4,0.5528,0.3306,0.2316,0,0,0,,,,,,,,,,
0.5485,684,0,115.3,40.1,0.5525,0.2778,0.2357,0,0,0,,,,,,,,,,
0.0938,685,0,615.0,264.3,0.0977,-0.0191,0.188,1,1,1,6e-05,0.3751,1.026,1.025951,-0.446473,0.353635,-0.672149,0.143888,-0.919556,0.683329
0.1087,686,0,86.5,52.4,0.1127,0.0221,0.2014,1,1,1,9e-05,0.4083,0.7364,0.680605,-0.340905,0.516086,-0.638926,0.091005,-0.736448,0.699763
0.527,687,0,307.5,20.1,0.5309,0.0158,0.2574,1,1,1,9e-05,1.2084,1.2581,-1.258074,0.057609,0.018617,0.756391,-0.041025,0.405982,-0.039773
0.1058,688,0,262.9,70.3,0.1098,0.005,0.1998,1,1,1,6e-05,0.3879,0.8083,0.791754,-0.376214,0.453241,-0.659284,0.106193,-0.808263,0.685785
0.3997,689,0,364.3,280.1,0.4036,-0.0532,-0.0409,1,1,1,5e-05,1.4125,0.3697,-0.218605,0.095675,0.118295,0.369686,-0.020117,0.201958,0.014281
0.3587,690,0,152.1,289.0,0.3626,0.1784,-0.0217,1,1,1,0.0001,1.1357,0.9523,-0.715569,0.452504,0.414408,0.952313,-0.144312,0.312358,-0.004924
0.4552,691,0,374.6,326.8,0.4591,-0.0816,-0.1652,0,1,0,,,,,,,,,,
0.2242,692,0,74.7,250.0,0.2282,0.1304,0.1087,1,1,1,7e-05,0.8913,0.6761,0.205844,0.075979,0.676127,-0.155887,6.7e-05,-0.128747,0.43992
0.3744,693,0,505.6,202.5,0.3784,-0.188,0.0715,1,1,1,3e-05,0.9835,0.0637,0.039904,-0.027552,-0.057771,-0.063733,-0.001975,-0.044077,-0.031026
0.6349,694,0,90.5,9.8,0.6389,0.358,0.2857,0,0,0,,,,,,,,,,
0.3251,695,0,19.4,18.7,0.3291,0.2107,0.2326,0,0,0,,,,,,,,,,
0.6453,696,0,599.9,194.9,0.6493,-0.5364,-0.0295,0,1,0,,,,,,,,,,
0.5416,697,0,458.2,295.4,0.5455,-0.2438,-0.1787,0,1,0,,,,,,,,,,
0.2466,698,0,603.5,348.8,0.2505,-0.1964,0.0164,1,1,1,9e-05,0.7151,0.6663,0.666301,0.042437,0.048398,-0.332087,-0.032634,-0.201328,-0.041651
0.6373,699,0,453.3,183.0,0.6412,-0.2486,-0.0024,0,1,0,,,,,,,,,,
0.4391,700,0,466.5,4.6,0.4431,-0.1478,0.2604,1,1,1,7e-05,1.0167,0.519,-0.519046,-0.044657,-0.101445,-0.030495,0.021436,0.060231,-0.048482
0.6451,701,0,169.6,243.2,0.6491,0.3044,-0.1347,0,0,0,,,,,,,,,,
0.3838,702,0,223.0,200.6,0.3878,0.1011,0.0696,1,1,1,6e-05,1.3218,0.3798,-0.328985,0.256103,0.379832,0.274558,-0.075346,0.178396,0.070131
0.4718,703,0,104.2,265.6,0.4758,0.312,-0.0697,0,0,0,,,,,,,,,,
0.0906,704,0,493.7,79.5,0.0946,-0.0076,0.1995,1,1,1,5e-05,0.3715,0.9109,0.900103,-0.443707,0.390719,-0.675729,0.132131,-0.910947,0.708208
0.2161,705,0,252.0,42.2,0.22,0.0274,0.2098,1,1,1,3e-05,0.5759,0.4916,0.325633,-0.063817,0.491598,-0.471271,0.014819,-0.459782,0.43316
0.2664,706,0,10.9,144.8,0.2704,0.1876,0.156,1,1,1,4e-05,1.0657,0.7074,-0.176692,0.255425,0.707404,0.018512,-0.109501,0.017395,0.257051
0.2445,707,0,278.4,235.3,0.2485,0.0247,0.1062,1,1,1,8e-05,0.7208,0.4631,0.457574,-0.00651,0.46314,-0.326418,0.051442,-0.271701,0.403416
0.3651,708,0,362.7,288.8,0.369,-0.0463,-0.0263,1,1,1,7e-05,1.2203,0.174,-0.001026,0.104505,0.173954,0.173131,-0.004474,0.101861,0.066251
0.3844,709,0,593.2,277.5,0.3884,-0.3122,-0.0259,1,1,1,5e-05,1.4131,0.3722,-0.188745,-0.222933,-0.286193,0.372207,0.032639,0.20129,-0.042634
0.1748,710,0,611.6,16.6,0.1788,-0.0809,0.2135,1,1,1,9e-05,0.3952,0.8278,0.827805,-0.144217,0.264614,-0.651958,0.005625,-0.803909,0.300595
0.5946,711,0,117.0,310.1,0.5986,0.4062,-0.2573,0,0,0,,,,,,,,,,
0.2063,712,0,464.7,307.2,0.2102,-0.0725,0.0869,1,1,1,5e-05,0.5341,0.8931,0.893107,-0.053429,0.320987,-0.513142,0.050421,-0.41651,0.312021
0.2356,713,0,573.0,36.4,0.2396,-0.1156,0.2136,1,1,1,7e-05,0.4782,0.5925,0.540053,-0.029158,0.176205,-0.569006,-0.022303,-0.592527,0.139453
0.6101,714,0,549.9,248.7,0.614,-0.4395,-0.1261,0,1,0,,,,,,,,,,
0.3011,715,0,543.2,76.0,0.305,-0.1493,0.195,1,1,1,7e-05,0.6287,0.4185,0.26181,0.00498,0.05831,-0.418479,-0.015754,-0.371887,0.028599
0.5263,716,0,632.9,253.1,0.5303,-0.507,-0.0831,0,1,0,,,,,,,,,,
0.3803,717,0,53.0,343.4,0.3842,0.3274,-0.1187,0,0,0,,,,,,,,,,
0.5992,718,0,98.3,206.5,0.6032,0.3955,-0.0332,0,0,0,,,,,,,,,,
0.6065,719,0,348.5,357.5,0.6105,-0.062,-0.3956,0,0,0,,,,,,,,,,
0.5104,720,0,318.2,348.1,0.5144,0.0032,-0.266,0,1,0,,,,,,,,,,
0.1285,721,0,333.7,271.8,0.1324,-0.0026,0.1629,1,1,1,8e-05,0.4222,0.9141,0.914063,-0.313606,0.446333,-0.624954,0.116125,-0.679971,0.637011
0.5342,722,0,129.2,350.6,0.5382,0.3558,-0.2974,0,0,0,,,,,,,,,,
0.3364,723,0,206.9,339.4,0.3404,0.1181,-0.0674,1,1,1,7e-05,1.2458,0.6287,-0.310329,0.342381,0.390734,0.628658,-0.095631,0.284371,0.012049
0.2133,724,0,162.5,124.2,0.2173,0.0675,0.1773,1,1,1,8e-05,0.6632,0.5788,0.2992,-0.0381,0.578826,-0.384036,0.022133,-0.353927,0.480739
0.3967,725,0,444.9,134.6,0.4006,-0.1263,0.1364,1,1,1,6e-05,0.9588,0.1072,-0.107214,0.010625,0.02603,-0.08842,-0.000587,-0.054272,0.012243
0.3216,726,0,397.0,181.6,0.3256,-0.0627,0.1126,1,1,1,5e-05,0.7918,0.2554,0.251712,0.044125,0.229059,-0.255398,0.010024,-0.20826,0.162394
0.1066,727,0,225.5,84.1,0.1106,0.0087,0.1986,1,1,1,5e-05,0.3925,0.7889,0.774216,-0.36992,0.466675,-0.654676,0.104649,-0.788932,0.690785
0.4901,728,0,447.5,5.7,0.494,-0.1468,0.2677,1,1,1,9e-05,1.2503,0.7882,-0.788206,-0.084676,-0.152801,0.2031,0.03099,0.241099,-0.066624
0.435,729,0,482.6,290.2,0.4389,-0.2197,-0.0834,1,1,1,9e-05,1.1272,0.9672,-0.626115,-0.175808,-0.182252,0.967152,0.014055,0.320044,-0.014907
0.3253,730,0,609.5,137.7,0.3293,-0.2283,0.1481,1,1,1,4e-05,0.7544,0.2928,0.18872,-0.032153,-0.12006,-0.292794,-0.018695,-0.232051,-0.094537
0.3127,731,0,185.0,3.7,0.3167,0.0887,0.2399,1,1,1,8e-05,0.8713,0.4732,-0.236439,0.152222,0.473227,-0.175851,-0.058415,-0.110493,0.212408
0.2956,732,0,102.4,98.3,0.2996,0.1452,0.1809,1,1,1,3e-05,0.9932,0.5978,-0.18903,0.208379,0.597772,-0.054004,-0.080395,-0.028858,0.242745
0.2224,733,0,131.4,131.1,0.2263,0.0867,0.1726,1,1,1,7e-05,0.7214,0.6063,0.221701,0.001951,0.606257,-0.325806,0.008712,-0.291539,0.46015
0.4147,734,0,69.4,315.5,0.4187,0.3299,-0.1074,0,0,0,,,,,,,,,,
0.4191,735,0,629.4,217.2,0.4231,-0.3663,0.0333,1,1,1,7e-05,1.333,0.5101,-0.425148,-0.351855,-0.406628,0.510064,0.068693,0.281399,-0.033796
0.3275,736,0,232.9,289.8,0.3315,0.0824,0.0019,1,1,1,8e-05,1.2333,0.4217,-0.004515,0.215926,0.421728,0.186142,-0.031269,0.109496,0.152987
0.4935,737,0,526.9,168.2,0.4975,-0.2824,0.071,1,1,1,9e-05,1.2587,0.7575,-0.757468,-0.293828,-0.316874,0.725871,0.054241,0.355736,-0.034079
0.1046,738,0,424.0,142.8,0.1086,-0.0095,0.1936,1,1,1,8e-05,0.3803,0.9104,0.9104,-0.398198,0.401212,-0.666889,0.120339,-0.856337,0.667922
0.3349,739,0,148.9,158.6,0.3389,0.1433,0.1284,1,1,1,5e-05,1.1549,0.5282,-0.244954,0.261124,0.528212,0.107744,-0.086293,0.084037,0.159866
0.2444,740,0,137.6,94.0,0.2484,0.093,0.1875,1,1,1,6e-05,0.7631,0.5901,0.101645,0.050079,0.590139,-0.284069,-0.014485,-0.247157,0.398004
0.2941,741,0,350.5,32.2,0.2981,-0.019,0.221,1,1,1,5e-05,0.6744,0.3728,0.108238,0.027867,0.320123,-0.372795,-0.006415,-0.328411,0.229262
0.3596,742,0,436.4,301.1,0.3636,-0.126,-0.0381,1,1,1,0.0001,1.1842,0.137,0.059797,0.033359,0.050295,0.137045,0.002437,0.081265,0.021584
0.5239,743,0,608.0,264.8,0.5279,-0.4707,-0.1036,0,1,0,,,,,,,,,,
0.5779,744,0,427.9,117.0,0.5818,-0.1677,0.128,1,1,0,0.02588,0.6882,1.4062,-1.264581,-0.214582,-0.373099,1.406217,0.00021,0.070108,-0.005189
0.2873,745,0,83.7,26.8,0.2912,0.1415,0.2233,1,1,1,9e-05,0.9331,0.5963,-0.250383,0.200201,0.596285,-0.114084,-0.088948,-0.063793,0.240731
0.3102,746,0,101.3,198.0,0.3141,0.1729,0.103,1,1,1,0.0001,1.2089,0.605,-0.206358,0.29808,0.604999,0.161679,-0.10256,0.109861,0.172473
0.1418,747,0,14.9,87.6,0.1457,0.0603,0.1963,1,1,1,6e-05,0.5193,0.6402,0.449441,-0.191763,0.624871,-0.527871,0.049634,-0.532564,0.640197
0.3982,748,0,114.3,355.1,0.4021,0.2714,-0.1575,0,0,0,,,,,,,,,,
0.1585,749,0,498.3,138.7,0.1625,-0.0466,0.1826,1,1,1,9e-05,0.4049,0.92,0.920032,-0.219757,0.347868,-0.642273,0.05682,-0.752653,0.449823
0.2977,750,0,214.8,250.5,0.3016,0.0836,0.0631,1,1,1,7e-05,1.0151,0.4919,0.130861,0.143385,0.491925,-0.032077,-0.003183,-0.029491,0.274874
0.357,751,0,6.5,200.0,0.3609,0.2981,0.0815,0,0,0,,,,,,,,,,
0.5832,752,0,436.1,10.1,0.5872,-0.1644,0.2774,1,1,0,0.01682,0.6886,1.5115,-1.511507,-0.280242,-0.389114,1.405834,0.031284,0.071492,-0.007258
0.2234,753,0,295.5,130.0,0.2274,0.0113,0.173,1,1,1,3e-05,0.5897,0.4577,0.454552,-0.066856,0.457715,-0.457457,0.03464,-0.436723,0.426195
0.23,754,0,543.9,95.4,0.234,-0.1045,0.1879,1,1,1,7e-05,0.4829,0.6385,0.63851,-0.041294,0.217154,-0.564301,-0.012831,-0.58238,0.183553
0.0789,755,0,570.0,169.1,0.0829,-0.0023,0.1991,1,1,1,5e-05,0.3665,0.923,0.883049,-0.480218,0.396138,-0.68071,0.144443,-0.923035,0.758049
0.2454,756,0,77.9,271.4,0.2494,0.1508,0.0804,1,1,1,9e-05,1.0251,0.6758,0.11747,0.160016,0.675816,-0.022051,-0.030962,-0.02494,0.353856
0.6336,757,0,194.9,106.3,0.6376,0.2137,0.1383,0,0,0,,,,,,,,,,
0.5267,758,0,310.9,322.5,0.5307,0.0161,-0.2246,0,1,0,,,,,,,,,,
0.2336,759,0,504.1,279.7,0.2375,-0.1078,0.083,1,1,1,4e-05,0.5765,0.7815,0.781508,-0.001799,0.239974,-0.470734,0.01455,-0.37658,0.185663
0.1546,760,0,527.6,176.8,0.1585,-0.0538,0.1734,1,1,1,4e-05,0.3987,0.9995,0.99947,-0.224984,0.334163,-0.64855,0.060859,-0.761345,0.442429
0.3389,761,0,161.7,190.6,0.3429,0.1394,0.0981,1,1,1,4e-05,1.2053,0.5123,-0.221843,0.26849,0.512252,0.158102,-0.082076,0.109875,0.14716
0.423,762,0,631.5,223.0,0.4269,-0.3755,0.0237,1,1,1,0.0001,1.2997,0.6256,-0.496466,-0.388311,-0.422583,0.625567,0.073848,0.314706,-0.024751
0.2313,763,0,33.6,24.3,0.2353,0.1258,0.2181,1,1,1,5e-05,0.786,0.6606,-0.044005,0.092936,0.660637,-0.261167,-0.053232,-0.216239,0.383004
0.0812,764,0,286.6,334.5,0.0851,0.0007,0.1948,1,1,1,5e-05,0.37,0.8892,0.882791,-0.471862,0.411318,-0.67716,0.144108,-0.889203,0.761457
0.1965,765,0,462.8,223.7,0.2004,-0.0598,0.1385,1,1,1,8e-05,0.4771,0.8635,0.863474,-0.10993,0.338574,-0.570054,0.043662,-0.555005,0.361351
0.5517,766,0,587.1,137.1,0.5556,-0.4018,0.1019,0,1,0,,,,,,,,,,
0.5165,767,0,175.1,204.0,0.5204,0.217,0.0077,0,0,0,,,,,,,,,,
0.1767,768,0,552.7,128.8,0.1807,-0.0735,0.1819,1,1,1,7e-05,0.4108,0.9101,0.910086,-0.15277,0.296752,-0.636399,0.023997,-0.733451,0.340429
0.0783,769,0,418.8,230.5,0.0822,-0.0008,0.1988,1,1,1,5e-05,0.3664,0.9162,0.874626,-0.480556,0.402023,-0.68084,0.144276,-0.916248,0.763695
0.1979,770,0,385.2,339.2,0.2018,-0.0318,0.0749,1,1,1,4e-05,0.5779,0.8542,0.854184,-0.073402,0.392291,-0.469329,0.087807,-0.357211,0.416004
0.281,771,0,401.4,330.0,0.285,-0.0661,-0.0008,1,1,1,7e-05,0.8699,0.4734,0.473404,0.063453,0.243864,-0.177271,0.037862,-0.101044,0.180205
0.0791,772,0,524.1,322.7,0.083,-0.0024,0.1972,1,1,1,5e-05,0.3674,0.9175,0.893665,-0.481735,0.395743,-0.679823,0.146658,-0.917512,0.759942
0.5952,773,0,187.6,87.7,0.5992,0.2067,0.171,0,0,0,,,,,,,,,,
0.279,774,0,384.3,44.5,0.2829,-0.0376,0.213,1,1,1,7e-05,0.6235,0.4237,0.226645,0.003321,0.303049,-0.423743,-0.001622,-0.391254,0.236842
0.5781,775,0,174.1,358.1,0.5821,0.3013,-0.3652,0,0,0,,,,,,,,,,
0.2789,776,0,544.6,39.3,0.2828,-0.1307,0.2157,1,1,1,9e-05,0.5666,0.4806,0.315528,-4.3e-05,0.108634,-0.48063,-0.017766,-0.451562,0.071677
0.5817,777,0,282.3,116.2,0.5856,0.059,0.1288,0,1,0,,,,,,,,,,
0.3995,778,0,291.4,275.3,0.4034,0.0342,-0.0339,1,1,1,6e-05,1.3511,0.5116,-0.365709,0.203069,0.233425,0.511603,-0.056058,0.263321,0.00875
0.5638,779,0,257.7,31.9,0.5678,0.0866,0.2474,0,1,0,,,,,,,,,,
0.3367,780,0,307.6,26.2,0.3406,0.0091,0.2291,1,1,1,0.0001,0.8097,0.3148,-0.132056,0.087684,0.314781,-0.237513,-0.021923,-0.173735,0.17065
0.5886,781,0,28.8,114.6,0.5925,0.4612,0.1303,0,0,0,,,,,,,,,,
0.2324,782,0,220.1,119.7,0.2363,0.0485,0.1763,1,1,1,8e-05,0.6652,0.5224,0.300702,-0.023378,0.522443,-0.382034,0.02081,-0.351223,0.432018
0.2788,783,0,364.7,179.6,0.2828,-0.03,0.1293,1,1,1,7e-05,0.6955,0.394,0.394019,0.012741,0.334113,-0.351714,0.024074,-0.304677,0.27463
0.5525,784,0,545.4,168.6,0.5565,-0.3511,0.0521,0,1,0,,,,,,,,,,
0.1558,785,0,258.3,126.5,0.1597,0.0154,0.1862,1,1,1,0.0001,0.4686,0.6512,0.651175,-0.218497,0.498729,-0.578573,0.068786,-0.612097,0.580053
0.2638,786,0,43.3,205.8,0.2677,0.177,0.1168,1,1,1,7e-05,1.0797,0.6959,-0.069408,0.231459,0.69593,0.032471,-0.0831,0.017694,0.281905
0.4807,787,0,93.5,189.6,0.4846,0.3067,0.0446,0,0,0,,,,,,,,,,
0.2722,788,0,403.1,6.9,0.2761,-0.0453,0.2315,1,1,1,8e-05,0.5924,0.4548,0.213322,-0.003458,0.28703,-0.454808,-0.006017,-0.425807,0.225503
0.3137,789,0,429.9,142.5,0.3176,-0.0831,0.1468,1,1,1,5e-05,0.7193,0.3279,0.266047,0.026607,0.197261,-0.327859,0.002663,-0.280121,0.141948
0.1525,790,0,505.0,55.6,0.1565,-0.0412,0.2026,1,1,1,4e-05,0.3951,0.8541,0.85409,-0.236115,0.350235,-0.652119,0.052483,-0.801971,0.461529
0.1486,791,0,491.2,331.2,0.1525,-0.0492,0.1285,1,1,1,7e-05,0.4135,1.1233,1.123268,-0.220213,0.36103,-0.633715,0.093479,-0.633876,0.480973
0.3902,792,0,37.3,294.1,0.3942,0.336,-0.0536,0,0,0,,,,,,,,,,
0.3802,793,0,156.2,16.9,0.3842,0.14,0.2413,1,1,1,6e-05,1.193,0.6409,-0.640875,0.293206,0.407182,0.145782,-0.122365,0.171076,0.038476
0.5932,794,0,98.0,324.1,0.5971,0.4513,-0.2913,0,0,0,,,,,,,,,,
0.2333,795,0,470.8,354.1,0.2372,-0.097,0.0264,1,1,1,3e-05,0.6671,0.7662,0.766222,0.025844,0.250032,-0.380132,0.03892,-0.237839,0.196808
0.1966,796,0,75.8,231.6,0.2006,0.1033,0.1347,1,1,1,8e-05,0.7501,0.6633,0.324042,-0.022174,0.66331,-0.297111,0.032868,-0.25519,0.529437
0.2555,797,0,445.1,26.4,0.2594,-0.0636,0.22,1,1,1,3e-05,0.5447,0.5025,0.354303,-0.025686,0.269011,-0.502528,-0.004587,-0.493111,0.226986
0.1014,798,0,420.9,337.3,0.1053,-0.0102,0.1743,1,1,1,8e-05,0.3849,1.0088,1.008849,-0.415314,0.397039,-0.662312,0.142787,-0.813271,0.692207
0.0823,799,0,289.1,340.6,0.0862,0.0008,0.1936,1,1,1,5e-05,0.3713,0.8875,0.887512,-0.468942,0.41286,-0.675911,0.144161,-0.881954,0.759471
0.3379,800,0,291.5,269.2,0.3418,0.0274,0.0176,1,1,1,5e-05,1.1134,0.3365,0.072456,0.148083,0.336536,0.066175,-0.003274,0.039205,0.16261
0.2336,801,0,545.6,145.1,0.2376,-0.1134,0.1634,1,1,1,6e-05,0.501,0.6866,0.686559,-0.028627,0.208766,-0.546249,-0.012756,-0.54082,0.164735
0.6381,802,0,16.3,177.2,0.6421,0.5635,0.0087,0,0,0,,,,,,,,,,
0.2686,803,0,37.5,309.3,0.2725,0.2097,0.0309,0,0,0,,,,,,,,,,
0.2528,804,0,176.7,267.4,0.2568,0.0927,0.0782,1,1,1,8e-05,0.9064,0.5673,0.268665,0.080869,0.567281,-0.140791,0.022346,-0.110773,0.387144
0.5856,805,0,245.1,251.1,0.5896,0.137,-0.1163,0,1,0,,,,,,,,,,
0.1694,806,0,113.6,73.3,0.1734,0.0571,0.1986,1,1,1,4e-05,0.5531,0.5966,0.393583,-0.132948,0.596562,-0.494109,0.034875,-0.488947,0.567954
0.5424,807,0,604.4,201.4,0.5464,-0.4496,0.0009,0,1,0,,,,,,,,,,
0.229,808,0,121.2,311.0,0.233,0.1175,0.0644,1,1,1,9e-05,0.9376,0.6337,0.289532,0.083936,0.633729,-0.109563,0.021138,-0.08274,0.421644
0.3577,809,0,396.9,78.0,0.3617,-0.0645,0.1921,1,1,1,9e-05,0.8146,0.2326,-0.040901,0.047922,0.169885,-0.232552,-0.00545,-0.176914,0.099806
0.6285,810,0,482.2,63.6,0.6324,-0.2631,0.2068,0,1,0,,,,,,,,,,
0.5022,811,0,543.3,253.2,0.5062,-0.3426,-0.0682,0,1,0,,,,,,,,,,
0.2452,812,0,181.9,33.4,0.2492,0.0667,0.2158,1,1,1,6e-05,0.6955,0.5374,0.098971,0.026574,0.537434,-0.351655,-0.013881,-0.313623,0.380063
0.5104,813,0,84.8,120.4,0.5144,0.3175,0.1332,0,0,0,,,,,,,,,,
0.5346,814,0,109.7,26.7,0.5386,0.2735,0.2507,0,0,0,,,,,,,,,,
0.1791,815,0,596.8,147.7,0.1831,-0.0913,0.1752,1,1,1,8e-05,0.4079,0.9593,0.959319,-0.127549,0.266111,-0.639299,0.009123,-0.733724,0.285108
0.2582,816,0,566.5,20.5,0.2621,-0.1266,0.223,1,1,1,4e-05,0.5179,0.5293,0.396778,-0.009376,0.130679,-0.529293,-0.022087,-0.522333,0.092183
0.5072,817,0,515.4,263.3,0.5111,-0.3068,-0.0895,0,1,0,,,,,,,,,,
0.2325,818,0,307.7,253.4,0.2364,0.0069,0.1015,1,1,1,9e-05,0.6728,0.5628,0.56284,-0.031783,0.441071,-0.374447,0.062597,-0.310172,0.412447
0.6153,819,0,553.9,283.7,0.6192,-0.471,-0.2099,0,1,0,,,,,,,,,,
0.1637,820,0,490.0,262.2,0.1677,-0.0542,0.1415,1,1,1,6e-05,0.4238,1.0296,1.029588,-0.187391,0.350678,-0.623358,0.068853,-0.64416,0.435266
0.6002,821,0,364.3,27.3,0.6042,-0.0659,0.2572,1,1,0,0.03718,0.6878,1.523,-1.52298,-0.10939,-0.357243,1.40665,-0.021925,0.072759,-0.006526
0.5497,822,0,510.7,192.5,0.5537,-0.3033,0.0131,0,1,0,,,,,,,,,,
0.4538,823,0,556.1,128.8,0.4578,-0.2796,0.1321,1,1,1,7e-05,1.2864,0.4569,-0.456884,-0.211972,-0.296836,0.23917,0.049053,0.191831,-0.065445
0.5141,824,0,84.3,17.8,0.518,0.2904,0.2584,0,0,0,,,,,,,,,,
0.3437,825,0,139.5,145.9,0.3477,0.1542,0.1372,1,1,1,0.0001,1.2024,0.5229,-0.328529,0.291431,0.522905,0.155244,-0.103754,0.121372,0.126778
0.3793,826,0,604.5,280.1,0.3832,-0.3207,-0.0257,1,1,1,0.0001,1.4123,0.3651,-0.173943,-0.231858,-0.298881,0.365128,0.03402,0.197323,-0.044248
0.1015,827,0,517.6,89.7,0.1055,-0.0152,0.1984,1,1,1,4e-05,0.3752,0.9308,0.930779,-0.410145,0.377405,-0.672032,0.12145,-0.903696,0.658797
0.2517,828,0,163.2,214.5,0.2557,0.0948,0.1165,1,1,1,7e-05,0.8541,0.5811,0.217771,0.066388,0.581098,-0.193121,0.011355,-0.160815,0.399401
0.391,829,0,632.6,198.8,0.3949,-0.3328,0.0685,1,1,1,4e-05,1.2159,0.345,-0.181333,-0.232138,-0.345045,0.168722,0.036732,0.118498,-0.083916
0.1543,830,0,474.8,185.4,0.1582,-0.0403,0.1711,1,1,1,8e-05,0.4092,0.9538,0.953849,-0.234065,0.364319,-0.637987,0.071355,-0.726525,0.48227
0.2018,831,0,128.9,163.3,0.2057,0.0781,0.1632,1,1,1,8e-05,0.676,0.6115,0.332643,-0.048543,0.611497,-0.37119,0.031431,-0.337173,0.516006
0.5313,832,0,132.6,132.4,0.5353,0.2686,0.1129,0,0,0,,,,,,,,,,
0.1686,833,0,553.6,94.8,0.1725,-0.0655,0.1929,1,1,1,9e-05,0.4013,0.8967,0.89666,-0.178709,0.30611,-0.645931,0.030276,-0.773305,0.370757
0.27,834,0,23.0,3.3,0.274,0.1599,0.2329,1,1,1,8e-05,0.9344,0.647,-0.279037,0.217886,0.646985,-0.112809,-0.107157,-0.05932,0.248173
0.1289,835,0,123.9,181.3,0.1328,0.0343,0.1813,1,1,1,4e-05,0.4649,0.6755,0.654435,-0.274521,0.5546,-0.582341,0.088468,-0.610639,0.675472
0.5983,836,0,401.1,200.6,0.6023,-0.1435,-0.0215,0,1,0,,,,,,,,,,
0.3782,837,0,518.8,43.8,0.3822,-0.1731,0.2199,1,1,1,0.0001,0.8289,0.2183,-0.156867,-0.032128,-0.076019,-0.218319,0.007988,-0.140555,-0.037067
0.3801,838,0,234.9,14.8,0.384,0.0726,0.2428,1,1,1,5e-05,1.028,0.4634,-0.463352,0.189415,0.33739,-0.019207,-0.067587,0.044905,0.083112
0.2085,839,0,126.9,154.7,0.2125,0.0824,0.1651,1,1,1,8e-05,0.6947,0.6131,0.29409,-0.029838,0.613089,-0.352494,0.023624,-0.318208,0.498078
0.5676,840,0,443.7,96.2,0.5716,-0.1844,0.1603,1,1,0,0.01067,0.6882,1.4062,-1.304163,-0.262937,-0.325485,1.406216,0.020416,0.07246,-0.006754
0.6316,841,0,82.1,55.9,0.6356,0.3853,0.2184,0,0,0,,,,,,,,,,
0.1003,842,0,46.9,271.8,0.1042,0.0243,0.1829,1,1,1,9e-05,0.4142,0.7616,0.76163,-0.375945,0.518695,-0.633045,0.117713,-0.708096,0.747069
0.5449,843,0,101.6,224.9,0.5489,0.3565,-0.0418,0,0,0,,,,,,,,,,
0.6418,844,0,394.8,358.7,0.6457,-0.1741,-0.4387,0,0,0,,,,,,,,,,
0.3316,845,0,95.8,167.9,0.3356,0.1872,0.1213,1,1,1,6e-05,1.2323,0.5748,-0.370199,0.355902,0.574841,0.251171,-0.133976,0.174635,0.103903
0.572,846,0,119.5,237.1,0.5759,0.3512,-0.0796,0,0,0,,,,,,,,,,
0.2065,847,0,473.2,284.0,0.2105,-0.0747,0.1006,1,1,1,6e-05,0.5177,0.8866,0.886614,-0.061498,0.315996,-0.529493,0.043143,-0.453499,0.307983
0.5079,848,0,362.2,63.8,0.5119,-0.0535,0.205,1,1,1,8e-05,1.3007,0.8557,-0.855749,0.02128,-0.009505,0.405523,-0.018711,0.31377,-0.049692
0.3608,849,0,595.4,179.3,0.3648,-0.2595,0.101,1,1,1,5e-05,0.9428,0.1951,0.041076,-0.090151,-0.195123,-0.104367,-0.002886,-0.070548,-0.100295
0.1052,850,0,472.7,321.7,0.1092,-0.0175,0.1726,1,1,1,8e-05,0.3833,1.0488,1.048844,-0.403513,0.379146,-0.663891,0.139477,-0.823757,0.664374
0.1751,851,0,482.3,322.4,0.179,-0.063,0.1068,1,1,1,0.0001,0.4593,1.0397,1.039683,-0.128189,0.346919,-0.587872,0.068354,-0.523856,0.390801
0.407,852,0,188.9,169.4,0.411,0.1421,0.0963,1,1,1,8e-05,1.2592,0.6241,-0.624066,0.329034,0.372365,0.477768,-0.121083,0.286506,0.00407
0.2829,853,0,293.1,206.4,0.2869,0.019,0.1079,1,1,1,6e-05,0.7953,0.4142,0.305866,0.045116,0.414157,-0.251896,0.027546,-0.208174,0.315744
0.4423,854,0,269.9,111.8,0.4463,0.0565,0.1533,1,1,1,6e-05,1.3223,0.5893,-0.589252,0.19109,0.234926,0.27514,-0.06962,0.215952,0.007052
0.2794,855,0,600.2,354.9,0.2833,-0.2333,-0.0254,1,1,1,6e-05,0.9261,0.4222,0.422167,-0.008228,-0.071185,-0.121051,-0.025286,-0.058634,-0.081962
0.6221,856,0,28.7,228.4,0.6261,0.5562,-0.089,0,0,0,,,,,,,,,,
0.2747,857,0,609.8,247.2,0.2787,-0.2058,0.0799,1,1,1,8e-05,0.6876,0.5253,0.525337,0.021133,-0.000499,-0.35963,-0.038757,-0.276305,-0.062658
0.443,858,0,53.3,166.3,0.447,0.3193,0.089,0,0,0,,,,,,,,,,
0.522,859,0,462.5,238.2,0.526,-0.2247,-0.0533,1,1,0,0.04745,0.6925,1.4019,-0.937304,-0.212301,-0.491828,1.401916,-0.024848,0.063844,-0.000584
0.321,860,0,72.1,186.4,0.325,0.2025,0.1087,0,0,0,,,,,,,,,,
0.4128,861,0,320.7,167.7,0.4168,-0.0008,0.0964,1,1,1,9e-05,1.1726,0.2682,-0.268167,0.12895,0.210863,0.125431,-0.029128,0.096085,0.058642
0.312,862,0,68.2,3.8,0.316,0.1649,0.2397,1,1,1,4e-05,1.0453,0.5723,-0.43683,0.282304,0.572259,-0.00194,-0.126975,0.048411,0.147568
0.3588,863,0,376.7,152.7,0.3628,-0.0515,0.1273,1,1,1,3e-05,0.889,0.2035,0.043051,0.064034,0.203503,-0.158188,-0.00059,-0.121801,0.121166
0.5361,864,0,256.6,292.6,0.5401,0.1102,-0.1682,0,1,0,,,,,,,,,,
0.3639,865,0,96.7,224.6,0.3679,0.2238,0.0519,0,0,0,,,,,,,,,,
0.5385,866,0,35.9,31.7,0.5424,0.3743,0.2451,0,0,0,,,,,,,,,,
0.4021,867,0,458.2,56.8,0.406,-0.1315,0.21,1,1,1,6e-05,0.9091,0.2441,-0.244053,-0.003772,-0.011377,-0.138101,0.004313,-0.069802,-0.007583
0.4108,868,0,571.9,188.4,0.4147,-0.2817,0.073,1,1,1,4e-05,1.1994,0.2594,-0.212038,-0.171195,-0.259404,0.15219,0.025801,0.110486,-0.071728
0.5776,869,0,433.3,190.6,0.5815,-0.1903,0.0056,0,1,0,,,,,,,,,,
0.1105,870,0,163.4,81.2,0.1145,0.0161,0.1987,1,1,1,0.0001,0.4044,0.7493,0.72266,-0.346659,0.495256,-0.642777,0.096158,-0.749321,0.69017
0.3499,871,0,284.4,117.6,0.3538,0.0302,0.1603,1,1,1,0.0001,0.9252,0.3472,-0.081192,0.116589,0.347184,-0.122037,-0.020048,-0.08762,0.179254
0.3477,872,0,111.8,173.0,0.3516,0.1858,0.1115,1,1,1,8e-05,1.2128,0.5346,-0.439369,0.375415,0.534599,0.326683,-0.139882,0.215606,0.067389
0.3532,873,0,195.6,289.6,0.3572,0.1297,-0.018,1,1,1,7e-05,1.2519,0.5151,-0.329287,0.336311,0.415447,0.515069,-0.098582,0.26285,0.030991
0.5762,874,0,380.5,342.8,0.5801,-0.122,-0.3225,0,1,0,,,,,,,,,,
0.4366,875,0,412.8,1.9,0.4405,-0.0927,0.2623,1,1,1,7e-05,1.0195,0.5325,-0.532454,0.015273,-0.003794,-0.027739,0.001768,0.060897,-0.023774
0.4132,876,0,195.2,88.9,0.4171,0.1267,0.18,1,1,1,9e-05,1.3027,0.6556,-0.655563,0.285462,0.350166,0.295701,-0.112838,0.235422,0.012372
0.5158,877,0,112.7,264.9,0.5198,0.3327,-0.0984,0,0,0,,,,,,,,,,
0.6052,878,0,88.2,54.7,0.6091,0.3571,0.2193,0,0,0,,,,,,,,,,
0.4981,879,0,19.5,287.3,0.5021,0.4757,-0.1278,0,0,0,,,,,,,,,,
0.6151,880,0,450.1,12.2,0.6191,-0.1962,0.2795,0,1,0,,,,,,,,,,
0.3504,881,0,131.5,314.2,0.3544,0.2007,-0.0475,0,0,0,,,,,,,,,,
0.3586,882,0,425.5,351.8,0.3626,-0.1215,-0.1086,1,1,1,6e-05,1.4084,0.4214,-0.094246,0.03128,0.028536,0.421387,-0.003983,0.206001,0.000746
0.0984,883,0,525.1,349.3,0.1024,-0.0187,0.1758,1,1,1,5e-05,0.3788,1.0657,1.065729,-0.430096,0.364808,-0.668375,0.147291,-0.861209,0.679601
0.1993,884,0,272.3,151.8,0.2032,0.0189,0.1687,1,1,1,4e-05,0.559,0.5351,0.535057,-0.111597,0.490429,-0.488239,0.050678,-0.472987,0.490825
0.1508,885,0,459.2,199.4,0.1547,-0.0352,0.1687,1,1,1,8e-05,0.4105,0.9574,0.95741,-0.245969,0.375168,-0.636685,0.079157,-0.719631,0.504714
0.0798,886,0,605.3,42.9,0.0838,-0.0031,0.2003,1,1,1,5e-05,0.3664,0.9271,0.881102,-0.476856,0.394352,-0.680757,0.142507,-0.927074,0.752005
0.4416,887,0,483.7,153.9,0.4455,-0.1926,0.1047,1,1,1,5e-05,1.1855,0.3146,-0.31461,-0.079646,-0.127556,0.138287,0.013269,0.113075,-0.043805
0.2207,888,0,18.8,28.8,0.2247,0.1238,0.2152,1,1,1,5e-05,0.7643,0.6729,-0.005414,0.072293,0.672895,-0.282872,-0.046238,-0.240598,0.410891
0.2409,889,0,209.7,190.0,0.2448,0.0608,0.1365,1,1,1,7e-05,0.7417,0.5358,0.321217,0.005234,0.535795,-0.3055,0.030876,-0.265163,0.429029
0.1296,890,0,148.2,342.4,0.1336,0.0371,0.1441,1,1,1,9e-05,0.5026,0.7584,0.758356,-0.268297,0.557754,-0.544613,0.119553,-0.516712,0.695069
0.5371,891,0,321.6,80.5,0.5411,-0.0022,0.1837,1,1,1,0.0001,1.1188,1.2437,-1.243724,0.039957,0.006308,0.97561,-0.035605,0.35575,-0.018947
0.3113,892,0,396.2,223.4,0.3152,-0.0623,0.0801,1,1,1,6e-05,0.8077,0.3278,0.32781,0.047713,0.240067,-0.239477,0.018112,-0.18666,0.174544
0.3049,893,0,293.3,357.2,0.3089,0.0251,-0.0565,1,1,1,8e-05,1.2136,0.3333,0.16605,0.167598,0.333344,0.166438,0.003562,0.098257,0.147493
0.3648,894,0,420.8,31.7,0.3687,-0.0829,0.2281,1,1,1,6e-05,0.8017,0.2455,-0.137632,0.03575,0.113587,-0.245524,-0.004842,-0.1731,0.061698
0.4864,895,0,483.7,168.8,0.4904,-0.2197,0.0723,1,1,1,8e-05,1.3162,0.6054,-0.605425,-0.166559,-0.206019,0.496365,0.029233,0.298207,-0.041663
0.3363,896,0,425.1,39.6,0.3402,-0.0785,0.22,1,1,1,4e-05,0.7292,0.318,0.005127,0.031255,0.158225,-0.317953,-0.005684,-0.256998,0.101069
0.4539,897,0,20.0,32.7,0.4579,0.3233,0.2359,0,0,0,,,,,,,,,,
0.331,898,0,140.7,18.2,0.335,0.1286,0.2337,1,1,1,4e-05,1.0063,0.4987,-0.384623,0.231739,0.498657,-0.040901,-0.094414,0.013968,0.151905
0.1644,899,0,446.9,100.9,0.1683,-0.0341,0.1917,1,1,1,7e-05,0.4185,0.8103,0.81031,-0.208327,0.375181,-0.628657,0.052384,-0.721584,0.463759
0.3068,900,0,296.0,77.5,0.3107,0.0165,0.1938,1,1,1,5e-05,0.765,0.3773,0.059816,0.060911,0.377287,-0.282236,-0.007909,-0.237176,0.248762
0.546,901,0,584.5,289.5,0.55,-0.4676,-0.1696,0,1,0,,,,,,,,,,
0.3126,902,0,594.6,240.1,0.3166,-0.2302,0.0638,1,1,1,4e-05,0.8304,0.3139,0.31394,-0.019313,-0.088858,-0.216794,-0.025823,-0.157053,-0.087432
0.1167,903,0,46.9,259.8,0.1207,0.0403,0.1733,1,1,1,4e-05,0.4661,0.7203,0.678844,-0.302348,0.573292,-0.581147,0.102515,-0.599089,0.720339
0.6127,904,0,194.2,101.0,0.6167,0.2058,0.149,0,0,0,,,,,,,,,,
0.2749,905,0,554.6,91.7,0.2788,-0.1408,0.1866,1,1,1,3e-05,0.5711,0.4761,0.415921,0.003121,0.105847,-0.47614,-0.021275,-0.446235,0.061436
0.4277,906,0,364.2,180.1,0.4316,-0.0515,0.0768,1,1,1,5e-05,1.2096,0.2792,-0.27925,0.078889,0.116337,0.16243,-0.017912,0.117028,0.025036
0.5876,907,0,562.2,49.8,0.5915,-0.3591,0.2255,0,1,0,,,,,,,,,,
0.1452,908,0,134.1,332.2,0.1491,0.051,0.1315,1,1,1,5e-05,0.5644,0.6802,0.680159,-0.205132,0.587656,-0.482843,0.108876,-0.430398,0.664407
0.1701,909,0,255.7,265.1,0.1741,0.0221,0.1361,1,1,1,6e-05,0.5427,0.7132,0.713151,-0.170471,0.511022,-0.504488,0.093214,-0.465577,0.575332
0.2519,910,0,75.0,96.7,0.2558,0.1307,0.1855,1,1,1,5e-05,0.8596,0.6443,-0.026045,0.119922,0.644287,-0.187565,-0.048442,-0.152245,0.356638
0.4591,911,0,567.0,90.3,0.4631,-0.2853,0.1757,1,1,1,6e-05,1.262,0.5312,-0.531151,-0.229814,-0.326838,0.21482,0.062401,0.198244,-0.07184
0.2143,912,0,534.3,4.8,0.2182,-0.0823,0.2229,1,1,1,9e-05,0.449,0.6538,0.578448,-0.072685,0.252713,-0.598248,-0.00879,-0.653837,0.239887
0.1516,913,0,577.7,209.4,0.1555,-0.0666,0.1655,1,1,1,5e-05,0.3901,1.0881,1.088051,-0.21866,0.310591,-0.657075,0.056499,-0.777046,0.41192
0.5513,914,0,315.6,144.1,0.5552,0.0066,0.0913,1,1,0,0.02721,0.6794,1.415,-1.269582,0.077623,-0.115952,1.41503,-0.064505,0.071058,-0.005099
0.6398,915,0,507.3,116.7,0.6438,-0.3269,0.1197,0,1,0,,,,,,,,,,
0.1084,916,0,30.6,327.5,0.1123,0.0369,0.1688,1,1,1,5e-05,0.4538,0.7453,0.729862,-0.333472,0.561985,-0.593352,0.116217,-0.613871,0.745302
0.5441,917,0,354.7,150.8,0.548,-0.0522,0.0826,1,1,0,0.01112,0.6804,1.414,-1.226298,-0.015046,-0.105505,1.413965,-0.036531,0.073157,-0.004412
0.4777,918,0,307.5,101.3,0.4816,0.0153,0.1615,1,1,1,8e-05,1.3392,0.7253,-0.725295,0.129203,0.130073,0.372431,-0.053913,0.275264,-0.025967
0.5397,919,0,244.5,153.1,0.5437,0.1126,0.0803,0,1,0,,,,,,,,,,
0.5352,920,0,228.0,190.8,0.5392,0.1416,0.0216,0,1,0,,,,,,,,,,
0.4759,921,0,529.1,246.1,0.4799,-0.2984,-0.0399,1,1,0,0.01738,0.6899,1.4045,-0.883816,-0.350061,-0.424846,1.404531,0.016749,0.068352,-0.004248
0.4088,922,0,60.9,196.3,0.4127,0.2906,0.0642,0,0,0,,,,,,,,,,
0.4554,923,0,90.3,319.8,0.4594,0.3406,-0.1524,0,0,0,,,,,,,,,,
0.1121,924,0,66.0,43.8,0.1161,0.0264,0.2024,1,1,1,7e-05,0.4174,0.7137,0.646879,-0.322696,0.531796,-0.629827,0.084202,-0.713745,0.69337
0.1085,925,0,92.7,212.3,0.1125,0.0253,0.1848,1,1,1,7e-05,0.4232,0.7329,0.732873,-0.347374,0.52505,-0.623969,0.107311,-0.691061,0.721529
0.4421,926,0,261.6,103.9,0.4461,0.0653,0.1621,1,1,1,7e-05,1.3311,0.6195,-0.619534,0.201312,0.243353,0.283909,-0.075293,0.224673,0.003768
0.4072,927,0,455.9,229.8,0.4112,-0.1576,0.0229,1,1,1,8e-05,1.2,0.1528,-0.130723,-0.018965,-0.033402,0.152768,0.001121,0.097581,-0.013358
0.3508,928,0,356.0,276.3,0.3547,-0.0366,0.0001,1,1,1,9e-05,1.1067,0.2161,0.091439,0.10408,0.21609,0.059486,0.004441,0.036276,0.107857
0.41,929,0,137.0,39.4,0.414,0.1754,0.2259,1,1,1,6e-05,1.2278,0.9193,-0.919263,0.360435,0.360646,0.43945,-0.159013,0.320071,-0.02718
0.4747,930,0,515.2,258.4,0.4786,-0.2818,-0.0594,1,1,0,0.02231,0.6898,1.4046,-0.862707,-0.311695,-0.422357,1.404565,0.006976,0.067398,-0.003344
0.5604,931,0,497.4,29.0,0.5644,-0.2442,0.2506,1,1,0,0.00366,0.7348,1.4133,-1.413322,-0.39987,-0.415284,1.359593,0.066306,0.108815,-0.01207
0.2993,932,0,20.0,201.4,0.3032,0.2271,0.1047,0,0,0,,,,,,,,,,
0.119,933,0,84.3,206.3,0.123,0.0345,0.1809,1,1,1,5e-05,0.4529,0.7035,0.67689,-0.302785,0.555951,-0.594323,0.096681,-0.629457,0.70349
0.5849,934,0,32.4,255.9,0.5889,0.5285,-0.1259,0,0,0,,,,,,,,,,
0.6224,935,0,281.9,290.3,0.6263,0.0783,-0.2317,0,1,0,,,,,,,,,,
0.616,936,0,467.6,151.8,0.62,-0.2559,0.0628,0,1,0,,,,,,,,,,
0.4519,937,0,158.2,85.9,0.4559,0.1825,0.181,1,1,1,0.0001,1.0377,1.3288,-1.328815,0.357345,0.274767,1.056671,-0.144126,0.311317,0.003629
0.2382,938,0,528.2,93.9,0.2422,-0.1021,0.188,1,1,1,6e-05,0.5004,0.59,0.590033,-0.034146,0.216633,-0.546843,-0.01123,-0.554014,0.18086
0.2478,939,0,17.8,34.2,0.2518,0.1483,0.2157,1,1,1,4e-05,0.8702,0.6726,-0.143054,0.156828,0.672633,-0.177028,-0.079815,-0.131635,0.325344
0.5123,940,0,60.6,8.0,0.5163,0.3153,0.2688,0,0,0,,,,,,,,,,
0.2558,941,0,565.3,49.2,0.2597,-0.1277,0.2093,1,1,1,4e-05,0.5184,0.5288,0.452768,-0.009792,0.138242,-0.528795,-0.022755,-0.523479,0.096312
0.1217,942,0,10.2,151.4,0.1256,0.0454,0.1885,1,1,1,4e-05,0.4696,0.6965,0.586892,-0.273139,0.590832,-0.577623,0.079758,-0.604052,0.696479
0.4797,943,0,363.6,243.9,0.4837,-0.0626,-0.0385,1,1,0,0.00252,0.7459,1.3485,-0.960915,0.026346,-0.019661,1.348508,-0.036896,0.131077,-0.002424
0.553,944,0,66.8,287.7,0.557,0.4533,-0.1712,0,0,0,,,,,,,,,,
0.2525,945,0,173.6,350.5,0.2565,0.1052,0.0085,1,1,1,4e-05,1.067,0.5603,0.26955,0.148032,0.560318,0.019832,0.012772,0.013587,0.320834
0.6273,946,0,164.8,57.0,0.6313,0.2496,0.2167,0,0,0,,,,,,,,,,
0.2301,947,0,630.1,282.0,0.2341,-0.178,0.084,1,1,1,5e-05,0.5616,0.7985,0.798535,0.03342,0.110053,-0.485647,-0.044131,-0.388683,-0.000867
0.5418,948,0,119.2,293.8,0.5457,0.3536,-0.1753,0,0,0,,,,,,,,,,
0.1039,949,0,442.7,5.1,0.1078,-0.0095,0.2046,1,1,1,9e-05,0.3756,0.8849,0.860034,-0.393239,0.4001,-0.671596,0.109958,-0.884921,0.657705
0.5408,950,0,365.6,14.2,0.5447,-0.0594,0.2661,1,1,1,9e-05,1.2028,1.2196,-1.219638,-0.049993,-0.090758,0.705402,-0.000326,0.411602,-0.050072
0.5478,951,0,625.8,351.9,0.5517,-0.5882,-0.3155,0,1,0,,,,,,,,,,
0.6373,952,0,24.7,40.8,0.6413,0.4763,0.2413,0,0,0,,,,,,,,,,
0.2296,953,0,73.8,316.3,0.2336,0.1471,0.06,1,1,1,0.0001,1.02,0.684,0.199675,0.138574,0.68401,-0.027215,-0.012891,-0.025762,0.384192
0.2629,954,0,477.4,337.5,0.2669,-0.1177,0.0099,1,1,1,8e-05,0.7651,0.6057,0.605668,0.04657,0.178847,-0.282138,0.020631,-0.167847,0.117503
0.123,955,0,596.1,317.6,0.1269,-0.0505,0.1569,1,1,1,8e-05,0.3774,1.211,1.210978,-0.318297,0.323949,-0.669811,0.109049,-0.815164,0.526987
0.5528,956,0,81.8,324.4,0.5567,0.4465,-0.2537,0,0,0,,,,,,,,,,
0.6248,957,0,527.6,240.1,0.6288,-0.4038,-0.1158,0,1,0,,,,,,,,,,
0.5146,958,0,269.9,294.7,0.5186,0.0831,-0.1554,0,1,0,,,,,,,,,,
0.1189,959,0,279.2,105.1,0.1229,0.0054,0.1954,1,1,1,4e-05,0.403,0.7782,0.778169,-0.335142,0.462607,-0.644243,0.096541,-0.759293,0.653701
0.4959,960,0,609.9,294.9,0.4998,-0.4608,-0.1405,0,1,0,,,,,,,,,,
0.1677,961,0,160.9,295.2,0.1717,0.0553,0.1255,1,1,1,4e-05,0.6131,0.6082,0.608168,-0.14346,0.584613,-0.434072,0.092223,-0.37757,0.607978
0.3216,962,0,406.6,58.4,0.3256,-0.0621,0.2065,1,1,1,4e-05,0.7094,0.3378,0.088565,0.031598,0.211991,-0.337814,-0.004702,-0.286486,0.144767
0.6005,963,0,391.1,258.9,0.6044,-0.1351,-0.1424,0,1,0,,,,,,,,,,
0.077,964,0,613.0,273.8,0.0809,-0.001,0.1993,1,1,1,5e-05,0.3654,0.9229,0.874471,-0.484869,0.399373,-0.681785,0.145462,-0.922905,0.766937
0.571,965,0,247.7,261.5,0.5749,0.13,-0.1285,0,1,0,,,,,,,,,,
0.6112,966,0,14.3,143.8,0.6151,0.521,0.078,0,0,0,,,,,,,,,,
0.1419,967,0,593.7,318.3,0.1458,-0.0703,0.1393,1,1,1,5e-05,0.3833,1.2239,1.223894,-0.225706,0.314344,-0.663878,0.073542,-0.730123,0.425093
0.6019,968,0,206.1,334.1,0.6059,0.2385,-0.3259,0,0,0,,,,,,,,,,
0.4761,969,0,616.8,252.0,0.48,-0.4266,-0.0496,0,1,0,,,,,,,,,,
0.2079,970,0,161.4,255.7,0.2119,0.0755,0.1157,1,1,1,8e-05,0.7327,0.5929,0.424242,-0.033683,0.59287,-0.314514,0.055593,-0.263479,0.510824
0.2201,971,0,538.9,217.8,0.2241,-0.1089,0.1297,1,1,1,7e-05,0.4987,0.8227,0.822662,-0.035652,0.240482,-0.54854,-0.000111,-0.51444,0.197079
0.1419,972,0,95.1,44.8,0.1458,0.0427,0.2042,1,1,1,8e-05,0.4814,0.6246,0.499295,-0.214529,0.577081,-0.565817,0.052364,-0.593726,0.624638
0.3902,973,0,586.3,132.8,0.3941,-0.2634,0.1396,1,1,1,9e-05,0.9913,0.2339,-0.130953,-0.12339,-0.233853,-0.055855,0.015865,-0.020744,-0.094367
0.6452,974,0,94.1,322.8,0.6492,0.5045,-0.3371,0,0,0,,,,,,,,,,
0.6321,975,0,329.4,342.0,0.636,-0.0211,-0.3786,0,0,0,,,,,,,,,,
0.4461,976,0,432.4,51.5,0.45,-0.1208,0.2168,1,1,1,8e-05,1.067,0.4675,-0.467539,-0.012182,-0.040504,0.019822,0.006385,0.074241,-0.029671
0.585,977,0,116.8,322.3,0.5889,0.4056,-0.2789,0,0,0,,,,,,,,,,
0.4601,978,0,115.5,127.3,0.4641,0.2458,0.1327,0,0,0,,,,,,,,,,
0.3545,979,0,153.7,303.4,0.3584,0.1773,-0.0367,1,1,1,0.0001,1.0188,1.0756,-0.768656,0.462801,0.404488,1.07559,-0.142155,0.281151,0.001819
0.5349,980,0,414.2,163.8,0.5389,-0.1406,0.065,1,1,0,0.00196,0.7727,1.3217,-1.126157,-0.147334,-0.171306,1.321731,-0.001684,0.148743,-0.006955
0.2691,981,0,506.5,289.5,0.2731,-0.1354,0.0482,1,1,1,8e-05,0.7062,0.5947,0.59471,0.034944,0.150183,-0.340959,0.002333,-0.240967,0.085601
0.5897,982,0,228.9,87.4,0.5937,0.1407,0.1718,0,1,0,,,,,,,,,,
0.3714,983,0,419.7,345.5,0.3754,-0.1191,-0.1128,1,1,1,6e-05,1.3726,0.5163,-0.189997,0.026123,0.018784,0.5163,-0.007734,0.241829,-0.006429
0.447,984,0,22.3,127.0,0.451,0.3456,0.1354,0,0,0,,,,,,,,,,
0.2526,985,0,103.3,187.1,0.2566,0.1276,0.1338,1,1,1,6e-05,0.9066,0.6382,0.088286,0.113137,0.638195,-0.140562,-0.023824,-0.11757,0.37475
0.224,986,0,28.8,282.0,0.2279,0.1605,0.0887,1,1,1,9e-05,0.9961,0.7247,0.139811,0.140054,0.724717,-0.051145,-0.030978,-0.046647,0.395678
0.314,987,0,116.0,236.7,0.318,0.1713,0.0663,1,1,1,8e-05,1.2683,0.5845,-0.194094,0.319855,0.58447,0.241641,-0.102409,0.150328,0.145041
0.6426,988,0,207.7,37.0,0.6466,0.1822,0.2474,0,1,0,,,,,,,,,,
0.4021,989,0,379.8,159.6,0.4061,-0.0631,0.1087,1,1,1,3e-05,1.0444,0.144,-0.144021,0.065988,0.131055,-0.00277,-0.008335,0.005956,0.05468
0.5697,990,0,290.1,284.1,0.5736,0.0551,-0.1763,0,1,0,,,,,,,,,,
0.2271,991,0,193.4,335.0,0.2311,0.0763,0.0482,1,1,1,8e-05,0.8705,0.5549,0.433996,0.039911,0.554931,-0.176718,0.059614,-0.121279,0.434973
0.4685,992,0,407.1,339.5,0.4725,-0.1371,-0.2035,0,1,0,,,,,,,,,,
0.5637,993,0,34.4,223.8,0.5676,0.4843,-0.0494,0,0,0,,,,,,,,,,
0.2961,994,0,33.7,72.3,0.3,0.1866,0.1974,1,1,1,5e-05,1.0938,0.6429,-0.349827,0.299567,0.642926,0.046569,-0.133353,0.061146,0.17726
0.1015,995,0,249.3,353.1,0.1055,0.0074,0.172,1,1,1,5e-05,0.4013,0.9067,0.906707,-0.399504,0.457487,-0.645873,0.13813,-0.7393,0.728014
0.1173,996,0,113.3,228.0,0.1213,0.0298,0.1782,1,1,1,5e-05,0.4451,0.7155,0.715508,-0.315924,0.540623,-0.602074,0.103547,-0.642221,0.706152
0.3813,997,0,395.3,227.2,0.3853,-0.0802,0.0399,1,1,1,4e-05,1.0815,0.1227,-0.00812,0.062133,0.122738,0.034257,-0.001143,0.021558,0.057657
0.2722,998,0,270.0,168.8,0.2761,0.0321,0.139,1,1,1,6e-05,0.7552,0.4508,0.275469,0.030458,0.45081,-0.292005,0.02115,-0.25213,0.346537
0.2336,999,0,248.0,125.3,0.2375,0.0354,0.1734,1,1,1,8e-05,0.6476,0.4963,0.34288,-0.032571,0.496271,-0.399584,0.025649,-0.37002,0.424068
0.4139,1000,0,110.4,202.4,0.4178,0.2404,0.0545,0,0,0,,,,,,,,,,
0.5365,1001,0,348.8,182.9,0.5405,-0.0441,0.0341,1,1,0,0.02223,0.6801,1.4143,-1.146518,0.021495,-0.1352,1.414345,-0.049656,0.070395,-0.004611
0.2932,1002,0,584.3,22.5,0.2972,-0.1621,0.2264,1,1,1,7e-05,0.5935,0.4537,0.215431,-0.000818,0.01817,-0.453696,-0.017336,-0.406583,0.000274
0.2498,1003,0,300.9,35.6,0.2537,0.0095,0.2152,1,1,1,8e-05,0.6139,0.4333,0.239272,-0.016324,0.423262,-0.43329,0.002816,-0.408326,0.343136
0.3096,1004,0,267.4,14.6,0.3135,0.0345,0.233,1,1,1,4e-05,0.7748,0.3934,-0.085958,0.084694,0.393391,-0.272376,-0.025887,-0.212886,0.22787
0.1694,1005,0,65.3,146.1,0.1734,0.0759,0.178,1,1,1,3e-05,0.6058,0.6393,0.384556,-0.114102,0.639322,-0.441435,0.040685,-0.417739,0.58708
0.3588,1006,0,65.1,23.1,0.3628,0.2037,0.2339,0,0,0,,,,,,,,,,
0.0862,1007,0,1.9,143.0,0.0902,0.0103,0.1977,1,1,1,7e-05,0.3767,0.837,0.800631,-0.43638,0.45741,-0.670489,0.126399,-0.836994,0.757305
0.1421,1008,0,440.7,233.7,0.1461,-0.028,0.1637,1,1,1,9e-05,0.4093,0.9827,0.98267,-0.273026,0.38882,-0.637943,0.094977,-0.715219,0.545267
0.1268,1009,0,232.8,260.6,0.1308,0.0161,0.1665,1,1,1,6e-05,0.4438,0.807,0.80702,-0.305354,0.499164,-0.603355,0.111654,-0.637426,0.670807
0.6148,1010,0,520.2,238.1,0.6188,-0.3814,-0.1059,0,1,0,,,,,,,,,,
0.2955,1011,0,385.2,16.1,0.2994,-0.0402,0.2302,1,1,1,5e-05,0.6517,0.3955,0.110748,0.021242,0.274328,-0.395539,-0.007338,-0.350225,0.197859
0.273,1012,0,440.7,168.9,0.277,-0.0778,0.1386,1,1,1,9e-05,0.6286,0.4792,0.479155,0.000942,0.251456,-0.418624,0.010341,-0.373421,0.204431
0.1434,1013,0,160.4,248.4,0.1473,0.0384,0.159,1,1,1,8e-05,0.5102,0.6699,0.669889,-0.231515,0.560807,-0.53704,0.094834,-0.525186,0.653635
0.3965,1014,0,488.7,101.2,0.4004,-0.1647,0.1694,1,1,1,1e-05,0.9223,0.1461,-0.146112,-0.026015,-0.05419,-0.124944,0.004605,-0.073615,-0.025669
0.5714,1015,0,589.9,213.5,0.5753,-0.4596,-0.0339,0,1,0,,,,,,,,,,
0.4426,1016,0,57.2,183.7,0.4466,0.3203,0.0669,0,0,0,,,,,,,,,,
0.4455,1017,0,103.9,250.6,0.4495,0.2865,-0.0285,0,0,0,,,,,,,,,,
0.5122,1018,0,594.2,32.7,0.5161,-0.341,0.2414,1,1,1,0.0001,1.2195,1.1027,-1.102743,-0.468594,-0.492291,0.794957,0.123101,0.394941,-0.049023
0.4084,1019,0,100.0,4.2,0.4123,0.203,0.2555,0,0,0,,,,,,,,,,
0.5669,1020,0,351.5,267.8,0.5709,-0.0566,-0.1391,0,1,0,,,,,,,,,,
0.4028,1021,0,298.3,189.1,0.4068,0.0237,0.0751,1,1,1,4e-05,1.2124,0.2565,-0.250693,0.158475,0.256464,0.165238,-0.035956,0.11552,0.069563
0.5077,1022,0,213.5,288.4,0.5117,0.1727,-0.1372,0,1,0,,,,,,,,,,
0.1787,1023,0,101.6,248.6,0.1827,0.0802,0.1374,1,1,1,0.0001,0.6688,0.6341,0.450777,-0.091475,0.634085,-0.378388,0.061438,-0.332128,0.581854
0.3141,1024,0,181.9,206.7,0.3181,0.1122,0.0937,1,1,1,5e-05,1.0691,0.5189,-0.033454,0.191159,0.518851,0.02194,-0.039694,0.011327,0.232408
0.5051,1025,0,369.9,85.1,0.5091,-0.0642,0.1792,1,1,1,7e-05,1.3142,0.7926,-0.792583,0.015516,-0.011978,0.400932,-0.016535,0.300224,-0.04537
0.1736,1026,0,71.4,2.8,0.1776,0.0673,0.2167,1,1,1,3e-05,0.5678,0.6162,0.282749,-0.098319,0.616174,-0.479389,0.012156,-0.469898,0.540934
0.2539,1027,0,321.8,306.2,0.2579,-0.0012,0.0464,1,1,1,8e-05,0.7887,0.5228,0.522764,0.030003,0.39553,-0.258548,0.061784,-0.180476,0.33756
0.4595,1028,0,56.0,355.2,0.4634,0.4146,-0.2256,0,0,0,,,,,,,,,,
0.14,1029,0,181.2,82.0,0.144,0.0266,0.1975,1,1,1,4e-05,0.4561,0.6374,0.604912,-0.246104,0.531374,-0.591125,0.067734,-0.637371,0.623354
0.1194,1030,0,71.4,258.8,0.1234,0.0391,0.1717,1,1,1,4e-05,0.4686,0.7129,0.68532,-0.296936,0.568925,-0.578616,0.102708,-0.594343,0.712869
0.4265,1031,0,434.9,144.8,0.4304,-0.1284,0.119,1,1,1,5e-05,1.0895,0.2409,-0.2409,-0.00087,-0.005913,0.042283,-0.000187,0.046793,-0.007357
0.1281,1032,0,533.8,297.6,0.1321,-0.0423,0.1571,1,1,1,6e-05,0.3858,1.1419,1.141948,-0.30859,0.347186,-0.661403,0.108366,-0.77651,0.541256
0.6121,1033,0,176.2,163.9,0.6161,0.2509,0.042,0,0,0,,,,,,,,,,
0.3577,1034,0,38.0,265.7,0.3617,0.2902,0.008,0,0,0,,,,,,,,,,
0.1719,1035,0,42.0,260.2,0.1758,0.0967,0.1369,1,1,1,9e-05,0.6947,0.6759,0.406021,-0.080726,0.675895,-0.352515,0.053195,-0.305769,0.593948
0.6198,1036,0,577.2,355.7,0.6237,-0.5731,-0.4051,0,0,0,,,,,,,,,,
0.5766,1037,0,116.6,213.2,0.5805,0.3498,-0.0357,0,0,0,,,,,,,,,,
0.2066,1038,0,400.3,24.3,0.2105,-0.0297,0.2152,1,1,1,7e-05,0.4799,0.6006,0.517592,-0.104431,0.373191,-0.567311,0.015309,-0.600625,0.37268
0.1481,1039,0,429.4,136.8,0.152,-0.0249,0.1852,1,1,1,9e-05,0.4094,0.8689,0.868915,-0.257554,0.393532,-0.637755,0.074908,-0.741384,0.526166
0.4583,1040,0,361.9,307.2,0.4622,-0.0616,-0.1319,1,1,0,0.04074,0.6823,1.4121,-0.825044,0.07076,-0.201574,1.412055,-0.06607,0.063792,-0.004557
0.1163,1041,0,169.0,69.4,0.1203,0.018,0.1998,1,1,1,8e-05,0.4123,0.7295,0.695729,-0.32519,0.503552,-0.634859,0.088593,-0.729525,0.674846
0.5965,1042,0,175.9,212.9,0.6004,0.2576,-0.0444,0,0,0,,,,,,,,,,
0.6198,1043,0,171.9,268.9,0.6237,0.2952,-0.1782,0,0,0,,,,,,,,,,
0.6454,1044,0,234.4,278.7,0.6494,0.181,-0.2202,0,1,0,,,,,,,,,,
0.5751,1045,0,156.0,197.2,0.5791,0.2762,-0.0054,0,0,0,,,,,,,,,,
0.433,1046,0,88.4,27.3,0.437,0.2345,0.2389,0,0,0,,,,,,,,,,
0.445,1047,0,380.2,326.4,0.4489,-0.0875,-0.1546,1,1,0,0.04324,0.6839,1.4105,-0.772776,0.040481,-0.245041,1.41051,-0.062267,0.062412,-0.004033
0.4257,1048,0,580.5,188.0,0.4297,-0.3042,0.0678,1,1,1,6e-05,1.3178,0.32,-0.320029,-0.225267,-0.30702,0.270565,0.041422,0.18208,-0.061094
0.2936,1049,0,526.9,148.5,0.2975,-0.1441,0.1471,1,1,1,7e-05,0.6458,0.4014,0.394696,0.012917,0.09712,-0.401438,-0.015031,-0.350931,0.051655
0.3272,1050,0,447.5,21.8,0.3312,-0.0904,0.2309,1,1,1,4e-05,0.6936,0.3536,0.025893,0.022474,0.139604,-0.353587,-0.006128,-0.291993,0.091647
0.2332,1051,0,32.7,193.1,0.2372,0.1517,0.1377,1,1,1,6e-05,0.9225,0.7061,0.06206,0.12554,0.706124,-0.124748,-0.040704,-0.105111,0.393457
0.3416,1052,0,451.5,201.3,0.3455,-0.1184,0.0867,1,1,1,4e-05,0.8523,0.2063,0.206265,0.031839,0.105271,-0.19488,0.001569,-0.149533,0.064182
0.6115,1053,0,549.4,17.8,0.6155,-0.3453,0.2714,0,1,0,,,,,,,,,,
0.6271,1054,0,54.1,17.4,0.631,0.4118,0.274,0,0,0,,,,,,,,,,
0.2687,1055,0,103.8,166.3,0.2726,0.1359,0.1417,1,1,1,6e-05,0.9499,0.629,-8e-06,0.151591,0.628989,-0.097285,-0.044127,-0.079362,0.327031
0.5788,1056,0,171.9,184.5,0.5827,0.2477,0.0161,0,0,0,,,,,,,,,,
0.6232,1057,0,271.6,226.7,0.6272,0.0925,-0.086,0,1,0,,,,,,,,,,
0.3401,1058,0,287.8,117.1,0.3441,0.0263,0.1621,1,1,1,4e-05,0.8903,0.3548,-0.034103,0.103925,0.354781,-0.156878,-0.014983,-0.119513,0.197636
0.6278,1059,0,510.0,247.9,0.6317,-0.3749,-0.135,0,1,0,,,,,,,,,,
0.2784,1060,0,216.4,337.0,0.2824,0.0838,-0.0054,1,1,1,4e-05,1.1125,0.4869,0.216368,0.167466,0.486874,0.065304,0.006159,0.040744,0.256475
0.6128,1061,0,9.4,232.0,0.6168,0.5853,-0.0917,0,0,0,,,,,,,,,,
0.5545,1062,0,152.7,323.7,0.5585,0.3145,-0.2536,0,0,0,,,,,,,,,,
0.2452,1063,0,204.2,282.2,0.2491,0.073,0.0726,1,1,1,8e-05,0.8587,0.5398,0.358223,0.049434,0.539762,-0.188486,0.042813,-0.143889,0.407918
0.1742,1064,0,401.0,180.0,0.1782,-0.0263,0.1656,1,1,1,4e-05,0.4547,0.8147,0.814734,-0.182926,0.401013,-0.592542,0.063888,-0.622536,0.476005
0.0976,1065,0,275.1,144.3,0.1016,0.0031,0.195,1,1,1,7e-05,0.3821,0.8418,0.841758,-0.410196,0.438954,-0.665056,0.121874,-0.829754,0.712456
0.2434,1066,0,562.5,106.5,0.2473,-0.1243,0.1814,1,1,1,6e-05,0.5072,0.5963,0.596257,-0.016754,0.170562,-0.540017,-0.021434,-0.538299,0.122968
0.2874,1067,0,610.4,143.1,0.2914,-0.1953,0.1523,1,1,1,8e-05,0.6339,0.4133,0.397833,0.007744,-0.012238,-0.413332,-0.032734,-0.358918,-0.049659
0.6218,1068,0,538.5,124.4,0.6258,-0.3722,0.1094,0,1,0,,,,,,,,,,
0.2412,1069,0,304.7,136.2,0.2452,0.008,0.1664,1,1,1,9e-05,0.6262,0.4371,0.407585,-0.036129,0.437115,-0.420996,0.029059,-0.39168,0.387129
0.3426,1070,0,198.6,351.0,0.3465,0.1318,-0.0899,1,1,1,0.0001,1.0604,1.034,-0.612707,0.396099,0.356202,1.034044,-0.113443,0.291908,-0.002966
0.5174,1071,0,43.0,28.0,0.5214,0.3471,0.2473,0,0,0,,,,,,,,,,
0.0933,1072,0,575.2,345.5,0.0973,-0.0178,0.1817,1,1,1,5e-05,0.3762,1.0488,1.048772,-0.449464,0.35833,-0.671005,0.150087,-0.894935,0.693473
0.5439,1073,0,161.4,298.6,0.5479,0.2822,-0.1873,0,0,0,,,,,,,,,,
0.5079,1074,0,527.5,62.0,0.5119,-0.2627,0.2072,1,1,1,9e-05,1.2751,0.8425,-0.842538,-0.266662,-0.333283,0.459795,0.076148,0.339348,-0.060656
0.3175,1075,0,473.6,325.5,0.3215,-0.146,-0.0311,1,1,1,5e-05,1.016,0.2852,0.285197,0.03353,0.058007,-0.031239,0.005705,-0.009968,0.027441
0.4966,1076,0,415.3,72.5,0.5006,-0.1188,0.1947,1,1,1,7e-05,1.3339,0.7081,-0.708073,-0.042567,-0.084117,0.286703,0.00728,0.249958,-0.050447
0.454,1077,0,10.7,308.6,0.458,0.4505,-0.1308,0,0,0,,,,,,,,,,
0.3331,1078,0,200.9,72.0,0.3371,0.0906,0.1972,1,1,1,7e-05,0.953,0.457,-0.211879,0.169129,0.45703,-0.094217,-0.054342,-0.052433,0.194536
0.6283,1079,0,474.6,334.0,0.6323,-0.3398,-0.352,0,0,0,,,,,,,,,,
0.1247,1080,0,346.0,107.2,0.1287,-0.0039,0.1945,1,1,1,4e-05,0.4,0.8162,0.816222,-0.324311,0.436858,-0.647205,0.09378,-0.772491,0.622224
0.1815,1081,0,465.9,214.5,0.1855,-0.053,0.1498,1,1,1,4e-05,0.4488,0.9064,0.906438,-0.150303,0.35092,-0.59841,0.052249,-0.613637,0.403141
0.5265,1082,0,342.6,141.5,0.5304,-0.0323,0.1007,1,1,1,9e-05,1.1011,1.0857,-1.085704,0.027198,-1.6e-05,0.993293,-0.030975,0.340884,-0.016521
0.1581,1083,0,53.8,68.9,0.162,0.0645,0.1998,1,1,1,4e-05,0.5489,0.6235,0.386138,-0.14605,0.623522,-0.49827,0.035394,-0.49375,0.596174
0.4056,1084,0,307.4,118.4,0.4095,0.0129,0.1514,1,1,1,4e-05,1.0857,0.298,-0.298023,0.133305,0.239941,0.038462,-0.033126,0.050034,0.074682
0.461,1085,0,310.9,123.1,0.465,0.0109,0.1376,1,1,1,7e-05,1.3478,0.5898,-0.589779,0.133958,0.153887,0.300567,-0.049359,0.226215,-0.00724
0.276,1086,0,366.7,45.0,0.28,-0.0269,0.2125,1,1,1,7e-05,0.628,0.4192,0.221574,0.003153,0.327049,-0.419164,-0.000707,-0.386924,0.255988
0.3258,1087,0,387.3,224.0,0.3297,-0.0584,0.0721,1,1,1,5e-05,0.8634,0.255,0.254956,0.058998,0.229184,-0.183827,0.01487,-0.140593,0.156891
0.3664,1088,0,119.4,298.7,0.3703,0.2216,-0.0405,0,0,0,,,,,,,,,,
0.0776,1089,0,409.6,311.5,0.0815,-0.0005,0.1987,1,1,1,5e-05,0.3661,0.9168,0.874321,-0.482841,0.402141,-0.681149,0.145131,-0.916787,0.766793
0.1114,1090,0,77.0,263.0,0.1153,0.0312,0.1763,1,1,1,6e-05,0.4417,0.7274,0.727411,-0.332334,0.544449,-0.605489,0.109802,-0.645301,0.726308
0.0781,1091,0,3.4,352.0,0.082,0.0026,0.1978,1,1,1,5e-05,0.3672,0.8969,0.857567,-0.477007,0.416362,-0.67995,0.142695,-0.896909,0.771882
0.2841,1092,0,550.8,353.0,0.2881,-0.1962,-0.0286,1,1,1,6e-05,0.9205,0.431,0.430972,0.01687,-0.002587,-0.126738,-0.011801,-0.059436,-0.031862
0.6481,1093,0,397.3,40.9,0.652,-0.1271,0.2421,0,0,0,,,,,,,,,,
0.0946,1094,0,572.6,105.1,0.0986,-0.0144,0.198,1,1,1,5e-05,0.3729,0.9439,0.943895,-0.435573,0.370821,-0.674271,0.131374,-0.924327,0.682105
0.1386,1095,0,496.6,359.8,0.1425,-0.0455,0.129,1,1,1,9e-05,0.4034,1.1644,1.164382,-0.251094,0.363091,-0.643788,0.107184,-0.652846,0.51289
0.1767,1096,0,572.2,310.3,0.1806,-0.098,0.1111,1,1,1,5e-05,0.4318,1.1033,1.103269,-0.094644,0.288998,-0.615369,0.027015,-0.570352,0.281039
0.2184,1097,0,117.2,72.3,0.2224,0.0855,0.1983,1,1,1,7e-05,0.6915,0.6075,0.168393,0.000143,0.607508,-0.355655,-0.004106,-0.32285,0.45274
0.2425,1098,0,269.3,74.7,0.2465,0.0251,0.1969,1,1,1,8e-05,0.6323,0.4648,0.27818,-0.022063,0.464798,-0.414941,0.011628,-0.388872,0.383866
0.6496,1099,0,367.0,214.9,0.6535,-0.0928,-0.0738,0,0,0,,,,,,,,,,
0.1954,1100,0,97.6,322.9,0.1993,0.1041,0.0874,1,1,1,8e-05,0.812,0.6529,0.408796,-0.008402,0.652925,-0.23524,0.054632,-0.18069,0.526088
0.3932,1101,0,132.2,319.0,0.3972,0.2326,-0.0933,0,0,0,,,,,,,,,,
0.509,1102,0,446.0,323.1,0.5129,-0.2142,-0.2092,0,1,0,,,,,,,,,,
0.2407,1103,0,482.8,121.5,0.2447,-0.0835,0.1741,1,1,1,5e-05,0.5236,0.588,0.587991,-0.038751,0.2584,-0.523579,0.001881,-0.516584,0.227287
0.1648,1104,0,320.8,139.7,0.1688,-0.0002,0.181,1,1,1,4e-05,0.4632,0.7047,0.704741,-0.204828,0.45881,-0.584012,0.066853,-0.619718,0.53884
0.5984,1105,0,467.6,278.7,0.6023,-0.2862,-0.1855,0,1,0,,,,,,,,,,
0.2653,1106,0,417.4,184.8,0.2693,-0.0614,0.1305,1,1,1,9e-05,0.6309,0.5095,0.509536,-0.005405,0.290474,-0.416328,0.020263,-0.368364,0.247145
0.49,1107,0,257.6,296.2,0.494,0.0979,-0.1382,0,1,0,,,,,,,,,,
0.5862,1108,0,65.7,213.4,0.5902,0.4458,-0.0406,0,0,0,,,,,,,,,,
0.5444,1109,0,540.5,136.4,0.5484,-0.3264,0.1044,1,1,0,0.02982,0.6953,1.3991,-1.143433,-0.450402,-0.592752,1.399085,0.039829,0.068197,-0.002621
0.5761,1110,0,540.2,223.1,0.5801,-0.3825,-0.0544,0,1,0,,,,,,,,,,
0.5585,1111,0,93.4,337.3,0.5625,0.4372,-0.2905,0,0,0,,,,,,,,,,
0.3518,1112,0,258.6,287.8,0.3558,0.0635,-0.0147,1,1,1,5e-05,1.3241,0.3511,-0.102417,0.219604,0.351069,0.276855,-0.040081,0.158033,0.093975
0.4436,1113,0,506.3,117.2,0.4476,-0.2121,0.1471,1,1,1,4e-05,1.1421,0.3624,-0.362416,-0.106561,-0.174049,0.094873,0.023017,0.100121,-0.0578
0.4785,1114,0,44.7,353.1,0.4825,0.4526,-0.2424,0,0,0,,,,,,,,,,
0.4582,1115,0,579.8,236.9,0.4621,-0.3505,-0.015,1,1,0,0.00782,0.6969,1.3975,-0.877909,-0.452694,-0.452988,1.397498,0.040463,0.074942,-0.006693
0.2732,1116,0,576.5,358.6,0.2772,-0.2081,-0.0225,1,1,1,6e-05,0.8808,0.4813,0.481305,0.017277,-0.014091,-0.166389,-0.020291,-0.082333,-0.05193
0.339,1117,0,189.5,270.6,0.343,0.1261,0.0151,1,1,1,0.0001,1.2968,0.4637,-0.178508,0.291423,0.463729,0.311668,-0.076079,0.180305,0.101357
0.115,1118,0,639.7,202.4,0.119,-0.0423,0.1832,1,1,1,5e-05,0.3774,1.1138,1.113783,-0.361394,0.318656,-0.669842,0.110744,-0.912994,0.559011
0.2576,1119,0,28.1,270.0,0.2615,0.1946,0.0729,1,1,1,9e-05,1.1948,0.7206,-0.052725,0.284513,0.720593,0.14763,-0.098519,0.088073,0.245727
0.1948,1120,0,177.2,243.3,0.1988,0.0603,0.1301,1,1,1,0.0001,0.6623,0.5771,0.492658,-0.080563,0.577137,-0.384888,0.066001,-0.336111,0.541243
0.5179,1121,0,239.4,136.5,0.5218,0.1125,0.1098,1,1,0,0.02849,0.6743,1.4201,-1.338419,0.24881,0.026463,1.420091,-0.106912,0.072058,-0.00463
0.2175,1122,0,460.6,331.4,0.2215,-0.079,0.0604,1,1,1,4e-05,0.588,0.8458,0.845791,-0.016527,0.301086,-0.459221,0.04941,-0.333856,0.272166
0.2675,1123,0,637.5,195.1,0.2715,-0.2047,0.1227,1,1,1,0.0001,0.6177,0.5348,0.534816,0.020347,-0.001643,-0.429494,-0.045918,-0.364994,-0.067341
0.6265,1124,0,602.3,63.8,0.6305,-0.4565,0.2064,0,1,0,,,,,,,,,,
0.3746,1125,0,14.0,57.5,0.3786,0.2667,0.2087,0,0,0,,,,,,,,,,
0.4053,1126,0,173.2,262.5,0.4093,0.176,-0.02,1,1,0,0.01957,0.6664,1.428,-1.050948,0.448439,0.255424,1.427974,-0.142797,0.071425,-0.0005
0.2413,1127,0,579.8,18.4,0.2452,-0.1208,0.2218,1,1,1,6e-05,0.4846,0.5791,0.486191,-0.02167,0.156349,-0.562557,-0.024092,-0.579054,0.118614
0.377,1128,0,580.2,186.5,0.381,-0.2611,0.0878,1,1,1,4e-05,1.0184,0.2044,-0.029233,-0.107668,-0.204449,-0.02876,0.004767,-0.014109,-0.088773
0.2436,1129,0,415.7,251.8,0.2475,-0.0576,0.0956,1,1,1,3e-05,0.6216,0.6573,0.657343,-0.016281,0.31838,-0.425616,0.040409,-0.351507,0.288299
0.3321,1130,0,75.8,223.1,0.336,0.2173,0.0697,0,0,0,,,,,,,,,,
0.3918,1131,0,391.1,344.4,0.3957,-0.0907,-0.1324,1,1,1,9e-05,1.1992,0.8952,-0.48827,0.04259,0.024271,0.895169,-0.02259,0.315448,-0.013716
0.5773,1132,0,125.8,121.3,0.5812,0.3029,0.1215,0,0,0,,,,,,,,,,
0.6159,1133,0,167.0,109.8,0.6199,0.2539,0.1345,0,0,0,,,,,,,,,,
0.6101,1134,0,306.6,246.5,0.614,0.0255,-0.1212,0,1,0,,,,,,,,,,
0.3507,1135,0,548.7,7.9,0.3546,-0.175,0.2434,1,1,1,7e-05,0.7379,0.3093,-0.093925,-0.0259,-0.070153,-0.309342,0.005179,-0.224191,-0.03763
0.1571,1136,0,437.8,49.7,0.1611,-0.0277,0.2041,1,1,1,8e-05,0.4097,0.7699,0.769865,-0.225868,0.385445,-0.637476,0.05203,-0.751587,0.484153
0.6396,1137,0,496.2,265.7,0.6435,-0.3627,-0.1842,0,1,0,,,,,,,,,,
0.6435,1138,0,36.3,18.2,0.6474,0.4528,0.2751,0,0,0,,,,,,,,,,
0.4474,1139,0,451.1,35.1,0.4513,-0.1392,0.2329,1,1,1,9e-05,1.0603,0.4994,-0.499396,-0.035153,-0.080423,0.013074,0.014705,0.079106,-0.041879
0.5478,1140,0,413.9,247.0,0.5517,-0.1582,-0.0847,0,1,0,,,,,,,,,,
0.2756,1141,0,467.6,198.7,0.2795,-0.0995,0.1168,1,1,1,9e-05,0.6434,0.5155,0.515545,0.011368,0.211339,-0.403832,0.006297,-0.345758,0.160164
0.3183,1142,0,126.8,354.3,0.3223,0.1915,-0.0679,1,1,0,0.00053,0.8492,1.2452,-0.761887,0.521648,0.436551,1.245225,-0.15187,0.201472,0.010259
0.455,1143,0,173.6,234.3,0.4589,0.1953,-0.0094,0,1,0,,,,,,,,,,
0.4143,1144,0,380.6,316.0,0.4183,-0.0798,-0.108,1,1,1,0.0001,1.1851,0.9093,-0.564998,0.047787,0.029132,0.909318,-0.026126,0.321487,-0.014104
0.1224,1145,0,244.4,33.5,0.1264,0.01,0.2043,1,1,1,9e-05,0.4071,0.749,0.705533,-0.312899,0.479562,-0.640149,0.082071,-0.748962,0.641777
0.1362,1146,0,316.0,94.0,0.1402,0.0007,0.1955,1,1,1,8e-05,0.4169,0.751,0.750978,-0.283665,0.456156,-0.630317,0.080088,-0.724206,0.599442
0.4871,1147,0,531.8,163.5,0.4911,-0.2831,0.0794,1,1,1,7e-05,1.2772,0.6879,-0.687864,-0.276919,-0.312774,0.613598,0.054839,0.337185,-0.038685
0.6238,1148,0,544.9,19.5,0.6277,-0.3469,0.2707,0,1,0,,,,,,,,,,
0.3416,1149,0,354.6,118.7,0.3456,-0.0285,0.1605,1,1,1,4e-05,0.8268,0.2614,0.050819,0.064362,0.261358,-0.220414,-0.002564,-0.176619,0.164119
0.4158,1150,0,142.9,119.6,0.4197,0.1868,0.1486,1,1,1,0.0001,1.1938,0.945,-0.944984,0.394439,0.366406,0.673334,-0.1607,0.351056,-0.022244
0.2201,1151,0,123.8,162.1,0.224,0.0918,0.1584,1,1,1,7e-05,0.7406,0.6179,0.245846,0.003313,0.617879,-0.306649,0.014523,-0.270874,0.470679
0.4877,1152,0,498.9,86.4,0.4916,-0.2211,0.1785,1,1,1,6e-05,1.3326,0.6404,-0.64045,-0.165271,-0.234599,0.285432,0.044096,0.242598,-0.061302
0.3341,1153,0,8.5,157.9,0.3381,0.2599,0.1292,0,0,0,,,,,,,,,,
0.5571,1154,0,259.9,186.8,0.5611,0.0964,0.02,0,1,0,,,,,,,,,,
0.4878,1155,0,334.7,294.2,0.4918,-0.0229,-0.1326,0,1,0,,,,,,,,,,
0.1446,1156,0,125.5,107.4,0.1486,0.0409,0.1922,1,1,1,8e-05,0.4902,0.6287,0.545547,-0.217487,0.57019,-0.557006,0.063126,-0.576469,0.628653
0.5639,1157,0,498.4,34.7,0.5678,-0.2487,0.2438,1,1,0,0.0079,0.6969,1.4117,-1.411687,-0.405346,-0.440703,1.39746,0.062316,0.076091,-0.008947
0.3877,1158,0,355.2,155.1,0.3917,-0.0353,0.1174,1,1,1,6e-05,1.0076,0.1938,-0.106361,0.086833,0.193847,-0.039563,-0.010075,-0.022863,0.089959
0.3755,1159,0,344.2,223.0,0.3795,-0.0251,0.0477,1,1,1,6e-05,1.0955,0.2182,-0.029567,0.10687,0.21818,0.048343,-0.006612,0.030667,0.098968
0.4201,1160,0,195.9,323.5,0.424,0.1677,-0.1258,0,1,0,,,,,,,,,,
0.6148,1161,0,637.1,47.0,0.6188,-0.4938,0.2309,0,1,0,,,,,,,,,,
0.6147,1162,0,400.5,244.4,0.6187,-0.1545,-0.1195,0,1,0,,,,,,,,,,
0.3924,1163,0,40.0,68.1,0.3964,0.2613,0.2,0,0,0,,,,,,,,,,
0.2247,1164,0,190.6,5.9,0.2287,0.0535,0.2242,1,1,1,7e-05,0.628,0.5338,0.171801,-0.017448,0.533846,-0.419162,-0.005429,-0.39164,0.415056
0.4416,1165,0,207.0,308.6,0.4456,0.1592,-0.1198,0,1,0,,,,,,,,,,
0.2472,1166,0,396.3,350.6,0.2512,-0.0531,0.0142,1,1,1,9e-05,0.7637,0.639,0.639035,0.036734,0.304184,-0.283478,0.059416,-0.168427,0.258471
0.4341,1167,0,53.3,223.2,0.438,0.3319,0.0177,0,0,0,,,,,,,,,,
0.4583,1168,0,350.8,343.6,0.4623,-0.0474,-0.2009,0,1,0,,,,,,,,,,
0.0899,1169,0,43.4,233.2,0.0939,0.0135,0.1924,1,1,1,6e-05,0.3854,0.8015,0.801541,-0.423115,0.472448,-0.661839,0.126022,-0.800043,0.756328
0.2416,1170,0,125.8,150.7,0.2456,0.1032,0.1585,1,1,1,6e-05,0.8042,0.6126,0.146768,0.056131,0.612557,-0.242988,-0.00617,-0.209109,0.414004
0.6159,1171,0,85.1,222.1,0.6199,0.4402,-0.0725,0,0,0,,,,,,,,,,
0.2618,1172,0,25.0,277.4,0.2658,0.2031,0.0639,0,0,0,,,,,,,,,,
0.609,1173,0,173.8,285.8,0.613,0.2917,-0.2102,0,0,0,,,,,,,,,,
0.1247,1174,0,628.2,335.9,0.1287,-0.0599,0.1508,1,1,1,8e-05,0.3737,1.2627,1.262665,-0.297533,0.311019,-0.673519,0.100323,-0.809605,0.492331
0.5084,1175,0,7.2,269.1,0.5124,0.4961,-0.1011,0,0,0,,,,,,,,,,
0.4365,1176,0,95.4,206.2,0.4404,0.276,0.0398,0,0,0,,,,,,,,,,
0.2539,1177,0,244.8,60.9,0.2579,0.0392,0.2035,1,1,1,6e-05,0.6738,0.4786,0.181097,0.008764,0.478617,-0.373413,0.000341,-0.339763,0.363552
0.2154,1178,0,180.2,2.8,0.2194,0.054,0.2238,1,1,1,8e-05,0.6117,0.5449,0.198272,-0.033007,0.544884,-0.435469,-0.00219,-0.412309,0.435979
0.4324,1179,0,159.1,243.2,0.4364,0.2039,-0.0097,0,0,0,,,,,,,,,,
0.4067,1180,0,432.4,105.5,0.4107,-0.1138,0.1642,1,1,1,8e-05,0.9656,0.1938,-0.193769,0.015543,0.031539,-0.081618,-0.001067,-0.03951,0.011764
0.614,1181,0,77.1,275.2,0.6179,0.4829,-0.1889,0,0,0,,,,,,,,,,
0.3931,1182,0,489.7,263.3,0.397,-0.1959,-0.0129,1,1,1,4e-05,1.2541,0.2069,-0.096745,-0.056916,-0.089165,0.206856,0.004815,0.122084,-0.027891
0.2045,1183,0,488.0,167.1,0.2085,-0.0705,0.1608,1,1,1,9e-05,0.4684,0.7972,0.797158,-0.096638,0.308424,-0.578791,0.022618,-0.592968,0.314958
0.6051,1184,0,498.3,186.1,0.6091,-0.3145,0.0034,0,1,0,,,,,,,,,,
0.3133,1185,0,141.5,258.7,0.3173,0.1534,0.0453,1,1,1,5e-05,1.2751,0.5575,-0.126457,0.292872,0.557495,0.227862,-0.081923,0.137932,0.156904
0.2083,1186,0,592.5,221.5,0.2123,-0.125,0.1335,1,1,1,9e-05,0.4667,0.9035,0.903477,-0.035064,0.217592,-0.580511,-0.016033,-0.562048,0.160278
0.1803,1187,0,156.9,105.0,0.1842,0.052,0.1889,1,1,1,4e-05,0.5679,0.5761,0.416644,-0.120165,0.57612,-0.479295,0.039354,-0.468186,0.548198
0.397,1188,0,340.2,30.5,0.401,-0.0185,0.2324,1,1,1,5e-05,0.9506,0.3535,-0.353458,0.094401,0.183491,-0.096581,-0.023547,-0.025938,0.060604
0.5844,1189,0,274.5,316.4,0.5884,0.0899,-0.2638,0,1,0,,,,,,,,,,
0.3032,1190,0,190.2,68.7,0.3071,0.087,0.1996,1,1,1,4e-05,0.8687,0.4976,-0.099027,0.128834,0.497558,-0.178459,-0.040589,-0.133656,0.260542
0.6324,1191,0,324.1,256.0,0.6364,-0.0081,-0.1564,0,1,0,,,,,,,,,,
0.3794,1192,0,572.8,142.9,0.3834,-0.244,0.1318,1,1,1,5e-05,0.9467,0.1855,-0.056817,-0.090098,-0.185463,-0.100548,0.005744,-0.061167,-0.08644
0.1133,1193,0,371.9,316.5,0.1173,-0.0075,0.166,1,1,1,5e-05,0.3995,0.9857,0.985725,-0.368778,0.420236,-0.647666,0.132767,-0.743562,0.667577
0.1145,1194,0,522.1,94.5,0.1185,-0.0235,0.1971,1,1,1,9e-05,0.3788,0.9482,0.948174,-0.365933,0.366906,-0.668394,0.105617,-0.885016,0.60282
0.4987,1195,0,627.3,125.0,0.5027,-0.4056,0.1289,1,1,0,0.01493,0.6961,1.3983,-1.11519,-0.608733,-0.628738,1.398284,0.08119,0.068613,-0.005973
0.376,1196,0,232.6,104.6,0.38,0.0802,0.1683,1,1,1,9e-05,1.0841,0.3768,-0.313905,0.195472,0.376825,0.036923,-0.05972,0.051429,0.11671
0.0805,1197,0,149.1,88.0,0.0845,0.0023,0.1997,1,1,1,5e-05,0.3678,0.8965,0.847519,-0.467053,0.418187,-0.679426,0.137645,-0.896517,0.760435
0.4106,1198,0,184.5,313.1,0.4145,0.1756,-0.0999,0,1,0,,,,,,,,,,
0.1745,1199,0,82.3,86.5,0.1784,0.0703,0.1948,1,1,1,3e-05,0.5892,0.6228,0.342711,-0.105322,0.622765,-0.457974,0.028062,-0.441843,0.561204
0.1263,1200,0,21.7,46.3,0.1302,0.0433,0.203,1,1,1,3e-05,0.4616,0.6672,0.532696,-0.25448,0.584861,-0.585609,0.062737,-0.624621,0.667191
0.3615,1201,0,322.4,276.6,0.3654,-0.0026,-0.008,1,1,1,9e-05,1.2102,0.251,-0.016678,0.141423,0.250972,0.162966,-0.010972,0.09722,0.095941
0.5185,1202,0,420.0,318.1,0.5225,-0.1726,-0.2074,0,1,0,,,,,,,,,,
0.6079,1203,0,63.8,9.7,0.6119,0.3802,0.2817,0,0,0,,,,,,,,,,
0.1547,1204,0,166.9,310.8,0.1587,0.0465,0.1304,1,1,1,5e-05,0.5704,0.6749,0.674871,-0.185839,0.57238,-0.47684,0.103771,-0.424803,0.636919
0.1132,1205,0,7.8,146.6,0.1172,0.0371,0.1912,1,1,1,5e-05,0.4425,0.7122,0.634233,-0.309609,0.566276,-0.604671,0.088546,-0.653326,0.71224
0.6206,1206,0,225.4,247.1,0.6245,0.1841,-0.129,0,1,0,,,,,,,,,,
0.4725,1207,0,187.8,207.2,0.4764,0.1788,0.0223,0,1,0,,,,,,,,,,
0.5247,1208,0,508.4,177.7,0.5287,-0.2791,0.0466,1,1,0,0.0163,0.6901,1.4043,-1.059016,-0.359231,-0.431344,1.404333,0.025096,0.069317,-0.005188
0.4307,1209,0,295.5,267.6,0.4346,0.0318,-0.0446,1,1,1,9e-05,1.2246,0.8698,-0.682442,0.196111,0.17576,0.869787,-0.065286,0.332393,-0.013215
0.2376,1210,0,297.3,313.3,0.2415,0.0142,0.055,1,1,1,8e-05,0.7622,0.5588,0.558794,0.007815,0.438843,-0.285035,0.07234,-0.202992,0.391605
0.0867,1211,0,230.0,173.8,0.0907,0.0032,0.1965,1,1,1,9e-05,0.3737,0.8652,0.851554,-0.44704,0.42842,-0.673525,0.133198,-0.865176,0.745467
0.5698,1212,0,378.7,8.7,0.5738,-0.0808,0.277,1,1,0,0.00566,0.7019,1.5433,-1.543339,-0.150799,-0.208948,1.392527,0.004164,0.088745,-0.006728
0.1396,1213,0,223.0,319.7,0.1436,0.0241,0.1409,1,1,1,9e-05,0.4953,0.8012,0.801227,-0.252056,0.521998,-0.551908,0.117238,-0.525509,0.655305
0.3901,1214,0,458.4,210.8,0.394,-0.1489,0.055,1,1,1,6e-05,1.0603,0.0291,-0.029145,-0.00039,-0.00071,0.013123,8.3e-05,0.009687,-0.000303
0.6006,1215,0,580.2,31.2,0.6046,-0.3887,0.2518,0,1,0,,,,,,,,,,
0.4608,1216,0,179.5,91.4,0.4648,0.1632,0.1744,1,1,1,9e-05,1.1213,1.2579,-1.257872,0.324935,0.258798,0.973075,-0.132632,0.341746,-0.004933
0.3848,1217,0,264.4,48.3,0.3888,0.0496,0.2166,1,1,1,9e-05,1.0152,0.3763,-0.376341,0.161507,0.309686,-0.032004,-0.050739,0.019421,0.09395
0.2915,1218,0,560.6,3.2,0.2954,-0.1438,0.2366,1,1,1,7e-05,0.5856,0.4616,0.194169,0.000477,0.055508,-0.461604,-0.01491,-0.416492,0.032105
0.5223,1219,0,114.7,255.1,0.5262,0.3305,-0.0843,0,0,0,,,,,,,,,,
0.2374,1220,0,90.6,304.0,0.2413,0.1417,0.0623,1,1,1,9e-05,1.0169,0.6654,0.189798,0.139967,0.665379,-0.030304,-0.012055,-0.028451,0.374064
0.334,1221,0,479.9,46.4,0.338,-0.1192,0.2152,1,1,1,4e-05,0.7075,0.3397,0.050953,0.012787,0.080656,-0.339738,-0.005222,-0.278509,0.051482
0.4636,1222,0,415.5,178.2,0.4675,-0.1223,0.0668,1,1,1,5e-05,1.364,0.4406,-0.440627,-0.014066,-0.031275,0.316805,-0.00443,0.210144,-0.024826
0.4394,1223,0,496.2,334.2,0.4434,-0.255,-0.1637,0,1,0,,,,,,,,,,
0.3042,1224,0,112.6,276.5,0.3082,0.1752,0.0337,1,1,1,6e-05,1.248,0.5913,-0.159916,0.340209,0.591341,0.304129,-0.104507,0.17641,0.132671
0.5824,1225,0,447.1,248.1,0.5863,-0.2302,-0.1079,0,1,0,,,,,,,,,,
0.2937,1226,0,377.1,82.6,0.2977,-0.0372,0.191,1,1,1,6e-05,0.6714,0.3758,0.217979,0.018228,0.295403,-0.375828,0.00179,-0.336713,0.224038
0.1662,1227,0,397.2,205.5,0.1701,-0.0237,0.1602,1,1,1,5e-05,0.4485,0.8582,0.858185,-0.202904,0.407749,-0.598658,0.074992,-0.627178,0.501754
0.3961,1228,0,527.4,208.6,0.4,-0.2268,0.0548,1,1,1,9e-05,1.1156,0.1456,-0.08814,-0.085512,-0.145624,0.068396,0.006581,0.048879,-0.054857
0.2112,1229,0,131.3,177.0,0.2152,0.0842,0.1541,1,1,1,8e-05,0.7135,0.6128,0.306533,-0.023142,0.612841,-0.333731,0.027436,-0.296786,0.495865
0.4134,1230,0,214.6,123.1,0.4174,0.1108,0.1453,1,1,1,7e-05,1.3225,0.5641,-0.564095,0.265666,0.341792,0.29235,-0.097649,0.218721,0.02538
0.5005,1231,0,238.6,324.0,0.5044,0.1358,-0.2029,0,1,0,,,,,,,,,,
0.3082,1232,0,627.6,220.2,0.3122,-0.2473,0.0845,1,1,1,4e-05,0.8005,0.3099,0.309871,-0.028997,-0.126959,-0.246655,-0.031344,-0.184662,-0.116076
0.4725,1233,0,251.4,13.3,0.4765,0.0761,0.2573,1,1,1,7e-05,1.2763,1.0002,-1.000192,0.187151,0.166498,0.422897,-0.087648,0.338153,-0.047157
0.5976,1234,0,202.1,8.2,0.6015,0.1714,0.2821,0,1,0,,,,,,,,,,
0.4929,1235,0,151.3,33.6,0.4969,0.2008,0.2386,0,0,0,,,,,,,,,,
0.4196,1236,0,493.7,277.7,0.4235,-0.2212,-0.0521,1,1,1,6e-05,1.3497,0.5277,-0.343402,-0.129021,-0.156973,0.527693,0.015488,0.264759,-0.024431
0.6264,1237,0,16.8,192.4,0.6304,0.5602,-0.0169,0,0,0,,,,,,,,,,
0.3844,1238,0,291.3,106.8,0.3884,0.0271,0.1654,1,1,1,6e-05,1.0192,0.2908,-0.239054,0.137552,0.290751,-0.027997,-0.032796,-0.000726,0.111499
0.5149,1239,0,404.7,107.1,0.5189,-0.114,0.1503,1,1,1,9e-05,1.2899,0.7979,-0.797898,-0.052595,-0.086449,0.485112,0.002471,0.324562,-0.047123
0.1103,1240,0,538.6,8.7,0.1142,-0.0209,0.2053,1,1,1,0.0001,0.3753,0.9097,0.906953,-0.375317,0.369222,-0.671924,0.103433,-0.909747,0.612083
0.1675,1241,0,320.4,21.2,0.1715,-0.0001,0.2114,1,1,1,4e-05,0.4505,0.6554,0.5853,-0.187667,0.454722,-0.596677,0.04154,-0.65537,0.507257
0.5555,1242,0,558.5,359.5,0.5594,-0.4709,-0.3434,0,1,0,,,,,,,,,,
0.3992,1243,0,105.3,289.4,0.4031,0.261,-0.054,0,0,0,,,,,,,,,,
0.5906,1244,0,636.7,101.7,0.5946,-0.497,0.1501,0,1,0,,,,,,,,,,
0.5926,1245,0,10.3,79.9,0.5966,0.4774,0.1827,0,0,0,,,,,,,,,,
0.47,1246,0,326.3,75.0,0.4739,-0.0074,0.1922,1,1,1,5e-05,1.2924,0.6659,-0.665929,0.102789,0.107437,0.245233,-0.040524,0.219863,-0.020984
0.2994,1247,0,203.8,212.1,0.3033,0.0891,0.0958,1,1,1,6e-05,0.9772,0.5065,0.084378,0.137604,0.506463,-0.070035,-0.011716,-0.05859,0.283029
0.5981,1248,0,51.5,23.0,0.602,0.3961,0.2626,0,0,0,,,,,,,,,,
0.1941,1249,0,555.9,164.9,0.1981,-0.0907,0.1648,1,1,1,5e-05,0.4351,0.8916,0.891553,-0.099402,0.271246,-0.61214,0.008287,-0.656649,0.271844
0.3742,1250,0,85.2,344.7,0.3782,0.2827,-0.1145,0,0,0,,,,,,,,,,
0.5045,1251,0,4.9,225.2,0.5085,0.4702,-0.0215,0,0,0,,,,,,,,,,
0.0854,1252,0,194.5,352.8,0.0893,0.0048,0.1897,1,1,1,9e-05,0.3769,0.8757,0.875748,-0.454515,0.4328,-0.670341,0.141257,-0.843221,0.76039
0.3275,1253,0,71.5,217.4,0.3315,0.2157,0.0776,0,0,0,,,,,,,,,,
0.6073,1254,0,236.5,250.7,0.6113,0.1591,-0.1287,0,1,0,,,,,,,,,,
0.2236,1255,0,550.6,261.6,0.2276,-0.1237,0.102,1,1,1,6e-05,0.5261,0.8403,0.840328,-0.009337,0.21851,-0.521066,-0.004314,-0.447859,0.15377
0.5754,1256,0,194.3,64.1,0.5794,0.1845,0.2054,0,1,0,,,,,,,,,,
0.0921,1257,0,433.2,207.3,0.0961,-0.0062,0.1928,1,1,1,4e-05,0.375,0.9222,0.922176,-0.44208,0.397554,-0.672204,0.13677,-0.88182,0.714229
0.3557,1258,0,543.0,52.1,0.3597,-0.1812,0.2122,1,1,1,7e-05,0.7683,0.2789,-0.041291,-0.026826,-0.070332,-0.278911,0.001328,-0.206038,-0.040053
0.3246,1259,0,598.7,128.7,0.3285,-0.2172,0.1554,1,1,1,4e-05,0.7384,0.3088,0.191157,-0.024544,-0.097264,-0.308804,-0.017936,-0.248145,-0.080554
0.3214,1260,0,604.6,107.0,0.3253,-0.2141,0.1723,1,1,1,4e-05,0.7133,0.3339,0.180614,-0.022991,-0.095658,-0.33386,-0.017203,-0.272086,-0.079135
0.3087,1261,0,244.0,146.6,0.3127,0.0565,0.1449,1,1,1,5e-05,0.8751,0.4471,0.061878,0.100062,0.447083,-0.172117,-0.008982,-0.140021,0.271793
0.097,1262,0,389.9,4.2,0.1009,-0.0041,0.2035,1,1,1,9e-05,0.3741,0.8827,0.846558,-0.413684,0.412137,-0.673149,0.117344,-0.882693,0.690803
0.1523,1263,0,373.2,223.4,0.1563,-0.0141,0.1611,1,1,1,6e-05,0.4393,0.8787,0.878746,-0.242091,0.427014,-0.607909,0.090386,-0.644789,0.553932
0.4723,1264,0,258.1,129.8,0.4763,0.077,0.1275,1,1,1,7e-05,1.271,0.8591,-0.85905,0.212874,0.202404,0.599793,-0.087559,0.343412,-0.027068
0.5453,1265,0,268.7,138.4,0.5493,0.0762,0.1012,1,1,0,0.04051,0.6786,1.4158,-1.314385,0.186678,-0.09672,1.415814,-0.094246,0.070628,-0.006865
0.3739,1266,0,427.9,39.9,0.3779,-0.0922,0.2227,1,1,1,5e-05,0.8264,0.2208,-0.159479,0.030395,0.087665,-0.220841,-0.003298,-0.148947,0.045419
0.4177,1267,0,143.8,97.2,0.4217,0.1828,0.1715,1,1,1,8e-05,1.207,0.9446,-0.944568,0.381171,0.3599,0.608646,-0.15976,0.347717,-0.025185
0.363,1268,0,553.7,129.2,0.367,-0.2104,0.148,1,1,1,6e-05,0.8526,0.1946,0.025037,-0.044719,-0.110144,-0.194552,-0.002893,-0.141102,-0.063852
0.154,1269,0,50.0,278.7,0.158,0.0782,0.1424,1,1,1,3e-05,0.6221,0.6512,0.510196,-0.148618,0.651203,-0.425143,0.076505,-0.379432,0.643968
0.3616,1270,0,255.0,98.8,0.3656,0.0564,0.1748,1,1,1,3e-05,0.9878,0.3671,-0.208213,0.153441,0.36708,-0.059368,-0.039789,-0.02698,0.15255
0.3146,1271,0,191.7,168.6,0.3186,0.1001,0.1259,1,1,1,5e-05,0.9965,0.5052,-0.039742,0.163875,0.505211,-0.050653,-0.034944,-0.039379,0.24656
0.369,1272,0,392.4,248.0,0.3729,-0.0758,0.022,1,1,1,4e-05,1.0803,0.14,0.046898,0.069187,0.139981,0.033097,0.001821,0.019783,0.069313
0.3247,1273,0,475.3,323.1,0.3287,-0.1515,-0.035,1,1,1,4e-05,1.0507,0.2429,0.242923,0.026267,0.040293,0.003453,0.004251,0.009243,0.017684
0.3254,1274,0,21.0,276.1,0.3294,0.2759,0.0188,0,0,0,,,,,,,,,,
0.0961,1275,0,500.8,307.3,0.1001,-0.014,0.1826,1,1,1,5e-05,0.3778,1.012,1.011983,-0.436869,0.375707,-0.669356,0.144195,-0.871921,0.693607
0.321,1276,0,254.8,266.6,0.325,0.0584,0.032,1,1,1,6e-05,1.0876,0.4111,0.094388,0.158647,0.411072,0.040382,-0.005132,0.021848,0.207154
0.6431,1277,0,288.9,172.3,0.647,0.058,0.0168,0,1,0,,,,,,,,,,
0.5104,1278,0,153.6,58.7,0.5144,0.2113,0.2111,0,0,0,,,,,,,,,,
0.418,1279,0,537.2,16.4,0.4219,-0.2086,0.2467,1,1,1,3e-05,0.9597,0.4011,-0.401142,-0.097481,-0.191682,-0.087539,0.034129,0.003754,-0.072168
0.1384,1280,0,548.7,258.5,0.1424,-0.0517,0.1594,1,1,1,5e-05,0.3878,1.123,1.12302,-0.269501,0.335063,-0.659395,0.087186,-0.773249,0.488427
0.274,1281,0,107.5,160.5,0.278,0.1364,0.144,1,1,1,6e-05,0.9601,0.6219,-0.022578,0.16046,0.621866,-0.087086,-0.048382,-0.069994,0.31338
0.1639,1282,0,107.7,186.8,0.1678,0.0622,0.1672,1,1,1,4e-05,0.579,0.6107,0.485465,-0.149024,0.610699,-0.468218,0.061356,-0.444849,0.607313
0.6137,1283,0,49.1,176.5,0.6177,0.4804,0.0184,0,0,0,,,,,,,,,,
0.3565,1284,0,97.9,71.6,0.3605,0.1844,0.1972,1,1,1,5e-05,1.2239,0.5888,-0.588825,0.364259,0.506571,0.233603,-0.152392,0.200413,0.051446
0.1765,1285,0,606.8,162.6,0.1804,-0.0936,0.1709,1,1,1,8e-05,0.4049,0.9932,0.993153,-0.129042,0.264265,-0.64229,0.00937,-0.736723,0.282819
0.1189,1286,0,367.9,116.2,0.1229,-0.0064,0.194,1,1,1,5e-05,0.3926,0.8501,0.850062,-0.345758,0.425051,-0.654552,0.10137,-0.798559,0.633596
0.6235,1287,0,402.5,156.4,0.6275,-0.1457,0.0526,0,1,0,,,,,,,,,,
0.2441,1288,0,245.8,55.0,0.2481,0.0363,0.206,1,1,1,7e-05,0.6474,0.4833,0.215711,-0.008683,0.483275,-0.399776,0.003677,-0.370477,0.381385
0.3042,1289,0,306.4,104.3,0.3081,0.0095,0.1761,1,1,1,5e-05,0.7622,0.3716,0.123151,0.052778,0.371629,-0.285,-0.000344,-0.243206,0.256811
0.4048,1290,0,451.8,275.4,0.4088,-0.1601,-0.0379,1,1,1,7e-05,1.3801,0.3329,-0.189906,-0.028238,-0.045047,0.332861,0.000994,0.18434,-0.015176
0.4509,1291,0,308.5,41.2,0.4548,0.0124,0.2272,1,1,1,5e-05,1.202,0.6506,-0.650559,0.127858,0.149657,0.154789,-0.047356,0.17792,-0.00884
0.6227,1292,0,148.2,266.0,0.6266,0.3432,-0.1734,0,0,0,,,,,,,,,,
0.328,1293,0,546.9,99.1,0.332,-0.1739,0.1775,1,1,1,4e-05,0.7124,0.3348,0.162278,-0.005078,-0.013163,-0.334848,-0.011632,-0.276609,-0.019148
0.3006,1294,0,284.7,277.0,0.3046,0.0294,0.0359,1,1,1,7e-05,0.971,0.3932,0.248845,0.106887,0.393241,-0.076184,0.023376,-0.055327,0.253797
0.392,1295,0,225.5,211.6,0.396,0.1024,0.0532,1,1,1,8e-05,1.3186,0.3875,-0.38754,0.269621,0.360239,0.358434,-0.082713,0.219166,0.043812
0.5648,1296,0,540.0,333.7,0.5688,-0.428,-0.2879,0,1,0,,,,,,,,,,
0.298,1297,0,633.7,207.1,0.3019,-0.2375,0.1006,1,1,1,5e-05,0.7422,0.3613,0.361304,-0.01245,-0.10067,-0.305014,-0.036424,-0.237635,-0.111997
0.4778,1298,0,452.8,312.7,0.4818,-0.2067,-0.1593,0,1,0,,,,,,,,,,
0.4844,1299,0,369.8,58.6,0.4884,-0.0594,0.2106,1,1,1,5e-05,1.2878,0.7054,-0.705436,0.033721,0.011761,0.240591,-0.0165,0.228749,-0.039125
0.5711,1300,0,581.8,165.6,0.5751,-0.4225,0.0513,0,1,0,,,,,,,,,,
0.6382,1301,0,379.7,95.6,0.6421,-0.1018,0.1556,0,1,0,,,,,,,,,,
0.416,1302,0,476.1,352.6,0.42,-0.2166,-0.1728,1,1,0,0.03807,0.6887,1.4057,-0.679524,-0.152139,-0.383875,1.405671,-0.026523,0.062191,-0.001633
0.3673,1303,0,475.7,98.8,0.3712,-0.1378,0.1743,1,1,1,7e-05,0.8255,0.2217,-0.015544,0.005048,0.024945,-0.221716,-0.001656,-0.165194,0.014211
0.6155,1304,0,246.0,246.9,0.6195,0.1426,-0.1254,0,1,0,,,,,,,,,,
0.2394,1305,0,357.1,2.4,0.2434,-0.0168,0.228,1,1,1,3e-05,0.5529,0.4943,0.302498,-0.040539,0.375548,-0.494317,0.001225,-0.485502,0.322943
0.4011,1306,0,345.2,285.4,0.405,-0.0307,-0.0496,1,1,1,7e-05,1.3799,0.4476,-0.27853,0.122743,0.143263,0.447636,-0.02998,0.234552,0.008418
0.5771,1307,0,128.3,219.1,0.5811,0.3322,-0.0472,0,0,0,,,,,,,,,,
0.3721,1308,0,332.6,304.1,0.376,-0.0143,-0.0527,1,1,1,6e-05,1.3855,0.3383,-0.12744,0.145549,0.198818,0.338337,-0.023258,0.183245,0.041321
0.0766,1309,0,39.9,350.7,0.0806,0.0006,0.1994,1,1,1,5e-05,0.3653,0.9158,0.86333,-0.483583,0.406151,-0.681924,0.144337,-0.915765,0.77124
0.5386,1310,0,178.5,233.9,0.5425,0.2303,-0.0548,0,0,0,,,,,,,,,,
0.4725,1311,0,137.2,313.5,0.4765,0.281,-0.1563,0,0,0,,,,,,,,,,
0.5831,1312,0,57.1,159.6,0.5871,0.4318,0.058,0,0,0,,,,,,,,,,
0.1748,1313,0,286.5,311.2,0.1788,0.0128,0.1124,1,1,1,5e-05,0.5592,0.7775,0.777491,-0.150166,0.487598,-0.488019,0.103504,-0.42048,0.552444
0.5533,1314,0,67.2,265.4,0.5572,0.4405,-0.1248,0,0,0,,,,,,,,,,
0.6344,1315,0,237.3,95.9,0.6384,0.1401,0.1554,0,1,0,,,,,,,,,,
0.1553,1316,0,542.1,358.7,0.1593,-0.0725,0.1105,1,1,1,6e-05,0.4125,1.1838,1.18383,-0.16401,0.331376,-0.63466,0.071116,-0.591188,0.395718
0.4575,1317,0,325.8,35.0,0.4615,-0.0063,0.234,1,1,1,5e-05,1.2003,0.6676,-0.66762,0.103838,0.112543,0.153086,-0.038453,0.181558,-0.017734
0.1416,1318,0,259.9,30.6,0.1455,0.0112,0.2066,1,1,1,5e-05,0.4307,0.6936,0.638292,-0.252809,0.487052,-0.616515,0.062937,-0.693557,0.59103
0.6231,1319,0,582.6,315.7,0.6271,-0.5585,-0.2972,0,1,0,,,,,,,,,,
0.3593,1320,0,573.8,192.7,0.3632,-0.2413,0.0881,1,1,1,6e-05,0.9403,0.1533,0.072605,-0.068678,-0.153269,-0.106876,-0.005937,-0.074554,-0.084296
0.1686,1321,0,375.7,276.1,0.1726,-0.0191,0.1327,1,1,1,9e-05,0.4785,0.8916,0.891648,-0.183603,0.422926,-0.568715,0.090828,-0.542997,0.512842
0.5238,1322,0,284.9,143.1,0.5278,0.0501,0.0989,1,1,0,0.01254,0.6751,1.4193,-1.292738,0.149153,0.029329,1.419294,-0.075803,0.073425,-0.002706
0.1032,1323,0,29.4,230.5,0.1072,0.0277,0.1854,1,1,1,8e-05,0.4203,0.7392,0.726741,-0.359548,0.532055,-0.626881,0.109794,-0.695472,0.739217
0.6365,1324,0,347.0,80.1,0.6405,-0.0451,0.1809,0,1,0,,,,,,,,,,
0.1763,1325,0,85.6,115.8,0.1802,0.0727,0.186,1,1,1,3e-05,0.6035,0.6262,0.356721,-0.101892,0.626195,-0.443745,0.03274,-0.423006,0.564242
0.0912,1326,0,165.9,244.8,0.0951,0.0083,0.191,1,1,1,7e-05,0.3829,0.8388,0.838826,-0.428186,0.452738,-0.664276,0.130334,-0.815401,0.746013
0.0788,1327,0,397.1,187.6,0.0827,-0.0007,0.199,1,1,1,5e-05,0.3666,0.9148,0.872829,-0.478559,0.402994,-0.680641,0.143391,-0.91485,0.76194
0.0831,1328,0,606.5,174.5,0.0871,-0.0067,0.1977,1,1,1,6e-05,0.369,0.9271,0.915166,-0.471843,0.38369,-0.678215,0.143877,-0.92706,0.736808
0.1132,1329,0,347.6,138.6,0.1172,-0.0032,0.1922,1,1,1,6e-05,0.3911,0.8566,0.856571,-0.363981,0.43056,-0.656065,0.109071,-0.800954,0.657488
0.4702,1330,0,497.9,319.3,0.4741,-0.2739,-0.1651,0,1,0,,,,,,,,,,
0.1651,1331,0,138.8,210.1,0.1691,0.0553,0.1591,1,1,1,4e-05,0.5745,0.6063,0.533596,-0.155963,0.592369,-0.472665,0.070542,-0.445821,0.606265
0.5413,1332,0,422.4,174.3,0.5453,-0.1567,0.0463,1,1,0,0.01448,0.6844,1.41,-1.121233,-0.165913,-0.255541,1.410014,-0.008789,0.070703,-0.005227
0.4925,1333,0,629.1,20.2,0.4964,-0.3628,0.2529,1,1,1,9e-05,1.219,1.009,-1.009009,-0.473997,-0.52162,0.637635,0.139211,0.395403,-0.053659
0.2645,1334,0,38.7,193.2,0.2684,0.178,0.1252,1,1,1,6e-05,1.0722,0.6972,-0.087469,0.23284,0.697184,0.02496,-0.086815,0.01385,0.279737
0.5833,1335,0,404.6,316.0,0.5873,-0.167,-0.2618,0,1,0,,,,,,,,,,
0.1434,1336,0,325.7,233.2,0.1473,-0.0014,0.1631,1,1,1,6e-05,0.4424,0.8501,0.85011,-0.265908,0.455923,-0.604759,0.099793,-0.639945,0.600157
0.3685,1337,0,581.9,96.2,0.3724,-0.2323,0.1764,1,1,1,4e-05,0.8561,0.1911,-0.056563,-0.073489,-0.1723,-0.19111,0.005556,-0.128374,-0.087788
0.5685,1338,0,150.8,32.4,0.5725,0.2376,0.2471,0,0,0,,,,,,,,,,
0.4288,1339,0,404.3,315.6,0.4327,-0.1156,-0.1205,1,1,0,0.00574,0.6942,1.4002,-0.787132,-0.023816,-0.080005,1.400189,-0.028423,0.085191,-0.003963
0.0891,1340,0,62.3,37.4,0.093,0.0096,0.2011,1,1,1,7e-05,0.3767,0.8401,0.785251,-0.42472,0.457638,-0.670469,0.119842,-0.840123,0.742785
0.5999,1341,0,212.1,215.2,0.6039,0.1947,-0.0507,0,1,0,,,,,,,,,,
0.6288,1342,0,108.9,17.8,0.6328,0.3281,0.2736,0,0,0,,,,,,,,,,
0.6073,1343,0,89.4,265.8,0.6113,0.4476,-0.1624,0,0,0,,,,,,,,,,
0.2377,1344,0,262.5,354.9,0.2416,0.0381,0.0208,1,1,1,9e-05,0.8667,0.5051,0.50506,0.046921,0.466449,-0.180467,0.071039,-0.108745,0.38129
0.4442,1345,0,105.4,309.8,0.4481,0.3048,-0.1241,0,0,0,,,,,,,,,,
0.2286,1346,0,193.6,14.1,0.2325,0.054,0.2217,1,1,1,7e-05,0.6376,0.5313,0.166916,-0.011671,0.531286,-0.40964,-0.005495,-0.380503,0.409228
0.2144,1347,0,399.6,205.3,0.2184,-0.0375,0.1389,1,1,1,5e-05,0.535,0.7095,0.709469,-0.084789,0.372184,-0.512178,0.046897,-0.481292,0.379528
0.0957,1348,0,267.0,121.8,0.0996,0.0032,0.1969,1,1,1,7e-05,0.3798,0.8395,0.835637,-0.415493,0.43781,-0.667351,0.122056,-0.839462,0.716707
0.571,1349,0,410.5,194.5,0.5749,-0.1506,0.0012,0,1,0,,,,,,,,,,
0.5103,1350,0,515.3,145.1,0.5143,-0.2705,0.0991,1,1,1,0.0001,1.2469,0.8606,-0.860623,-0.297902,-0.317874,0.780702,0.056395,0.367565,-0.035806
0.1856,1351,0,399.0,329.8,0.1896,-0.0343,0.0928,1,1,1,6e-05,0.5278,0.9124,0.912379,-0.110652,0.394535,-0.519444,0.088725,-0.426667,0.440674
0.1317,1352,0,193.0,173.3,0.1357,0.0232,0.1818,1,1,1,5e-05,0.4501,0.7018,0.701764,-0.280769,0.52153,-0.597066,0.090666,-0.639391,0.656071
0.4934,1353,0,370.3,142.0,0.4974,-0.0668,0.1073,1,1,1,8e-05,1.3236,0.6754,-0.675441,0.028094,0.011429,0.447738,-0.021148,0.290844,-0.033379
0.6475,1354,0,515.2,35.1,0.6515,-0.3188,0.2507,0,0,0,,,,,,,,,,
0.1962,1355,0,501.2,271.9,0.2002,-0.0801,0.1149,1,1,1,8e-05,0.4784,0.9443,0.94429,-0.082972,0.30942,-0.568767,0.036957,-0.518648,0.309186
0.0785,1356,0,163.4,316.1,0.0824,0.0015,0.1978,1,1,1,5e-05,0.3672,0.9016,0.864829,-0.477482,0.411815,-0.679961,0.143264,-0.901577,0.768481
0.192,1357,0,77.6,217.5,0.1959,0.097,0.1435,1,1,1,8e-05,0.719,0.6574,0.339304,-0.041177,0.657361,-0.328185,0.036034,-0.287253,0.542219
0.2906,1358,0,332.5,190.9,0.2945,-0.009,0.1166,1,1,1,6e-05,0.7635,0.3585,0.31814,0.036925,0.358503,-0.283717,0.023857,-0.237765,0.277653
0.503,1359,0,511.8,72.9,0.507,-0.2426,0.1942,1,1,1,7e-05,1.3064,0.7709,-0.770934,-0.221497,-0.289591,0.397575,0.061696,0.308002,-0.061401
0.1427,1360,0,265.1,325.4,0.1467,0.0144,0.1363,1,1,1,0.0001,0.487,0.8494,0.849411,-0.247978,0.497293,-0.560177,0.119231,-0.531329,0.635139
0.1749,1361,0,146.1,118.2,0.1789,0.0533,0.1855,1,1,1,4e-05,0.5641,0.5831,0.436972,-0.131424,0.583139,-0.483052,0.044496,-0.471807,0.564447
0.5164,1362,0,195.4,138.2,0.5203,0.1737,0.1076,0,1,0,,,,,,,,,,
0.38,1363,0,444.3,281.9,0.3839,-0.1408,-0.0287,1,1,1,7e-05,1.2331,0.1859,-0.034429,0.010095,0.01029,0.185906,0.000368,0.10855,0.003273
0.621,1364,0,186.2,51.8,0.625,0.2118,0.2242,0,0,0,,,,,,,,,,
0.2342,1365,0,400.9,75.4,0.2382,-0.038,0.1967,1,1,1,4e-05,0.534,0.5132,0.474622,-0.058737,0.345845,-0.513155,0.012778,-0.512518,0.32032
0.0766,1366,0,365.5,167.1,0.0806,-0.0001,0.1998,1,1,1,5e-05,0.365,0.9205,0.865892,-0.484117,0.403084,-0.68215,0.144435,-0.920536,0.76919
0.5368,1367,0,197.6,205.2,0.5408,0.1921,-0.0032,0,1,0,,,,,,,,,,
0.3027,1368,0,123.1,85.1,0.3067,0.1339,0.189,1,1,1,0.0001,0.9758,0.5689,-0.197705,0.198349,0.568907,-0.071357,-0.07487,-0.03968,0.235053
0.3821,1369,0,186.2,299.3,0.386,0.1559,-0.0545,1,1,0,0.01054,0.6672,1.4272,-0.95124,0.435056,0.293111,1.427199,-0.132033,0.07408,0.001881
0.3619,1370,0,139.3,176.6,0.3659,0.1705,0.1033,1,1,1,9e-05,1.2312,0.4913,-0.452177,0.357023,0.49129,0.342324,-0.129161,0.22286,0.056409
0.5131,1371,0,171.0,215.3,0.5171,0.2243,-0.0092,0,0,0,,,,,,,,,,
0.142,1372,0,138.6,108.0,0.146,0.0367,0.1924,1,1,1,9e-05,0.4791,0.6323,0.570584,-0.229976,0.559609,-0.568147,0.066698,-0.594479,0.632268
0.4969,1373,0,204.5,281.6,0.5009,0.1811,-0.116,0,1,0,,,,,,,,,,
0.1091,1374,0,591.9,140.0,0.1131,-0.0286,0.1929,1,1,1,5e-05,0.3769,1.0155,1.015509,-0.387249,0.345464,-0.670288,0.116603,-0.914895,0.607966
0.1163,1375,0,107.2,184.9,0.1203,0.0285,0.1852,1,1,1,6e-05,0.4369,0.7018,0.697905,-0.318214,0.537206,-0.610339,0.098047,-0.663666,0.701802
0.3357,1376,0,449.0,108.6,0.3397,-0.1028,0.1695,1,1,1,4e-05,0.7482,0.299,0.133622,0.024736,0.12935,-0.299015,-0.003048,-0.247601,0.084845
0.5534,1377,0,264.1,134.4,0.5573,0.0841,0.1056,1,1,0,0.04954,0.6802,1.4142,-1.327747,0.195991,-0.142577,1.414248,-0.098615,0.070064,-0.008344
0.105,1378,0,25.1,316.0,0.1089,0.0332,0.1737,1,1,1,6e-05,0.4396,0.749,0.738929,-0.349199,0.549821,-0.607639,0.11678,-0.64459,0.748973
0.5657,1379,0,79.4,70.4,0.5696,0.3483,0.1968,0,0,0,,,,,,,,,,
0.3777,1380,0,626.2,57.4,0.3816,-0.2696,0.2088,1,1,1,5e-05,0.8927,0.2741,-0.186599,-0.130387,-0.274143,-0.154463,0.027358,-0.077168,-0.113678
0.4856,1381,0,380.3,70.3,0.4895,-0.0731,0.1974,1,1,1,5e-05,1.2928,0.6783,-0.678316,0.019379,-0.004496,0.245626,-0.011791,0.225388,-0.038955
0.1963,1382,0,294.2,87.5,0.2002,0.0093,0.1933,1,1,1,5e-05,0.5216,0.5329,0.507976,-0.121186,0.469151,-0.525619,0.037059,-0.532928,0.47144
0.5382,1383,0,400.0,12.6,0.5422,-0.1035,0.2677,1,1,1,9e-05,1.2115,1.1382,-1.138221,-0.097523,-0.144851,0.603028,0.020279,0.402968,-0.059285
0.091,1384,0,445.7,135.4,0.0949,-0.0059,0.197,1,1,1,5e-05,0.3729,0.9017,0.901677,-0.442974,0.397298,-0.674309,0.133581,-0.895655,0.713681
0.1236,1385,0,199.8,142.0,0.1276,0.0182,0.1894,1,1,1,7e-05,0.4275,0.7205,0.720484,-0.308667,0.505364,-0.619747,0.092652,-0.690265,0.665524
0.536,1386,0,606.4,153.4,0.54,-0.4238,0.0808,0,1,0,,,,,,,,,,
0.3576,1387,0,382.4,137.4,0.3615,-0.0556,0.1416,1,1,1,3e-05,0.8657,0.1967,0.035703,0.058738,0.196717,-0.181507,-0.001473,-0.140612,0.118376
0.1177,1388,0,323.9,136.4,0.1217,-0.0005,0.1915,1,1,1,5e-05,0.3979,0.8309,0.830935,-0.346477,0.442954,-0.649286,0.103612,-0.775504,0.650529
0.3528,1389,0,535.2,181.1,0.3568,-0.1975,0.1021,1,1,1,9e-05,0.8707,0.1765,0.127451,-0.023151,-0.061751,-0.17651,-0.008272,-0.131475,-0.043909
0.6002,1390,0,288.3,151.1,0.6042,0.0533,0.068,0,1,0,,,,,,,,,,
0.0783,1391,0,591.0,266.1,0.0822,-0.0022,0.1985,1,1,1,5e-05,0.3664,0.9226,0.886032,-0.482934,0.395758,-0.680768,0.14591,-0.922623,0.761316
0.3811,1392,0,246.4,247.3,0.3851,0.0803,0.0154,1,1,1,6e-05,1.3426,0.351,-0.283023,0.245557,0.340504,0.35105,-0.064703,0.204338,0.054398
0.5662,1393,0,519.5,102.8,0.5702,-0.2986,0.1508,1,1,0,0.03163,0.6952,1.3992,-1.240907,-0.425457,-0.589337,1.399187,0.040707,0.068928,-0.003181
0.2042,1394,0,195.3,166.6,0.2082,0.0521,0.1611,1,1,1,0.0001,0.632,0.5561,0.420996,-0.073918,0.556142,-0.415188,0.044434,-0.383977,0.507026
0.5283,1395,0,470.9,55.7,0.5323,-0.199,0.2153,1,1,1,0.0001,1.2456,0.9505,-0.950509,-0.197978,-0.250757,0.537462,0.052519,0.368867,-0.058804
0.5058,1396,0,443.1,68.9,0.5098,-0.1562,0.1989,1,1,1,6e-05,1.3325,0.7603,-0.760308,-0.099811,-0.153069,0.33984,0.024842,0.281906,-0.057784
0.5391,1397,0,48.3,155.0,0.5431,0.4055,0.0775,0,0,0,,,,,,,,,,
0.3458,1398,0,165.2,218.5,0.3497,0.1444,0.0675,1,1,1,8e-05,1.2873,0.4953,-0.257871,0.30087,0.495292,0.25926,-0.092011,0.164715,0.108953
0.6474,1399,0,0.6,152.3,0.6514,0.5865,0.0538,0,0,0,,,,,,,,,,
0.0784,1400,0,340.2,95.9,0.0824,-0.0001,0.1998,1,1,1,5e-05,0.3661,0.9153,0.865036,-0.477962,0.405123,-0.681133,0.142279,-0.915269,0.762941
0.4528,1401,0,59.8,28.4,0.4568,0.2784,0.24,0,0,0,,,,,,,,,,
0.3515,1402,0,79.9,345.0,0.3555,0.2672,-0.091,0,0,0,,,,,,,,,,
0.52,1403,0,195.7,325.5,0.5239,0.2172,-0.2248,0,0,0,,,,,,,,,,
0.4279,1404,0,222.0,210.9,0.4318,0.1181,0.0374,1,1,1,9e-05,1.275,0.762,-0.761951,0.308251,0.294794,0.753688,-0.108664,0.339439,-0.014273
0.489,1405,0,599.5,347.1,0.4929,-0.4676,-0.2408,0,1,0,,,,,,,,,,
0.0985,1406,0,100.6,214.3,0.1025,0.017,0.1893,1,1,1,5e-05,0.3988,0.7811,0.781121,-0.390769,0.491251,-0.648388,0.117886,-0.756419,0.737285
0.5424,1407,0,275.8,273.1,0.5463,0.076,-0.1328,0,1,0,,,,,,,,,,
0.4845,1408,0,231.0,102.0,0.4885,0.1109,0.1601,1,1,1,9e-05,1.2188,1.1556,-1.155575,0.240396,0.197532,0.875608,-0.101213,0.366411,-0.016647
0.4623,1409,0,582.3,298.1,0.4662,-0.3852,-0.1189,0,1,0,,,,,,,,,,
0.5,1410,0,234.9,114.8,0.504,0.1115,0.1421,1,1,0,0.0049,0.6971,1.3973,-1.387238,0.24002,0.141292,1.39728,-0.100013,0.096056,0.002083
0.3549,1411,0,421.0,5.6,0.3588,-0.0783,0.2456,1,1,1,7e-05,0.7691,0.2781,-0.142912,0.036474,0.125551,-0.278138,-0.005742,-0.199606,0.069682
0.6277,1412,0,625.9,105.7,0.6316,-0.5167,0.1399,0,1,0,,,,,,,,,,
0.1467,1413,0,518.1,198.6,0.1507,-0.0473,0.1706,1,1,1,5e-05,0.3957,1.0251,1.025082,-0.252001,0.344934,-0.651544,0.075072,-0.767495,0.479045
0.5344,1414,0,225.0,125.0,0.5384,0.136,0.1229,0,1,0,,,,,,,,,,
0.5947,1415,0,30.8,89.3,0.5986,0.4518,0.1686,0,0,0,,,,,,,,,,
0.5178,1416,0,488.0,101.3,0.5218,-0.2262,0.1576,1,1,1,7e-05,1.2623,0.8375,-0.837546,-0.217771,-0.263554,0.55884,0.050563,0.352154,-0.051074
0.6384,1417,0,590.9,350.4,0.6424,-0.6199,-0.41,0,0,0,,,,,,,,,,
0.3633,1418,0,344.6,39.5,0.3673,-0.0203,0.2222,1,1,1,6e-05,0.8514,0.231,-0.180866,0.080697,0.23099,-0.195797,-0.016909,-0.13011,0.114858
0.0962,1419,0,103.5,194.8,0.1001,0.0147,0.1919,1,1,1,5e-05,0.3925,0.7875,0.787454,-0.400596,0.481445,-0.654679,0.119112,-0.777729,0.738737
0.2179,1420,0,450.4,22.2,0.2219,-0.0523,0.2173,1,1,1,7e-05,0.4787,0.6005,0.517435,-0.080675,0.318283,-0.568463,0.004567,-0.600508,0.307013
0.1742,1421,0,548.7,37.7,0.1781,-0.0643,0.208,1,1,1,8e-05,0.4036,0.8058,0.805754,-0.16344,0.303079,-0.64362,0.020075,-0.772405,0.354385
0.5378,1422,0,234.2,124.7,0.5418,0.1237,0.1228,1,1,0,0.04769,0.6779,1.4165,-1.371289,0.255133,-0.081572,1.416475,-0.112083,0.070933,-0.008606
0.537,1423,0,49.8,152.3,0.5409,0.4002,0.0822,0,0,0,,,,,,,,,,
0.5929,1424,0,635.0,145.4,0.5969,-0.5195,0.0795,0,1,0,,,,,,,,,,
0.3588,1425,0,633.4,157.1,0.3628,-0.2863,0.1231,1,1,1,4e-05,0.9368,0.2585,0.003309,-0.121537,-0.258468,-0.110398,0.003419,-0.070362,-0.12311
0.3501,1426,0,299.7,359.4,0.3541,0.0229,-0.1105,1,1,1,9e-05,1.3432,0.6087,-0.244267,0.212432,0.233233,0.608748,-0.050428,0.271192,0.004006
0.4832,1427,0,428.6,154.4,0.4872,-0.1424,0.093,1,1,1,5e-05,1.3657,0.5541,-0.554054,-0.05383,-0.083669,0.36889,0.004113,0.248769,-0.037323
0.3942,1428,0,447.5,261.9,0.3981,-0.1475,-0.0117,1,1,1,9e-05,1.2397,0.1925,-0.08984,-0.003149,-0.009664,0.192482,9.6e-05,0.114757,-0.004612
0.3759,1429,0,298.6,113.6,0.3798,0.0198,0.1602,1,1,1,8e-05,0.9869,0.2932,-0.179291,0.125664,0.293237,-0.06033,-0.025941,-0.030745,0.127372
0.083,1430,0,350.4,219.4,0.0869,-0.0007,0.1966,1,1,1,5e-05,0.37,0.8955,0.881335,-0.466027,0.407846,-0.677231,0.140981,-0.895488,0.750734
0.4966,1431,0,64.6,266.1,0.5006,0.3927,-0.0875,0,0,0,,,,,,,,,,
0.62,1432,0,81.1,275.4,0.6239,0.4803,-0.1937,0,0,0,,,,,,,,,,
0.1371,1433,0,607.3,202.1,0.141,-0.0595,0.1738,1,1,1,7e-05,0.3808,1.1201,1.120099,-0.270437,0.30967,-0.66643,0.074227,-0.842848,0.458849
0.5929,1434,0,499.2,185.9,0.5969,-0.3086,0.0083,0,1,0,,,,,,,,,,
0.1206,1435,0,344.9,76.0,0.1246,-0.0033,0.199,1,1,1,5e-05,0.3945,0.8061,0.806056,-0.335023,0.435764,-0.652717,0.093836,-0.792479,0.629746
0.6033,1436,0,15.3,321.4,0.6072,0.6291,-0.2937,0,0,0,,,,,,,,,,
0.2271,1437,0,60.3,245.5,0.2311,0.1399,0.1098,1,1,1,7e-05,0.9179,0.6897,0.165551,0.097439,0.689661,-0.129289,-0.012833,-0.107865,0.422609
0.3203,1438,0,559.2,347.8,0.3243,-0.237,-0.0617,1,1,1,4e-05,1.166,0.1735,0.173474,-0.061198,-0.116954,0.118753,-0.001962,0.069573,-0.051
0.2186,1439,0,245.8,324.2,0.2226,0.0416,0.0645,1,1,1,9e-05,0.7571,0.5584,0.558434,-0.015029,0.505576,-0.290054,0.08092,-0.210523,0.459397
0.1828,1440,0,571.5,344.1,0.1868,-0.1084,0.0877,1,1,1,9e-05,0.4581,1.0887,1.088738,-0.055606,0.277967,-0.589148,0.021626,-0.489,0.238369
0.1959,1441,0,253.8,273.4,0.1999,0.0293,0.1143,1,1,1,3e-05,0.6234,0.6292,0.629166,-0.097308,0.51084,-0.423816,0.083546,-0.362202,0.520569
0.6312,1442,0,442.6,154.0,0.6352,-0.2192,0.0548,0,1,0,,,,,,,,,,
0.3988,1443,0,549.9,340.5,0.4028,-0.298,-0.1334,1,1,0,0.01491,0.6883,1.4061,-0.678346,-0.30843,-0.374316,1.406133,0.012633,0.067953,-0.004418
0.4746,1444,0,483.0,91.9,0.4786,-0.1962,0.1728,1,1,1,5e-05,1.2465,0.5478,-0.547756,-0.116021,-0.179437,0.199271,0.02965,0.186072,-0.057224
0.4544,1445,0,76.9,105.3,0.4584,0.2815,0.1593,0,0,0,,,,,,,,,,
0.211,1446,0,558.2,65.5,0.215,-0.0946,0.2009,1,1,1,4e-05,0.4457,0.6947,0.694715,-0.072004,0.239641,-0.60155,-0.009397,-0.658205,0.224406
0.215,1447,0,60.2,5.8,0.219,0.1004,0.2227,1,1,1,6e-05,0.7001,0.6367,0.057548,0.02854,0.636682,-0.347092,-0.029104,-0.308209,0.43253
0.1366,1448,0,288.6,16.3,0.1405,0.0053,0.2083,1,1,1,7e-05,0.4161,0.7291,0.6743,-0.271469,0.469163,-0.631134,0.066922,-0.729138,0.592968
0.2982,1449,0,487.6,110.7,0.3022,-0.1146,0.1725,1,1,1,7e-05,0.6432,0.404,0.318241,0.010963,0.144655,-0.40401,-0.007945,-0.360674,0.100141
0.1682,1450,0,612.5,128.1,0.1721,-0.0844,0.1836,1,1,1,4e-05,0.3949,0.9865,0.986507,-0.159156,0.272477,-0.652262,0.018069,-0.78759,0.317686
0.4241,1451,0,532.0,78.4,0.428,-0.2198,0.1898,1,1,1,4e-05,1.0235,0.3243,-0.324325,-0.104507,-0.189819,-0.023743,0.026063,0.027041,-0.069365
0.5256,1452,0,387.5,57.7,0.5296,-0.0886,0.2128,1,1,1,0.0001,1.2571,0.955,-0.954972,-0.042662,-0.082655,0.506811,0.000931,0.357372,-0.05497
0.4938,1453,0,411.3,34.2,0.4978,-0.1089,0.238,1,1,1,5e-05,1.2887,0.7647,-0.764653,-0.035376,-0.083056,0.241483,0.008905,0.246135,-0.056063
0.497,1454,0,236.3,123.7,0.5009,0.1099,0.131,1,1,0,0.00396,0.7101,1.3843,-1.359822,0.243096,0.149728,1.384344,-0.099292,0.106884,0.003031
0.3986,1455,0,24.8,279.6,0.4025,0.3538,-0.0394,0,0,0,,,,,,,,,,
0.5664,1456,0,455.4,276.9,0.5703,-0.2459,-0.158,0,1,0,,,,,,,,,,
0.3837,1457,0,547.8,101.8,0.3876,-0.2137,0.1701,1,1,1,6e-05,0.8974,0.1498,-0.103801,-0.064969,-0.141151,-0.149816,0.007509,-0.093408,-0.06743
0.5414,1458,0,338.3,262.0,0.5453,-0.031,-0.1098,0,1,0,,,,,,,,,,
0.4162,1459,0,237.2,198.9,0.4201,0.0952,0.0579,1,1,1,8e-05,1.3236,0.5218,-0.521849,0.264633,0.310233,0.453664,-0.088724,0.266754,0.010336
0.3913,1460,0,89.9,321.9,0.3953,0.2843,-0.0961,0,0,0,,,,,,,,,,
0.539,1461,0,189.6,54.7,0.543,0.1758,0.217,0,1,0,,,,,,,,,,
0.3845,1462,0,485.8,97.4,0.3884,-0.1553,0.174,1,1,1,3e-05,0.8782,0.169,-0.095769,-0.013208,-0.026306,-0.169006,0.001851,-0.113275,-0.013173
0.2781,1463,0,169.3,7.3,0.2821,0.0848,0.2322,1,1,1,4e-05,0.788,0.5215,-0.095163,0.102073,0.521502,-0.259233,-0.042791,-0.203904,0.292815
0.3868,1464,0,429.4,211.3,0.3907,-0.1165,0.0559,1,1,1,7e-05,1.0512,0.0583,-0.016821,0.029054,0.058348,0.004049,-0.000479,0.002717,0.027887
0.6234,1465,0,272.6,282.5,0.6274,0.0968,-0.2132,0,1,0,,,,,,,,,,
0.476,1466,0,50.8,41.2,0.4799,0.3095,0.2291,0,0,0,,,,,,,,,,
0.1301,1467,0,496.2,177.6,0.1341,-0.0315,0.1815,1,1,1,6e-05,0.3885,0.9948,0.994779,-0.314349,0.365192,-0.658706,0.095947,-0.813996,0.554935
0.4432,1468,0,213.8,169.0,0.4472,0.1275,0.0855,1,1,1,9e-05,1.2646,0.8712,-0.871195,0.305864,0.285515,0.741246,-0.115672,0.349827,-0.018176
0.4937,1469,0,232.4,182.9,0.4977,0.1216,0.0495,1,1,0,0.03039,0.6731,1.4213,-1.221461,0.295116,0.059998,1.421323,-0.113932,0.070799,-0.004719
0.1736,1470,0,440.8,93.5,0.1775,-0.0357,0.1929,1,1,1,5e-05,0.4295,0.7675,0.767536,-0.183581,0.372773,-0.617723,0.043932,-0.69541,0.44046
0.6302,1471,0,367.5,307.4,0.6342,-0.1012,-0.2817,0,1,0,,,,,,,,,,
0.2068,1472,0,76.8,264.5,0.2107,0.116,0.1115,1,1,1,7e-05,0.8239,0.6712,0.297337,0.020863,0.671205,-0.223275,0.025603,-0.183409,0.496154
0.6096,1473,0,168.8,191.2,0.6135,0.2705,-0.0081,0,0,0,,,,,,,,,,
0.2424,1474,0,186.6,44.3,0.2464,0.064,0.2107,1,1,1,6e-05,0.6881,0.5368,0.129792,0.017221,0.536832,-0.359087,-0.008819,-0.323403,0.390267
0.4492,1475,0,198.3,320.7,0.4531,0.1777,-0.1483,0,1,0,,,,,,,,,,
0.3837,1476,0,463.5,156.3,0.3876,-0.1425,0.1173,1,1,1,4e-05,0.9373,0.1099,-0.022193,0.003661,0.013175,-0.109913,-0.000703,-0.07638,0.006836
0.5558,1477,0,477.4,14.1,0.5598,-0.2116,0.2684,1,1,1,9e-05,1.0779,1.3373,-1.337302,-0.318065,-0.338648,1.016522,0.071048,0.345375,-0.036775
0.4681,1478,0,461.6,15.6,0.4721,-0.1558,0.2544,1,1,1,8e-05,1.1421,0.6433,-0.643333,-0.072874,-0.139458,0.094921,0.02817,0.158176,-0.06014
0.4743,1479,0,231.1,26.9,0.4783,0.1004,0.2438,1,1,1,8e-05,1.2455,1.0776,-1.07763,0.216771,0.187678,0.542513,-0.101791,0.368947,-0.044124
0.2376,1480,0,444.6,224.3,0.2416,-0.07,0.1171,1,1,1,4e-05,0.5729,0.6874,0.687355,-0.030832,0.300421,-0.474281,0.028663,-0.418217,0.272787
0.2934,1481,0,81.1,73.4,0.2974,0.154,0.1967,1,1,1,8e-05,0.9968,0.61,-0.241441,0.224904,0.610035,-0.050364,-0.094182,-0.019282,0.229844
0.2381,1482,0,182.0,139.3,0.2421,0.0709,0.1654,1,1,1,7e-05,0.7265,0.5587,0.240079,0.008975,0.558703,-0.320688,0.013666,-0.28541,0.428306
0.5743,1483,0,591.7,179.1,0.5782,-0.4478,0.0271,0,1,0,,,,,,,,,,
0.5183,1484,0,68.0,286.1,0.5223,0.4174,-0.141,0,0,0,,,,,,,,,,
0.5915,1485,0,412.7,158.3,0.5954,-0.1545,0.058,0,1,0,,,,,,,,,,
0.5872,1486,0,450.5,165.5,0.5912,-0.2174,0.0467,0,1,0,,,,,,,,,,
0.2526,1487,0,636.8,240.6,0.2565,-0.1983,0.0981,1,1,1,4e-05,0.6057,0.6446,0.644573,0.030736,0.037114,-0.441462,-0.049055,-0.361215,-0.052614
0.6121,1488,0,82.4,113.9,0.6161,0.3933,0.1283,0,0,0,,,,,,,,,,
0.5493,1489,0,363.4,116.8,0.5532,-0.0636,0.1325,1,1,0,0.00173,0.7812,1.3132,-1.275355,-0.053936,-0.092056,1.313157,-0.019367,0.158361,-0.004939
0.6459,1490,0,268.6,250.8,0.6499,0.1052,-0.1529,0,1,0,,,,,,,,,,
0.2202,1491,0,425.7,262.7,0.2242,-0.0555,0.1036,1,1,1,4e-05,0.5621,0.7704,0.770409,-0.052381,0.339946,-0.485073,0.049357,-0.414126,0.332371
0.4736,1492,0,544.6,133.2,0.4776,-0.2813,0.123,1,1,1,7e-05,1.3507,0.5723,-0.572311,-0.2413,-0.309262,0.374909,0.056057,0.263684,-0.054973
0.4844,1493,0,39.1,154.0,0.4884,0.3692,0.0933,0,0,0,,,,,,,,,,
0.4003,1494,0,148.1,195.3,0.4043,0.1877,0.0688,1,1,1,0.0001,1.1622,0.8901,-0.890054,0.426033,0.385351,0.849773,-0.154891,0.338744,-0.011129
0.318,1495,0,432.4,203.2,0.322,-0.0924,0.0951,1,1,1,5e-05,0.7842,0.3094,0.309448,0.037348,0.179659,-0.262986,0.008087,-0.209363,0.124707
0.1126,1496,0,206.4,195.5,0.1165,0.014,0.1852,1,1,1,9e-05,0.4121,0.7875,0.787485,-0.350722,0.487765,-0.635083,0.109547,-0.722877,0.694956
0.1206,1497,0,173.7,320.9,0.1246,0.0255,0.1583,1,1,1,5e-05,0.4576,0.8006,0.800555,-0.313,0.525721,-0.5896,0.121317,-0.600698,0.704262
0.5334,1498,0,311.6,319.8,0.5374,0.0151,-0.2248,0,1,0,,,,,,,,,,
0.237,1499,0,164.0,155.2,0.241,0.0809,0.1573,1,1,1,7e-05,0.7512,0.5782,0.231463,0.018638,0.578226,-0.295973,0.012675,-0.260067,0.433341
0.5872,1500,0,153.7,115.5,0.5912,0.2629,0.1291,0,0,0,,,,,,,,,,
0.3887,1501,0,538.1,200.1,0.3927,-0.2308,0.068,1,1,1,4e-05,1.0654,0.1495,-0.054502,-0.082895,-0.149528,0.018207,0.004548,0.01631,-0.061867
0.5314,1502,0,291.7,251.4,0.5354,0.0463,-0.0831,0,1,0,,,,,,,,,,
0.6223,1503,0,284.3,278.5,0.6262,0.0724,-0.2026,0,1,0,,,,,,,,,,
0.1035,1504,0,431.6,272.5,0.1074,-0.0113,0.1805,1,1,1,8e-05,0.3834,0.9831,0.983071,-0.407902,0.395053,-0.663833,0.134676,-0.830805,0.679063
0.2763,1505,0,160.8,116.6,0.2803,0.0987,0.1716,1,1,1,5e-05,0.8536,0.5586,0.023253,0.104446,0.558646,-0.193623,-0.026471,-0.159046,0.329813
0.1968,1506,0,484.3,62.5,0.2007,-0.0582,0.2018,1,1,1,4e-05,0.4428,0.6918,0.691788,-0.120788,0.318864,-0.60444,0.015513,-0.668263,0.338231
0.3235,1507,0,304.7,299.9,0.3274,0.0144,-0.0064,1,1,1,6e-05,1.1056,0.3243,0.152611,0.137853,0.324327,0.058372,0.008297,0.035887,0.169138
0.2921,1508,0,500.9,120.5,0.2961,-0.1215,0.1667,1,1,1,8e-05,0.6302,0.417,0.363691,0.009511,0.138783,-0.417023,-0.01001,-0.374388,0.093628
0.2514,1509,0,307.0,59.6,0.2554,0.0067,0.2041,1,1,1,8e-05,0.6196,0.4276,0.27266,-0.017863,0.418962,-0.427636,0.007565,-0.402519,0.344927
0.1322,1510,0,214.3,208.1,0.1362,0.0203,0.1746,1,1,1,5e-05,0.4513,0.7411,0.741078,-0.284091,0.512636,-0.595915,0.09789,-0.631979,0.656455
0.4598,1511,0,489.0,271.0,0.4638,-0.2385,-0.0704,1,1,0,0.00708,0.6936,1.4008,-0.845783,-0.245867,-0.276233,1.400789,0.005202,0.078028,-0.005737
0.2546,1512,0,196.0,308.2,0.2585,0.0853,0.0442,1,1,1,9e-05,0.9528,0.5407,0.307975,0.095875,0.540674,-0.094433,0.030443,-0.067689,0.36397
0.077,1513,0,214.3,62.3,0.0809,0.0003,0.2,1,1,1,5e-05,0.3652,0.9181,0.862117,-0.482179,0.405192,-0.682027,0.143439,-0.918134,0.76849
0.1881,1514,0,415.3,169.7,0.192,-0.035,0.1648,1,1,1,9e-05,0.4688,0.7785,0.778467,-0.147436,0.381702,-0.578444,0.050568,-0.597561,0.428679
0.2049,1515,0,238.4,159.7,0.2089,0.034,0.1639,1,1,1,3e-05,0.5983,0.5184,0.474502,-0.088989,0.51835,-0.4489,0.047827,-0.423324,0.493748
0.165,1516,0,161.0,29.1,0.1689,0.0402,0.2093,1,1,1,6e-05,0.5086,0.56,0.435509,-0.158847,0.558116,-0.538565,0.035809,-0.553733,0.560043
0.1498,1517,0,5.6,133.1,0.1537,0.073,0.1857,1,1,1,4e-05,0.5644,0.6505,0.415021,-0.157815,0.650517,-0.482793,0.046638,-0.469018,0.630484
0.3366,1518,0,321.7,339.3,0.3405,-0.0018,-0.0674,1,1,1,5e-05,1.3145,0.2673,0.025777,0.159393,0.24991,0.267318,-0.011686,0.146294,0.079388
0.3886,1519,0,258.2,327.1,0.3925,0.0762,-0.1016,1,1,0,0.00609,0.6827,1.4117,-0.838761,0.303781,0.203103,1.411699,-0.092012,0.084454,0.000899
0.5697,1520,0,355.7,93.5,0.5737,-0.0533,0.1641,1,1,0,0.0165,0.6815,1.4129,-1.370935,-0.053704,-0.175029,1.412905,-0.029174,0.072108,-0.005327
0.2526,1521,0,637.4,28.2,0.2566,-0.1592,0.2188,1,1,1,5e-05,0.5049,0.5423,0.443248,0.000736,0.063356,-0.542342,-0.03403,-0.537621,0.020836
0.4899,1522,0,544.7,62.5,0.4938,-0.2728,0.2063,1,1,1,7e-05,1.3269,0.7331,-0.733112,-0.254388,-0.336661,0.342581,0.07553,0.287491,-0.065739
0.251,1523,0,464.3,230.2,0.255,-0.0885,0.1061,1,1,1,3e-05,0.6017,0.6503,0.650251,-0.005817,0.256904,-0.445489,0.017989,-0.379136,0.213152
0.4853,1524,0,419.0,224.9,0.4893,-0.1411,-0.011,1,1,1,9e-05,1.2221,0.8723,-0.75546,-0.079815,-0.095103,0.872256,-0.002737,0.345056,-0.021848
0.0928,1525,0,43.4,70.4,0.0968,0.0137,0.1999,1,1,1,6e-05,0.3839,0.809,0.761047,-0.40662,0.476766,-0.663335,0.113965,-0.808959,0.738486
0.3428,1526,0,362.4,287.3,0.3467,-0.0424,-0.0071,1,1,1,4e-05,1.0918,0.2133,0.133399,0.099616,0.213328,0.044581,0.008519,0.02788,0.111914
0.2993,1527,0,455.1,308.0,0.3032,-0.1161,0.0053,1,1,1,6e-05,0.8764,0.4139,0.413879,0.049913,0.141927,-0.170801,0.014832,-0.10307,0.088796
0.4287,1528,0,171.1,302.5,0.4327,0.2007,-0.0984,0,0,0,,,,,,,,,,
0.4473,1529,0,496.3,286.7,0.4513,-0.2453,-0.0872,1,1,0,0.00836,0.6898,1.4046,-0.808726,-0.248684,-0.285551,1.404584,0.004808,0.074132,-0.005493
0.2394,1530,0,193.2,146.8,0.2433,0.0662,0.1612,1,1,1,7e-05,0.7238,0.5486,0.259854,0.005741,0.548553,-0.323391,0.017549,-0.287651,0.4269
0.1255,1531,0,124.3,254.4,0.1294,0.0349,0.1686,1,1,1,4e-05,0.4713,0.7041,0.704142,-0.286368,0.555068,-0.575948,0.103025,-0.58912,0.694435
0.5805,1532,0,468.0,228.8,0.5845,-0.2612,-0.0678,0,1,0,,,,,,,,,,
0.5315,1533,0,248.0,306.3,0.5355,0.126,-0.1935,0,1,0,,,,,,,,,,
0.2735,1534,0,316.3,245.7,0.2775,0.0026,0.0818,1,1,1,7e-05,0.7841,0.408,0.407992,0.035346,0.392161,-0.263117,0.041535,-0.20718,0.317017
0.2318,1535,0,17.5,210.7,0.2357,0.1614,0.1282,1,1,1,7e-05,0.9561,0.7234,0.053014,0.143768,0.723381,-0.091088,-0.048336,-0.078152,0.383925
0.1184,1536,0,491.7,3.1,0.1223,-0.0202,0.2072,1,1,1,8e-05,0.3787,0.8789,0.869189,-0.345437,0.380206,-0.668458,0.091154,-0.878937,0.590049
0.4941,1537,0,174.1,152.3,0.4981,0.1961,0.0931,0,1,0,,,,,,,,,,
0.5437,1538,0,582.0,163.2,0.5477,-0.3984,0.0633,0,1,0,,,,,,,,,,
0.1341,1539,0,420.1,47.1,0.1381,-0.0168,0.2033,1,1,1,5e-05,0.3941,0.815,0.815018,-0.295009,0.403591,-0.653082,0.076561,-0.801412,0.562393
0.5052,1540,0,1.6,307.4,0.5092,0.5258,-0.1731,0,0,0,,,,,,,,,,
0.5339,1541,0,543.2,252.9,0.5379,-0.3676,-0.0874,0,1,0,,,,,,,,,,
0.2634,1542,0,61.5,208.1,0.2674,0.1655,0.1153,1,1,1,7e-05,1.0485,0.6796,-0.030299,0.205737,0.679592,0.001264,-0.067575,-0.00561,0.300839
0.1801,1543,0,342.6,113.0,0.1841,-0.0072,0.1864,1,1,1,9e-05,0.475,0.6538,0.653759,-0.167078,0.439181,-0.572234,0.05097,-0.602878,0.48818
0.2775,1544,0,117.3,40.1,0.2815,0.1173,0.2152,1,1,1,4e-05,0.8614,0.5792,-0.133797,0.142499,0.57918,-0.185798,-0.059763,-0.137346,0.290546
0.2288,1545,0,531.3,207.2,0.2327,-0.1101,0.1315,1,1,1,6e-05,0.5152,0.7691,0.76913,-0.026575,0.231155,-0.532004,-0.002014,-0.495576,0.184515
0.3181,1546,0,580.4,131.8,0.322,-0.1983,0.1541,1,1,1,5e-05,0.7125,0.3347,0.238664,-0.008953,-0.048267,-0.334735,-0.019414,-0.276002,-0.053196
0.2029,1547,0,502.8,148.5,0.2069,-0.0742,0.1691,1,1,1,0.0001,0.4579,0.7944,0.79438,-0.098826,0.298454,-0.589297,0.017141,-0.618193,0.304576
0.5984,1548,0,257.3,197.5,0.6023,0.1105,-0.0155,0,1,0,,,,,,,,,,
0.356,1549,0,484.2,322.6,0.3599,-0.1803,-0.0639,1,1,1,6e-05,1.2644,0.2172,0.029167,-0.023713,-0.044273,0.21716,0.003311,0.120238,-0.013808
0.1509,1550,0,303.1,147.0,0.1548,0.004,0.1822,1,1,1,5e-05,0.4478,0.7341,0.734087,-0.241427,0.469411,-0.599416,0.077638,-0.648193,0.57891
0.2239,1551,0,525.8,34.9,0.2278,-0.0869,0.2132,1,1,1,7e-05,0.4677,0.6164,0.570615,-0.058637,0.243763,-0.579494,-0.009202,-0.616429,0.222611
0.4122,1552,0,142.7,203.2,0.4162,0.2024,0.0542,0,0,0,,,,,,,,,,
0.1915,1553,0,172.7,64.4,0.1954,0.05,0.2012,1,1,1,3e-05,0.5746,0.562,0.35376,-0.094166,0.562008,-0.472562,0.025052,-0.46173,0.510301
0.5217,1554,0,213.5,140.1,0.5256,0.1505,0.1038,0,1,0,,,,,,,,,,
0.0832,1555,0,580.0,235.4,0.0871,-0.0065,0.196,1,1,1,5e-05,0.3696,0.9226,0.922561,-0.472943,0.384226,-0.677606,0.145581,-0.921595,0.738995
0.5852,1556,0,296.7,168.8,0.5892,0.0388,0.0415,0,1,0,,,,,,,,,,
0.5233,1557,0,205.4,258.7,0.5273,0.1857,-0.0917,0,1,0,,,,,,,,,,
0.1219,1558,0,327.8,177.1,0.1259,-0.0012,0.1844,1,1,1,4e-05,0.4049,0.851,0.851004,-0.335232,0.444107,-0.642279,0.105608,-0.749063,0.643924
0.3882,1559,0,39.5,350.0,0.3921,0.3561,-0.1378,0,0,0,,,,,,,,,,
0.0828,1560,0,170.9,289.3,0.0868,0.0038,0.1947,1,1,1,9e-05,0.3722,0.8688,0.861096,-0.461357,0.426465,-0.675032,0.139506,-0.868825,0.761706
0.6413,1561,0,603.8,61.2,0.6453,-0.4701,0.2106,0,1,0,,,,,,,,,,
0.222,1562,0,93.1,13.7,0.2259,0.0928,0.2209,1,1,1,6e-05,0.698,0.6137,0.070009,0.026715,0.613716,-0.349192,-0.02458,-0.310824,0.422318
0.1294,1563,0,482.9,55.7,0.1334,-0.0253,0.2018,1,1,1,6e-05,0.3852,0.8828,0.882795,-0.312257,0.376011,-0.662013,0.082454,-0.844265,0.555385
0.0852,1564,0,455.5,201.9,0.0892,-0.0042,0.1961,1,1,1,5e-05,0.3707,0.9041,0.904126,-0.462843,0.39643,-0.676486,0.141222,-0.903863,0.73704
0.3784,1565,0,182.3,272.0,0.3824,0.1533,-0.0143,1,1,1,9e-05,1.1928,0.8496,-0.675256,0.395389,0.376245,0.849603,-0.127952,0.326165,-0.008563
0.4944,1566,0,603.8,277.8,0.4983,-0.4402,-0.107,0,1,0,,,,,,,,,,
0.2613,1567,0,518.6,30.6,0.2652,-0.1047,0.2186,1,1,1,4e-05,0.5336,0.5136,0.380917,-0.013639,0.178549,-0.513633,-0.01481,-0.503196,0.139062
0.3179,1568,0,519.9,107.1,0.3218,-0.1483,0.1726,1,1,1,5e-05,0.6871,0.3601,0.226191,0.00775,0.054195,-0.360116,-0.011469,-0.307335,0.026812
0.4687,1569,0,398.4,40.4,0.4726,-0.0884,0.2294,1,1,1,9e-05,1.1712,0.6229,-0.62287,0.008828,-0.018578,0.123965,-0.002674,0.161584,-0.03688
0.3432,1570,0,252.8,316.0,0.3471,0.0698,-0.0431,1,1,1,6e-05,1.3466,0.3591,-0.114537,0.24157,0.352992,0.359053,-0.047999,0.192697,0.073305
0.4656,1571,0,19.8,270.6,0.4696,0.4299,-0.0739,0,0,0,,,,,,,,,,
0.3899,1572,0,607.7,292.2,0.3939,-0.3408,-0.0507,1,1,1,8e-05,1.3272,0.6143,-0.341724,-0.305909,-0.338252,0.614279,0.050375,0.287211,-0.01784
0.5944,1573,0,500.4,70.2,0.5984,-0.2765,0.1968,1,1,0,0.04657,0.6977,1.3967,-1.337295,-0.399358,-0.662712,1.396655,0.033183,0.069584,-0.001267
0.4472,1574,0,265.1,127.3,0.4512,0.0638,0.135,1,1,1,6e-05,1.3645,0.6263,-0.626275,0.202994,0.235282,0.350869,-0.075642,0.249886,-0.002249
0.6101,1575,0,632.4,112.9,0.614,-0.5145,0.1302,0,1,0,,,,,,,,,,
0.4558,1576,0,437.9,57.3,0.4598,-0.1307,0.2112,1,1,1,4e-05,1.1097,0.5029,-0.502861,-0.027674,-0.065223,0.062508,0.009729,0.105876,-0.038011
0.1298,1577,0,354.5,98.5,0.1338,-0.0056,0.1953,1,1,1,4e-05,0.4031,0.8058,0.805847,-0.308235,0.434508,-0.644102,0.08775,-0.764021,0.60446
0.3347,1578,0,105.3,312.5,0.3386,0.215,-0.031,0,0,0,,,,,,,,,,
0.1752,1579,0,362.4,265.2,0.1791,-0.0153,0.1326,1,1,1,8e-05,0.4949,0.8463,0.846325,-0.167687,0.429976,-0.552308,0.086583,-0.521761,0.505787
0.2353,1580,0,159.0,279.8,0.2393,0.0953,0.0817,1,1,1,8e-05,0.8715,0.5926,0.318775,0.053578,0.592611,-0.175684,0.033088,-0.137131,0.430271
0.2323,1581,0,96.7,291.0,0.2363,0.1315,0.076,1,1,1,8e-05,0.958,0.6588,0.223169,0.105294,0.658754,-0.089181,0.001786,-0.071794,0.407116
0.2055,1582,0,79.5,227.4,0.2095,0.1087,0.132,1,1,1,7e-05,0.7798,0.6634,0.287093,0.002901,0.66337,-0.267381,0.023807,-0.227856,0.504607
0.4272,1583,0,91.6,91.7,0.4312,0.2422,0.1762,0,0,0,,,,,,,,,,
0.3467,1584,0,187.5,30.0,0.3507,0.102,0.2276,1,1,1,9e-05,0.9935,0.4402,-0.359592,0.203254,0.4402,-0.053663,-0.075496,0.001304,0.143323
0.3547,1585,0,186.7,56.4,0.3587,0.1083,0.2089,1,1,1,7e-05,1.0425,0.4403,-0.36523,0.217861,0.440318,-0.004729,-0.079047,0.034021,0.132406
0.5006,1586,0,223.1,207.7,0.5046,0.1405,0.0088,0,1,0,,,,,,,,,,
0.1153,1587,0,469.3,32.4,0.1193,-0.0167,0.2038,1,1,1,8e-05,0.3796,0.8756,0.875641,-0.357575,0.388195,-0.667603,0.098018,-0.870698,0.610312
0.2047,1588,0,407.8,304.6,0.2087,-0.0433,0.0899,1,1,1,5e-05,0.5583,0.8382,0.838208,-0.071251,0.370404,-0.488887,0.070927,-0.397722,0.384009
0.161,1589,0,324.0,276.0,0.165,-0.0012,0.1383,1,1,1,9e-05,0.4874,0.8423,0.842341,-0.205272,0.460769,-0.559786,0.099479,-0.537345,0.563938
0.5224,1590,0,263.9,213.4,0.5264,0.0861,-0.0106,0,1,0,,,,,,,,,,
0.5483,1591,0,367.0,52.6,0.5522,-0.0645,0.2199,1,1,1,9e-05,1.2229,1.2237,-1.223682,-0.058078,-0.090249,0.854494,-0.002541,0.391564,-0.03547
0.4898,1592,0,519.1,260.3,0.4938,-0.299,-0.0725,1,1,0,0.04628,0.695,1.3994,-0.856861,-0.317366,-0.568961,1.3994,-0.009408,0.062958,0.001669
0.6492,1593,0,291.7,234.1,0.6532,0.0571,-0.1162,0,0,0,,,,,,,,,,
0.4324,1594,0,623.9,67.1,0.4364,-0.3192,0.2009,1,1,1,7e-05,1.1686,0.4708,-0.470767,-0.25912,-0.390306,0.121442,0.07515,0.14887,-0.088532
0.395,1595,0,555.2,21.6,0.3989,-0.2117,0.2394,1,1,1,0.0001,0.8856,0.2855,-0.285492,-0.083224,-0.178448,-0.161584,0.025682,-0.07024,-0.07409
0.2655,1596,0,73.9,66.1,0.2695,0.1373,0.201,1,1,1,4e-05,0.8902,0.6315,-0.120017,0.155517,0.631544,-0.15702,-0.067591,-0.116962,0.309431
0.3524,1597,0,356.3,194.9,0.3564,-0.0337,0.0886,1,1,1,4e-05,0.9391,0.2407,0.087698,0.080954,0.240749,-0.108123,0.003548,-0.083242,0.142865
0.4899,1598,0,612.6,183.4,0.4938,-0.4024,0.0503,1,1,0,0.02855,0.6972,1.3972,-0.986896,-0.551079,-0.655229,1.397199,0.049956,0.066987,-0.001032
0.4987,1599,0,214.0,268.0,0.5027,0.1642,-0.0922,0,1,0,,,,,,,,,,
0.3934,1600,0,428.5,271.5,0.3974,-0.1267,-0.0243,1,1,1,5e-05,1.2781,0.2309,-0.104579,0.018225,0.021248,0.230859,-0.002282,0.134199,0.003989
0.1078,1601,0,547.6,299.7,0.1118,-0.0276,0.1735,1,1,1,0.0001,0.3796,1.0979,1.097864,-0.394016,0.352339,-0.667599,0.133972,-0.855532,0.629354
0.6203,1602,0,286.9,43.4,0.6243,0.0518,0.2363,0,1,0,,,,,,,,,,
0.5526,1603,0,278.3,79.2,0.5565,0.0592,0.1849,1,1,0,0.02473,0.6777,1.4554,-1.455412,0.120908,-0.068537,1.416678,-0.076773,0.073017,-0.004963
0.4573,1604,0,55.8,55.5,0.4613,0.2935,0.2131,0,0,0,,,,,,,,,,
0.3958,1605,0,324.8,96.2,0.3997,-0.0046,0.1742,1,1,1,3e-05,1.0039,0.2548,-0.254825,0.109879,0.224957,-0.043302,-0.024506,-0.008132,0.085184
0.4166,1606,0,132.7,111.3,0.4206,0.1964,0.1571,1,1,1,9e-05,1.1802,1.0279,-1.027861,0.408001,0.36158,0.74194,-0.167278,0.357992,-0.021448
0.4359,1607,0,565.1,253.1,0.4399,-0.3174,-0.0263,1,1,1,8e-05,1.2812,0.7894,-0.56868,-0.316601,-0.32709,0.789368,0.048551,0.333215,-0.019248
0.6386,1608,0,477.9,136.2,0.6425,-0.2806,0.0856,0,1,0,,,,,,,,,,
0.4906,1609,0,71.5,71.5,0.4946,0.3049,0.196,0,0,0,,,,,,,,,,
0.4357,1610,0,521.3,333.2,0.4397,-0.288,-0.158,0,1,0,,,,,,,,,,
0.6221,1611,0,190.3,302.0,0.626,0.2707,-0.2608,0,0,0,,,,,,,,,,
0.2966,1612,0,446.0,26.0,0.3005,-0.0788,0.2247,1,1,1,6e-05,0.6263,0.4209,0.170315,0.010838,0.198191,-0.420908,-0.007481,-0.378585,0.145335
0.5367,1613,0,159.3,338.1,0.5406,0.2963,-0.2702,0,0,0,,,,,,,,,,
0.6411,1614,0,44.8,219.4,0.645,0.5381,-0.0794,0,0,0,,,,,,,,,,
0.5374,1615,0,335.2,320.2,0.5414,-0.0275,-0.2295,0,1,0,,,,,,,,,,
0.147,1616,0,301.8,159.1,0.151,0.0042,0.1802,1,1,1,5e-05,0.4438,0.7539,0.753948,-0.252965,0.469526,-0.603408,0.082693,-0.65431,0.59031
0.5574,1617,0,226.9,68.9,0.5614,0.1324,0.1988,0,1,0,,,,,,,,,,
0.2962,1618,0,386.2,337.0,0.3002,-0.0582,-0.0235,1,1,1,7e-05,0.9744,0.3684,0.368397,0.081957,0.230812,-0.07279,0.031082,-0.032409,0.153938
0.6072,1619,0,206.6,157.0,0.6111,0.1945,0.0558,0,1,0,,,,,,,,,,
0.6233,1620,0,557.1,30.4,0.6272,-0.3692,0.2552,0,1,0,,,,,,,,,,
0.4641,1621,0,401.2,25.9,0.468,-0.0893,0.2437,1,1,1,7e-05,1.1424,0.6266,-0.626608,0.008296,-0.020994,0.09521,-0.000828,0.148881,-0.03756
0.2436,1622,0,547.4,93.2,0.2476,-0.1152,0.188,1,1,1,5e-05,0.5066,0.5721,0.572107,-0.022234,0.185919,-0.540587,-0.017562,-0.542306,0.143427
0.481,1623,0,177.7,252.9,0.4849,0.2073,-0.0542,0,0,0,,,,,,,,,,
0.1591,1624,0,495.6,331.6,0.1631,-0.0579,0.118,1,1,1,5e-05,0.4275,1.1076,1.107575,-0.177152,0.352579,-0.619744,0.080568,-0.587794,0.435046
0.2076,1625,0,453.3,232.5,0.2115,-0.0616,0.1283,1,1,1,6e-05,0.5054,0.8221,0.822077,-0.083869,0.333362,-0.541771,0.04135,-0.505383,0.339556
0.6193,1626,0,624.2,171.7,0.6233,-0.5422,0.0255,0,1,0,,,,,,,,,,
0.3257,1627,0,621.9,324.0,0.3297,-0.2962,-0.0371,1,1,1,5e-05,1.184,0.2279,0.116013,-0.13571,-0.227868,0.136774,0.001617,0.076128,-0.081363
0.3197,1628,0,179.1,210.9,0.3237,0.1177,0.0874,1,1,1,5e-05,1.1083,0.5162,-0.066689,0.210037,0.516213,0.061135,-0.047909,0.039049,0.211551
0.5554,1629,0,299.6,87.9,0.5593,0.0293,0.173,1,1,0,0.0195,0.678,1.4212,-1.421214,0.077144,-0.076329,1.416366,-0.063016,0.072813,-0.004574
0.3689,1630,0,467.7,311.5,0.3729,-0.1672,-0.0603,1,1,1,5e-05,1.3002,0.253,-0.029442,-0.016838,-0.032125,0.253018,0.002559,0.138978,-0.009655
0.0916,1631,0,59.3,310.4,0.0955,0.0156,0.1863,1,1,1,5e-05,0.3926,0.8138,0.813767,-0.417923,0.481301,-0.654605,0.129464,-0.771084,0.76042
0.3869,1632,0,98.9,339.9,0.3909,0.2758,-0.1201,0,0,0,,,,,,,,,,
0.4487,1633,0,432.0,295.6,0.4527,-0.1582,-0.1034,1,1,0,0.00979,0.6835,1.4109,-0.820844,-0.101165,-0.168435,1.410897,-0.019479,0.072371,-0.004604
0.2891,1634,0,284.1,195.5,0.2931,0.0257,0.1137,1,1,1,6e-05,0.8131,0.4192,0.257418,0.055606,0.4192,-0.234092,0.02103,-0.194151,0.307082
0.355,1635,0,369.4,0.8,0.3589,-0.0381,0.249,1,1,1,6e-05,0.7985,0.2487,-0.190959,0.064266,0.19908,-0.248704,-0.013766,-0.169663,0.10236
0.5578,1636,0,15.2,39.5,0.5618,0.4214,0.2372,0,0,0,,,,,,,,,,
0.4983,1637,0,422.0,65.6,0.5023,-0.1268,0.2028,1,1,1,7e-05,1.3345,0.7257,-0.725667,-0.054972,-0.100919,0.287326,0.01186,0.254688,-0.053466
0.6078,1638,0,304.5,48.5,0.6118,0.0239,0.2283,0,1,0,,,,,,,,,,
0.204,1639,0,72.2,7.1,0.2079,0.0883,0.2205,1,1,1,7e-05,0.6574,0.6275,0.128598,-0.009406,0.627466,-0.38976,-0.015117,-0.35813,0.464521
0.4419,1640,0,55.6,6.0,0.4459,0.2691,0.2595,0,0,0,,,,,,,,,,
0.1956,1641,0,84.5,203.0,0.1995,0.0956,0.1483,1,1,1,8e-05,0.7168,0.6515,0.323948,-0.036504,0.651505,-0.33044,0.032051,-0.291273,0.532574
0.3624,1642,0,602.0,77.7,0.3664,-0.2405,0.1922,1,1,1,5e-05,0.8312,0.216,-0.063601,-0.079924,-0.194081,-0.215959,0.007683,-0.145597,-0.099006
0.549,1643,0,470.4,112.0,0.553,-0.2192,0.1395,1,1,0,0.00125,0.8143,1.2801,-1.20837,-0.30284,-0.309515,1.280062,0.037542,0.177421,-0.013457
0.3082,1644,0,200.9,139.6,0.3122,0.0877,0.1502,1,1,1,5e-05,0.9262,0.4967,-0.020234,0.134783,0.496745,-0.121019,-0.028077,-0.094433,0.266446
0.1857,1645,0,268.1,218.9,0.1897,0.0197,0.146,1,1,1,5e-05,0.5556,0.6404,0.640445,-0.138111,0.499767,-0.491606,0.074458,-0.461482,0.532342
0.2162,1646,0,210.7,82.4,0.2201,0.0458,0.1943,1,1,1,9e-05,0.6163,0.5317,0.313898,-0.052223,0.531672,-0.430882,0.019262,-0.40924,0.456675
0.6277,1647,0,488.2,226.5,0.6316,-0.3236,-0.0879,0,1,0,,,,,,,,,,
0.176,1648,0,608.1,73.8,0.1799,-0.0854,0.1984,1,1,1,9e-05,0.3992,0.8906,0.890647,-0.140507,0.263798,-0.648023,0.007354,-0.783899,0.2954
0.5067,1649,0,580.9,50.0,0.5107,-0.3257,0.2212,1,1,1,8e-05,1.2266,0.9712,-0.971247,-0.402303,-0.449078,0.638612,0.111203,0.387809,-0.052638
0.3135,1650,0,122.7,51.5,0.3175,0.136,0.2107,1,1,1,4e-05,0.9915,0.5477,-0.288461,0.219586,0.547736,-0.055743,-0.088288,-0.014373,0.197256
0.1749,1651,0,437.8,303.9,0.1789,-0.0446,0.1157,1,1,1,9e-05,0.4713,0.9768,0.976805,-0.14818,0.376614,-0.575947,0.079861,-0.52572,0.441171
0.3206,1652,0,63.8,285.4,0.3246,0.2345,0.0122,0,0,0,,,,,,,,,,
0.5065,1653,0,390.1,210.3,0.5105,-0.1034,0.002,1,1,0,0.00201,0.767,1.3274,-1.023458,-0.0589,-0.091725,1.327441,-0.02048,0.146317,-0.004449
0.2691,1654,0,633.3,233.3,0.2731,-0.2127,0.0941,1,1,1,8e-05,0.6588,0.5409,0.540911,0.021403,-0.013151,-0.38837,-0.04597,-0.309011,-0.0797
0.4649,1655,0,111.9,37.0,0.4689,0.2317,0.2325,0,0,0,,,,,,,,,,
0.316,1656,0,163.3,99.9,0.32,0.1145,0.178,1,1,1,0.0001,0.9745,0.522,-0.169243,0.182603,0.522005,-0.072718,-0.060077,-0.043544,0.225906
0.6234,1657,0,337.7,149.8,0.6274,-0.031,0.0645,0,1,0,,,,,,,,,,
0.2188,1658,0,40.8,71.6,0.2228,0.118,0.1986,1,1,1,6e-05,0.7596,0.6675,0.063673,0.051351,0.667534,-0.287563,-0.02994,-0.250121,0.434559
0.1496,1659,0,298.4,206.7,0.1535,0.0054,0.1672,1,1,1,4e-05,0.4577,0.7816,0.781648,-0.244798,0.474015,-0.58952,0.090614,-0.616761,0.593878
0.2854,1660,0,370.3,29.5,0.2893,-0.03,0.2216,1,1,1,6e-05,0.6418,0.4054,0.161635,0.013843,0.308348,-0.405424,-0.004656,-0.366912,0.231304
0.4496,1661,0,510.8,171.0,0.4536,-0.2337,0.0809,1,1,1,6e-05,1.3025,0.3763,-0.376322,-0.141544,-0.200278,0.255251,0.025133,0.179776,-0.05094
0.6406,1662,0,143.1,254.7,0.6445,0.3601,-0.1587,0,0,0,,,,,,,,,,
0.5503,1663,0,416.6,353.0,0.5543,-0.1871,-0.321,0,1,0,,,,,,,,,,
0.3944,1664,0,491.7,172.5,0.3984,-0.1795,0.0969,1,1,1,4e-05,1.0076,0.0658,-0.065772,-0.032439,-0.062498,-0.039649,0.001713,-0.022034,-0.028873
0.2491,1665,0,510.3,338.4,0.2531,-0.1319,0.0231,1,1,1,9e-05,0.6984,0.6913,0.691318,0.040739,0.172645,-0.348771,0.010805,-0.218723,0.101749
0.5642,1666,0,512.0,154.5,0.5681,-0.3018,0.0716,1,1,0,0.04981,0.6976,1.3968,-1.118958,-0.381771,-0.652383,1.396799,0.010924,0.066372,0.00134
0.2754,1667,0,402.6,20.1,0.2794,-0.0464,0.2254,1,1,1,7e-05,0.6013,0.4459,0.220061,-0.001183,0.284393,-0.445943,-0.004871,-0.415712,0.222865
0.5725,1668,0,12.3,269.8,0.5765,0.5608,-0.1471,0,0,0,,,,,,,,,,
0.2848,1669,0,637.5,189.5,0.2887,-0.2217,0.1199,1,1,1,7e-05,0.6731,0.4286,0.428626,0.005511,-0.058126,-0.374067,-0.041123,-0.307363,-0.09538
0.2259,1670,0,335.7,159.7,0.2298,-0.0076,0.158,1,1,1,4e-05,0.5795,0.535,0.534974,-0.067998,0.420021,-0.467694,0.040174,-0.442319,0.403119
0.5874,1671,0,582.6,141.9,0.5914,-0.4268,0.0866,0,1,0,,,,,,,,,,
0.4494,1672,0,362.6,304.9,0.4533,-0.0609,-0.1201,1,1,0,0.02628,0.6794,1.415,-0.832608,0.066184,-0.118459,1.414956,-0.057137,0.067206,-0.004169
0.4853,1673,0,300.3,257.9,0.4892,0.0292,-0.0654,1,1,0,0.04122,0.6785,1.4159,-0.979416,0.187437,-0.096055,1.415858,-0.088043,0.066015,-0.006068
0.3678,1674,0,556.4,165.9,0.3717,-0.2249,0.1121,1,1,1,5e-05,0.9193,0.1321,0.03062,-0.058945,-0.132095,-0.127919,-0.002856,-0.089055,-0.071625
0.4222,1675,0,489.1,185.3,0.4262,-0.195,0.0723,1,1,1,8e-05,1.1632,0.2052,-0.205196,-0.067925,-0.110762,0.116023,0.008311,0.086335,-0.039204
0.4316,1676,0,150.7,351.4,0.4355,0.2453,-0.1875,0,0,0,,,,,,,,,,
0.5226,1677,0,416.4,268.3,0.5266,-0.1577,-0.1094,0,1,0,,,,,,,,,,
0.4092,1678,0,61.4,133.2,0.4131,0.2714,0.1354,0,0,0,,,,,,,,,,
0.089,1679,0,620.9,198.1,0.093,-0.0132,0.1946,1,1,1,6e-05,0.3722,0.9647,0.964721,-0.458228,0.366896,-0.674989,0.142558,-0.929631,0.706444
0.2487,1680,0,220.7,345.2,0.2527,0.0693,0.0174,1,1,1,9e-05,0.9592,0.508,0.380188,0.090964,0.507979,-0.087977,0.045927,-0.052606,0.356959
0.4176,1681,0,355.6,117.7,0.4215,-0.0377,0.1503,1,1,1,4e-05,1.0681,0.2865,-0.286548,0.084454,0.147826,0.020931,-0.018333,0.038178,0.045625
0.1071,1682,0,311.3,118.5,0.1111,0.0008,0.1954,1,1,1,6e-05,0.3878,0.8337,0.833746,-0.379563,0.439256,-0.659395,0.111479,-0.811416,0.679492
0.3587,1683,0,181.1,223.5,0.3626,0.1365,0.0559,1,1,1,8e-05,1.2832,0.4574,-0.301697,0.30503,0.45742,0.31253,-0.093187,0.19249,0.081286
0.275,1684,0,284.0,205.9,0.279,0.0244,0.1118,1,1,1,7e-05,0.7805,0.4325,0.322852,0.036603,0.432539,-0.266742,0.030129,-0.222348,0.336581
0.479,1685,0,332.3,206.2,0.4829,-0.0169,0.0208,1,1,1,0.0001,1.2677,0.7618,-0.761331,0.09892,0.082349,0.761836,-0.044721,0.346692,-0.022328
0.6356,1686,0,616.8,81.0,0.6395,-0.4961,0.1795,0,1,0,,,,,,,,,,
0.479,1687,0,630.5,290.5,0.483,-0.4712,-0.1187,0,1,0,,,,,,,,,,
0.4168,1688,0,43.7,280.8,0.4207,0.3503,-0.0547,0,0,0,,,,,,,,,,
0.2502,1689,0,159.8,87.2,0.2541,0.0838,0.1905,1,1,1,6e-05,0.7541,0.5664,0.103614,0.047654,0.566375,-0.293088,-0.012549,-0.255572,0.38576
0.3685,1690,0,205.5,143.8,0.3724,0.1066,0.1334,1,1,1,6e-05,1.1609,0.4244,-0.298867,0.232781,0.424351,0.113727,-0.07177,0.09436,0.118504
0.3328,1691,0,442.0,0.6,0.3368,-0.0867,0.2452,1,1,1,3e-05,0.7047,0.3425,-0.041071,0.025831,0.133763,-0.342486,-0.006032,-0.272359,0.084195
0.5378,1692,0,419.1,221.4,0.5418,-0.1587,-0.0319,1,1,0,0.04466,0.6893,1.4051,-1.002974,-0.123071,-0.399179,1.405088,-0.03607,0.065288,-0.002805
0.4852,1693,0,604.5,119.9,0.4891,-0.3616,0.1378,1,1,1,9e-05,1.2445,0.8431,-0.843059,-0.441602,-0.464003,0.736211,0.099481,0.369928,-0.03764
0.5283,1694,0,553.5,303.6,0.5323,-0.4043,-0.1851,0,1,0,,,,,,,,,,
0.1917,1695,0,333.9,282.3,0.1957,-0.006,0.1128,1,1,1,5e-05,0.5583,0.7699,0.769942,-0.117284,0.444077,-0.488936,0.086233,-0.425278,0.485521
0.1399,1696,0,328.4,196.5,0.1439,-0.0018,0.1739,1,1,1,7e-05,0.4305,0.8307,0.830717,-0.278115,0.452361,-0.616677,0.094997,-0.676083,0.602284
0.2889,1697,0,553.0,159.6,0.2929,-0.1606,0.1404,1,1,1,8e-05,0.6402,0.4268,0.426842,0.013496,0.068838,-0.407019,-0.021405,-0.353323,0.021335
0.2533,1698,0,375.1,212.9,0.2573,-0.0336,0.1168,1,1,1,9e-05,0.6454,0.5409,0.540887,-0.015119,0.352479,-0.401815,0.038131,-0.346926,0.315966
0.3748,1699,0,443.9,109.0,0.3787,-0.1137,0.1645,1,1,1,6e-05,0.8618,0.1854,-0.040981,0.021291,0.066446,-0.185364,-0.001831,-0.134731,0.03727
0.1002,1700,0,8.5,25.2,0.1041,0.0213,0.2028,1,1,1,4e-05,0.3972,0.7642,0.693126,-0.367443,0.510261,-0.650041,0.097576,-0.764213,0.722086
0.2663,1701,0,396.0,185.5,0.2702,-0.0481,0.1297,1,1,1,9e-05,0.6461,0.4854,0.485405,-0.004275,0.313828,-0.401082,0.024561,-0.353092,0.268926
0.4859,1702,0,237.6,323.5,0.4899,0.1327,-0.1883,0,1,0,,,,,,,,,,
0.6218,1703,0,173.7,126.5,0.6257,0.2497,0.1058,0,0,0,,,,,,,,,,
0.4903,1704,0,244.5,182.6,0.4942,0.1039,0.0513,1,1,0,0.01907,0.6719,1.4225,-1.216003,0.267198,0.098449,1.422466,-0.10447,0.072108,-0.002502
0.1905,1705,0,144.8,233.7,0.1944,0.0705,0.137,1,1,1,0.0001,0.668,0.6031,0.454283,-0.07956,0.603094,-0.379243,0.059656,-0.334137,0.552678
0.636,1706,0,550.5,149.8,0.64,-0.4138,0.0615,0,1,0,,,,,,,,,,
0.3228,1707,0,41.0,192.3,0.3267,0.231,0.1029,0,0,0,,,,,,,,,,
0.0982,1708,0,186.4,44.8,0.1022,0.0085,0.2014,1,1,1,6e-05,0.3834,0.8194,0.777473,-0.395663,0.460693,-0.663798,0.1105,-0.819436,0.712294
0.2719,1709,0,357.7,80.1,0.2758,-0.0221,0.1933,1,1,1,7e-05,0.6349,0.4123,0.281768,-0.001948,0.346277,-0.412275,0.006407,-0.381521,0.279697
0.1395,1710,0,518.5,216.5,0.1435,-0.0434,0.1693,1,1,1,5e-05,0.3918,1.0502,1.050204,-0.276341,0.348962,-0.655426,0.086431,-0.779962,0.506591
0.5555,1711,0,82.4,214.8,0.5594,0.3921,-0.0287,0,0,0,,,,,,,,,,
0.5251,1712,0,302.6,242.8,0.529,0.0277,-0.0633,0,1,0,,,,,,,,,,
0.6361,1713,0,103.1,236.0,0.64,0.4283,-0.1133,0,0,0,,,,,,,,,,
0.1159,1714,0,439.4,254.3,0.1198,-0.0171,0.1748,1,1,1,6e-05,0.3897,1.0003,1.00033,-0.364663,0.392244,-0.657476,0.122775,-0.796106,0.633547
0.4764,1715,0,368.8,52.9,0.4803,-0.0568,0.2166,1,1,1,7e-05,1.2421,0.6713,-0.671314,0.041078,0.023829,0.194931,-0.017056,0.202584,-0.034163
0.1814,1716,0,306.1,20.6,0.1854,0.0041,0.2133,1,1,1,7e-05,0.4775,0.6058,0.512145,-0.150342,0.461054,-0.569679,0.031603,-0.605806,0.480658
0.2496,1717,0,249.7,52.2,0.2535,0.0354,0.2075,1,1,1,7e-05,0.6563,0.4755,0.195017,-0.000297,0.475499,-0.390949,0.001154,-0.359548,0.368186
0.3943,1718,0,639.5,79.1,0.3983,-0.3032,0.19,1,1,1,9e-05,1.003,0.3406,-0.259144,-0.189092,-0.340579,-0.04422,0.0437,0.012688,-0.113183
0.5559,1719,0,2.8,341.2,0.5599,0.6118,-0.2974,0,0,0,,,,,,,,,,
0.4033,1720,0,49.2,59.1,0.4073,0.2591,0.2081,0,0,0,,,,,,,,,,
0.5221,1721,0,101.3,114.7,0.5261,0.3015,0.1392,0,0,0,,,,,,,,,,
0.3881,1722,0,136.0,43.1,0.3921,0.1654,0.2211,1,1,1,5e-05,1.2456,0.7283,-0.728285,0.342645,0.413442,0.277752,-0.145824,0.242126,0.009268
0.5336,1723,0,477.8,173.4,0.5376,-0.2373,0.0504,1,1,0,0.01418,0.6881,1.4063,-1.088477,-0.295713,-0.365574,1.406317,0.015374,0.070095,-0.005559
0.0879,1724,0,48.4,53.6,0.0918,0.0093,0.2005,1,1,1,7e-05,0.3759,0.8433,0.791242,-0.429729,0.455448,-0.67128,0.122081,-0.843263,0.746973
0.6051,1725,0,260.4,71.4,0.609,0.0933,0.195,0,1,0,,,,,,,,,,
0.091,1726,0,99.4,289.1,0.0949,0.0124,0.1883,1,1,1,6e-05,0.3877,0.8259,0.825919,-0.424184,0.468336,-0.659504,0.130454,-0.791382,0.755747
0.5966,1727,0,152.2,122.9,0.6005,0.2722,0.1159,0,0,0,,,,,,,,,,
0.2815,1728,0,614.6,235.9,0.2855,-0.2135,0.0851,1,1,1,7e-05,0.7024,0.48,0.479961,0.013923,-0.025922,-0.344806,-0.038832,-0.266688,-0.076336
0.1025,1729,0,555.5,197.1,0.1064,-0.021,0.1891,1,1,1,5e-05,0.3769,1.0087,1.008694,-0.413362,0.360256,-0.670276,0.129983,-0.899455,0.650881
0.5333,1730,0,226.7,48.1,0.5372,0.1235,0.2248,1,1,0,0.02885,0.676,1.5567,-1.556717,0.210758,-0.019961,1.41844,-0.104901,0.074102,-0.005174
0.4369,1731,0,144.3,124.2,0.4409,0.1979,0.1403,1,1,0,0.00054,0.8567,1.3412,-1.34122,0.410437,0.303166,1.237669,-0.153453,0.213872,0.013761
0.5017,1732,0,358.5,277.9,0.5057,-0.0608,-0.1127,0,1,0,,,,,,,,,,
0.2781,1733,0,594.0,191.2,0.282,-0.1856,0.1213,1,1,1,9e-05,0.6369,0.4965,0.496488,0.017744,0.03163,-0.410311,-0.033361,-0.346932,-0.025915
0.1726,1734,0,34.8,48.3,0.1766,0.0797,0.2052,1,1,1,0.0001,0.5983,0.6461,0.277014,-0.088193,0.646087,-0.448897,0.014057,-0.431053,0.554748
0.3085,1735,0,66.0,0.8,0.3124,0.1634,0.2408,1,1,1,8e-05,1.0308,0.5772,-0.423163,0.275297,0.577212,-0.016362,-0.124653,0.036518,0.156152
0.2341,1736,0,74.2,115.7,0.238,0.1202,0.178,1,1,1,6e-05,0.8085,0.6522,0.071572,0.072789,0.652209,-0.23872,-0.026681,-0.203987,0.411519
0.2436,1737,0,264.7,193.9,0.2476,0.0311,0.1331,1,1,1,8e-05,0.6984,0.4785,0.402549,-0.01356,0.478518,-0.348797,0.040303,-0.305215,0.410451
0.1161,1738,0,147.2,238.5,0.12,0.0245,0.1772,1,1,1,6e-05,0.4359,0.7515,0.751457,-0.327949,0.523031,-0.611272,0.108663,-0.660177,0.704901
0.5646,1739,0,526.7,270.2,0.5685,-0.3708,-0.1424,0,1,0,,,,,,,,,,
0.3089,1740,0,412.8,299.1,0.3129,-0.0822,0.0067,1,1,1,6e-05,0.9194,0.3505,0.350461,0.063664,0.190713,-0.127817,0.021815,-0.078446,0.127247
0.0927,1741,0,310.8,174.4,0.0967,0.0005,0.1945,1,1,1,8e-05,0.3773,0.8695,0.869481,-0.431133,0.424123,-0.669859,0.130063,-0.854254,0.723747
0.6408,1742,0,545.2,307.1,0.6447,-0.489,-0.29,0,1,0,,,,,,,,,,
0.6365,1743,0,547.8,335.7,0.6405,-0.5094,-0.3651,0,0,0,,,,,,,,,,
0.3861,1744,0,254.4,25.7,0.39,0.0576,0.235,1,1,1,5e-05,1.0231,0.4388,-0.438847,0.172764,0.311141,-0.024057,-0.058398,0.036854,0.081156
0.2107,1745,0,496.8,345.0,0.2146,-0.0962,0.0578,1,1,1,5e-05,0.5625,0.9054,0.905371,-0.012236,0.278701,-0.484712,0.038113,-0.348029,0.236374
0.5347,1746,0,215.6,345.5,0.5387,0.1936,-0.2857,0,1,0,,,,,,,,,,
0.1657,1747,0,5.1,67.7,0.1696,0.0832,0.2001,1,1,1,3e-05,0.5981,0.6611,0.295197,-0.099353,0.661072,-0.449115,0.018876,-0.430773,0.575895
0.602,1748,0,186.9,217.1,0.606,0.2415,-0.0554,0,0,0,,,,,,,,,,
0.3219,1749,0,271.8,76.3,0.3259,0.0352,0.1943,1,1,1,4e-05,0.8292,0.3891,-0.038951,0.093136,0.389087,-0.218049,-0.019023,-0.171023,0.226024
0.2491,1750,0,94.1,315.5,0.253,0.1519,0.0429,1,1,1,4e-05,1.1054,0.6587,0.13515,0.192619,0.658669,0.058178,-0.033054,0.031084,0.315251
0.3506,1751,0,368.9,330.1,0.3545,-0.0532,-0.069,1,1,1,7e-05,1.3035,0.2563,0.012017,0.107192,0.158754,0.256273,-0.005016,0.140974,0.050792
0.5715,1752,0,299.8,222.8,0.5754,0.0347,-0.0514,0,1,0,,,,,,,,,,
0.2528,1753,0,64.8,245.3,0.2568,0.1608,0.0945,1,1,1,8e-05,1.0442,0.685,0.046144,0.185867,0.684989,-0.002964,-0.0508,-0.01131,0.327879
0.6037,1754,0,97.1,322.8,0.6077,0.4615,-0.298,0,0,0,,,,,,,,,,
0.6469,1755,0,88.7,172.4,0.6509,0.4335,0.0154,0,0,0,,,,,,,,,,
0.153,1756,0,452.7,145.9,0.157,-0.0326,0.1819,1,1,1,8e-05,0.4098,0.892,0.891968,-0.241645,0.377947,-0.637392,0.069563,-0.737579,0.498616
0.2828,1757,0,631.0,219.5,0.2867,-0.2225,0.0977,1,1,1,7e-05,0.695,0.4567,0.456718,0.008475,-0.050656,-0.352241,-0.041827,-0.278556,-0.093973
0.4413,1758,0,160.0,338.6,0.4452,0.234,-0.1736,0,0,0,,,,,,,,,,
0.5136,1759,0,5.5,229.1,0.5175,0.4814,-0.0327,0,0,0,,,,,,,,,,
0.274,1760,0,321.2,45.8,0.2779,-0.0007,0.212,1,1,1,6e-05,0.6545,0.3927,0.179123,0.011883,0.379814,-0.392669,-0.001362,-0.357281,0.289032
0.1093,1761,0,306.8,194.7,0.1132,0.0015,0.1866,1,1,1,5e-05,0.3945,0.863,0.862999,-0.375835,0.443242,-0.652734,0.117526,-0.781496,0.683038
0.1898,1762,0,218.1,172.9,0.1938,0.0381,0.163,1,1,1,4e-05,0.5792,0.5377,0.514624,-0.117894,0.537678,-0.467961,0.057188,-0.444788,0.533281
0.3555,1763,0,33.8,29.7,0.3595,0.2275,0.2287,0,0,0,,,,,,,,,,
0.2282,1764,0,10.0,47.2,0.2321,0.1363,0.2086,1,1,1,5e-05,0.8101,0.685,-0.042213,0.102904,0.684982,-0.237064,-0.057121,-0.195295,0.388043
0.296,1765,0,244.5,157.8,0.3,0.0537,0.1397,1,1,1,5e-05,0.8452,0.4592,0.127187,0.0817,0.459193,-0.201988,0.000429,-0.168125,0.300523
0.5605,1766,0,45.9,325.1,0.5645,0.5227,-0.2627,0,0,0,,,,,,,,,,
0.5735,1767,0,255.8,321.3,0.5774,0.125,-0.2658,0,1,0,,,,,,,,,,
0.3541,1768,0,564.4,90.3,0.3581,-0.2049,0.1823,1,1,1,8e-05,0.7921,0.2551,0.01618,-0.039084,-0.10575,-0.255054,-0.002279,-0.190327,-0.063481
0.5482,1769,0,621.2,187.7,0.5521,-0.4749,0.0218,0,1,0,,,,,,,,,,
0.3572,1770,0,345.8,319.2,0.3612,-0.0283,-0.0605,1,1,1,5e-05,1.3292,0.282,-0.036626,0.13118,0.192313,0.282033,-0.012526,0.15455,0.054495
0.4081,1771,0,495.1,41.4,0.412,-0.1671,0.224,1,1,1,5e-05,0.9213,0.2976,-0.297584,-0.041769,-0.091379,-0.125855,0.014501,-0.048286,-0.04071
0.4251,1772,0,18.5,217.8,0.4291,0.3635,0.0295,0,0,0,,,,,,,,,,
0.6098,1773,0,593.6,58.8,0.6137,-0.427,0.2136,0,1,0,,,,,,,,,,
0.0943,1774,0,569.7,202.9,0.0983,-0.0155,0.1921,1,1,1,5e-05,0.3744,0.9812,0.981165,-0.441156,0.366618,-0.672784,0.138252,-0.914092,0.686847
0.2059,1775,0,596.2,199.8,0.2099,-0.1214,0.1453,1,1,1,4e-05,0.4551,0.8985,0.898502,-0.045488,0.220064,-0.59212,-0.016048,-0.595529,0.171341
0.1079,1776,0,357.4,166.7,0.1119,-0.0039,0.1903,1,1,1,7e-05,0.3872,0.8827,0.882729,-0.383882,0.423761,-0.659957,0.117538,-0.815322,0.67325
0.1012,1777,0,317.8,17.8,0.1052,0.0002,0.2034,1,1,1,7e-05,0.379,0.8501,0.813391,-0.39446,0.432055,-0.668202,0.110074,-0.850064,0.686338
0.6304,1778,0,498.7,158.9,0.6344,-0.3206,0.0461,0,1,0,,,,,,,,,,
0.3985,1779,0,486.4,64.7,0.4025,-0.1578,0.203,1,1,1,0.0001,0.901,0.2115,-0.211473,-0.025038,-0.055303,-0.146159,0.007561,-0.079212,-0.026077
0.3386,1780,0,532.6,88.1,0.3426,-0.168,0.185,1,1,1,3e-05,0.735,0.3122,0.098702,-0.006892,-0.013527,-0.312224,-0.007477,-0.251731,-0.014279
0.2846,1781,0,614.4,142.2,0.2886,-0.1952,0.1536,1,1,1,8e-05,0.6259,0.4213,0.410322,0.008801,-0.009915,-0.421298,-0.034024,-0.367956,-0.049808
0.3606,1782,0,197.8,282.4,0.3646,0.1297,-0.0148,1,1,1,7e-05,1.2494,0.544,-0.375474,0.338834,0.403325,0.543994,-0.101988,0.274279,0.021642
0.6117,1783,0,237.7,332.5,0.6157,0.1752,-0.3314,0,1,0,,,,,,,,,,
0.4118,1784,0,451.0,66.0,0.4158,-0.1295,0.2019,1,1,1,5e-05,0.9478,0.2743,-0.274277,-0.004363,-0.014503,-0.099435,0.004205,-0.037846,-0.010323
0.4104,1785,0,162.3,266.0,0.4143,0.1927,-0.0283,1,1,0,0.03673,0.6685,1.4259,-1.043274,0.472606,0.181391,1.425879,-0.146818,0.068312,-0.005767
0.4706,1786,0,484.5,212.7,0.4746,-0.2229,0.015,1,1,1,9e-05,1.3023,0.5959,-0.565705,-0.167017,-0.195248,0.595855,0.023736,0.312081,-0.03201
0.6065,1787,0,619.8,177.2,0.6105,-0.5249,0.0195,0,1,0,,,,,,,,,,
0.648,1788,0,231.3,74.3,0.6519,0.1506,0.1899,0,0,0,,,,,,,,,,
0.5787,1789,0,427.1,26.7,0.5827,-0.1526,0.2556,1,1,0,0.01164,0.6877,1.4796,-1.479578,-0.254632,-0.332977,1.406652,0.0259,0.072367,-0.007329
0.3496,1790,0,460.9,5.7,0.3536,-0.1072,0.2447,1,1,1,8e-05,0.7409,0.3063,-0.100325,0.017897,0.074403,-0.306271,-0.002389,-0.228215,0.04415
0.6182,1791,0,639.9,146.8,0.6222,-0.5542,0.0711,0,1,0,,,,,,,,,,
0.5686,1792,0,280.7,288.9,0.5726,0.0728,-0.1861,0,1,0,,,,,,,,,,
0.5172,1793,0,375.1,184.9,0.5211,-0.081,0.038,1,1,0,0.00027,0.9091,1.1853,-1.045855,-0.032988,-0.05862,1.185281,-0.020305,0.249063,-0.007554
0.3229,1794,0,210.8,172.9,0.3269,0.0886,0.1197,1,1,1,5e-05,1.0024,0.4753,-0.036204,0.160126,0.475253,-0.044819,-0.030293,-0.03491,0.232631
0.1561,1795,0,546.1,331.8,0.1601,-0.0719,0.1208,1,1,1,7e-05,0.4083,1.1661,1.166145,-0.172853,0.32753,-0.63892,0.066771,-0.625302,0.396715
0.3124,1796,0,546.7,125.6,0.3163,-0.1674,0.1599,1,1,1,5e-05,0.6838,0.3634,0.273142,0.004987,0.023317,-0.363447,-0.016462,-0.309084,-0.001872
0.3856,1797,0,35.3,263.5,0.3895,0.3211,-0.0081,0,0,0,,,,,,,,,,
0.5956,1798,0,227.9,155.7,0.5995,0.1543,0.0612,0,1,0,,,,,,,,,,
0.3659,1799,0,125.5,162.0,0.3699,0.183,0.1165,1,1,1,0.0001,1.2039,0.5365,-0.536508,0.384298,0.489541,0.387806,-0.145464,0.249951,0.035504
0.2052,1800,0,547.6,335.4,0.2091,-0.1173,0.07,1,1,1,6e-05,0.5225,0.9576,0.957611,-0.010934,0.249735,-0.524672,0.014041,-0.399665,0.185932
0.0845,1801,0,51.0,63.5,0.0885,0.0067,0.2001,1,1,1,9e-05,0.372,0.8643,0.813468,-0.445824,0.441239,-0.675246,0.128538,-0.864343,0.754158
0.1392,1802,0,548.0,315.8,0.1432,-0.056,0.1425,1,1,1,5e-05,0.3896,1.1787,1.178652,-0.252155,0.336336,-0.657598,0.090589,-0.722257,0.477597
0.5168,1803,0,164.2,353.1,0.5207,0.2804,-0.2843,0,0,0,,,,,,,,,,
0.3823,1804,0,339.5,120.3,0.3862,-0.0186,0.1531,1,1,1,3e-05,0.9646,0.2254,-0.140297,0.094222,0.225384,-0.082599,-0.014656,-0.050293,0.105407
0.1204,1805,0,483.3,41.2,0.1244,-0.0208,0.2032,1,1,1,7e-05,0.381,0.8848,0.884773,-0.341453,0.380645,-0.666182,0.092414,-0.865827,0.587674
0.5935,1806,0,45.4,90.8,0.5974,0.4286,0.1663,0,0,0,,,,,,,,,,
0.5165,1807,0,38.7,205.5,0.5204,0.422,0.0053,0,0,0,,,,,,,,,,
0.3,1808,0,243.8,335.4,0.304,0.068,-0.0255,1,1,1,9e-05,1.1912,0.4234,0.141188,0.189638,0.423369,0.14399,-0.006276,0.085284,0.188715
0.477,1809,0,530.7,51.6,0.4809,-0.2452,0.218,1,1,1,8e-05,1.2602,0.6492,-0.64921,-0.194224,-0.284667,0.212994,0.060594,0.22014,-0.071348
0.3886,1810,0,151.9,155.6,0.3925,0.1694,0.1167,1,1,1,6e-05,1.2195,0.6209,-0.620936,0.368657,0.429865,0.444627,-0.140141,0.2776,0.011858
0.5247,1811,0,337.9,345.8,0.5286,-0.0325,-0.2758,0,1,0,,,,,,,,,,
0.1574,1812,0,60.2,255.8,0.1614,0.0763,0.1479,1,1,1,3e-05,0.6171,0.6455,0.495562,-0.144133,0.645549,-0.430052,0.07143,-0.389031,0.633689
0.1219,1813,0,234.1,8.2,0.1258,0.011,0.2072,1,1,1,9e-05,0.406,0.7518,0.688982,-0.31114,0.482649,-0.641207,0.079114,-0.751826,0.641279
0.6294,1814,0,460.4,125.6,0.6333,-0.2427,0.106,0,1,0,,,,,,,,,,
0.6456,1815,0,347.3,297.6,0.6495,-0.0592,-0.269,0,1,0,,,,,,,,,,
0.3967,1816,0,626.4,176.0,0.4007,-0.3239,0.0923,1,1,1,9e-05,1.1739,0.3383,-0.199579,-0.219848,-0.338287,0.126723,0.036595,0.099711,-0.089734
0.2642,1817,0,87.7,233.6,0.2681,0.1537,0.0966,1,1,1,8e-05,1.0464,0.6571,0.029021,0.188838,0.657128,-0.00084,-0.049577,-0.008949,0.311087
0.382,1818,0,499.2,205.1,0.3859,-0.1866,0.0652,1,1,1,7e-05,1.0204,0.0615,0.003503,-0.031177,-0.061452,-0.026826,-0.000344,-0.017332,-0.029911
0.4283,1819,0,498.9,301.3,0.4323,-0.2406,-0.0961,1,1,0,0.0003,0.9014,1.193,-0.705896,-0.22434,-0.224161,1.193016,0.014268,0.235776,-0.010535
0.5811,1820,0,62.8,177.8,0.5851,0.4292,0.0271,0,0,0,,,,,,,,,,
0.0876,1821,0,471.8,213.6,0.0915,-0.006,0.1945,1,1,1,5e-05,0.3722,0.9203,0.92025,-0.457349,0.392326,-0.675043,0.140904,-0.900533,0.727252
0.1335,1822,0,623.4,9.7,0.1375,-0.0487,0.2088,1,1,1,8e-05,0.3775,0.9484,0.94838,-0.285395,0.315554,-0.669738,0.064133,-0.915002,0.473668
0.3395,1823,0,43.7,223.4,0.3435,0.253,0.0657,0,0,0,,,,,,,,,,
0.3882,1824,0,598.2,224.5,0.3921,-0.3023,0.0395,1,1,1,9e-05,1.2137,0.2785,-0.128915,-0.184501,-0.278494,0.166516,0.022734,0.108326,-0.075581
0.322,1825,0,14.5,343.4,0.3259,0.3029,-0.0577,0,0,0,,,,,,,,,,
0.6176,1826,0,170.1,180.0,0.6216,0.2687,0.0105,0,0,0,,,,,,,,,,
0.3818,1827,0,483.7,37.4,0.3858,-0.1434,0.2253,1,1,1,8e-05,0.8351,0.2121,-0.183504,-0.009569,-0.021459,-0.212114,0.005089,-0.134009,-0.010411
0.4504,1828,0,272.1,56.8,0.4544,0.0523,0.2116,1,1,1,5e-05,1.2899,0.7041,-0.704066,0.177211,0.202926,0.242739,-0.070329,0.225253,-0.011177
0.4145,1829,0,103.0,253.2,0.4185,0.2643,-0.0129,0,0,0,,,,,,,,,,
0.4174,1830,0,148.9,24.0,0.4213,0.1652,0.2401,1,1,1,9e-05,1.2488,0.9476,-0.94762,0.339416,0.335008,0.426342,-0.151964,0.322675,-0.031716
0.2046,1831,0,386.0,114.9,0.2086,-0.0262,0.1824,1,1,1,6e-05,0.4972,0.6226,0.622588,-0.114068,0.3906,-0.550043,0.034546,-0.564543,0.405069
0.3203,1832,0,477.6,201.3,0.3243,-0.1305,0.0958,1,1,1,5e-05,0.7754,0.3114,0.311437,0.026036,0.105344,-0.271814,-0.001917,-0.2149,0.062701
0.3374,1833,0,449.5,57.7,0.3413,-0.0988,0.2074,1,1,1,4e-05,0.7281,0.3191,0.044965,0.022863,0.122126,-0.319057,-0.004676,-0.260506,0.078796
0.4617,1834,0,273.3,335.3,0.4657,0.0719,-0.1882,0,1,0,,,,,,,,,,
0.4566,1835,0,569.5,315.1,0.4606,-0.3689,-0.1449,0,1,0,,,,,,,,,,
0.5206,1836,0,578.0,71.7,0.5246,-0.3396,0.1954,1,1,1,0.0001,1.0196,1.1609,-1.160871,-0.496221,-0.484602,1.074755,0.100255,0.304804,-0.033037
0.4468,1837,0,415.0,338.9,0.4508,-0.1412,-0.18,0,1,0,,,,,,,,,,
0.4437,1838,0,445.5,190.1,0.4477,-0.1545,0.0581,1,1,1,4e-05,1.2785,0.318,-0.317959,-0.037642,-0.061237,0.231288,0.002771,0.156801,-0.025366
0.1268,1839,0,363.0,64.5,0.1308,-0.0064,0.2005,1,1,1,4e-05,0.3969,0.7979,0.797882,-0.315866,0.429952,-0.650292,0.086296,-0.786434,0.60563
0.5436,1840,0,347.4,203.0,0.5475,-0.0435,-0.0023,1,1,0,0.04362,0.6839,1.4105,-1.093651,0.040755,-0.245493,1.410485,-0.06341,0.066946,-0.005365
0.441,1841,0,505.3,281.7,0.445,-0.2519,-0.0742,1,1,0,0.0001,0.9604,1.134,-0.720959,-0.246178,-0.243015,1.134017,0.020215,0.267672,-0.012668
0.5837,1842,0,222.9,0.9,0.5877,0.1365,0.289,0,1,0,,,,,,,,,,
0.4761,1843,0,459.3,334.9,0.4801,-0.2221,-0.2017,0,1,0,,,,,,,,,,
0.1577,1844,0,6.6,42.3,0.1617,0.0737,0.2057,1,1,1,4e-05,0.5627,0.6466,0.32923,-0.127763,0.646561,-0.4845,0.024134,-0.475788,0.590953
0.1908,1845,0,220.2,179.5,0.1947,0.0379,0.1601,1,1,1,4e-05,0.5831,0.5365,0.519807,-0.115856,0.536467,-0.4641,0.058575,-0.438682,0.532122
0.3098,1846,0,637.9,10.3,0.3137,-0.2075,0.2355,1,1,1,4e-05,0.6421,0.4051,0.091133,-0.025362,-0.109848,-0.405111,-0.008686,-0.334126,-0.079297
0.3202,1847,0,252.0,271.6,0.3242,0.0611,0.0273,1,1,1,7e-05,1.101,0.4141,0.091631,0.163711,0.414149,0.053752,-0.006534,0.03054,0.204392
0.4585,1848,0,63.6,123.0,0.4624,0.3056,0.1381,0,0,0,,,,,,,,,,
0.2085,1849,0,551.7,321.4,0.2125,-0.1202,0.0759,1,1,1,6e-05,0.5219,0.9394,0.939366,-0.009675,0.241621,-0.525335,0.008415,-0.411085,0.175146
0.3258,1850,0,569.7,332.3,0.3298,-0.2478,-0.0476,1,1,1,4e-05,1.15,0.1591,0.159057,-0.073572,-0.137706,0.102773,-0.003046,0.060351,-0.060311
0.4502,1851,0,274.0,137.7,0.4541,0.0545,0.1221,1,1,1,7e-05,1.361,0.6143,-0.614332,0.192487,0.221012,0.3672,-0.070906,0.253456,-0.00363
0.3572,1852,0,627.1,254.3,0.3612,-0.3112,0.0218,1,1,1,7e-05,1.1544,0.2775,0.001107,-0.169034,-0.277509,0.10723,0.010847,0.066217,-0.092491
0.4187,1853,0,188.9,338.9,0.4226,0.18,-0.1511,0,1,0,,,,,,,,,,
0.2118,1854,0,546.5,198.4,0.2158,-0.1039,0.1436,1,1,1,8e-05,0.4736,0.8463,0.846336,-0.054601,0.249663,-0.573611,0.000382,-0.565178,0.217933
0.2672,1855,0,512.0,350.6,0.2711,-0.1494,-0.0075,1,1,1,8e-05,0.8081,0.5663,0.566254,0.046538,0.110576,-0.239076,0.004659,-0.129583,0.048742
0.5303,1856,0,501.3,136.7,0.5343,-0.2603,0.1069,1,1,0,0.00028,0.9187,1.1757,-1.090754,-0.343228,-0.339011,1.175686,0.048125,0.249891,-0.019518
0.6018,1857,0,127.2,260.5,0.6058,0.368,-0.1468,0,0,0,,,,,,,,,,
0.6139,1858,0,210.3,13.4,0.6179,0.1652,0.2776,0,1,0,,,,,,,,,,
0.3591,1859,0,220.6,204.5,0.3631,0.0958,0.0759,1,1,1,0.0001,1.1984,0.4196,-0.182722,0.224984,0.419573,0.151154,-0.055256,0.101972,0.131245
0.513,1860,0,201.7,221.5,0.517,0.1793,-0.0195,0,1,0,,,,,,,,,,
0.6135,1861,0,258.9,261.1,0.6174,0.1192,-0.1559,0,1,0,,,,,,,,,,
0.4322,1862,0,63.1,75.9,0.4361,0.2719,0.1921,0,0,0,,,,,,,,,,
0.24,1863,0,464.3,315.6,0.244,-0.092,0.051,1,1,1,3e-05,0.6457,0.7354,0.735423,0.014335,0.258229,-0.401451,0.034217,-0.283688,0.209351
0.1345,1864,0,525.1,353.8,0.1384,-0.049,0.1356,1,1,1,4e-05,0.3923,1.191,1.191047,-0.266603,0.350273,-0.654927,0.105888,-0.6952,0.510692
0.2329,1865,0,601.9,314.8,0.2369,-0.1717,0.0581,1,1,1,4e-05,0.6004,0.7865,0.786521,0.037977,0.121525,-0.446793,-0.030991,-0.324337,0.016101
0.1238,1866,0,393.3,221.7,0.1278,-0.0122,0.176,1,1,1,5e-05,0.4,0.938,0.937996,-0.335449,0.413901,-0.647158,0.111643,-0.75846,0.622551
0.5182,1867,0,239.4,122.1,0.5221,0.111,0.1297,1,1,0,0.02329,0.6737,1.4207,-1.374939,0.237917,0.044636,1.420657,-0.104398,0.072772,-0.00365
0.5485,1868,0,616.2,18.1,0.5525,-0.3937,0.2626,1,1,0,0.03974,0.7013,1.3931,-1.381552,-0.625805,-0.796652,1.393126,0.08842,0.0698,-0.00018
0.478,1869,0,383.5,265.8,0.482,-0.0933,-0.0742,1,1,0,0.01733,0.68,1.4144,-0.915092,-0.008394,-0.131428,1.414436,-0.040372,0.069575,-0.004146
0.2949,1870,0,499.3,266.1,0.2989,-0.1434,0.0504,1,1,1,6e-05,0.7712,0.4573,0.457272,0.033041,0.106953,-0.275958,-0.001517,-0.197528,0.054536
0.5571,1871,0,590.5,100.3,0.5611,-0.3963,0.1553,0,1,0,,,,,,,,,,
0.3789,1872,0,390.9,26.9,0.3829,-0.0609,0.2333,1,1,1,9e-05,0.8552,0.2298,-0.229808,0.053883,0.134944,-0.191968,-0.009102,-0.116358,0.062055
0.4468,1873,0,96.6,293.8,0.4508,0.3132,-0.0989,0,0,0,,,,,,,,,,
0.6086,1874,0,446.8,326.0,0.6126,-0.2661,-0.3109,0,1,0,,,,,,,,,,
0.6276,1875,0,484.9,330.1,0.6316,-0.3603,-0.3405,0,1,0,,,,,,,,,,
0.1928,1876,0,533.7,29.9,0.1968,-0.071,0.212,1,1,1,5e-05,0.424,0.7132,0.709261,-0.118571,0.287631,-0.623227,0.005672,-0.713212,0.304977
0.4755,1877,0,509.4,107.8,0.4795,-0.2322,0.1539,1,1,1,9e-05,1.3057,0.5523,-0.552326,-0.165285,-0.235343,0.258513,0.04061,0.214487,-0.059973
0.6478,1878,0,234.8,221.9,0.6518,0.169,-0.0882,0,0,0,,,,,,,,,,
0.0855,1879,0,509.4,135.0,0.0895,-0.0057,0.1981,1,1,1,5e-05,0.3699,0.9154,0.902904,-0.461549,0.39118,-0.677293,0.139437,-0.915367,0.730432
0.6179,1880,0,444.2,175.8,0.6219,-0.2218,0.0182,0,1,0,,,,,,,,,,
0.3957,1881,0,506.6,220.8,0.3997,-0.2067,0.0402,1,1,1,4e-05,1.1314,0.1079,-0.077204,-0.063316,-0.107863,0.084246,0.004297,0.056643,-0.041068
0.1835,1882,0,434.5,225.8,0.1875,-0.0429,0.1442,1,1,1,0.0001,0.4662,0.8759,0.875905,-0.148117,0.371889,-0.581041,0.060353,-0.578249,0.425943
0.1605,1883,0,537.2,110.4,0.1645,-0.0565,0.1896,1,1,1,0.0001,0.3984,0.9223,0.922262,-0.207105,0.324058,-0.648834,0.044622,-0.78127,0.413447
0.2839,1884,0,228.4,201.1,0.2878,0.0645,0.1115,1,1,1,6e-05,0.8701,0.49,0.189612,0.082346,0.490005,-0.177091,0.010303,-0.145904,0.328661
0.4966,1885,0,48.9,209.8,0.5005,0.3902,0.0073,0,0,0,,,,,,,,,,
0.2272,1886,0,584.1,8.0,0.2312,-0.1113,0.2239,1,1,1,8e-05,0.4596,0.6275,0.546366,-0.038405,0.183929,-0.587643,-0.022643,-0.627457,0.152575
0.1287,1887,0,134.0,164.4,0.1327,0.0319,0.1844,1,1,1,4e-05,0.4583,0.6711,0.655648,-0.277194,0.547658,-0.588855,0.086771,-0.624385,0.671052
0.1613,1888,0,277.4,236.8,0.1652,0.0128,0.1521,1,1,1,8e-05,0.4983,0.747,0.746992,-0.204542,0.492524,-0.548905,0.090762,-0.538491,0.581834
0.3333,1889,0,493.0,24.9,0.3373,-0.126,0.2296,1,1,1,4e-05,0.6969,0.3503,0.019378,0.008377,0.059875,-0.350303,-0.004644,-0.283856,0.03796
0.263,1890,0,404.0,328.4,0.267,-0.0621,0.0183,1,1,1,8e-05,0.7863,0.5725,0.572471,0.045089,0.276276,-0.260927,0.046845,-0.161908,0.222608
0.5775,1891,0,41.2,292.7,0.5814,0.528,-0.2017,0,0,0,,,,,,,,,,
0.5905,1892,0,280.2,288.3,0.5945,0.0768,-0.2017,0,1,0,,,,,,,,,,
0.5199,1893,0,257.0,155.7,0.5239,0.0903,0.0815,1,1,0,0.0289,0.6751,1.4193,-1.277448,0.223388,0.00435,1.419305,-0.098805,0.071368,-0.004796
0.4433,1894,0,577.0,339.4,0.4473,-0.3785,-0.1772,0,1,0,,,,,,,,,,
0.0979,1895,0,581.2,288.1,0.1019,-0.0215,0.1829,1,1,1,5e-05,0.3767,1.054,1.05397,-0.432304,0.353149,-0.670468,0.142369,-0.898502,0.668566
0.3526,1896,0,550.4,116.0,0.3566,-0.1972,0.1612,1,1,1,9e-05,0.8024,0.2448,0.062462,-0.02888,-0.078786,-0.244788,-0.005705,-0.186312,-0.051433
0.3957,1897,0,49.5,255.8,0.3996,0.3121,-0.0045,0,0,0,,,,,,,,,,
0.3323,1898,0,371.1,244.4,0.3363,-0.0467,0.048,1,1,1,5e-05,0.9342,0.2367,0.214737,0.075332,0.236728,-0.113012,0.014971,-0.082945,0.152401
0.212,1899,0,126.4,126.6,0.216,0.0824,0.1765,1,1,1,7e-05,0.6907,0.6096,0.255405,-0.021704,0.609582,-0.35649,0.014658,-0.324046,0.483535
0.2157,1900,0,135.6,47.1,0.2197,0.0745,0.208,1,1,1,7e-05,0.6587,0.5881,0.182629,-0.015491,0.588132,-0.388513,-0.002335,-0.358824,0.45256
0.5968,1901,0,205.4,255.3,0.6008,0.2154,-0.1322,0,0,0,,,,,,,,,,
0.4857,1902,0,157.5,204.5,0.4897,0.2265,0.0204,0,0,0,,,,,,,,,,
0.5872,1903,0,161.9,175.7,0.5912,0.2663,0.0287,0,0,0,,,,,,,,,,
0.3193,1904,0,478.0,136.2,0.3233,-0.1214,0.1506,1,1,1,5e-05,0.7137,0.3335,0.253754,0.018568,0.115495,-0.333537,-0.00526,-0.28241,0.07444
0.5361,1905,0,247.4,162.8,0.5401,0.1085,0.0663,0,1,0,,,,,,,,,,
0.2739,1906,0,128.4,206.1,0.2779,0.1292,0.1121,1,1,1,7e-05,0.9835,0.6078,0.048756,0.154023,0.607786,-0.063693,-0.032171,-0.054773,0.320154
0.3056,1907,0,503.1,206.2,0.3095,-0.1433,0.0979,1,1,1,6e-05,0.7302,0.3871,0.387072,0.022792,0.096272,-0.316979,-0.007302,-0.253746,0.050369
0.5686,1908,0,32.4,21.5,0.5726,0.3997,0.261,0,0,0,,,,,,,,,,
0.5764,1909,0,377.3,156.8,0.5804,-0.0926,0.0645,1,1,0,0.04274,0.6872,1.4072,-1.196339,-0.064926,-0.338868,1.407204,-0.041452,0.06835,-0.004851
0.4526,1910,0,286.2,8.2,0.4566,0.0354,0.2592,1,1,1,9e-05,1.2396,0.7728,-0.772784,0.150432,0.159821,0.192416,-0.061216,0.221182,-0.024985
0.3637,1911,0,333.2,228.8,0.3677,-0.0132,0.0472,1,1,1,7e-05,1.0713,0.2515,0.015289,0.11341,0.251477,0.024079,-0.003715,0.013331,0.122948
0.5085,1912,0,127.9,145.6,0.5124,0.265,0.099,0,0,0,,,,,,,,,,
0.5286,1913,0,354.5,238.8,0.5326,-0.0553,-0.0582,0,1,0,,,,,,,,,,
0.2413,1914,0,496.7,103.2,0.2453,-0.0892,0.1832,1,1,1,5e-05,0.516,0.57,0.57004,-0.036683,0.242932,-0.531228,-0.003494,-0.530287,0.210069
0.4898,1915,0,199.7,141.5,0.4938,0.1581,0.1088,1,1,0,0.0266,0.6714,1.423,-1.350389,0.334226,0.107697,1.422975,-0.128875,0.072502,-0.003533
0.2289,1916,0,556.9,43.1,0.2329,-0.1043,0.2103,1,1,1,7e-05,0.4704,0.6087,0.576629,-0.042589,0.206109,-0.576788,-0.017154,-0.608744,0.175487
0.5212,1917,0,430.3,192.9,0.5252,-0.1649,0.0237,1,1,0,0.00509,0.7057,1.3887,-1.062446,-0.170612,-0.20495,1.388684,-0.003218,0.091456,-0.005793
0.5076,1918,0,378.8,322.1,0.5115,-0.0994,-0.2056,0,1,0,,,,,,,,,,
0.1728,1919,0,287.5,158.8,0.1768,0.0102,0.1732,1,1,1,7e-05,0.4962,0.655,0.655013,-0.178804,0.483016,-0.550989,0.066322,-0.560673,0.540175
0.5895,1920,0,519.1,342.9,0.5934,-0.4119,-0.3368,0,1,0,,,,,,,,,,
0.0765,1921,0,363.3,315.0,0.0805,-0.0001,0.1996,1,1,1,5e-05,0.3651,0.9201,0.867321,-0.484768,0.402922,-0.682092,0.144887,-0.92012,0.769925
0.3623,1922,0,203.6,21.7,0.3663,0.094,0.2353,1,1,1,0.0001,1.0187,0.4205,-0.420521,0.206143,0.39916,-0.028545,-0.07619,0.02993,0.111663
0.1276,1923,0,48.7,192.6,0.1315,0.0469,0.1797,1,1,1,9e-05,0.487,0.6889,0.599855,-0.258799,0.592262,-0.560226,0.083598,-0.571858,0.688895
0.2817,1924,0,568.4,298.8,0.2857,-0.1944,0.0296,1,1,1,6e-05,0.7821,0.496,0.496048,0.023765,0.017147,-0.265097,-0.022945,-0.174763,-0.03496
0.3998,1925,0,422.2,238.0,0.4037,-0.117,0.0163,1,1,1,6e-05,1.189,0.1418,-0.09957,0.026157,0.03929,0.141804,-0.002566,0.089338,0.012546
0.3083,1926,0,566.4,235.9,0.3122,-0.2018,0.0702,1,1,1,5e-05,0.7893,0.3601,0.360129,0.003355,-0.024653,-0.257917,-0.022294,-0.191531,-0.048958
0.494,1927,0,168.4,216.5,0.498,0.2185,-0.002,0,0,0,,,,,,,,,,
0.5985,1928,0,1.2,342.5,0.6024,0.6705,-0.3449,0,0,0,,,,,,,,,,
0.0822,1929,0,408.3,349.1,0.0861,-0.0022,0.1934,1,1,1,5e-05,0.3706,0.9084,0.908427,-0.473459,0.400372,-0.676608,0.146814,-0.895989,0.754293
0.4905,1930,0,159.5,35.6,0.4944,0.1902,0.2362,0,1,0,,,,,,,,,,
0.4224,1931,0,573.4,344.2,0.4264,-0.3542,-0.1643,0,1,0,,,,,,,,,,
0.1661,1932,0,262.6,43.2,0.1701,0.0149,0.2061,1,1,1,8e-05,0.4717,0.6144,0.548391,-0.183853,0.493811,-0.575461,0.045096,-0.614384,0.536719
0.6351,1933,0,235.5,82.2,0.639,0.1412,0.1776,0,1,0,,,,,,,,,,
0.1438,1934,0,134.7,14.0,0.1478,0.0352,0.2097,1,1,1,9e-05,0.468,0.6182,0.507527,-0.216187,0.555434,-0.579189,0.049464,-0.618203,0.608135
0.1261,1935,0,19.7,10.3,0.1301,0.042,0.2076,1,1,1,4e-05,0.4562,0.6612,0.520481,-0.253022,0.581516,-0.591003,0.058622,-0.635382,0.661205
0.0951,1936,0,501.0,248.6,0.0991,-0.0124,0.1884,1,1,1,5e-05,0.3762,0.977,0.97702,-0.438045,0.379214,-0.670964,0.139738,-0.886388,0.695493
0.5506,1937,0,328.8,199.9,0.5546,-0.0141,0.0001,0,1,0,,,,,,,,,,
0.6152,1938,0,351.3,346.8,0.6192,-0.0685,-0.3747,0,0,0,,,,,,,,,,
0.5069,1939,0,427.8,264.6,0.5109,-0.1695,-0.0918,0,1,0,,,,,,,,,,
0.1499,1940,0,631.0,208.7,0.1538,-0.0785,0.1665,1,1,1,6e-05,0.3831,1.1365,1.136483,-0.207956,0.286621,-0.664058,0.044698,-0.80855,0.373861
0.2275,1941,0,264.5,210.6,0.2315,0.0288,0.1302,1,1,1,9e-05,0.665,0.4885,0.478272,-0.042278,0.488516,-0.382206,0.052393,-0.335993,0.44571
0.6073,1942,0,140.5,262.3,0.6113,0.347,-0.1545,0,0,0,,,,,,,,,,
0.6339,1943,0,396.5,138.8,0.6379,-0.1353,0.0818,0,1,0,,,,,,,,,,
0.6145,1944,0,453.0,351.8,0.6185,-0.292,-0.388,0,0,0,,,,,,,,,,
0.289,1945,0,295.6,211.8,0.2929,0.0178,0.1009,1,1,1,6e-05,0.8171,0.4045,0.289706,0.05453,0.404538,-0.230129,0.02595,-0.187678,0.301213
0.228,1946,0,329.7,222.5,0.2319,-0.0051,0.1231,1,1,1,3e-05,0.6202,0.5856,0.585603,-0.053218,0.424594,-0.427033,0.055719,-0.37585,0.408634
0.4866,1947,0,273.3,298.5,0.4905,0.073,-0.1398,0,1,0,,,,,,,,,,
0.5484,1948,0,99.9,43.7,0.5524,0.2996,0.2312,0,0,0,,,,,,,,,,
0.2386,1949,0,223.4,334.4,0.2426,0.0626,0.0372,1,1,1,8e-05,0.8851,0.5151,0.434533,0.053557,0.515138,-0.162123,0.058895,-0.10732,0.39961
0.2992,1950,0,69.9,323.2,0.3032,0.2191,-0.011,0,0,0,,,,,,,,,,
0.4234,1951,0,397.8,115.4,0.4274,-0.0835,0.152,1,1,1,4e-05,1.0519,0.2767,-0.276692,0.040255,0.067,0.00467,-0.007538,0.02773,0.018043
0.0822,1952,0,465.3,352.0,0.0861,-0.0036,0.1933,1,1,1,5e-05,0.3704,0.9183,0.918326,-0.475419,0.394464,-0.676829,0.147981,-0.902786,0.751629
0.1394,1953,0,604.5,200.3,0.1434,-0.061,0.1732,1,1,1,7e-05,0.3816,1.1152,1.115181,-0.261543,0.308852,-0.665561,0.070459,-0.835345,0.449395
0.1701,1954,0,618.6,281.4,0.1741,-0.1046,0.1295,1,1,1,7e-05,0.4068,1.1395,1.139454,-0.109481,0.27101,-0.640363,0.013738,-0.652323,0.264912
0.2865,1955,0,446.5,315.3,0.2904,-0.1034,0.0092,1,1,1,7e-05,0.8372,0.4783,0.47832,0.052041,0.178863,-0.210048,0.02223,-0.127739,0.121626
0.515,1956,0,27.4,227.0,0.519,0.4483,-0.0299,0,0,0,,,,,,,,,,
0.3434,1957,0,562.4,44.9,0.3473,-0.1869,0.2168,1,1,1,9e-05,0.7324,0.3148,0.001177,-0.026,-0.075358,-0.31478,-0.001376,-0.241874,-0.046508
0.587,1958,0,172.9,326.3,0.5909,0.2963,-0.291,0,0,0,,,,,,,,,,
0.3667,1959,0,104.0,358.1,0.3707,0.2581,-0.1272,0,0,0,,,,,,,,,,
0.2131,1960,0,570.4,49.8,0.2171,-0.0995,0.2068,1,1,1,4e-05,0.4448,0.6706,0.670631,-0.064782,0.225546,-0.602351,-0.014061,-0.660515,0.205926
0.4225,1961,0,84.0,143.3,0.4265,0.2603,0.1216,0,0,0,,,,,,,,,,
0.522,1962,0,215.5,96.1,0.526,0.1413,0.1641,1,1,0,0.03396,0.6749,1.4532,-1.453151,0.270757,0.007487,1.419508,-0.117501,0.072926,-0.00584
0.4371,1963,0,489.5,241.0,0.4411,-0.2171,-0.0092,1,1,1,8e-05,1.371,0.4391,-0.362564,-0.124356,-0.158493,0.439139,0.015955,0.243402,-0.031452
0.4499,1964,0,622.6,344.5,0.4539,-0.4568,-0.194,0,1,0,,,,,,,,,,
0.4538,1965,0,223.4,165.6,0.4578,0.119,0.0866,1,1,1,0.0001,1.2602,0.931,-0.930979,0.288523,0.259919,0.804189,-0.109586,0.354256,-0.017019
0.4748,1966,0,521.9,136.2,0.4788,-0.2544,0.1188,1,1,1,9e-05,1.3679,0.5478,-0.547818,-0.198575,-0.262687,0.344033,0.044259,0.246505,-0.054609
0.4173,1967,0,460.6,191.4,0.4212,-0.1609,0.0667,1,1,1,6e-05,1.1425,0.171,-0.171017,-0.027007,-0.047215,0.095277,0.002442,0.070109,-0.019534
0.5679,1968,0,607.2,87.4,0.5719,-0.4247,0.1729,0,1,0,,,,,,,,,,
0.2025,1969,0,494.3,47.6,0.2064,-0.0637,0.207,1,1,1,4e-05,0.4461,0.6618,0.658278,-0.106112,0.303621,-0.601071,0.008364,-0.661794,0.312286
0.2579,1970,0,156.9,186.4,0.2619,0.0989,0.1322,1,1,1,6e-05,0.856,0.5827,0.159238,0.078349,0.582669,-0.191219,-0.001289,-0.1608,0.382647
0.6444,1971,0,352.1,200.0,0.6484,-0.0617,-0.0397,0,1,0,,,,,,,,,,
0.6204,1972,0,320.4,326.5,0.6243,-0.0009,-0.3237,0,1,0,,,,,,,,,,
0.5201,1973,0,549.2,290.0,0.5241,-0.3831,-0.1503,0,1,0,,,,,,,,,,
0.5503,1974,0,250.2,273.1,0.5542,0.1219,-0.1384,0,1,0,,,,,,,,,,
0.1908,1975,0,286.5,253.2,0.1947,0.0138,0.1278,1,1,1,4e-05,0.5724,0.6803,0.680257,-0.122838,0.484302,-0.474793,0.081531,-0.426488,0.516425
0.3849,1976,0,89.6,345.9,0.3889,0.2879,-0.1277,0,0,0,,,,,,,,,,
0.4653,1977,0,526.8,342.6,0.4693,-0.3243,-0.2063,0,1,0,,,,,,,,,,
0.4868,1978,0,491.4,90.4,0.4907,-0.2123,0.1738,1,1,1,6e-05,1.3249,0.6254,-0.625371,-0.150979,-0.217167,0.277654,0.039249,0.235628,-0.059724
0.1237,1979,0,563.0,84.9,0.1276,-0.0347,0.1977,1,1,1,9e-05,0.3793,0.9725,0.972531,-0.331744,0.345085,-0.667929,0.090861,-0.890227,0.548334
0.1288,1980,0,497.0,7.3,0.1327,-0.026,0.2084,1,1,1,7e-05,0.3822,0.8612,0.85876,-0.310291,0.37243,-0.665017,0.077372,-0.861181,0.548311
0.6209,1981,0,224.3,72.6,0.6248,0.1544,0.1931,0,1,0,,,,,,,,,,
0.2615,1982,0,352.9,194.3,0.2655,-0.0205,0.1256,1,1,1,8e-05,0.6701,0.4628,0.462846,-0.005561,0.3682,-0.377055,0.034009,-0.328392,0.319736
0.1706,1983,0,330.4,186.6,0.1745,-0.0033,0.1647,1,1,1,9e-05,0.4789,0.7432,0.743182,-0.189908,0.452992,-0.568262,0.07338,-0.580759,0.529259
0.275,1984,0,568.8,159.2,0.279,-0.1603,0.1445,1,1,1,0.0001,0.6022,0.4955,0.495479,0.013293,0.08235,-0.445038,-0.026063,-0.396358,0.026645
0.437,1985,0,106.6,85.3,0.441,0.2311,0.1823,0,0,0,,,,,,,,,,
0.3586,1986,0,189.2,72.6,0.3626,0.1095,0.1964,1,1,1,9e-05,1.0667,0.4383,-0.359126,0.222623,0.438286,0.019523,-0.078982,0.048074,0.128441
0.2526,1987,0,477.3,89.6,0.2566,-0.0837,0.1892,1,1,1,4e-05,0.5401,0.5071,0.487493,-0.026578,0.243088,-0.50713,-0.00302,-0.497326,0.205875
0.581,1988,0,0.1,173.5,0.585,0.5311,0.0346,0,0,0,,,,,,,,,,
0.1737,1989,0,580.4,286.5,0.1777,-0.0953,0.1245,1,1,1,6e-05,0.4195,1.1046,1.104633,-0.112442,0.28792,-0.627691,0.026188,-0.618211,0.293132
0.3804,1990,0,213.7,29.7,0.3843,0.092,0.2313,1,1,1,8e-05,1.0744,0.4829,-0.482855,0.215329,0.365637,0.027207,-0.079686,0.076383,0.079777
0.5976,1991,0,426.1,81.7,0.6016,-0.1654,0.1799,1,1,0,0.03603,0.6909,1.4035,-1.355576,-0.22849,-0.452551,1.403465,0.002337,0.070424,-0.00488
0.2414,1992,0,358.5,91.8,0.2454,-0.0192,0.1888,1,1,1,3e-05,0.5744,0.4728,0.420334,-0.045551,0.38035,-0.472771,0.01738,-0.457721,0.341984
0.1512,1993,0,431.8,136.0,0.1552,-0.0265,0.1848,1,1,1,8e-05,0.4119,0.8639,0.863863,-0.247946,0.390988,-0.635334,0.071599,-0.734212,0.51537
0.4596,1994,0,301.7,76.1,0.4636,0.0209,0.1913,1,1,1,5e-05,1.2887,0.6564,-0.656369,0.139375,0.158338,0.241517,-0.053503,0.215697,-0.01178
0.142,1995,0,271.8,95.1,0.1459,0.0096,0.1949,1,1,1,5e-05,0.4356,0.691,0.691041,-0.259623,0.482979,-0.611582,0.073783,-0.679302,0.599568
0.2723,1996,0,76.4,49.1,0.2763,0.1385,0.2101,1,1,1,4e-05,0.901,0.6205,-0.165204,0.17008,0.620541,-0.146215,-0.075354,-0.102163,0.286623
0.2526,1997,0,248.1,280.6,0.2565,0.0472,0.0682,1,1,1,7e-05,0.8312,0.486,0.403383,0.040462,0.486005,-0.215972,0.050381,-0.16296,0.385378
0.0907,1998,0,17.1,103.5,0.0947,0.0136,0.1985,1,1,1,6e-05,0.3827,0.8119,0.771015,-0.414932,0.474607,-0.664503,0.117848,-0.811899,0.746603
0.2159,1999,0,213.7,180.0,0.2199,0.0492,0.151,1,1,1,9e-05,0.6573,0.5394,0.415196,-0.053108,0.539407,-0.389912,0.044071,-0.353309,0.481452
