depth,row,col,tx,ty,tz,ik_err_m,isaac_tip_x,isaac_tip_y,isaac_tip_z,isaac_vs_target_m,joint_deviation_rad,self_collision,penetration_m,pocket_hit,pocket_pts,collision_pairs
0.3762,1,0,0.3801,-0.0746,-0.0007,5e-05,0.3801,-0.0808,-0.0022,0.0064,0.02494,1,0.0,0,0,right_shoulder_yaw_link|torso_link
0.4878,2,0,0.4918,-0.2634,0.2608,9e-05,0.4917,-0.2634,0.2608,0.0001,0.0,0,0.0,0,0,
0.4403,6,0,0.4442,-0.4004,-0.0196,0.0171,0.4316,-0.3928,-0.0115,0.0168,0.0,0,0.0,0,0,
0.1311,7,0,0.135,-0.021,0.1881,5e-05,0.1669,-0.0645,0.1881,0.0539,0.26745,1,0.00016,0,0,right_hand_base_link|torso_link
0.2361,8,0,0.2401,-0.0759,0.1388,4e-05,0.2401,-0.0759,0.1388,0.0001,0.0,0,0.0,0,0,
0.2431,10,0,0.2471,0.0518,0.126,7e-05,0.2599,0.0261,0.114,0.0311,0.087,1,3e-05,1,148,right_elbow_link|torso_link;right_wrist_roll_link|torso_link
0.285,11,0,0.2889,-0.0392,0.1671,7e-05,0.289,-0.0392,0.1671,0.0001,0.0,1,0.0,1,6,right_elbow_link|torso_link
0.4239,12,0,0.4279,-0.2598,0.1865,6e-05,0.4278,-0.2598,0.1865,0.0001,0.0,0,0.0,0,0,
0.0851,14,0,0.0891,0.0059,0.1917,8e-05,0.158,-0.0639,0.2046,0.0989,0.52936,1,0.00028,0,0,right_hand_base_link|torso_link
0.3202,15,0,0.3242,0.0745,0.2093,3e-05,0.3275,0.0653,0.1896,0.022,0.10148,1,0.0,1,86,right_shoulder_yaw_link|torso_link
0.0812,16,0,0.0852,-0.0029,0.1998,5e-05,0.1482,-0.0711,0.218,0.0946,0.50716,1,0.0,0,0,right_hand_Link1_1|torso_link;right_hand_base_link|torso_link
0.1045,17,0,0.1084,0.0051,0.1997,6e-05,0.1649,-0.0494,0.2034,0.0786,0.40752,1,0.00116,0,0,right_hand_base_link|torso_link
0.4532,18,0,0.4572,-0.0595,0.1568,7e-05,0.4571,-0.0595,0.1568,0.0001,0.0,0,0.0,0,0,
0.2691,19,0,0.273,0.1488,0.002,5e-05,0.2864,0.0948,-0.0278,0.0632,0.24654,1,0.0,1,254,right_elbow_link|torso_link;right_shoulder_yaw_link|torso_link
0.3499,21,0,0.3539,0.0421,-0.0874,8e-05,0.3951,0.0033,-0.0259,0.0836,0.30508,1,0.0,0,0,right_shoulder_yaw_link|torso_link
0.5046,23,0,0.5086,-0.4014,0.0713,0.03348,0.4809,-0.3869,0.0819,0.033,0.0,0,0.0,0,0,
0.5215,24,0,0.5254,0.0025,0.0274,0.02087,0.5071,-0.0025,0.0357,0.0206,0.0,1,0.0,0,0,right_shoulder_roll_link|torso_link
0.4874,26,0,0.4914,-0.327,0.2297,8e-05,0.4913,-0.327,0.2297,0.0001,0.0,0,0.0,0,0,
0.1894,29,0,0.1934,-0.0768,0.1632,5e-05,0.1934,-0.0768,0.1632,0.0001,0.0,0,0.0,0,0,
0.2097,30,0,0.2136,-0.1026,0.0674,5e-05,0.2137,-0.1026,0.0674,0.0001,0.0,0,0.0,1,7,
0.09,34,0,0.094,0.0148,0.1882,6e-05,0.1676,-0.0589,0.1992,0.1047,0.56115,1,0.00013,0,0,right_hand_base_link|torso_link
0.195,36,0,0.199,-0.0143,0.1914,7e-05,0.199,-0.0143,0.1915,0.0001,0.0,1,0.0,0,0,right_wrist_roll_link|torso_link
0.1247,37,0,0.1287,-0.0361,0.1982,8e-05,0.1528,-0.0734,0.2014,0.0445,0.21937,1,0.00063,0,0,right_hand_Link1_1|torso_link;right_hand_base_link|torso_link
0.3825,38,0,0.3864,0.1423,0.0583,7e-05,0.3672,0.1435,0.0571,0.0193,0.43113,1,0.0165,1,28,left_hand_Link1_1|right_hand_Link2_2;left_hand_Link1_2|right_hand_Link1_2;left_hand_Link1_2|right_hand_Link1_3;left_hand_Link1_2|right_hand_Link2_2;left_hand_Link1_2|right_hand_Link2_3;left_hand_Link2_2|right_hand_Link2_2;left_hand_base_link|right_hand_Link2_2;left_hand_base_link|right_hand_Link2_3;right_shoulder_yaw_link|torso_link
0.2231,39,0,0.227,-0.0988,0.137,6e-05,0.2271,-0.0988,0.137,0.0001,0.0,0,0.0,0,0,
0.4259,40,0,0.4299,0.0738,-0.0831,0.02039,0.4486,0.0438,-0.0361,0.0588,0.186,1,3e-05,0,0,right_shoulder_roll_link|torso_link;right_shoulder_yaw_link|torso_link
0.3816,41,0,0.3855,-0.2827,0.141,5e-05,0.3855,-0.2827,0.141,0.0001,0.0,0,0.0,0,0,
0.1373,42,0,0.1412,-0.0141,0.1473,7e-05,0.179,-0.0747,0.1421,0.0716,0.37118,1,0.00024,0,0,right_hand_base_link|torso_link
0.5479,43,0,0.5518,-0.3122,0.0836,0.03428,0.5209,-0.3024,0.0937,0.034,0.0,0,0.0,0,0,
0.0972,44,0,0.1011,0.0208,0.196,4e-05,0.1732,-0.0397,0.1983,0.0942,0.48115,1,0.0,0,0,right_hand_base_link|torso_link
0.4716,45,0,0.4756,-0.1175,0.1653,4e-05,0.4755,-0.1175,0.1653,0.0001,0.0,0,0.0,0,0,
0.2566,50,0,0.2605,-0.1465,0.1344,4e-05,0.2606,-0.1465,0.1344,0.0001,0.0,0,0.0,0,0,
0.1596,51,0,0.1636,-0.0817,0.1889,5e-05,0.1636,-0.0817,0.1889,0.0001,0.0,1,0.0,0,0,right_hand_base_link|torso_link
0.4507,52,0,0.4547,-0.3441,-0.0997,0.04549,0.4368,-0.3469,-0.0374,0.0649,0.17548,0,0.0,0,0,
0.1347,54,0,0.1387,-0.0408,0.1965,7e-05,0.1563,-0.0724,0.2007,0.0365,0.17123,1,2e-05,0,0,right_hand_Link1_1|torso_link;right_hand_base_link|torso_link
0.1502,55,0,0.1542,-0.0292,0.1521,7e-05,0.1779,-0.0713,0.1491,0.0484,0.24468,1,0.00101,0,0,right_hand_base_link|torso_link
0.3868,56,0,0.3908,0.082,-0.1008,0.00676,0.4342,0.0623,-0.0334,0.0826,0.35399,1,9e-05,0,0,right_shoulder_roll_link|torso_link;right_shoulder_yaw_link|torso_link
0.3656,57,0,0.3696,-0.0429,0.1985,7e-05,0.3698,-0.0438,0.1976,0.0013,0.01061,1,0.0,0,0,right_shoulder_yaw_link|torso_link
0.5136,59,0,0.5175,-0.0554,0.2752,7e-05,0.5175,-0.0554,0.2752,0.0,0.0,0,0.0,0,0,
0.2418,60,0,0.2458,-0.1742,0.1225,5e-05,0.2458,-0.1742,0.1225,0.0,0.0,0,0.0,0,0,
0.1671,61,0,0.171,0.0647,0.1469,4e-05,0.1886,0.041,0.1329,0.0327,0.11152,1,0.0,1,144,right_wrist_pitch_link|torso_link;right_wrist_roll_link|torso_link
0.0877,64,0,0.0917,0.0077,0.1975,8e-05,0.1594,-0.0563,0.2077,0.0937,0.49635,1,0.00022,0,0,right_hand_base_link|torso_link
0.2871,65,0,0.291,-0.0869,0.2207,7e-05,0.2911,-0.0869,0.2207,0.0001,0.0,0,0.0,0,0,
0.1264,67,0,0.1304,-0.034,0.1508,5e-05,0.1591,-0.0857,0.148,0.0592,0.30018,1,8e-05,0,0,right_hand_base_link|torso_link
0.1481,69,0,0.1521,-0.0205,0.1751,8e-05,0.181,-0.057,0.1661,0.0474,0.22936,1,4e-05,0,0,right_hand_base_link|torso_link
0.4765,70,0,0.4805,-0.1376,0.1457,7e-05,0.4804,-0.1376,0.1457,0.0001,0.0,0,0.0,0,0,
0.5238,71,0,0.5278,0.0377,0.039,0.02822,0.5033,0.0295,0.0496,0.028,0.0,1,0.0,0,0,right_shoulder_roll_link|torso_link
0.1683,72,0,0.1723,0.0822,0.1582,3e-05,0.2066,0.0455,0.146,0.0517,0.1716,1,4e-05,1,137,right_wrist_roll_link|torso_link
0.4117,75,0,0.4157,0.0152,-0.0691,9e-05,0.4297,0.0219,-0.0393,0.0336,0.1478,1,3e-05,1,32,right_shoulder_yaw_link|torso_link
0.0892,76,0,0.0931,-0.0052,0.1872,4e-05,0.1521,-0.0718,0.1984,0.0897,0.47878,1,0.00014,0,0,right_hand_Link1_1|torso_link;right_hand_base_link|torso_link
0.2453,77,0,0.2493,-0.1148,0.1649,5e-05,0.2493,-0.1148,0.1649,0.0,0.0,0,0.0,0,0,
0.3413,78,0,0.3453,-0.3123,0.0012,7e-05,0.3452,-0.3123,0.0012,0.0001,0.0,0,0.0,0,0,
0.1021,79,0,0.106,0.005,0.1763,5e-05,0.1693,-0.0675,0.1795,0.0963,0.51382,1,0.00018,0,0,right_hand_base_link|torso_link
0.1852,81,0,0.1892,0.0465,0.1155,3e-05,0.2058,0.019,0.1041,0.0341,0.11249,1,1e-05,1,273,right_wrist_roll_link|torso_link
0.3748,82,0,0.3788,0.0844,0.1256,4e-05,0.3874,0.0539,0.1016,0.0397,0.13738,1,0.0,1,12,right_shoulder_yaw_link|torso_link
0.1334,83,0,0.1373,-0.0345,0.1504,4e-05,0.1633,-0.0821,0.1476,0.0543,0.27135,1,0.0003,0,0,right_hand_base_link|torso_link
0.5106,88,0,0.5146,-0.1717,0.1525,0.0001,0.5145,-0.1717,0.1525,0.0002,0.0,0,0.0,0,0,
0.2848,89,0,0.2888,-0.027,0.2192,6e-05,0.2888,-0.0269,0.2193,0.0001,0.0,1,0.0,0,0,right_shoulder_yaw_link|torso_link
0.1236,91,0,0.1276,0.008,0.178,8e-05,0.1845,-0.0566,0.1733,0.0863,0.45082,1,0.00043,0,0,right_hand_base_link|torso_link
0.5456,93,0,0.5495,-0.2163,-0.0064,0.04455,0.5102,-0.2108,0.0129,0.0441,0.0,0,0.0,0,0,
0.285,95,0,0.289,0.0586,0.2037,5e-05,0.2887,0.0566,0.1936,0.0103,0.05186,1,0.0,1,124,right_elbow_link|torso_link;right_shoulder_yaw_link|torso_link
0.403,96,0,0.407,-0.1712,0.1101,3e-05,0.407,-0.1712,0.1101,0.0001,0.0,0,0.0,0,0,
0.218,97,0,0.222,0.1231,0.1058,7e-05,0.2529,0.0716,0.0725,0.0686,0.15734,1,5e-05,1,306,right_elbow_link|torso_link;right_wrist_roll_link|torso_link
0.1016,99,0,0.1056,0.001,0.1758,6e-05,0.1655,-0.0692,0.1793,0.0923,0.4918,1,0.00057,0,0,right_hand_base_link|torso_link
0.1552,100,0,0.1592,-0.0308,0.1884,8e-05,0.1747,-0.048,0.1823,0.0239,0.09902,1,0.00025,0,0,right_hand_base_link|torso_link
0.2479,101,0,0.2519,-0.0604,0.1681,4e-05,0.2519,-0.0604,0.1681,0.0,0.0,0,0.0,0,0,
0.3573,102,0,0.3613,-0.2364,0.1971,6e-05,0.3613,-0.2364,0.1971,0.0001,0.0,0,0.0,0,0,
0.1835,104,0,0.1874,-0.0674,0.1545,5e-05,0.1875,-0.0673,0.1545,0.0001,0.0,0,0.0,0,0,
0.4778,105,0,0.4818,-0.0412,0.267,9e-05,0.4817,-0.0413,0.267,0.0001,0.0,0,0.0,0,0,
0.4168,106,0,0.4208,-0.1661,0.0141,7e-05,0.4207,-0.1661,0.0141,0.0001,0.0,0,0.0,0,0,
0.1934,111,0,0.1973,-0.0939,0.181,5e-05,0.1974,-0.0939,0.181,0.0001,0.0,0,0.0,0,0,
0.336,112,0,0.3399,-0.1834,0.0802,4e-05,0.3399,-0.1834,0.0802,0.0001,0.0,0,0.0,0,0,
0.2868,114,0,0.2908,0.172,0.1388,4e-05,0.2816,0.1494,0.1167,0.0329,0.21638,1,0.0,1,200,left_hand_base_link|right_hand_Link2_2;left_hand_base_link|right_hand_Link2_3;right_shoulder_yaw_link|torso_link
0.2616,116,0,0.2656,-0.0763,0.219,3e-05,0.2656,-0.0763,0.219,0.0001,0.0,0,0.0,0,0,
0.1475,117,0,0.1515,0.0562,0.1263,5e-05,0.1747,0.0301,0.1158,0.0365,0.1023,1,0.00032,1,117,right_hand_base_link|torso_link;right_wrist_pitch_link|torso_link;right_wrist_roll_link|torso_link;right_wrist_yaw_link|torso_link
0.2848,118,0,0.2887,-0.1783,0.0297,6e-05,0.2888,-0.1783,0.0297,0.0001,0.0,0,0.0,0,0,
0.4584,119,0,0.4624,0.0308,-0.1132,0.04857,0.4559,0.0169,-0.0387,0.076,0.22172,1,0.0,0,0,right_shoulder_roll_link|torso_link;right_shoulder_yaw_link|torso_link
0.4648,120,0,0.4687,-0.3089,-0.0768,0.0315,0.4531,-0.3125,-0.0388,0.0413,0.09634,0,0.0,0,0,
0.1574,121,0,0.1614,-0.0816,0.1335,8e-05,0.1622,-0.0851,0.1331,0.0036,0.02126,1,0.00103,0,0,right_hand_base_link|torso_link
0.3055,122,0,0.3095,-0.1038,0.2227,6e-05,0.3095,-0.1038,0.2227,0.0,0.0,0,0.0,0,0,
0.2438,124,0,0.2477,0.1205,0.2291,4e-05,0.2494,0.1174,0.2104,0.019,0.09343,1,2e-05,1,148,right_elbow_link|torso_link;right_shoulder_yaw_link|torso_link
0.3947,127,0,0.3987,-0.1803,-0.15,0.00271,0.464,-0.1752,-0.0301,0.1366,0.59261,0,0.0,0,0,
0.2638,129,0,0.2678,-0.163,0.1014,3e-05,0.2678,-0.163,0.1014,0.0,0.0,0,0.0,0,0,
0.5165,130,0,0.5205,-0.0238,0.1832,8e-05,0.5204,-0.0238,0.1832,0.0001,0.0,0,0.0,0,0,
0.1159,132,0,0.1199,-0.0162,0.1714,6e-05,0.1623,-0.0764,0.1725,0.0736,0.38411,1,0.00042,0,0,right_hand_base_link|torso_link
0.4185,133,0,0.4225,-0.0877,0.1161,4e-05,0.4224,-0.0877,0.1161,0.0001,0.0,0,0.0,0,0,
0.4897,134,0,0.4937,-0.176,0.009,9e-05,0.4936,-0.176,0.009,0.0001,0.0,0,0.0,0,0,
0.2221,135,0,0.226,-0.0061,0.1556,4e-05,0.2283,-0.0114,0.1532,0.0063,0.02269,1,2e-05,1,38,right_wrist_roll_link|torso_link
0.3419,138,0,0.3459,-0.0203,-0.0254,8e-05,0.3447,-0.0334,-0.0253,0.0132,0.08092,1,0.0,0,0,right_shoulder_yaw_link|torso_link
0.1437,139,0,0.1476,0.0031,0.1952,6e-05,0.1727,-0.0179,0.1909,0.033,0.14944,1,8e-05,0,0,right_hand_base_link|torso_link;right_wrist_yaw_link|torso_link
0.4567,140,0,0.4606,-0.1974,-0.1246,0.03234,0.4747,-0.2,-0.0373,0.0885,0.33084,0,0.0,0,0,
0.388,141,0,0.392,0.0894,0.06,7e-05,0.405,0.0408,0.0352,0.0561,0.15867,1,6e-05,1,20,right_shoulder_yaw_link|torso_link
0.1489,142,0,0.1528,-0.0645,0.1844,6e-05,0.1585,-0.0784,0.1855,0.015,0.05207,1,0.00049,0,0,right_hand_Link1_1|torso_link;right_hand_base_link|torso_link
0.079,143,0,0.0829,-0.0028,0.1973,5e-05,0.1483,-0.0722,0.215,0.097,0.51948,1,0.0,0,0,right_hand_Link1_1|torso_link;right_hand_base_link|torso_link
0.1206,145,0,0.1245,-0.009,0.1999,6e-05,0.1635,-0.0529,0.2018,0.0588,0.29368,1,0.00099,0,0,right_hand_base_link|torso_link
0.1802,146,0,0.1842,-0.0015,0.1161,6e-05,0.197,-0.0212,0.1124,0.0238,0.08752,1,0.00016,1,52,right_hand_base_link|torso_link;right_wrist_pitch_link|torso_link;right_wrist_roll_link|torso_link;right_wrist_yaw_link|torso_link
0.1651,147,0,0.1691,0.0818,0.163,3e-05,0.203,0.0464,0.1511,0.0505,0.16947,1,3e-05,1,120,right_wrist_roll_link|torso_link
0.2163,149,0,0.2202,0.0279,0.1847,3e-05,0.2275,0.0167,0.1803,0.014,0.04956,1,0.0,1,20,right_elbow_link|torso_link;right_wrist_roll_link|torso_link
0.3667,150,0,0.3707,0.0883,0.0692,7e-05,0.3793,0.0443,0.0383,0.0545,0.17048,1,0.0,1,74,right_shoulder_yaw_link|torso_link
0.4555,151,0,0.4594,0.1229,-0.0024,0.02119,0.4818,0.036,0.0094,0.0905,0.15856,1,0.0,0,0,right_shoulder_roll_link|torso_link
0.4243,152,0,0.4283,-0.0412,0.1256,7e-05,0.4282,-0.0412,0.1256,0.0001,0.0,1,0.0,0,0,right_shoulder_yaw_link|torso_link
0.2319,153,0,0.2359,-0.0286,0.175,4e-05,0.2359,-0.0285,0.175,0.0001,0.0,1,0.0,0,0,right_wrist_roll_link|torso_link
0.4165,154,0,0.4204,-0.0345,0.0303,9e-05,0.4208,-0.038,0.0295,0.0036,0.01114,1,1e-05,0,0,right_shoulder_yaw_link|torso_link
0.0988,156,0,0.1028,0.004,0.1806,6e-05,0.1652,-0.066,0.1865,0.0939,0.49927,1,0.0008,0,0,right_hand_base_link|torso_link
0.2071,157,0,0.2111,-0.1262,0.0656,6e-05,0.2111,-0.1262,0.0656,0.0,0.0,0,0.0,0,0,
0.1596,158,0,0.1636,0.0858,0.1725,3e-05,0.1998,0.0509,0.1616,0.0515,0.17565,1,0.0,1,96,right_elbow_link|torso_link;right_wrist_roll_link|torso_link
0.5496,160,0,0.5536,-0.1049,0.0251,0.03097,0.5254,-0.1066,0.0372,0.0308,0.0,0,0.0,0,0,
0.3506,162,0,0.3545,0.0393,-0.0024,4e-05,0.3555,-0.0006,-0.0256,0.0462,0.14841,1,0.0,1,2,right_shoulder_yaw_link|torso_link
0.3946,163,0,0.3986,0.1979,0.1645,8e-05,0.4491,0.1205,0.1401,0.0956,0.21482,1,0.0,0,0,right_shoulder_roll_link|torso_link;right_shoulder_yaw_link|torso_link
0.3103,164,0,0.3143,0.1488,0.2387,6e-05,0.3255,0.1375,0.2325,0.0171,0.1392,1,0.0,1,26,right_shoulder_yaw_link|torso_link
0.2445,165,0,0.2484,-0.098,0.1156,4e-05,0.2485,-0.098,0.1156,0.0001,0.0,0,0.0,0,0,
0.2057,167,0,0.2097,-0.0872,0.0924,6e-05,0.2097,-0.0872,0.0923,0.0001,0.0,0,0.0,1,111,
0.3094,168,0,0.3133,0.1537,0.1976,7e-05,0.3294,0.1252,0.1553,0.0535,0.1825,1,1e-05,1,36,left_hand_base_link|right_hand_Link2_2;right_shoulder_yaw_link|torso_link
0.518,169,0,0.5219,-0.0102,0.1975,8e-05,0.5218,-0.0102,0.1975,0.0001,0.0,0,0.0,0,0,
0.3548,170,0,0.3588,-0.203,0.1628,8e-05,0.3589,-0.203,0.1628,0.0001,0.0,0,0.0,0,0,
0.1385,171,0,0.1424,-0.0137,0.1589,8e-05,0.1798,-0.0706,0.1546,0.0682,0.35424,1,0.00013,0,0,right_hand_base_link|torso_link
0.3909,172,0,0.3949,0.1608,-0.0111,0.0001,0.449,0.0566,-0.025,0.1182,0.21953,1,0.0,0,0,right_shoulder_roll_link|torso_link;right_shoulder_yaw_link|torso_link
0.294,173,0,0.2979,-0.181,0.1378,7e-05,0.298,-0.181,0.1378,0.0001,0.0,0,0.0,0,0,
0.4405,174,0,0.4444,0.1351,0.1842,8e-05,0.4642,0.0991,0.1775,0.0416,0.09718,1,0.0,0,0,right_shoulder_roll_link|torso_link;right_shoulder_yaw_link|torso_link
0.2124,175,0,0.2163,0.0793,0.0795,8e-05,0.2397,0.0332,0.0572,0.0562,0.15134,1,0.0,1,220,right_elbow_link|torso_link;right_wrist_roll_link|torso_link
0.4271,176,0,0.431,-0.1325,0.0461,5e-05,0.431,-0.1325,0.0461,0.0,0.0,0,0.0,0,0,
0.1399,177,0,0.1438,-0.0473,0.2012,7e-05,0.1569,-0.073,0.2051,0.0291,0.1303,1,0.0,0,0,right_hand_base_link|torso_link
0.1799,179,0,0.1839,0.0273,0.1671,5e-05,0.1909,0.0165,0.1613,0.0141,0.05468,1,0.0,1,44,right_wrist_roll_link|torso_link
0.2191,180,0,0.2231,0.0394,0.1951,9e-05,0.232,0.0267,0.1903,0.0163,0.05577,1,7e-05,1,86,right_elbow_link|torso_link;right_wrist_roll_link|torso_link
0.2815,181,0,0.2855,-0.18,0.1489,9e-05,0.2856,-0.18,0.1489,0.0001,0.0,0,0.0,0,0,
0.4462,182,0,0.4501,-0.0932,-0.0116,8e-05,0.4501,-0.0932,-0.0115,0.0001,0.0,0,0.0,0,0,
0.1283,184,0,0.1323,-0.0339,0.1756,6e-05,0.1586,-0.0785,0.1774,0.0518,0.25586,1,0.00026,0,0,right_hand_Link1_1|torso_link;right_hand_base_link|torso_link
0.3258,186,0,0.3298,0.0172,-0.0352,5e-05,0.3331,-0.0074,-0.0225,0.0279,0.13133,1,0.0,0,0,right_shoulder_yaw_link|torso_link
0.4752,187,0,0.4792,-0.2145,0.0677,9e-05,0.4791,-0.2145,0.0678,0.0001,0.0,0,0.0,0,0,
0.2094,188,0,0.2134,0.061,0.0757,9e-05,0.2362,0.0168,0.059,0.0524,0.15115,1,0.0,1,163,right_wrist_roll_link|torso_link
0.4018,190,0,0.4057,-0.1169,0.0028,0.0001,0.4056,-0.1169,0.0028,0.0001,0.0,0,0.0,0,0,
0.277,191,0,0.281,0.131,0.1491,5e-05,0.285,0.1169,0.1235,0.0295,0.14431,1,0.0,1,238,right_elbow_link|torso_link;right_shoulder_yaw_link|torso_link
0.1886,193,0,0.1925,0.0318,0.1283,4e-05,0.2046,0.011,0.12,0.0254,0.08703,1,0.0,1,95,right_wrist_roll_link|torso_link
0.4482,195,0,0.4522,0.0487,0.2191,9e-05,0.4521,0.0487,0.2191,0.0001,0.0,1,0.0,0,0,right_shoulder_roll_link|torso_link;right_shoulder_yaw_link|torso_link
0.4636,196,0,0.4675,-0.1813,0.2096,6e-05,0.4675,-0.1813,0.2096,0.0,0.0,0,0.0,0,0,
0.1835,199,0,0.1875,-0.0059,0.1672,7e-05,0.1878,-0.0068,0.1662,0.0014,0.0069,1,5e-05,0,0,right_wrist_roll_link|torso_link
0.1984,200,0,0.2024,-0.0578,0.2086,4e-05,0.2024,-0.0578,0.2086,0.0,0.0,0,0.0,0,0,
0.1624,202,0,0.1664,-0.021,0.1341,4e-05,0.1919,-0.0676,0.1279,0.0535,0.26651,1,0.0,0,0,right_hand_base_link|torso_link
0.3465,203,0,0.3505,0.1005,0.1455,0.0001,0.3582,0.073,0.1143,0.0422,0.15322,1,0.0,1,80,right_shoulder_yaw_link|torso_link
0.1539,204,0,0.1579,0.0052,0.1364,9e-05,0.1985,-0.0535,0.1268,0.072,0.36632,1,0.0,1,1,right_hand_base_link|torso_link;right_wrist_pitch_link|torso_link;right_wrist_yaw_link|torso_link
0.0953,205,0,0.0993,-0.0169,0.1821,5e-05,0.1507,-0.0844,0.1891,0.0852,0.45409,1,0.0,0,0,right_hand_Link1_1|torso_link;right_hand_base_link|torso_link
0.5188,207,0,0.5227,-0.3776,0.2501,0.00582,0.5175,-0.3752,0.2502,0.0057,0.0,0,0.0,0,0,
0.2696,208,0,0.2736,0.0088,0.2112,6e-05,0.2737,0.0088,0.2112,0.0001,0.0001,1,0.0,1,58,right_elbow_link|torso_link;right_shoulder_yaw_link|torso_link
0.2266,209,0,0.2306,0.0345,0.1916,9e-05,0.2381,0.0231,0.1869,0.0144,0.04874,1,0.0,1,90,right_elbow_link|torso_link;right_wrist_roll_link|torso_link
0.3253,210,0,0.3293,0.0517,-0.0651,5e-05,0.3547,0.003,-0.0218,0.07,0.29816,1,0.0,0,0,right_shoulder_yaw_link|torso_link
0.0897,211,0,0.0936,-0.011,0.202,5e-05,0.1496,-0.0708,0.2108,0.0824,0.43471,1,0.0,0,0,right_hand_Link1_1|torso_link;right_hand_base_link|torso_link
0.1821,212,0,0.1861,0.1136,0.1391,8e-05,0.2343,0.0594,0.118,0.0756,0.22221,1,0.0,1,216,right_elbow_link|torso_link;right_wrist_roll_link|torso_link
0.2491,213,0,0.253,-0.0317,0.0664,9e-05,0.2539,-0.0364,0.0646,0.0052,0.01358,1,1e-05,1,23,right_elbow_link|torso_link;right_wrist_roll_link|torso_link
0.3355,214,0,0.3395,0.1535,0.0281,5e-05,0.3679,0.07,-0.0189,0.1,0.27144,1,1e-05,1,88,right_shoulder_yaw_link|torso_link
0.3561,216,0,0.36,-0.2527,-0.0611,6e-05,0.3714,-0.2531,-0.0236,0.0392,0.16459,0,0.0,0,0,
0.3221,217,0,0.3261,0.1631,0.1908,9e-05,0.3464,0.1371,0.1721,0.0379,0.18233,1,0.0,1,38,right_shoulder_yaw_link|torso_link
0.2145,218,0,0.2185,-0.1097,0.1236,7e-05,0.2186,-0.1097,0.1236,0.0001,0.0,0,0.0,0,0,
0.3494,220,0,0.3534,-0.1215,0.138,3e-05,0.3534,-0.1215,0.138,0.0001,0.0,0,0.0,0,0,
0.1698,221,0,0.1737,0.072,0.106,3e-05,0.1809,0.0481,0.0818,0.0347,0.09102,1,2e-05,1,853,right_wrist_pitch_link|torso_link;right_wrist_roll_link|torso_link
0.3643,223,0,0.3683,0.0234,-0.0389,5e-05,0.3805,-0.0084,-0.0315,0.0348,0.12852,1,1e-05,0,0,right_shoulder_yaw_link|torso_link
0.1234,225,0,0.1274,-0.0504,0.1629,8e-05,0.1508,-0.0997,0.1621,0.0546,0.27801,1,0.0,0,0,right_hand_Link1_1|torso_link;right_hand_base_link|torso_link
0.2127,226,0,0.2167,0.114,0.1311,7e-05,0.2498,0.0663,0.1032,0.0644,0.16392,1,0.0,1,218,right_elbow_link|torso_link;right_wrist_roll_link|torso_link
0.5073,227,0,0.5113,0.093,0.2065,0.0001,0.5263,0.0587,0.2127,0.038,0.07023,1,0.0,0,0,right_shoulder_roll_link|torso_link
0.3601,228,0,0.3641,-0.1864,0.2157,6e-05,0.3641,-0.1864,0.2157,0.0,0.0,0,0.0,0,0,
0.329,229,0,0.333,0.0635,0.0069,5e-05,0.3316,0.0251,-0.0231,0.0488,0.15921,1,0.0,1,88,right_shoulder_yaw_link|torso_link
0.2993,231,0,0.3032,0.047,-0.0483,9e-05,0.3101,0.0167,-0.0183,0.0432,0.24984,1,0.0,1,8,right_shoulder_yaw_link|torso_link
0.213,232,0,0.217,0.1036,0.0972,8e-05,0.255,0.0477,0.0753,0.0711,0.19189,1,0.0,1,286,right_elbow_link|torso_link;right_wrist_roll_link|torso_link
0.1698,233,0,0.1738,-0.0139,0.1488,0.0001,0.1926,-0.042,0.1466,0.0339,0.16522,1,0.0,0,0,right_hand_base_link|torso_link;right_wrist_pitch_link|torso_link;right_wrist_yaw_link|torso_link
0.2049,235,0,0.2088,0.119,0.0893,8e-05,0.2535,0.0551,0.0621,0.0826,0.2172,1,4e-05,1,318,right_elbow_link|torso_link;right_wrist_roll_link|torso_link
0.4986,237,0,0.5025,-0.271,0.2217,7e-05,0.5024,-0.2709,0.2217,0.0001,0.0,0,0.0,0,0,
0.4906,238,0,0.4945,0.0248,0.1402,7e-05,0.4945,0.0248,0.1402,0.0,0.0,0,0.0,0,0,
0.1429,239,0,0.1468,-0.0457,0.1906,6e-05,0.1606,-0.0721,0.1939,0.0299,0.13641,1,0.0,0,0,right_hand_base_link|torso_link
0.2239,240,0,0.2279,-0.1845,0.0545,4e-05,0.2279,-0.1845,0.0545,0.0,0.0,0,0.0,0,0,
0.2274,242,0,0.2314,-0.0787,0.1988,6e-05,0.2314,-0.0787,0.1988,0.0,0.0,0,0.0,0,0,
0.4917,243,0,0.4957,-0.0796,0.1262,7e-05,0.4956,-0.0797,0.1262,0.0001,0.0,0,0.0,0,0,
0.4161,244,0,0.42,-0.0597,0.1938,8e-05,0.4199,-0.0597,0.1938,0.0001,0.0,0,0.0,0,0,
0.1467,245,0,0.1507,0.0631,0.2053,5e-05,0.1693,0.0469,0.1989,0.0255,0.09955,1,8e-05,1,2,right_wrist_roll_link|torso_link
0.2754,247,0,0.2793,0.1009,0.1832,5e-05,0.2807,0.0981,0.1754,0.0084,0.09395,1,1e-05,1,164,right_elbow_link|torso_link;right_shoulder_yaw_link|torso_link
0.3087,248,0,0.3126,-0.2053,0.1597,5e-05,0.3127,-0.2053,0.1597,0.0001,0.0,0,0.0,0,0,
0.2689,249,0,0.2729,0.1014,-0.0103,4e-05,0.2744,0.0728,-0.0225,0.0312,0.18011,1,0.0,1,178,right_elbow_link|torso_link;right_shoulder_yaw_link|torso_link
0.2956,251,0,0.2995,0.0534,0.195,5e-05,0.2993,0.0506,0.1841,0.0113,0.05592,1,0.0,1,130,right_elbow_link|torso_link;right_shoulder_yaw_link|torso_link
0.4627,253,0,0.4667,-0.0884,0.198,7e-05,0.4666,-0.0884,0.198,0.0001,0.0,0,0.0,0,0,
0.2777,254,0,0.2817,-0.0948,0.2221,9e-05,0.2817,-0.0948,0.2221,0.0,0.0,0,0.0,0,0,
0.4418,255,0,0.4458,0.138,0.0385,0.00116,0.424,0.1221,0.0241,0.0306,0.53628,1,0.01338,0,0,left_hand_Link1_2|right_hand_Link2_1;left_hand_Link1_2|right_hand_Link2_2;left_hand_Link1_2|right_hand_base_link;left_hand_Link1_3|right_hand_Link2_1;left_hand_Link1_3|right_hand_Link2_2;left_hand_Link1_3|right_hand_base_link;right_shoulder_roll_link|torso_link
0.2506,257,0,0.2545,0.1704,0.166,5e-05,0.2584,0.1516,0.1326,0.0386,0.17583,1,1e-05,1,276,left_hand_base_link|right_hand_Link1_2;right_elbow_link|torso_link;right_shoulder_yaw_link|torso_link
0.313,258,0,0.3169,0.0555,-0.0122,8e-05,0.3159,0.024,-0.024,0.0336,0.14385,1,1e-05,1,64,right_shoulder_yaw_link|torso_link
0.3048,259,0,0.3087,-0.1914,0.0975,6e-05,0.3088,-0.1914,0.0975,0.0001,0.0,0,0.0,0,0,
0.1253,261,0,0.1292,0.0262,0.2028,5e-05,0.1644,0.0044,0.1996,0.0416,0.20233,1,0.00153,0,0,right_hand_Link1_1|torso_link;right_hand_base_link|torso_link;right_wrist_roll_link|torso_link;right_wrist_yaw_link|torso_link
0.51,263,0,0.514,-0.0526,0.199,0.0001,0.5139,-0.0526,0.199,0.0001,0.0,0,0.0,0,0,
0.226,264,0,0.23,0.0067,0.138,3e-05,0.2346,-0.0043,0.1331,0.0129,0.0434,1,0.0,1,67,right_wrist_roll_link|torso_link
0.5357,265,0,0.5397,0.0359,0.2628,0.0001,0.5396,0.0358,0.2628,0.0001,0.0,1,0.0,0,0,right_shoulder_roll_link|torso_link
0.3474,266,0,0.3513,-0.2602,0.0089,9e-05,0.3514,-0.2602,0.0089,0.0001,0.0,0,0.0,0,0,
0.4496,267,0,0.4535,-0.2276,0.2651,5e-05,0.4535,-0.2276,0.265,0.0001,0.0,0,0.0,0,0,
0.5639,268,0,0.5679,-0.2588,0.1292,0.02406,0.5451,-0.2538,0.1345,0.024,0.0,0,0.0,0,0,
0.2306,269,0,0.2346,0.1727,0.1187,7e-05,0.2372,0.1637,0.1116,0.0118,0.17632,1,0.00031,1,338,left_hand_base_link|right_hand_Link1_2;right_elbow_link|torso_link;right_shoulder_yaw_link|torso_link
0.1759,270,0,0.1798,-0.0248,0.1936,4e-05,0.1799,-0.0248,0.1936,0.0001,0.0,0,0.0,0,0,
0.1624,271,0,0.1663,-0.0231,0.1701,5e-05,0.1793,-0.0422,0.1665,0.0234,0.08554,1,0.00116,0,0,right_hand_base_link|torso_link
0.3797,272,0,0.3837,-0.2926,-0.0789,7e-05,0.4057,-0.2919,-0.029,0.0545,0.23058,0,0.0,0,0,
0.5309,273,0,0.5348,-0.1949,0.0682,0.00076,0.5341,-0.1948,0.0685,0.0007,0.0,0,0.0,0,0,
0.1959,274,0,0.1998,-0.0946,0.1134,9e-05,0.1999,-0.0946,0.1134,0.0001,0.0,0,0.0,0,0,
0.3703,276,0,0.3742,-0.2864,-0.0587,0.0001,0.3849,-0.2881,-0.0275,0.033,0.13601,0,0.0,0,0,
0.3964,278,0,0.4004,-0.143,-0.0722,0.0001,0.4162,-0.1386,-0.0285,0.0467,0.19688,0,0.0,0,0,
0.3529,280,0,0.3569,0.0903,-0.0351,6e-05,0.3841,0.0296,-0.032,0.0666,0.20501,1,0.0,1,36,right_shoulder_yaw_link|torso_link
0.2247,281,0,0.2287,0.1281,0.1574,6e-05,0.2277,0.1188,0.1288,0.0301,0.16207,1,1e-05,1,234,right_elbow_link|torso_link
0.1577,282,0,0.1616,-0.0056,0.1291,9e-05,0.1946,-0.0597,0.1197,0.0641,0.29649,1,5e-05,0,0,right_hand_base_link|torso_link
0.5119,283,0,0.5159,0.0236,0.0005,0.02936,0.491,0.0158,0.0133,0.029,0.0,1,0.0,0,0,right_shoulder_roll_link|torso_link
0.2817,286,0,0.2857,-0.0198,0.2031,6e-05,0.2857,-0.0198,0.2031,0.0,0.0,1,0.0,1,8,right_elbow_link|torso_link
0.3074,288,0,0.3113,-0.1856,0.1742,6e-05,0.3114,-0.1856,0.1742,0.0001,0.0,0,0.0,0,0,
0.3239,289,0,0.3279,-0.0335,0.1563,5e-05,0.3278,-0.0337,0.1554,0.0009,0.00661,1,0.0,1,10,right_shoulder_yaw_link|torso_link
0.2539,290,0,0.2578,-0.0316,0.2271,9e-05,0.2579,-0.0315,0.2271,0.0001,0.0,0,0.0,0,0,
0.5385,293,0,0.5425,-0.3194,0.1009,0.0231,0.5216,-0.3123,0.1071,0.023,0.0,0,0.0,0,0,
0.3773,294,0,0.3812,0.1548,0.0092,9e-05,0.3822,0.1316,0.0024,0.0242,0.40963,1,0.00905,1,14,left_hand_Link1_2|right_hand_Link1_1;left_hand_Link1_2|right_hand_Link2_2;left_hand_Link1_2|right_hand_base_link;left_hand_Link2_1|right_hand_Link1_1;left_hand_Link2_1|right_hand_Link2_2;right_shoulder_roll_link|torso_link;right_shoulder_yaw_link|torso_link
0.5106,296,0,0.5145,-0.2044,-0.0589,0.03797,0.4837,-0.2013,-0.0376,0.0375,0.00356,0,0.0,0,0,
0.3521,298,0,0.3561,0.0861,0.0789,4e-05,0.3632,0.049,0.0499,0.0476,0.17057,1,0.0,1,110,right_shoulder_yaw_link|torso_link
0.5119,299,0,0.5158,-0.1003,0.247,0.0001,0.5157,-0.1003,0.247,0.0001,0.0,0,0.0,0,0,
0.2913,300,0,0.2952,0.185,0.0716,0.0001,0.2876,0.1482,0.1321,0.0712,0.47604,1,0.00016,1,188,left_hand_base_link|right_hand_Link2_2;left_hand_base_link|right_hand_Link2_3;right_shoulder_yaw_link|torso_link
0.2726,301,0,0.2766,0.0035,0.0855,7e-05,0.2764,-0.0034,0.0791,0.0094,0.03343,1,0.0,1,124,right_elbow_link|torso_link;right_wrist_roll_link|torso_link
0.5418,303,0,0.5458,-0.242,0.0183,0.03472,0.5148,-0.2361,0.0322,0.0345,0.0,0,0.0,0,0,
0.4351,304,0,0.4391,-0.0428,0.2233,9e-05,0.439,-0.0428,0.2232,0.0001,0.0,0,0.0,0,0,
0.1851,306,0,0.1891,-0.1071,0.1431,5e-05,0.1891,-0.1071,0.1431,0.0,0.0,0,0.0,0,0,
0.4771,307,0,0.4811,-0.0544,-0.0945,0.03305,0.476,-0.0539,-0.0399,0.0549,0.17114,0,0.0,0,0,
0.1141,310,0,0.1181,-0.0307,0.1668,8e-05,0.1532,-0.0877,0.1673,0.0669,0.34869,1,0.0,0,0,right_hand_Link1_1|torso_link;right_hand_base_link|torso_link
0.2149,311,0,0.2188,0.0695,0.094,8e-05,0.2386,0.0307,0.0751,0.0475,0.1319,1,0.0,1,196,right_elbow_link|torso_link;right_wrist_roll_link|torso_link
0.3859,313,0,0.3898,-0.0877,0.1488,4e-05,0.3899,-0.0877,0.1488,0.0001,0.0,1,0.0,0,0,right_shoulder_yaw_link|torso_link
0.1489,315,0,0.1529,0.0623,0.1848,5e-05,0.168,0.0466,0.1741,0.0243,0.09231,1,0.0,1,16,right_wrist_roll_link|torso_link
0.4111,317,0,0.415,0.0026,0.1092,7e-05,0.4167,-0.0063,0.1054,0.0098,0.0373,1,2e-05,1,6,right_shoulder_yaw_link|torso_link
0.2105,318,0,0.2145,-0.0922,0.1857,0.0001,0.2146,-0.0921,0.1857,0.0001,0.0,0,0.0,0,0,
0.0897,319,0,0.0937,0.012,0.1989,7e-05,0.1626,-0.0508,0.2083,0.0937,0.49372,1,0.00027,0,0,right_hand_base_link|torso_link
0.1603,320,0,0.1643,0.0836,0.1648,3e-05,0.1994,0.0482,0.1527,0.0513,0.17317,1,2e-05,1,120,right_wrist_roll_link|torso_link
0.1392,321,0,0.1432,0.0682,0.1381,5e-05,0.1637,0.0446,0.1247,0.034,0.12084,1,0.0,1,121,right_hand_base_link|torso_link;right_wrist_pitch_link|torso_link;right_wrist_roll_link|torso_link
0.0922,323,0,0.0962,-0.0079,0.193,5e-05,0.151,-0.0723,0.2053,0.0854,0.45366,1,0.0,0,0,right_hand_Link1_1|torso_link;right_hand_base_link|torso_link
0.2855,324,0,0.2894,-0.147,0.1477,8e-05,0.2895,-0.147,0.1477,0.0001,0.0,0,0.0,0,0,
0.3633,325,0,0.3673,0.1927,0.2212,5e-05,0.4102,0.1342,0.186,0.0807,0.21697,1,3e-05,0,0,right_shoulder_roll_link|torso_link;right_shoulder_yaw_link|torso_link
0.4179,326,0,0.4218,-0.0502,0.0722,9e-05,0.4218,-0.0502,0.0722,0.0001,0.0,1,0.0,0,0,right_shoulder_yaw_link|torso_link
0.2775,327,0,0.2814,-0.1615,0.1284,9e-05,0.2815,-0.1615,0.1284,0.0001,0.0,0,0.0,0,0,
0.3865,328,0,0.3904,0.1488,0.1617,6e-05,0.4163,0.1122,0.1614,0.0449,0.15595,1,0.0,1,26,right_shoulder_roll_link|torso_link;right_shoulder_yaw_link|torso_link
0.25,329,0,0.254,0.099,0.2166,5e-05,0.2538,0.0984,0.2065,0.0101,0.08245,1,0.0,1,130,right_elbow_link|torso_link;right_shoulder_yaw_link|torso_link
0.4473,330,0,0.4512,-0.1504,0.026,5e-05,0.4512,-0.1504,0.026,0.0,0.0,0,0.0,0,0,
0.2278,331,0,0.2317,0.0127,0.2117,0.0001,0.232,0.0123,0.211,0.0008,0.00437,1,1e-05,1,50,right_elbow_link|torso_link;right_wrist_roll_link|torso_link
0.1962,332,0,0.2002,-0.0028,0.1584,5e-05,0.2027,-0.0081,0.1557,0.0065,0.02478,1,0.0,1,14,right_wrist_roll_link|torso_link
0.5573,333,0,0.5612,-0.3232,0.0711,0.04992,0.5165,-0.3085,0.0865,0.0495,0.0,0,0.0,0,0,
0.1171,334,0,0.1211,0.0247,0.1579,5e-05,0.188,-0.0476,0.1501,0.0988,0.465,1,0.00022,0,0,right_hand_base_link|torso_link
0.1918,335,0,0.1958,-0.0555,0.2185,4e-05,0.1958,-0.0555,0.2185,0.0,0.0,0,0.0,0,0,
0.2877,337,0,0.2916,-0.2184,0.035,6e-05,0.2917,-0.2184,0.0349,0.0001,0.0,0,0.0,0,0,
0.1257,338,0,0.1297,-0.0371,0.1853,8e-05,0.1539,-0.0777,0.1885,0.0474,0.23761,1,0.00068,0,0,right_hand_Link1_1|torso_link;right_hand_base_link|torso_link
0.1313,339,0,0.1353,-0.0471,0.1554,6e-05,0.1551,-0.0868,0.1544,0.0443,0.22147,1,0.00048,0,0,right_hand_Link1_1|torso_link;right_hand_base_link|torso_link
0.4962,340,0,0.5001,-0.3287,0.0428,0.007,0.4941,-0.3264,0.0454,0.0069,0.0,0,0.0,0,0,
0.2695,342,0,0.2735,-0.0361,0.2079,8e-05,0.2736,-0.0361,0.2079,0.0001,0.0,0,0.0,0,0,
0.2521,343,0,0.2561,-0.1323,0.1453,4e-05,0.2561,-0.1323,0.1453,0.0,0.0,0,0.0,0,0,
0.3226,344,0,0.3265,0.0953,-0.0022,6e-05,0.3367,0.0422,-0.0304,0.061,0.21216,1,0.0,1,108,right_shoulder_yaw_link|torso_link
0.5039,345,0,0.5078,-0.3785,0.1447,0.00387,0.5045,-0.3769,0.1455,0.0038,0.0,0,0.0,0,0,
0.1142,347,0,0.1182,0.0143,0.1874,9e-05,0.1782,-0.0415,0.1826,0.082,0.40108,1,3e-05,0,0,right_hand_base_link|torso_link
0.135,348,0,0.1389,-0.0072,0.2053,9e-05,0.1694,-0.0381,0.2041,0.0435,0.20692,1,0.00016,0,0,right_hand_base_link|torso_link
0.0868,349,0,0.0907,-0.0062,0.1994,5e-05,0.1489,-0.0719,0.2149,0.0892,0.47595,1,0.0,0,0,right_hand_Link1_1|torso_link;right_hand_base_link|torso_link
0.0817,350,0,0.0857,-0.0011,0.2002,5e-05,0.1487,-0.0685,0.2187,0.0941,0.5049,1,0.0,0,0,right_hand_Link1_1|torso_link;right_hand_base_link|torso_link
0.1009,352,0,0.1048,-0.0115,0.1997,0.0001,0.151,-0.069,0.2114,0.0747,0.39423,1,0.00049,0,0,right_hand_Link1_1|torso_link;right_hand_base_link|torso_link
0.2646,353,0,0.2686,0.1311,0.1353,6e-05,0.2752,0.125,0.1324,0.0094,0.129,1,0.0,1,214,right_elbow_link|torso_link;right_shoulder_yaw_link|torso_link
0.3828,354,0,0.3868,-0.2132,0.1044,4e-05,0.3869,-0.2133,0.1044,0.0001,0.0,0,0.0,0,0,
0.2892,356,0,0.2931,-0.0939,0.0436,7e-05,0.2932,-0.0939,0.0435,0.0001,0.0,1,0.0,0,0,right_shoulder_yaw_link|torso_link
0.2573,357,0,0.2613,0.1673,0.0534,4e-05,0.2758,0.1385,0.1023,0.0585,0.28677,1,5e-05,1,352,left_hand_base_link|right_hand_Link1_2;left_hand_base_link|right_hand_Link1_3;left_hand_base_link|right_hand_Link2_2;left_hand_base_link|right_hand_Link2_3;left_wrist_pitch_link|right_hand_Link2_2;left_wrist_pitch_link|right_hand_Link2_3;left_wrist_yaw_link|right_hand_Link2_2;left_wrist_yaw_link|right_hand_Link2_3;right_elbow_link|torso_link;right_shoulder_yaw_link|torso_link
0.4122,359,0,0.4162,-0.2431,0.2557,4e-05,0.4162,-0.2431,0.2557,0.0,0.0,0,0.0,0,0,
0.114,363,0,0.118,-0.0218,0.192,8e-05,0.1548,-0.0745,0.1987,0.0647,0.33503,1,0.00012,0,0,right_hand_Link1_1|torso_link;right_hand_base_link|torso_link
0.4135,364,0,0.4175,-0.0319,0.1346,4e-05,0.4174,-0.0319,0.1346,0.0001,0.0,1,0.0,0,0,right_shoulder_yaw_link|torso_link
0.4318,366,0,0.4358,-0.0712,0.2367,6e-05,0.4357,-0.0712,0.2367,0.0001,0.0,0,0.0,0,0,
0.3628,367,0,0.3668,-0.1913,0.1709,7e-05,0.3668,-0.1913,0.1709,0.0,0.0,0,0.0,0,0,
0.174,368,0,0.178,-0.0917,0.1384,6e-05,0.1781,-0.0916,0.1384,0.0001,0.0,0,0.0,0,0,
0.2438,371,0,0.2477,-0.1627,0.068,4e-05,0.2478,-0.1627,0.068,0.0001,0.0,0,0.0,0,0,
0.2061,372,0,0.2101,-0.1001,0.2046,4e-05,0.2101,-0.1001,0.2046,0.0,0.0,0,0.0,0,0,
0.0802,373,0,0.0842,-0.0014,0.1971,5e-05,0.1489,-0.0703,0.215,0.0962,0.51649,1,0.0,0,0,right_hand_Link1_1|torso_link;right_hand_base_link|torso_link
0.087,376,0,0.0909,-0.0033,0.1889,4e-05,0.1518,-0.0702,0.2012,0.0913,0.4881,1,0.00051,0,0,right_hand_Link1_1|torso_link;right_hand_base_link|torso_link
0.4713,377,0,0.4753,-0.0342,0.1866,8e-05,0.4752,-0.0342,0.1866,0.0001,0.0,0,0.0,0,0,
0.5659,378,0,0.5699,-0.2999,0.1713,0.02839,0.543,-0.2922,0.1755,0.0283,0.0,0,0.0,0,0,
0.1288,379,0,0.1327,0.0358,0.1829,4e-05,0.1696,0.0085,0.1773,0.0463,0.16362,1,0.0,0,0,right_hand_base_link|torso_link;right_wrist_roll_link|torso_link;right_wrist_yaw_link|torso_link
0.4672,380,0,0.4711,0.152,0.1223,0.00164,0.5231,0.0495,0.1332,0.1154,0.20965,1,1e-05,0,0,right_shoulder_roll_link|torso_link
0.4408,381,0,0.4448,0.1432,0.0585,0.0001,0.485,0.0673,0.0564,0.0859,0.16161,1,0.0,0,0,right_shoulder_roll_link|torso_link
0.0838,382,0,0.0878,-0.0044,0.1992,5e-05,0.1486,-0.0717,0.2162,0.0923,0.49445,1,0.0,0,0,right_hand_Link1_1|torso_link;right_hand_base_link|torso_link
0.2584,384,0,0.2624,0.0007,0.1727,8e-05,0.2619,0.0013,0.1715,0.0014,0.01408,1,0.0,1,76,right_elbow_link|torso_link;right_wrist_roll_link|torso_link
0.103,385,0,0.107,-0.0232,0.2007,5e-05,0.1485,-0.0794,0.2093,0.0704,0.36717,1,0.0004,0,0,right_hand_Link1_1|torso_link;right_hand_base_link|torso_link
0.2118,386,0,0.2157,0.0594,0.1266,9e-05,0.2325,0.0304,0.1126,0.0363,0.10959,1,0.0,1,147,right_elbow_link|torso_link;right_wrist_roll_link|torso_link
0.3129,387,0,0.3169,-0.1119,0.0539,5e-05,0.3169,-0.1119,0.0539,0.0,0.0,1,0.0,0,0,right_shoulder_yaw_link|torso_link
0.4239,388,0,0.4279,-0.2307,0.1506,5e-05,0.4278,-0.2307,0.1506,0.0001,0.0,0,0.0,0,0,
0.2583,389,0,0.2623,-0.0132,0.2206,8e-05,0.2624,-0.0132,0.2206,0.0001,0.0,1,0.0,0,0,right_elbow_link|torso_link
0.212,391,0,0.2159,0.0049,0.199,4e-05,0.2172,0.0028,0.198,0.0027,0.01173,1,2e-05,0,0,right_elbow_link|torso_link;right_wrist_roll_link|torso_link
0.3001,393,0,0.304,-0.0762,0.1126,6e-05,0.3041,-0.0762,0.1126,0.0001,0.0,1,0.0,0,0,right_shoulder_yaw_link|torso_link
0.1792,395,0,0.1831,0.0782,0.216,9e-05,0.208,0.0545,0.2092,0.035,0.12129,1,0.0,1,62,right_elbow_link|torso_link;right_wrist_roll_link|torso_link
0.141,396,0,0.1449,0.0566,0.15,6e-05,0.1656,0.0353,0.1403,0.0313,0.09696,1,0.0,1,68,right_hand_base_link|torso_link;right_wrist_pitch_link|torso_link;right_wrist_roll_link|torso_link;right_wrist_yaw_link|torso_link
0.3453,399,0,0.3492,-0.1186,0.1801,3e-05,0.3493,-0.1186,0.1801,0.0001,0.0,0,0.0,0,0,
0.2679,401,0,0.2719,-0.0193,0.0922,7e-05,0.2731,-0.025,0.0897,0.0064,0.0176,1,0.0,1,66,right_elbow_link|torso_link;right_wrist_roll_link|torso_link
0.4201,402,0,0.424,-0.1733,0.2589,3e-05,0.424,-0.1733,0.2589,0.0,0.0,0,0.0,0,0,
0.4053,403,0,0.4093,-0.0571,0.2267,5e-05,0.4092,-0.0571,0.2267,0.0001,0.0,0,0.0,0,0,
0.4537,404,0,0.4576,-0.2093,0.0504,5e-05,0.4576,-0.2093,0.0504,0.0001,0.0,0,0.0,0,0,
0.606,405,0,0.6099,-0.21,0.1909,0.04672,0.5639,-0.2045,0.1961,0.0466,0.0,0,0.0,0,0,
0.1119,406,0,0.1159,0.0136,0.1835,9e-05,0.1806,-0.0525,0.1811,0.0925,0.47938,1,4e-05,0,0,right_hand_base_link|torso_link
0.3271,407,0,0.331,-0.2811,0.0601,0.0001,0.3311,-0.2811,0.0601,0.0001,0.0,0,0.0,0,0,
0.194,408,0,0.198,-0.0139,0.2181,7e-05,0.1981,-0.0139,0.2181,0.0001,0.0,0,0.0,0,0,
0.135,409,0,0.139,-0.0509,0.2061,8e-05,0.1509,-0.0742,0.2095,0.0264,0.11284,1,0.00014,0,0,right_hand_Link1_1|torso_link;right_hand_base_link|torso_link
0.2586,411,0,0.2626,-0.1557,0.0693,0.0001,0.2626,-0.1557,0.0692,0.0001,0.0,0,0.0,0,0,
0.1333,412,0,0.1373,-0.0113,0.1541,8e-05,0.1773,-0.0718,0.1501,0.0727,0.3752,1,0.00065,0,0,right_hand_base_link|torso_link
0.2362,413,0,0.2402,0.1398,0.1522,6e-05,0.2414,0.1265,0.1194,0.0354,0.17066,1,0.0,1,278,right_elbow_link|torso_link
0.4476,415,0,0.4516,-0.2832,0.143,4e-05,0.4515,-0.2832,0.143,0.0001,0.0,0,0.0,0,0,
0.3306,416,0,0.3345,-0.034,0.1706,4e-05,0.3344,-0.0345,0.1694,0.0013,0.01045,1,0.0,1,8,right_shoulder_yaw_link|torso_link
0.1029,417,0,0.1068,0.0068,0.1987,6e-05,0.1667,-0.051,0.2027,0.0833,0.43478,1,0.0,0,0,right_hand_base_link|torso_link
0.1,418,0,0.104,0.0205,0.1992,4e-05,0.1732,-0.032,0.1968,0.0869,0.44594,1,6e-05,0,0,right_hand_base_link|torso_link
0.274,419,0,0.2779,0.1277,0.2124,4e-05,0.283,0.1164,0.1799,0.0348,0.1312,1,0.0,1,152,right_shoulder_yaw_link|torso_link
0.2833,420,0,0.2873,-0.0565,0.1137,7e-05,0.2873,-0.0565,0.1137,0.0001,0.0,0,0.0,0,0,
0.2878,421,0,0.2918,-0.1265,-0.0153,7e-05,0.2918,-0.1265,-0.0153,0.0,0.0,1,0.0,0,0,right_shoulder_yaw_link|torso_link
0.1907,422,0,0.1946,0.0305,0.1578,4e-05,0.2034,0.0163,0.1509,0.018,0.06548,1,0.0,1,70,right_wrist_roll_link|torso_link
0.0833,425,0,0.0873,0.0026,0.1969,0.0001,0.1527,-0.0647,0.2129,0.0952,0.50968,1,8e-05,0,0,right_hand_Link1_1|torso_link;right_hand_base_link|torso_link
0.1744,426,0,0.1783,-0.0089,0.215,4e-05,0.1783,-0.0089,0.215,0.0001,0.0,1,0.0,0,0,logo_link|right_hand_base_link;right_hand_base_link|torso_link
0.1252,427,0,0.1291,0.0055,0.1813,8e-05,0.1841,-0.0549,0.1746,0.082,0.42287,1,2e-05,0,0,right_hand_base_link|torso_link
0.3363,431,0,0.3403,-0.2413,-0.0353,6e-05,0.3429,-0.2425,-0.0243,0.0114,0.04231,0,0.0,0,0,
0.5377,433,0,0.5416,-0.3847,0.2672,0.02606,0.5182,-0.3737,0.2672,0.0258,0.0,0,0.0,0,0,
0.4037,437,0,0.4076,0.0393,0.1227,9e-05,0.4121,0.0216,0.1133,0.0205,0.07406,1,0.0,1,6,right_shoulder_yaw_link|torso_link
0.4052,438,0,0.4092,-0.1591,-0.1143,8e-05,0.4523,-0.15,-0.0287,0.0963,0.41428,0,0.0,0,0,
0.5128,439,0,0.5168,-0.3637,0.0921,0.01821,0.501,-0.3567,0.0974,0.0181,0.0,0,0.0,0,0,
0.4743,440,0,0.4783,-0.3606,0.2423,0.0001,0.4782,-0.3605,0.2423,0.0001,0.0,0,0.0,0,0,
0.3549,442,0,0.3588,0.1261,0.1342,5e-05,0.3762,0.0903,0.1114,0.0459,0.17852,1,1e-05,1,22,right_shoulder_yaw_link|torso_link
0.4463,443,0,0.4503,-0.3373,0.1708,0.0001,0.4502,-0.3373,0.1708,0.0001,0.0,0,0.0,0,0,
0.5722,444,0,0.5762,-0.2398,0.2207,0.01541,0.5611,-0.237,0.2217,0.0154,0.0,0,0.0,0,0,
0.5508,446,0,0.5547,-0.4001,0.2029,0.04696,0.513,-0.38,0.2078,0.0465,0.0,0,0.0,0,0,
0.1447,448,0,0.1487,0.0198,0.1682,4e-05,0.1843,-0.0132,0.1625,0.0489,0.20985,1,0.0,0,0,right_hand_base_link|torso_link;right_wrist_yaw_link|torso_link
0.2537,449,0,0.2577,-0.2047,0.0832,3e-05,0.2577,-0.2048,0.0832,0.0001,0.0,0,0.0,0,0,
0.2499,450,0,0.2538,-0.1684,0.0883,4e-05,0.2539,-0.1684,0.0883,0.0001,0.0,0,0.0,0,0,
0.242,451,0,0.2459,-0.1412,0.1763,6e-05,0.246,-0.1412,0.1764,0.0001,0.0,0,0.0,0,0,
0.1148,452,0,0.1188,0.0419,0.1758,4e-05,0.1741,0.0021,0.1675,0.0686,0.27949,1,0.0,0,0,right_hand_Link1_1|torso_link;right_hand_base_link|torso_link;right_wrist_yaw_link|torso_link
0.1872,454,0,0.1912,0.1144,0.1205,8e-05,0.239,0.0561,0.0973,0.0789,0.22557,1,0.0,1,236,right_elbow_link|torso_link;right_wrist_roll_link|torso_link
0.1665,455,0,0.1704,-0.0581,0.2151,9e-05,0.1718,-0.0612,0.215,0.0034,0.01588,1,0.00101,0,0,right_hand_base_link|torso_link
0.129,456,0,0.133,-0.055,0.1763,9e-05,0.1517,-0.0934,0.1764,0.0427,0.20932,1,0.0,0,0,right_hand_Link1_1|torso_link;right_hand_base_link|torso_link
0.1424,458,0,0.1463,-0.005,0.1605,6e-05,0.1891,-0.0628,0.1499,0.0727,0.37295,1,0.0,0,0,right_hand_base_link|torso_link
0.2212,460,0,0.2251,0.0252,0.114,9e-05,0.2368,0.0013,0.106,0.0278,0.08768,1,0.0,1,92,right_wrist_roll_link|torso_link
0.105,461,0,0.1089,-0.0143,0.1677,8e-05,0.156,-0.0768,0.1688,0.0783,0.41245,1,0.00128,0,0,right_hand_Link1_1|torso_link;right_hand_base_link|torso_link
0.3068,463,0,0.3108,-0.2079,0.1567,5e-05,0.3108,-0.2079,0.1567,0.0001,0.0,0,0.0,0,0,
0.1625,464,0,0.1665,0.0445,0.132,5e-05,0.1732,0.0309,0.1212,0.0186,0.06405,1,0.00015,1,87,right_hand_base_link|torso_link;right_wrist_pitch_link|torso_link;right_wrist_roll_link|torso_link;right_wrist_yaw_link|torso_link
0.5684,466,0,0.5724,-0.2806,0.2495,0.01941,0.5537,-0.2757,0.2499,0.0194,0.0,0,0.0,0,0,
0.3823,467,0,0.3862,-0.1869,0.104,8e-05,0.3863,-0.1869,0.104,0.0001,0.0,0,0.0,0,0,
0.2422,468,0,0.2461,0.017,0.2212,8e-05,0.246,0.0172,0.2206,0.0007,0.00469,1,2e-05,1,50,right_elbow_link|torso_link;right_wrist_roll_link|torso_link
0.1089,469,0,0.1129,-0.0299,0.1842,5e-05,0.1507,-0.0882,0.1887,0.0696,0.36356,1,0.0,0,0,right_hand_Link1_1|torso_link;right_hand_base_link|torso_link
0.2826,473,0,0.2866,-0.2069,0.0505,6e-05,0.2866,-0.2069,0.0505,0.0,0.0,0,0.0,0,0,
0.2416,475,0,0.2455,-0.0862,0.2189,5e-05,0.2456,-0.0862,0.2189,0.0001,0.0,0,0.0,0,0,
0.3751,478,0,0.3791,-0.1191,0.0079,9e-05,0.379,-0.1191,0.008,0.0001,0.0,1,0.0,0,0,right_shoulder_yaw_link|torso_link
0.3931,479,0,0.3971,0.0268,-0.1434,0.02036,0.4376,0.0346,-0.0297,0.121,0.50156,1,2e-05,0,0,right_shoulder_roll_link|torso_link;right_shoulder_yaw_link|torso_link
0.1654,480,0,0.1693,0.0153,0.2083,9e-05,0.1711,0.0158,0.2042,0.0045,0.00775,1,7e-05,0,0,logo_link|right_hand_base_link;right_hand_base_link|torso_link;right_wrist_pitch_link|torso_link;right_wrist_roll_link|torso_link
0.1808,481,0,0.1848,0.1008,0.1379,8e-05,0.2256,0.0533,0.1192,0.0654,0.19837,1,1e-05,1,164,right_elbow_link|torso_link;right_wrist_roll_link|torso_link
0.2881,482,0,0.2921,-0.066,0.1955,7e-05,0.2921,-0.066,0.1955,0.0,0.0,0,0.0,0,0,
0.5151,483,0,0.519,0.1473,0.1741,0.02928,0.5415,0.0282,0.1897,0.1222,0.20672,1,0.0,0,0,right_shoulder_roll_link|torso_link
0.1632,484,0,0.1672,0.0433,0.1149,4e-05,0.1801,0.0237,0.106,0.0251,0.08825,1,2e-05,1,243,right_hand_base_link|torso_link;right_wrist_pitch_link|torso_link;right_wrist_roll_link|torso_link;right_wrist_yaw_link|torso_link
0.2276,485,0,0.2315,-0.1116,0.2053,8e-05,0.2316,-0.1116,0.2053,0.0001,0.0,0,0.0,0,0,
0.1992,489,0,0.2032,-0.0373,0.1808,8e-05,0.2033,-0.0373,0.1808,0.0001,0.0,0,0.0,0,0,
0.3153,495,0,0.3192,-0.0521,0.1309,5e-05,0.3193,-0.0521,0.1309,0.0001,0.0,1,0.0,0,0,right_shoulder_yaw_link|torso_link
0.3411,496,0,0.345,0.0909,0.1753,6e-05,0.3513,0.0719,0.1495,0.0327,0.13016,1,0.0,1,60,right_shoulder_yaw_link|torso_link
0.0942,497,0,0.0982,0.0033,0.1986,8e-05,0.1594,-0.058,0.2074,0.0871,0.45881,1,0.00026,0,0,right_hand_base_link|torso_link
0.2516,498,0,0.2555,-0.1812,0.122,4e-05,0.2556,-0.1812,0.122,0.0001,0.0,0,0.0,0,0,
0.1912,500,0,0.1951,0.0718,0.2049,9e-05,0.2179,0.0476,0.1978,0.034,0.11573,1,1e-05,1,92,right_elbow_link|torso_link;right_wrist_roll_link|torso_link
0.2468,501,0,0.2508,-0.1455,0.0765,4e-05,0.2508,-0.1455,0.0765,0.0,0.0,0,0.0,0,0,
0.2828,502,0,0.2868,-0.2214,0.0179,6e-05,0.2869,-0.2214,0.0179,0.0001,0.0,0,0.0,0,0,
0.4972,505,0,0.5012,-0.0285,0.0697,0.0001,0.5011,-0.0285,0.0697,0.0001,0.0,0,0.0,0,0,
0.4912,507,0,0.4952,-0.2758,0.0684,8e-05,0.4951,-0.2757,0.0684,0.0001,0.0,0,0.0,0,0,
0.3321,508,0,0.3361,0.095,-0.0151,8e-05,0.3527,0.0401,-0.0312,0.0596,0.22182,1,0.0,1,74,right_shoulder_yaw_link|torso_link
0.2274,510,0,0.2314,0.0854,0.119,7e-05,0.2575,0.0427,0.1,0.0535,0.14592,1,0.0,1,202,right_elbow_link|torso_link;right_wrist_roll_link|torso_link
0.2935,511,0,0.2975,0.0228,0.2102,5e-05,0.2973,0.0223,0.2064,0.0039,0.02222,1,0.0,1,78,right_elbow_link|torso_link;right_shoulder_yaw_link|torso_link
0.1113,512,0,0.1153,-0.0052,0.1863,6e-05,0.1664,-0.0623,0.1847,0.0766,0.39525,1,0.00107,0,0,right_hand_base_link|torso_link
0.1393,513,0,0.1433,-0.0527,0.1592,5e-05,0.1584,-0.0854,0.159,0.0361,0.173,1,0.0,0,0,right_hand_Link1_1|torso_link;right_hand_base_link|torso_link
0.2961,514,0,0.3001,0.1611,0.2034,5e-05,0.3125,0.1364,0.1594,0.0519,0.18508,1,0.00037,1,52,left_hand_base_link|right_hand_Link2_2;left_hand_base_link|right_hand_Link2_3;right_shoulder_yaw_link|torso_link
0.4266,515,0,0.4305,0.1712,0.1858,8e-05,0.469,0.1086,0.1758,0.0741,0.16331,1,0.0,0,0,right_shoulder_roll_link|torso_link
0.172,519,0,0.176,0.0365,0.1546,5e-05,0.1858,0.0219,0.1467,0.0193,0.07242,1,0.0,1,64,right_wrist_roll_link|torso_link
0.4825,520,0,0.4864,0.0319,0.1766,9e-05,0.4863,0.0319,0.1766,0.0001,0.0,1,0.0,0,0,right_shoulder_roll_link|torso_link
0.2314,522,0,0.2354,-0.1043,0.0563,4e-05,0.2354,-0.1043,0.0563,0.0,0.0,0,0.0,0,0,
0.2429,524,0,0.2469,0.1809,0.0764,0.0001,0.2383,0.1603,0.1146,0.0443,0.29789,1,0.01199,1,384,left_hand_base_link|right_hand_Link1_2;left_hand_base_link|right_hand_Link1_3;left_wrist_pitch_link|right_hand_Link2_2;left_wrist_yaw_link|right_hand_Link2_2;left_wrist_yaw_link|right_hand_Link2_3;right_elbow_link|torso_link;right_shoulder_yaw_link|torso_link
0.2148,526,0,0.2188,-0.1135,0.1752,0.0001,0.2188,-0.1135,0.1752,0.0001,0.0,0,0.0,0,0,
0.2354,527,0,0.2394,0.0428,0.2271,7e-05,0.2412,0.0402,0.2234,0.0049,0.01852,1,0.0,1,58,right_elbow_link|torso_link
0.3645,528,0,0.3684,0.0187,0.1467,7e-05,0.37,0.0074,0.1353,0.0161,0.08101,1,0.0,1,18,right_shoulder_yaw_link|torso_link
0.1767,529,0,0.1806,0.1219,0.0955,8e-05,0.2308,0.0576,0.0665,0.0866,0.24053,1,0.0,1,293,right_elbow_link|torso_link;right_wrist_roll_link|torso_link
0.1427,531,0,0.1467,0.0303,0.1348,8e-05,0.187,0.0,0.1309,0.0506,0.1882,1,0.0,1,30,right_hand_base_link|torso_link;right_wrist_pitch_link|torso_link;right_wrist_yaw_link|torso_link
0.3195,532,0,0.3234,0.1957,-0.0074,8e-05,0.3215,0.1462,-0.0371,0.0578,0.56749,1,0.00032,1,34,left_hand_Link2_1|right_hand_base_link;left_hand_base_link|right_hand_Link1_1;left_hand_base_link|right_hand_base_link;left_wrist_pitch_link|right_hand_Link1_1;left_wrist_yaw_link|right_hand_Link1_1;right_shoulder_roll_link|torso_link;right_shoulder_yaw_link|torso_link
0.3353,533,0,0.3393,-0.0367,0.0112,5e-05,0.3378,-0.0454,0.0055,0.0105,0.04951,1,0.0,0,0,right_shoulder_yaw_link|torso_link
0.3437,534,0,0.3477,-0.1998,0.1905,0.0001,0.3478,-0.1998,0.1905,0.0001,0.0,0,0.0,0,0,
0.5075,539,0,0.5114,-0.0251,0.2202,7e-05,0.5114,-0.0251,0.2202,0.0,0.0,0,0.0,0,0,
0.4464,540,0,0.4504,-0.2404,-0.0505,0.0001,0.4587,-0.2326,-0.0384,0.0166,0.05438,0,1e-05,0,0,
0.2542,541,0,0.2582,-0.1289,0.1529,4e-05,0.2582,-0.1289,0.1529,0.0,0.0,0,0.0,0,0,
0.2266,545,0,0.2306,0.0626,0.0714,8e-05,0.2499,0.0196,0.053,0.0506,0.13635,1,0.0,1,163,right_elbow_link|torso_link;right_wrist_roll_link|torso_link
0.1158,546,0,0.1198,-0.0072,0.1931,6e-05,0.1643,-0.0583,0.195,0.0678,0.34613,1,0.00133,0,0,right_hand_base_link|torso_link
0.2402,547,0,0.2441,0.088,0.0677,8e-05,0.2702,0.0551,0.0632,0.0422,0.10347,1,0.0,1,226,right_elbow_link|torso_link;right_wrist_roll_link|torso_link
0.2055,549,0,0.2095,-0.0176,0.2099,6e-05,0.2095,-0.0176,0.2099,0.0,0.0,1,0.0,0,0,right_wrist_roll_link|torso_link
0.2998,553,0,0.3038,0.1105,0.1752,4e-05,0.3073,0.0949,0.1429,0.036,0.13864,1,0.0,1,158,right_shoulder_yaw_link|torso_link
0.2912,555,0,0.2951,-0.0497,-0.0226,7e-05,0.2933,-0.0531,-0.0225,0.0038,0.03826,1,0.0,0,0,right_shoulder_yaw_link|torso_link
0.5503,556,0,0.5543,-0.1655,0.2096,9e-05,0.5542,-0.1655,0.2096,0.0001,0.0,0,0.0,0,0,
0.3031,559,0,0.307,-0.2595,-0.0281,4e-05,0.3078,-0.2612,-0.0234,0.0051,0.01134,0,0.0,0,0,
0.2881,560,0,0.2921,0.1694,0.1467,4e-05,0.2822,0.1509,0.1171,0.0363,0.2084,1,0.0,1,178,left_hand_base_link|right_hand_Link2_2;left_hand_base_link|right_hand_Link2_3;right_shoulder_yaw_link|torso_link
0.2457,561,0,0.2497,-0.0,0.1895,9e-05,0.2495,0.0004,0.189,0.0007,0.00692,1,0.0,1,28,right_elbow_link|torso_link;right_wrist_roll_link|torso_link
0.2176,562,0,0.2216,0.1452,0.1003,8e-05,0.2252,0.1147,0.0821,0.0357,0.19852,1,0.00015,1,417,left_wrist_pitch_link|right_hand_Link2_2;right_elbow_link|torso_link;right_wrist_roll_link|torso_link
0.5548,563,0,0.5588,-0.1686,0.1565,0.00024,0.5586,-0.1686,0.1566,0.0003,0.0,0,0.0,0,0,
0.3926,565,0,0.3965,0.1617,0.2045,6e-05,0.426,0.1148,0.1821,0.0598,0.16098,1,0.0,0,0,right_shoulder_roll_link|torso_link;right_shoulder_yaw_link|torso_link
0.1013,566,0,0.1052,0.0037,0.1938,6e-05,0.1647,-0.0567,0.198,0.0849,0.44483,1,0.0001,0,0,right_hand_base_link|torso_link
0.2077,567,0,0.2117,-0.0615,0.1747,8e-05,0.2117,-0.0614,0.1747,0.0001,0.0,0,0.0,0,0,
0.4262,568,0,0.4301,-0.2817,0.2552,9e-05,0.4301,-0.2816,0.2552,0.0001,0.0,0,0.0,0,0,
0.2375,569,0,0.2415,0.1577,0.1665,6e-05,0.2469,0.1486,0.1471,0.0221,0.14951,1,0.0,1,250,right_elbow_link|torso_link;right_shoulder_yaw_link|torso_link
0.1164,571,0,0.1204,0.0446,0.1559,3e-05,0.1721,0.0154,0.1424,0.0609,0.19532,1,0.00013,1,11,right_hand_base_link|torso_link
0.2935,572,0,0.2975,0.0031,0.2327,5e-05,0.2974,0.0031,0.2312,0.0015,0.00987,1,0.0,1,28,right_shoulder_yaw_link|torso_link
0.0771,574,0,0.0811,0.0003,0.2,5e-05,0.1501,-0.0634,0.213,0.0948,0.50654,1,0.0,0,0,right_hand_Link1_1|torso_link;right_hand_base_link|torso_link
0.1555,575,0,0.1595,0.0246,0.2096,9e-05,0.1673,0.0239,0.2014,0.0114,0.04543,1,3e-05,0,0,logo_link|right_hand_base_link;right_hand_base_link|torso_link;right_wrist_pitch_link|torso_link;right_wrist_roll_link|torso_link
0.2744,576,0,0.2783,-0.0567,0.1975,8e-05,0.2784,-0.0567,0.1975,0.0001,0.0,0,0.0,0,0,
0.1581,579,0,0.162,-0.0497,0.2008,4e-05,0.1655,-0.0572,0.2009,0.0082,0.03225,1,0.00109,0,0,right_hand_base_link|torso_link
0.311,580,0,0.315,-0.2027,0.1954,5e-05,0.315,-0.2028,0.1954,0.0001,0.0,0,0.0,0,0,
0.2483,581,0,0.2522,0.1136,0.1753,5e-05,0.2518,0.1066,0.1508,0.0254,0.13312,1,0.0,1,242,right_elbow_link|torso_link
0.228,583,0,0.232,-0.1097,0.0951,5e-05,0.232,-0.1096,0.0951,0.0001,0.0,0,0.0,0,0,
0.226,584,0,0.23,0.0616,0.1554,8e-05,0.25,0.0316,0.145,0.0375,0.11481,1,1e-05,1,156,right_elbow_link|torso_link;right_wrist_roll_link|torso_link
0.2775,585,0,0.2814,0.1198,0.1984,4e-05,0.2847,0.1086,0.1671,0.0334,0.12738,1,0.0,1,162,right_elbow_link|torso_link;right_shoulder_yaw_link|torso_link
0.3804,587,0,0.3844,-0.21,0.117,8e-05,0.3844,-0.2101,0.117,0.0001,0.0,0,0.0,0,0,
0.1296,588,0,0.1336,0.0251,0.1857,5e-05,0.1721,-0.0077,0.1835,0.0507,0.21212,1,0.0,0,0,right_hand_Link1_1|torso_link;right_hand_base_link|torso_link;right_wrist_yaw_link|torso_link
0.1093,589,0,0.1133,-0.0353,0.1862,5e-05,0.1491,-0.0938,0.1903,0.0687,0.3574,1,0.0,0,0,right_hand_Link1_1|torso_link
0.4311,590,0,0.4351,-0.2574,0.1062,5e-05,0.435,-0.2574,0.1062,0.0001,0.0,0,0.0,0,0,
0.3488,591,0,0.3528,0.1903,0.1391,7e-05,0.3188,0.1911,0.1406,0.034,0.45369,1,0.0,1,20,left_hand_base_link|right_hand_Link2_2;left_hand_base_link|right_hand_Link2_3;left_hand_base_link|right_hand_base_link;right_shoulder_yaw_link|torso_link
0.3475,592,0,0.3514,0.0018,-0.0204,9e-05,0.3502,-0.0194,-0.0271,0.0223,0.10651,1,0.0,0,0,right_shoulder_yaw_link|torso_link
0.2346,593,0,0.2386,0.0608,0.1871,7e-05,0.2486,0.0462,0.1782,0.0198,0.05624,1,1e-05,1,136,right_elbow_link|torso_link;right_wrist_roll_link|torso_link
0.2123,594,0,0.2163,0.0896,0.1384,7e-05,0.2508,0.0432,0.1229,0.0599,0.17598,1,3e-05,1,186,right_elbow_link|torso_link;right_wrist_roll_link|torso_link
0.1081,595,0,0.112,0.0104,0.1977,5e-05,0.1699,-0.0459,0.2016,0.0808,0.41341,1,5e-05,0,0,right_hand_base_link|torso_link
0.1191,598,0,0.123,-0.048,0.1696,0.0001,0.1488,-0.1,0.1711,0.0581,0.29276,1,0.00057,0,0,right_hand_Link1_1|torso_link
0.3162,599,0,0.3201,-0.2588,-0.0039,3e-05,0.3202,-0.2588,-0.0039,0.0001,0.0,0,0.0,0,0,
0.1806,600,0,0.1845,0.0124,0.2157,7e-05,0.1845,0.0125,0.2156,0.0002,0.00108,1,3e-05,0,0,right_wrist_roll_link|torso_link
0.2277,602,0,0.2317,0.1906,0.0303,6e-05,0.2624,0.1477,0.0011,0.0602,0.24959,1,8e-05,1,510,left_hand_base_link|right_hand_Link1_2;left_hand_base_link|right_hand_Link1_3;left_wrist_pitch_link|right_hand_Link2_2;left_wrist_pitch_link|right_hand_Link2_3;left_wrist_pitch_link|right_hand_base_link;left_wrist_yaw_link|right_hand_Link2_2;left_wrist_yaw_link|right_hand_Link2_3;right_elbow_link|torso_link;right_shoulder_yaw_link|torso_link
0.2237,603,0,0.2277,0.0125,0.1397,3e-05,0.2346,-0.0019,0.1346,0.0168,0.05612,1,0.0,1,77,right_elbow_link|torso_link;right_wrist_roll_link|torso_link
0.2827,606,0,0.2866,-0.1071,0.0552,7e-05,0.2867,-0.1071,0.0552,0.0001,0.0,0,0.0,0,0,
0.372,608,0,0.376,-0.0901,0.1864,6e-05,0.3761,-0.0901,0.1864,0.0001,0.0,1,0.0,0,0,right_shoulder_yaw_link|torso_link
0.0862,610,0,0.0902,0.001,0.2017,0.0001,0.1511,-0.0641,0.219,0.0908,0.48487,1,0.0,0,0,right_hand_Link1_1|torso_link;right_hand_base_link|torso_link
0.3951,611,0,0.3991,-0.1331,0.0044,6e-05,0.399,-0.1331,0.0045,0.0001,0.0,0,0.0,0,0,
0.1133,612,0,0.1173,0.023,0.1788,7e-05,0.1745,-0.0262,0.1723,0.0757,0.31713,1,2e-05,0,0,right_hand_base_link|torso_link
0.2633,613,0,0.2673,-0.0521,0.1169,9e-05,0.2673,-0.0521,0.1169,0.0001,0.0,1,0.0,0,0,right_wrist_roll_link|torso_link
0.1586,614,0,0.1626,0.0539,0.1454,5e-05,0.1661,0.0422,0.1297,0.0199,0.05948,1,1e-05,1,117,right_hand_base_link|torso_link;right_wrist_pitch_link|torso_link;right_wrist_roll_link|torso_link;right_wrist_yaw_link|torso_link
0.1092,616,0,0.1131,0.0255,0.1975,8e-05,0.1733,-0.015,0.1906,0.0729,0.35836,1,0.0,0,0,right_hand_base_link|torso_link;right_wrist_yaw_link|torso_link
0.2606,617,0,0.2646,-0.1356,0.2314,4e-05,0.2646,-0.1356,0.2314,0.0,0.0,0,0.0,0,0,
0.162,619,0,0.166,-0.0358,0.1843,7e-05,0.1752,-0.0469,0.1805,0.0149,0.05757,1,0.0,0,0,right_hand_base_link|torso_link
0.4822,620,0,0.4861,-0.1794,0.036,9e-05,0.4861,-0.1794,0.036,0.0001,0.0,0,0.0,0,0,
0.2419,621,0,0.2459,0.1417,0.2026,5e-05,0.2486,0.1363,0.1825,0.0209,0.11692,1,1e-05,1,196,right_elbow_link|torso_link;right_shoulder_yaw_link|torso_link
0.3873,622,0,0.3912,0.0227,0.063,4e-05,0.3943,-0.0009,0.0505,0.0269,0.09562,1,0.0,1,30,right_shoulder_yaw_link|torso_link
0.3005,623,0,0.3044,-0.021,0.1022,6e-05,0.304,-0.0214,0.1008,0.0015,0.00958,1,0.0,1,14,right_elbow_link|torso_link;right_shoulder_yaw_link|torso_link;right_wrist_roll_link|torso_link
0.1231,624,0,0.1271,0.0222,0.1824,6e-05,0.1743,-0.0177,0.1754,0.0622,0.26306,1,0.0,0,0,right_hand_Link1_1|torso_link;right_hand_base_link|torso_link
0.0825,625,0,0.0864,-0.0041,0.1933,5e-05,0.1495,-0.0733,0.2087,0.095,0.50957,1,0.0,0,0,right_hand_Link1_1|torso_link;right_hand_base_link|torso_link
0.2518,626,0,0.2558,-0.0949,0.1938,4e-05,0.2558,-0.0949,0.1938,0.0001,0.0,0,0.0,0,0,
0.2177,629,0,0.2217,0.1581,0.0609,3e-05,0.2327,0.1332,0.0528,0.0284,0.21191,1,0.0,1,444,left_hand_base_link|right_hand_Link1_2;left_hand_base_link|right_hand_Link1_3;left_wrist_pitch_link|right_hand_Link2_2;left_wrist_pitch_link|right_hand_Link2_3;left_wrist_yaw_link|right_hand_Link2_2;left_wrist_yaw_link|right_hand_Link2_3;right_elbow_link|torso_link
0.2074,631,0,0.2114,0.0351,0.178,3e-05,0.2214,0.0203,0.1724,0.0187,0.06571,1,0.0,1,36,right_elbow_link|torso_link;right_wrist_roll_link|torso_link
0.3532,632,0,0.3571,0.0947,0.2323,5e-05,0.3633,0.0862,0.2319,0.0105,0.08873,1,0.0,1,26,right_shoulder_yaw_link|torso_link
0.4834,633,0,0.4874,0.1209,0.2092,9e-05,0.5085,0.0786,0.2134,0.0475,0.09388,1,0.0,0,0,right_shoulder_roll_link|torso_link
0.1313,634,0,0.1353,-0.0524,0.1563,6e-05,0.1536,-0.0919,0.1556,0.0436,0.21517,1,0.0,0,0,right_hand_Link1_1|torso_link;right_hand_base_link|torso_link
0.108,636,0,0.112,0.0349,0.1646,5e-05,0.1845,-0.0329,0.1605,0.0993,0.45911,1,0.00012,0,0,right_hand_base_link|torso_link
0.5043,637,0,0.5083,-0.2433,-0.0765,0.0479,0.4754,-0.2461,-0.0371,0.0514,0.06187,0,0.0,0,0,
0.3577,638,0,0.3617,0.1689,0.0037,8e-05,0.4049,0.0702,-0.0311,0.1132,0.27224,1,0.00052,1,40,left_hand_Link2_1|right_hand_Link2_2;left_hand_Link2_1|right_hand_Link2_3;left_hand_base_link|right_hand_Link2_2;left_hand_base_link|right_hand_Link2_3;right_shoulder_yaw_link|torso_link
0.2181,639,0,0.2221,0.1177,0.2126,5e-05,0.221,0.1174,0.1988,0.0138,0.10627,1,0.0,1,144,right_elbow_link|torso_link
0.2144,640,0,0.2184,-0.099,0.1642,9e-05,0.2185,-0.099,0.1642,0.0001,0.0,0,0.0,0,0,
0.2348,641,0,0.2388,-0.011,0.1763,3e-05,0.2388,-0.0113,0.1756,0.0007,0.00439,1,2e-05,1,14,right_elbow_link|torso_link;right_wrist_roll_link|torso_link
0.1494,642,0,0.1534,0.0443,0.1873,7e-05,0.1631,0.034,0.1811,0.0155,0.0619,1,0.00034,0,0,right_hand_base_link|torso_link;right_wrist_pitch_link|torso_link;right_wrist_roll_link|torso_link
0.2168,643,0,0.2208,0.084,0.1545,7e-05,0.2549,0.0401,0.1434,0.0567,0.171,1,6e-05,1,148,right_elbow_link|torso_link;right_wrist_roll_link|torso_link
0.4388,644,0,0.4427,-0.2503,0.2454,4e-05,0.4427,-0.2503,0.2454,0.0,0.0,0,0.0,0,0,
0.3405,645,0,0.3445,-0.2425,-0.061,0.0001,0.3556,-0.2417,-0.0218,0.0408,0.17236,0,0.0,0,0,
0.3288,646,0,0.3327,0.0439,0.2368,9e-05,0.3349,0.0394,0.2265,0.0114,0.06379,1,0.0,1,14,right_shoulder_yaw_link|torso_link
0.147,647,0,0.151,-0.0212,0.1888,8e-05,0.1768,-0.0477,0.1792,0.0382,0.17338,1,0.00027,0,0,right_hand_base_link|torso_link
0.3848,648,0,0.3887,0.017,0.2081,7e-05,0.3902,0.0122,0.2043,0.0063,0.0327,1,0.0,1,6,right_shoulder_yaw_link|torso_link
0.1477,649,0,0.1517,0.0081,0.1193,9e-05,0.1929,-0.0554,0.1056,0.0769,0.31647,1,0.00019,1,26,right_hand_base_link|torso_link
0.3011,650,0,0.305,-0.0577,0.1976,6e-05,0.3051,-0.0576,0.1976,0.0001,0.0,1,0.0,0,0,right_shoulder_yaw_link|torso_link
0.2664,651,0,0.2704,-0.0997,0.134,0.0001,0.2705,-0.0997,0.1341,0.0001,0.0,0,0.0,0,0,
0.2795,652,0,0.2835,-0.1966,0.0167,6e-05,0.2835,-0.1966,0.0167,0.0,0.0,0,0.0,0,0,
0.162,653,0,0.1659,0.0695,0.186,4e-05,0.1911,0.0447,0.178,0.0363,0.13062,1,2e-05,1,20,right_wrist_roll_link|torso_link
0.3531,654,0,0.357,-0.152,0.0518,9e-05,0.3571,-0.1521,0.0517,0.0002,0.0,0,0.0,0,0,
0.2071,655,0,0.2111,-0.0074,0.1651,5e-05,0.2131,-0.0116,0.1633,0.005,0.01815,1,0.0,1,8,right_wrist_roll_link|torso_link
0.3891,656,0,0.393,-0.2436,0.1489,3e-05,0.393,-0.2436,0.1489,0.0,0.0,0,0.0,0,0,
0.0948,659,0,0.0988,0.0127,0.186,6e-05,0.1691,-0.0602,0.1946,0.1017,0.54324,1,0.0,0,0,right_hand_base_link|torso_link
0.3393,661,0,0.3432,0.1706,0.2455,7e-05,0.371,0.136,0.2133,0.0549,0.18109,1,0.00038,1,20,right_shoulder_roll_link|torso_link;right_shoulder_yaw_link|torso_link
0.1879,662,0,0.1919,0.0118,0.1694,5e-05,0.1964,0.0042,0.1658,0.0095,0.03744,1,0.0,1,10,right_wrist_roll_link|torso_link
0.3223,663,0,0.3263,-0.1274,-0.0132,5e-05,0.3263,-0.1274,-0.0132,0.0001,0.0,1,0.0,0,0,right_shoulder_yaw_link|torso_link
0.0961,664,0,0.1,-0.0198,0.187,5e-05,0.1494,-0.0866,0.1956,0.0835,0.4438,1,0.0,0,0,right_hand_Link1_1|torso_link
0.427,665,0,0.4309,-0.3142,0.1227,8e-05,0.4308,-0.3142,0.1227,0.0001,0.0,0,0.0,0,0,
0.1823,666,0,0.1862,0.0737,0.1599,3e-05,0.2136,0.0412,0.1482,0.0441,0.14571,1,1e-05,1,127,right_elbow_link|torso_link;right_wrist_roll_link|torso_link
0.1601,668,0,0.1641,0.0715,0.1636,4e-05,0.1824,0.0492,0.1482,0.0328,0.11279,1,0.0,1,133,right_wrist_roll_link|torso_link
0.3508,669,0,0.3547,0.1388,-0.0418,9e-05,0.4141,0.0574,-0.033,0.1012,0.22507,1,0.00012,1,28,right_shoulder_roll_link|torso_link;right_shoulder_yaw_link|torso_link
0.4105,672,0,0.4145,-0.0579,0.1099,8e-05,0.4144,-0.0579,0.11,0.0001,0.0,1,0.0,0,0,right_shoulder_yaw_link|torso_link
0.3846,673,0,0.3885,-0.1651,-0.1442,9e-05,0.4514,-0.1581,-0.0295,0.131,0.55672,0,0.0,0,0,
0.4462,676,0,0.4502,-0.0307,0.2485,6e-05,0.4501,-0.0307,0.2485,0.0001,0.0,0,0.0,0,0,
0.2916,677,0,0.2956,0.1596,0.2174,5e-05,0.3109,0.1364,0.1733,0.0522,0.17685,1,0.0,1,42,right_shoulder_yaw_link|torso_link
0.1337,679,0,0.1376,0.0171,0.1367,4e-05,0.1953,-0.0604,0.1234,0.0975,0.46627,1,0.0,0,0,right_hand_base_link|torso_link
0.4749,680,0,0.4789,-0.1305,0.1827,5e-05,0.4789,-0.1305,0.1827,0.0001,0.0,0,0.0,0,0,
0.0768,681,0,0.0808,0.0,0.2001,5e-05,0.1478,-0.0682,0.2195,0.0976,0.52377,1,7e-05,0,0,right_hand_Link1_1|torso_link;right_hand_base_link|torso_link
0.4628,682,0,0.4668,0.1444,0.2344,9e-05,0.4961,0.0913,0.2373,0.0607,0.12629,1,0.0,0,0,right_shoulder_roll_link|torso_link
0.45,683,0,0.4539,0.033,-0.003,0.0001,0.4538,0.0329,-0.0029,0.0001,0.0,1,0.0,0,0,right_shoulder_roll_link|torso_link;right_shoulder_yaw_link|torso_link
0.2796,685,0,0.2836,-0.2109,-0.0103,6e-05,0.2836,-0.211,-0.0104,0.0001,0.0,0,0.0,0,0,
0.0771,686,0,0.0811,-0.0002,0.1989,5e-05,0.148,-0.0699,0.2188,0.0987,0.53026,1,0.0,0,0,right_hand_Link1_1|torso_link;right_hand_base_link|torso_link
0.313,689,0,0.3169,-0.068,0.2037,5e-05,0.317,-0.068,0.2037,0.0001,0.0,1,0.0,0,0,right_shoulder_yaw_link|torso_link
0.5857,690,0,0.5897,-0.0891,0.0824,0.04641,0.5456,-0.093,0.0957,0.0462,0.0,0,0.0,0,0,
0.5752,691,0,0.5792,-0.0462,0.2483,0.01529,0.5641,-0.0487,0.2486,0.0153,0.0,0,0.0,0,0,
0.4357,692,0,0.4397,0.1273,0.2062,9e-05,0.4552,0.0994,0.1997,0.0326,0.08166,1,0.0,0,0,right_shoulder_roll_link|torso_link;right_shoulder_yaw_link|torso_link
0.3424,693,0,0.3464,-0.1606,0.1719,3e-05,0.3464,-0.1606,0.1719,0.0,0.0,0,0.0,0,0,
0.2738,694,0,0.2778,-0.1918,0.1449,9e-05,0.2779,-0.1918,0.145,0.0001,0.0,0,0.0,0,0,
0.4359,695,0,0.4399,-0.0419,-0.0284,7e-05,0.4398,-0.0419,-0.0284,0.0001,0.0,0,0.0,0,0,
0.1485,697,0,0.1525,-0.0326,0.1652,8e-05,0.1755,-0.0692,0.1596,0.0436,0.21391,1,0.00022,0,0,right_hand_base_link|torso_link
0.1038,699,0,0.1077,0.0121,0.1999,5e-05,0.1694,-0.0463,0.2051,0.085,0.43895,1,0.0,0,0,right_hand_base_link|torso_link
0.3025,700,0,0.3065,-0.0248,0.1949,5e-05,0.3066,-0.0248,0.1949,0.0001,0.0,1,0.0,1,14,right_shoulder_yaw_link|torso_link
0.2405,701,0,0.2445,-0.095,0.1193,4e-05,0.2445,-0.095,0.1193,0.0001,0.0,0,0.0,0,0,
0.1684,702,0,0.1723,0.0741,0.1885,3e-05,0.1997,0.0469,0.1801,0.0395,0.13804,1,0.0,1,44,right_elbow_link|torso_link;right_wrist_roll_link|torso_link
0.2653,703,0,0.2692,-0.0176,0.1518,8e-05,0.2691,-0.0176,0.1512,0.0006,0.00329,1,3e-05,1,60,right_elbow_link|torso_link;right_wrist_roll_link|torso_link
0.3057,704,0,0.3097,0.0534,0.1454,5e-05,0.3086,0.0478,0.1319,0.0146,0.06762,1,0.0,1,194,right_elbow_link|torso_link;right_shoulder_yaw_link|torso_link
0.3675,705,0,0.3715,0.1189,-0.0085,7e-05,0.4185,0.065,0.0125,0.0745,0.1813,1,0.0,1,50,right_shoulder_yaw_link|torso_link
0.185,706,0,0.189,0.109,0.1737,7e-05,0.2376,0.0613,0.1639,0.0688,0.21361,1,1e-05,1,160,right_elbow_link|torso_link;right_wrist_roll_link|torso_link
0.462,709,0,0.466,0.047,0.1256,7e-05,0.4659,0.047,0.1256,0.0001,0.0,1,0.0,0,0,right_shoulder_roll_link|torso_link;right_shoulder_yaw_link|torso_link
0.2935,712,0,0.2974,0.1913,0.0125,6e-05,0.353,0.1054,-0.0184,0.1069,0.31725,1,1e-05,1,78,right_shoulder_yaw_link|torso_link
0.2723,714,0,0.2763,0.1289,0.0585,9e-05,0.2653,0.1137,0.0534,0.0194,0.18581,1,0.00355,1,350,left_hand_base_link|right_hand_Link2_2;left_hand_base_link|right_hand_Link2_3;left_wrist_yaw_link|right_hand_Link2_2;left_wrist_yaw_link|right_hand_Link2_3;right_elbow_link|torso_link
0.1481,715,0,0.1521,-0.0047,0.1871,6e-05,0.1779,-0.0288,0.1803,0.036,0.16711,1,0.00043,0,0,right_hand_base_link|torso_link
0.2064,716,0,0.2103,-0.0986,0.1174,8e-05,0.2104,-0.0986,0.1174,0.0001,0.0,0,0.0,0,0,
0.5569,717,0,0.5609,-0.0237,0.28,0.00207,0.5588,-0.0241,0.2799,0.0021,0.0,0,0.0,0,0,
0.0831,719,0,0.0871,0.0049,0.1958,9e-05,0.155,-0.0626,0.2102,0.0969,0.51584,1,5e-05,0,0,right_hand_Link1_1|torso_link;right_hand_base_link|torso_link
0.39,720,0,0.3939,-0.0537,-0.0297,9e-05,0.3945,-0.0642,-0.0318,0.0107,0.03202,1,0.0,0,0,right_shoulder_yaw_link|torso_link
0.3023,721,0,0.3062,-0.2459,0.0939,5e-05,0.3063,-0.2459,0.0939,0.0001,0.0,0,0.0,0,0,
0.3258,725,0,0.3297,0.1359,0.1146,5e-05,0.331,0.107,0.0873,0.0398,0.20251,1,0.0,1,148,left_hand_Link1_1|right_hand_Link2_2;left_hand_Link1_1|right_hand_Link2_3;left_hand_base_link|right_hand_Link2_2;right_shoulder_yaw_link|torso_link
0.4777,726,0,0.4817,0.0241,0.1264,7e-05,0.4816,0.0241,0.1264,0.0001,0.0,0,0.0,0,0,
0.5283,728,0,0.5323,-0.103,0.0714,0.0001,0.5322,-0.103,0.0714,0.0001,0.0,0,0.0,0,0,
0.2316,730,0,0.2356,0.0442,0.1551,8e-05,0.249,0.0221,0.1473,0.0269,0.08468,1,2e-05,1,118,right_elbow_link|torso_link;right_wrist_roll_link|torso_link
0.1694,731,0,0.1734,0.0914,0.1647,0.0001,0.21,0.0534,0.1501,0.0547,0.17848,1,3e-05,1,134,right_elbow_link|torso_link;right_wrist_roll_link|torso_link
0.3825,732,0,0.3864,0.1756,0.1161,6e-05,0.4263,0.1016,0.0831,0.0903,0.22026,1,6e-05,1,26,right_shoulder_roll_link|torso_link;right_shoulder_yaw_link|torso_link
0.5706,733,0,0.5745,-0.2272,0.1944,0.01397,0.5609,-0.225,0.196,0.0139,0.0,0,0.0,0,0,
0.1286,734,0,0.1325,-0.0399,0.1762,7e-05,0.1551,-0.0799,0.1783,0.046,0.22916,1,0.00077,0,0,right_hand_Link1_1|torso_link;right_hand_base_link|torso_link
0.389,737,0,0.3929,0.1046,0.2328,6e-05,0.4033,0.0865,0.2209,0.024,0.08464,1,0.0,1,30,right_shoulder_yaw_link|torso_link
0.0987,738,0,0.1026,0.0044,0.2016,7e-05,0.161,-0.0523,0.2085,0.0817,0.42632,1,0.00051,0,0,right_hand_base_link|torso_link
0.2103,739,0,0.2142,0.0075,0.207,4e-05,0.2148,0.0067,0.2063,0.0012,0.00682,1,2e-05,0,0,right_elbow_link|torso_link;right_wrist_roll_link|torso_link
0.2157,742,0,0.2197,0.133,0.1174,7e-05,0.2309,0.1138,0.0958,0.031,0.15778,1,2e-05,1,260,right_elbow_link|torso_link
0.3652,743,0,0.3691,-0.2484,-0.0769,8e-05,0.3883,-0.2442,-0.0235,0.0569,0.24217,0,0.0,0,0,
0.2246,748,0,0.2285,0.0774,0.0891,8e-05,0.2498,0.0345,0.068,0.0524,0.13807,1,0.0,1,224,right_elbow_link|torso_link;right_wrist_roll_link|torso_link
0.5906,752,0,0.5946,-0.2096,0.2596,0.02782,0.567,-0.2062,0.2596,0.0278,0.0,0,0.0,0,0,
0.3377,753,0,0.3417,-0.1742,0.1572,4e-05,0.3417,-0.1743,0.1572,0.0001,0.0,0,0.0,0,0,
0.2876,754,0,0.2915,0.176,0.1757,7e-05,0.2962,0.1537,0.1371,0.0449,0.20413,1,0.0005,1,90,left_hand_base_link|right_hand_Link2_2;left_hand_base_link|right_hand_Link2_3;right_shoulder_yaw_link|torso_link
0.417,758,0,0.421,0.0635,0.2147,8e-05,0.4243,0.0559,0.2113,0.009,0.03157,1,1e-05,1,30,right_shoulder_yaw_link|torso_link
0.3603,760,0,0.3642,-0.0152,0.0179,5e-05,0.3638,-0.0329,0.0083,0.0201,0.0794,1,0.0,0,0,right_shoulder_yaw_link|torso_link
0.2589,761,0,0.2628,0.1723,0.1477,6e-05,0.2756,0.1437,0.1054,0.0526,0.19429,1,0.00063,1,302,left_hand_base_link|right_hand_Link1_2;left_hand_base_link|right_hand_Link1_3;left_hand_base_link|right_hand_Link2_2;left_hand_base_link|right_hand_Link2_3;right_elbow_link|torso_link;right_shoulder_yaw_link|torso_link
0.3429,762,0,0.3468,-0.1178,0.1385,4e-05,0.3469,-0.1178,0.1385,0.0001,0.0,0,0.0,0,0,
0.2334,763,0,0.2374,0.1332,0.0972,8e-05,0.2369,0.1118,0.0791,0.028,0.19011,1,0.00027,1,394,left_wrist_pitch_link|right_hand_Link2_2;right_elbow_link|torso_link;right_wrist_roll_link|torso_link
0.4359,764,0,0.4399,-0.2167,-0.016,9e-05,0.4398,-0.2167,-0.016,0.0001,0.0,0,0.0,0,0,
0.1761,766,0,0.1801,-0.026,0.1161,8e-05,0.1967,-0.0598,0.1106,0.038,0.15611,1,0.0,1,8,right_hand_base_link|torso_link
0.0956,768,0,0.0996,-0.0176,0.1926,5e-05,0.1493,-0.0823,0.2025,0.0822,0.4362,1,0.0,0,0,right_hand_Link1_1|torso_link;right_hand_base_link|torso_link
0.2219,769,0,0.2259,-0.0577,0.0795,4e-05,0.2259,-0.0577,0.0795,0.0,0.0,1,0.0,1,152,right_wrist_roll_link|torso_link
0.158,770,0,0.162,0.0063,0.192,4e-05,0.1651,0.0032,0.1908,0.0046,0.02212,1,0.00123,0,0,right_hand_Link1_1|torso_link;right_hand_base_link|torso_link;right_wrist_roll_link|torso_link;right_wrist_yaw_link|torso_link
0.3723,771,0,0.3763,-0.2382,0.0244,9e-05,0.3762,-0.2382,0.0245,0.0001,0.0,0,0.0,0,0,
0.4545,772,0,0.4585,-0.2395,0.1779,7e-05,0.4584,-0.2395,0.1779,0.0001,0.0,0,0.0,0,0,
0.2656,774,0,0.2696,-0.1351,0.1703,4e-05,0.2696,-0.1351,0.1703,0.0,0.0,0,0.0,0,0,
0.5228,777,0,0.5268,-0.24,0.1167,9e-05,0.5267,-0.24,0.1167,0.0001,0.0,0,0.0,0,0,
0.136,778,0,0.14,-0.0176,0.1373,7e-05,0.1758,-0.0786,0.1294,0.0712,0.36604,1,0.00071,0,0,right_hand_base_link|torso_link
0.2021,779,0,0.2061,-0.0771,0.1654,0.0001,0.2062,-0.0771,0.1654,0.0001,0.0,0,0.0,0,0,
0.269,781,0,0.273,0.0815,0.0895,7e-05,0.2711,0.0666,0.0667,0.0273,0.12371,1,6e-05,1,258,right_elbow_link|torso_link;right_wrist_roll_link|torso_link
0.1925,783,0,0.1965,0.0761,0.2118,8e-05,0.2192,0.0542,0.211,0.0316,0.10995,1,0.0,1,66,right_elbow_link|torso_link;right_wrist_roll_link|torso_link
0.2694,786,0,0.2734,0.0733,0.2178,5e-05,0.2733,0.0726,0.2097,0.0081,0.05823,1,0.0,1,112,right_elbow_link|torso_link;right_shoulder_yaw_link|torso_link
0.575,787,0,0.5789,-0.3385,0.2761,0.04302,0.5386,-0.324,0.2753,0.0428,0.0,0,0.0,0,0,
0.3663,788,0,0.3702,0.0288,-0.0007,7e-05,0.373,-0.0111,-0.02,0.0444,0.13939,1,0.0,0,0,right_shoulder_yaw_link|torso_link
0.1266,789,0,0.1305,0.0483,0.1659,8e-05,0.1739,0.0176,0.1612,0.0534,0.20742,1,1e-05,1,16,right_hand_base_link|torso_link;right_wrist_pitch_link|torso_link;right_wrist_roll_link|torso_link;right_wrist_yaw_link|torso_link
0.4372,790,0,0.4412,-0.3421,0.0682,9e-05,0.4411,-0.3421,0.0683,0.0001,0.0,0,0.0,0,0,
0.102,792,0,0.1059,0.0206,0.2036,4e-05,0.1703,-0.0215,0.1971,0.0772,0.38575,1,0.00053,0,0,right_hand_base_link|torso_link
0.0889,794,0,0.0928,-0.0088,0.1908,5e-05,0.1503,-0.0762,0.203,0.0894,0.47804,1,0.0,0,0,right_hand_Link1_1|torso_link;right_hand_base_link|torso_link
0.3713,795,0,0.3752,0.1902,-0.0956,0.04658,0.3884,0.1101,-0.0402,0.0983,0.46692,1,0.0,0,0,right_shoulder_roll_link|torso_link;right_shoulder_yaw_link|torso_link
0.3714,797,0,0.3754,-0.2581,0.1289,9e-05,0.3755,-0.2581,0.1289,0.0001,0.0,0,0.0,0,0,
0.1996,799,0,0.2036,0.0668,0.1785,9e-05,0.2273,0.0381,0.1701,0.0382,0.12621,1,0.0,1,104,right_elbow_link|torso_link;right_wrist_roll_link|torso_link
0.1882,800,0,0.1921,0.0095,0.088,4e-05,0.1953,-0.0013,0.0817,0.0129,0.04238,1,1e-05,1,651,right_hand_base_link|torso_link;right_wrist_pitch_link|torso_link;right_wrist_roll_link|torso_link;right_wrist_yaw_link|torso_link
0.1081,802,0,0.1121,0.0088,0.1886,5e-05,0.1729,-0.057,0.193,0.0897,0.46618,1,0.00016,0,0,right_hand_base_link|torso_link
0.14,803,0,0.144,0.0217,0.2092,4e-05,0.1695,0.0052,0.206,0.0305,0.13448,1,5e-05,0,0,logo_link|right_hand_base_link;right_hand_base_link|torso_link;right_wrist_pitch_link|torso_link;right_wrist_roll_link|torso_link
0.2441,804,0,0.248,0.0078,0.2173,8e-05,0.2481,0.0079,0.2173,0.0001,0.0,1,0.0,1,52,right_elbow_link|torso_link;right_wrist_roll_link|torso_link
0.1871,805,0,0.1911,-0.0253,0.1019,6e-05,0.1995,-0.0406,0.0991,0.0177,0.08104,1,0.0,1,122,right_hand_base_link|torso_link;right_wrist_pitch_link|torso_link;right_wrist_roll_link|torso_link;right_wrist_yaw_link|torso_link
0.2218,806,0,0.2258,0.0389,0.1867,9e-05,0.2358,0.0242,0.1813,0.0186,0.06321,1,0.0,1,72,right_elbow_link|torso_link;right_wrist_roll_link|torso_link
0.3305,808,0,0.3345,0.1861,0.1231,5e-05,0.3214,0.1881,0.153,0.0327,0.29733,1,0.00079,1,30,left_hand_base_link|right_hand_Link2_1;left_hand_base_link|right_hand_Link2_2;left_hand_base_link|right_hand_Link2_3;left_hand_base_link|right_hand_base_link;right_shoulder_yaw_link|torso_link
0.2854,809,0,0.2894,-0.0582,0.0777,7e-05,0.2894,-0.0582,0.0777,0.0,0.0,0,0.0,0,0,
0.2723,810,0,0.2762,0.1521,-0.0023,5e-05,0.2967,0.0976,-0.0298,0.0645,0.26673,1,9e-05,1,254,right_shoulder_yaw_link|torso_link
0.1741,811,0,0.1781,0.0793,0.1604,3e-05,0.2102,0.0438,0.1486,0.0493,0.16324,1,0.0,1,125,right_elbow_link|torso_link;right_wrist_roll_link|torso_link
0.41,812,0,0.4139,-0.2301,-0.0038,5e-05,0.4139,-0.2301,-0.0038,0.0,0.0,0,0.0,0,0,
0.3116,815,0,0.3156,0.023,0.2234,4e-05,0.3159,0.0212,0.2158,0.0078,0.04751,1,0.0,1,52,right_shoulder_yaw_link|torso_link
0.2435,816,0,0.2475,-0.1078,0.2001,5e-05,0.2475,-0.1078,0.2001,0.0,0.0,0,0.0,0,0,
0.2533,817,0,0.2573,-0.1536,0.2197,5e-05,0.2573,-0.1536,0.2197,0.0001,0.0,0,0.0,0,0,
0.3791,818,0,0.383,0.0386,0.101,8e-05,0.3865,0.0167,0.0856,0.027,0.10461,1,0.0,1,36,right_shoulder_yaw_link|torso_link
0.3505,819,0,0.3545,0.0789,0.2436,4e-05,0.3592,0.0718,0.2397,0.0094,0.07725,1,1e-05,1,12,right_shoulder_yaw_link|torso_link
0.2941,820,0,0.298,-0.1465,0.2221,7e-05,0.2981,-0.1465,0.2221,0.0001,0.0,0,0.0,0,0,
0.3115,822,0,0.3154,-0.088,0.2402,5e-05,0.3155,-0.088,0.2402,0.0001,0.0,0,0.0,0,0,
0.2612,823,0,0.2651,-0.1674,0.0783,0.0001,0.2652,-0.1674,0.0783,0.0001,0.0,0,0.0,0,0,
0.3594,826,0,0.3634,-0.2807,0.1543,4e-05,0.3634,-0.2807,0.1543,0.0,0.0,0,0.0,0,0,
0.3735,827,0,0.3775,-0.0693,0.2489,3e-05,0.3775,-0.0693,0.2489,0.0,0.0,0,0.0,0,0,
0.4194,828,0,0.4233,0.02,0.1681,0.0001,0.4245,0.0157,0.1662,0.0049,0.0188,1,0.0,1,26,right_shoulder_yaw_link|torso_link
0.1577,830,0,0.1617,0.0066,0.1476,9e-05,0.1947,-0.0362,0.1429,0.0543,0.27588,1,3e-05,0,0,right_hand_base_link|torso_link;right_wrist_pitch_link|torso_link;right_wrist_yaw_link|torso_link
0.5276,831,0,0.5315,-0.1278,0.2252,8e-05,0.5315,-0.1278,0.2252,0.0001,0.0,0,0.0,0,0,
0.5234,835,0,0.5274,-0.4311,0.1704,0.04113,0.4924,-0.4114,0.1769,0.0407,0.0,0,0.0,0,0,
0.2185,836,0,0.2224,0.0291,0.2165,0.0001,0.2261,0.0242,0.2142,0.0065,0.02384,1,0.0,1,54,right_elbow_link|torso_link;right_wrist_roll_link|torso_link
0.1465,838,0,0.1505,0.0542,0.1656,6e-05,0.1617,0.0401,0.1549,0.0209,0.07989,1,0.0,1,76,right_hand_base_link|torso_link;right_wrist_pitch_link|torso_link;right_wrist_roll_link|torso_link
0.5051,839,0,0.5091,-0.0617,0.1295,0.0001,0.509,-0.0617,0.1295,0.0001,0.0,0,0.0,0,0,
0.2611,840,0,0.2651,0.0029,0.0485,8e-05,0.2676,-0.0129,0.0407,0.0178,0.04259,1,0.0,1,85,right_elbow_link|torso_link;right_wrist_roll_link|torso_link
0.4662,841,0,0.4702,0.0721,0.1661,7e-05,0.4704,0.0714,0.166,0.0007,0.00259,1,0.0,0,0,right_shoulder_roll_link|torso_link;right_shoulder_yaw_link|torso_link
0.4003,842,0,0.4043,-0.2514,0.2369,7e-05,0.4042,-0.2514,0.2369,0.0001,0.0,0,0.0,0,0,
0.3361,843,0,0.34,-0.0216,-0.0209,4e-05,0.3377,-0.0333,-0.0252,0.0126,0.07521,1,2e-05,0,0,right_shoulder_yaw_link|torso_link
0.4201,844,0,0.424,-0.0883,0.1609,9e-05,0.424,-0.0883,0.1609,0.0001,0.0,0,0.0,0,0,
0.453,845,0,0.457,-0.2227,0.2259,5e-05,0.4569,-0.2227,0.2259,0.0001,0.0,0,0.0,0,0,
0.3389,847,0,0.3429,-0.0578,0.1403,4e-05,0.3428,-0.058,0.1399,0.0004,0.00295,1,0.0,0,0,right_shoulder_yaw_link|torso_link
0.198,848,0,0.2019,0.0953,0.101,8e-05,0.2421,0.0381,0.0804,0.0729,0.21018,1,0.0,1,198,right_elbow_link|torso_link;right_wrist_roll_link|torso_link
0.2275,849,0,0.2314,-0.0354,0.1088,4e-05,0.2313,-0.0358,0.1082,0.0007,0.00383,1,2e-05,1,10,right_wrist_pitch_link|torso_link;right_wrist_roll_link|torso_link
0.1355,850,0,0.1395,0.0422,0.2018,9e-05,0.1641,0.0259,0.1976,0.0298,0.09012,1,0.0,0,0,logo_link|right_hand_base_link;right_hand_base_link|torso_link;right_wrist_pitch_link|torso_link;right_wrist_roll_link|torso_link
0.1387,851,0,0.1427,0.0028,0.1897,7e-05,0.1774,-0.0301,0.1844,0.0481,0.23485,1,8e-05,0,0,right_hand_base_link|torso_link
0.2876,852,0,0.2916,0.0757,0.185,5e-05,0.2918,0.0724,0.1741,0.0114,0.0758,1,0.0,1,140,right_elbow_link|torso_link;right_shoulder_yaw_link|torso_link
0.3838,853,0,0.3877,0.1615,0.1514,5e-05,0.4198,0.1161,0.1479,0.0557,0.17769,1,0.0,1,20,right_shoulder_roll_link|torso_link;right_shoulder_yaw_link|torso_link
0.2029,854,0,0.2069,0.0994,0.2147,6e-05,0.2039,0.1009,0.2029,0.0123,0.09669,1,0.0,1,120,right_elbow_link|torso_link
0.2325,855,0,0.2364,0.0199,0.1399,9e-05,0.2442,0.0039,0.1337,0.0188,0.0603,1,0.0,1,100,right_elbow_link|torso_link;right_wrist_roll_link|torso_link
0.2211,856,0,0.225,0.1707,0.066,3e-05,0.2298,0.1407,0.1017,0.0468,0.29714,1,0.0,1,438,left_wrist_pitch_link|right_hand_Link2_2;left_wrist_yaw_link|right_hand_Link2_2;right_elbow_link|torso_link
0.1357,857,0,0.1397,-0.0001,0.2053,8e-05,0.168,-0.0211,0.1991,0.0357,0.15928,1,0.00015,0,0,right_hand_base_link|torso_link
0.4169,858,0,0.4209,-0.114,0.1828,6e-05,0.4208,-0.114,0.1828,0.0001,0.0,0,0.0,0,0,
0.4108,860,0,0.4148,0.0229,-0.1261,0.01967,0.443,0.0354,-0.0331,0.098,0.4009,1,2e-05,0,0,right_shoulder_roll_link|torso_link;right_shoulder_yaw_link|torso_link
0.4306,861,0,0.4346,-0.18,0.0887,9e-05,0.4345,-0.18,0.0888,0.0002,0.0,0,0.0,0,0,
0.4686,862,0,0.4726,-0.3441,0.0164,0.00081,0.4719,-0.3439,0.0167,0.0008,0.0,0,0.0,0,0,
0.2946,864,0,0.2985,0.1367,0.1715,4e-05,0.3023,0.1215,0.1417,0.0336,0.16096,1,0.00042,1,154,left_hand_base_link|right_hand_Link2_2;left_hand_base_link|right_hand_Link2_3;right_shoulder_yaw_link|torso_link
0.1443,865,0,0.1483,-0.0425,0.1923,5e-05,0.1622,-0.0683,0.1955,0.0295,0.1353,1,0.0,0,0,right_hand_base_link|torso_link
0.0764,866,0,0.0804,0.0001,0.1997,5e-05,0.1487,-0.0674,0.2171,0.0976,0.52084,1,0.0,0,0,right_hand_Link1_1|torso_link;right_hand_base_link|torso_link
0.3299,867,0,0.3339,-0.0197,0.04,5e-05,0.3322,-0.0269,0.0332,0.0101,0.05075,1,0.0,0,0,right_shoulder_yaw_link|torso_link
0.4742,868,0,0.4781,-0.3002,0.1177,7e-05,0.4781,-0.3002,0.1177,0.0,0.0,0,0.0,0,0,
0.42,870,0,0.4239,0.0518,0.062,6e-05,0.431,0.0256,0.0531,0.0285,0.07825,1,5e-05,1,32,right_shoulder_yaw_link|torso_link
0.1711,873,0,0.1751,0.1055,0.1385,9e-05,0.2192,0.0569,0.1188,0.0685,0.20933,1,0.0,1,161,right_elbow_link|torso_link;right_wrist_roll_link|torso_link
0.2547,874,0,0.2586,0.0531,0.2311,5e-05,0.2582,0.0534,0.2256,0.0055,0.03441,1,0.0,1,96,right_elbow_link|torso_link
0.221,876,0,0.225,0.0214,0.1503,3e-05,0.2326,0.007,0.1444,0.0173,0.05833,1,0.0,1,97,right_elbow_link|torso_link;right_wrist_roll_link|torso_link
0.5175,877,0,0.5214,-0.3639,0.196,0.00234,0.5193,-0.363,0.1962,0.0023,0.0,0,0.0,0,0,
0.457,878,0,0.461,-0.0198,0.1495,6e-05,0.4609,-0.0198,0.1495,0.0001,0.0,0,0.0,0,0,
0.0872,879,0,0.0912,-0.0082,0.1898,5e-05,0.1502,-0.0765,0.2021,0.0911,0.48763,1,0.0,0,0,right_hand_Link1_1|torso_link;right_hand_base_link|torso_link
0.2474,880,0,0.2514,0.1604,0.1854,5e-05,0.2571,0.146,0.1481,0.0404,0.15538,1,0.0,1,248,right_elbow_link|torso_link;right_shoulder_yaw_link|torso_link
0.2186,881,0,0.2226,0.0624,0.2,8e-05,0.2349,0.0461,0.1903,0.0227,0.07058,1,0.0,1,112,right_elbow_link|torso_link;right_wrist_roll_link|torso_link
0.4021,882,0,0.4061,-0.1512,0.1408,5e-05,0.406,-0.1512,0.1408,0.0001,0.0,0,0.0,0,0,
0.4499,883,0,0.4538,-0.0464,-0.1012,0.01676,0.4686,-0.0308,-0.0385,0.0663,0.26115,0,0.0,0,0,
0.0798,884,0,0.0837,-0.0026,0.1984,5e-05,0.1482,-0.0718,0.2168,0.0964,0.51739,1,0.0,0,0,right_hand_Link1_1|torso_link;right_hand_base_link|torso_link
0.1749,885,0,0.1788,0.0264,0.1911,6e-05,0.1841,0.0194,0.1874,0.0095,0.03902,1,1e-05,0,0,right_wrist_roll_link|torso_link
0.2267,887,0,0.2307,0.0608,0.1559,8e-05,0.2503,0.0312,0.1456,0.0369,0.11293,1,1e-05,1,158,right_elbow_link|torso_link;right_wrist_roll_link|torso_link
0.5042,890,0,0.5081,-0.0674,0.1225,0.0001,0.5081,-0.0674,0.1225,0.0001,0.0,0,0.0,0,0,
0.131,892,0,0.135,-0.0069,0.1936,0.0001,0.1712,-0.0471,0.192,0.0541,0.26631,1,8e-05,0,0,right_hand_base_link|torso_link
0.5273,893,0,0.5312,-0.3778,0.1975,0.01656,0.5164,-0.3709,0.1994,0.0164,0.0,0,0.0,0,0,
0.2342,894,0,0.2382,-0.0304,0.1626,4e-05,0.2382,-0.0303,0.1626,0.0001,0.0,1,0.0,1,2,right_wrist_roll_link|torso_link
0.3141,898,0,0.318,0.0131,0.199,4e-05,0.3179,0.0116,0.1934,0.0058,0.03548,1,0.0,1,40,right_shoulder_yaw_link|torso_link
0.4784,900,0,0.4824,-0.2975,0.0616,8e-05,0.4823,-0.2975,0.0617,0.0001,0.0,0,0.0,0,0,
0.2795,901,0,0.2835,0.0728,0.1663,5e-05,0.2832,0.07,0.1566,0.0101,0.08382,1,0.0,1,194,right_elbow_link|torso_link
0.4114,902,0,0.4154,-0.1875,0.1411,6e-05,0.4153,-0.1875,0.1411,0.0001,0.0,0,0.0,0,0,
0.2839,904,0,0.2879,-0.0192,0.0326,7e-05,0.2864,-0.0211,0.0294,0.004,0.02266,1,1e-05,1,56,right_elbow_link|torso_link;right_shoulder_yaw_link|torso_link;right_wrist_roll_link|torso_link
0.0848,905,0,0.0887,0.0007,0.1924,0.0001,0.1537,-0.0677,0.2061,0.0953,0.51021,1,0.00026,0,0,right_hand_Link1_1|torso_link;right_hand_base_link|torso_link
0.2682,910,0,0.2721,0.0409,0.1581,6e-05,0.2742,0.0332,0.1488,0.0123,0.04486,1,1e-05,1,162,right_elbow_link|torso_link;right_wrist_roll_link|torso_link
0.3136,911,0,0.3176,-0.002,0.05,6e-05,0.3153,-0.008,0.0423,0.0101,0.05004,1,0.0,1,26,right_elbow_link|torso_link;right_shoulder_yaw_link|torso_link
0.3797,912,0,0.3837,0.0383,0.2002,8e-05,0.3868,0.0292,0.1922,0.0125,0.05901,1,0.0,1,10,right_shoulder_yaw_link|torso_link
0.5678,916,0,0.5717,-0.2142,0.0491,0.04282,0.5321,-0.209,0.0639,0.0426,0.0,0,0.0,0,0,
0.4412,917,0,0.4451,0.173,0.2026,0.0001,0.4892,0.1003,0.2013,0.0851,0.17617,1,0.0,0,0,right_shoulder_roll_link|torso_link
0.5008,918,0,0.5047,0.1076,0.0324,0.03647,0.5029,0.033,0.0518,0.0771,0.12143,1,0.0,0,0,right_shoulder_roll_link|torso_link
0.1382,919,0,0.1422,0.0045,0.1365,4e-05,0.1936,-0.0743,0.1233,0.095,0.49645,1,0.00027,0,0,right_hand_base_link|torso_link
0.1208,920,0,0.1248,-0.0363,0.1659,8e-05,0.1539,-0.0867,0.1664,0.0582,0.29777,1,0.0,0,0,right_hand_Link1_1|torso_link;right_hand_base_link|torso_link
0.2989,921,0,0.3028,-0.0272,0.032,7e-05,0.3008,-0.0308,0.0273,0.0062,0.03473,1,0.0,0,0,right_elbow_link|torso_link;right_shoulder_yaw_link|torso_link
0.1793,925,0,0.1833,-0.0715,0.1742,6e-05,0.1833,-0.0714,0.1742,0.0001,0.0,0,0.0,0,0,
0.2501,926,0,0.2541,0.141,0.0491,3e-05,0.2599,0.1089,0.0145,0.0475,0.20832,1,0.0,1,322,right_elbow_link|torso_link
0.1804,927,0,0.1843,-0.0706,0.1486,5e-05,0.1844,-0.0706,0.1486,0.0001,0.0,1,0.0,0,0,right_hand_base_link|torso_link
0.0844,929,0,0.0883,0.0029,0.1938,9e-05,0.1546,-0.0653,0.208,0.0962,0.5155,1,0.0003,0,0,right_hand_Link1_1|torso_link;right_hand_base_link|torso_link
0.2351,932,0,0.2391,0.1321,0.1543,6e-05,0.2394,0.1211,0.1248,0.0315,0.16273,1,1e-05,1,272,right_elbow_link|torso_link
0.3666,933,0,0.3705,-0.2609,0.2282,6e-05,0.3706,-0.2609,0.2283,0.0001,0.0,0,0.0,0,0,
0.3324,934,0,0.3363,0.1631,0.0417,9e-05,0.2953,0.1657,0.0534,0.0427,0.54879,1,0.02765,1,34,left_hand_Link1_1|right_hand_Link1_2;left_hand_Link1_1|right_hand_Link1_3;left_hand_Link2_1|right_hand_Link1_2;left_hand_Link2_1|right_hand_Link1_3;left_hand_base_link|right_hand_Link1_2;left_hand_base_link|right_hand_Link1_3;left_hand_base_link|right_hand_Link2_2;left_hand_base_link|right_hand_Link2_3;left_wrist_pitch_link|right_hand_Link2_2;left_wrist_yaw_link|right_hand_Link2_2;left_wrist_yaw_link|right_hand_Link2_3;right_shoulder_yaw_link|torso_link
0.2818,936,0,0.2857,0.0712,0.2066,5e-05,0.2858,0.0683,0.1933,0.0136,0.06472,1,2e-05,1,120,right_elbow_link|torso_link;right_shoulder_yaw_link|torso_link
0.388,938,0,0.392,0.1668,0.2446,5e-05,0.4209,0.1262,0.2266,0.053,0.14675,1,0.0,0,0,right_shoulder_roll_link|torso_link;right_shoulder_yaw_link|torso_link
0.4298,940,0,0.4337,0.1201,0.0625,0.0001,0.454,0.0751,0.0525,0.0503,0.10654,1,1e-05,0,0,right_shoulder_roll_link|torso_link;right_shoulder_yaw_link|torso_link
0.1121,941,0,0.116,-0.0038,0.1835,6e-05,0.1663,-0.0665,0.1885,0.0805,0.42421,1,0.00023,0,0,right_hand_base_link|torso_link
0.1349,942,0,0.1388,-0.0,0.1588,6e-05,0.1857,-0.0656,0.1551,0.0807,0.4217,1,0.00048,0,0,right_hand_base_link|torso_link
0.518,943,0,0.522,-0.3426,0.2532,9e-05,0.5219,-0.3426,0.2532,0.0001,0.0,0,0.0,0,0,
0.2787,945,0,0.2827,-0.1439,0.1005,8e-05,0.2828,-0.1439,0.1005,0.0001,0.0,0,0.0,0,0,
0.29,946,0,0.2939,-0.1154,0.2081,8e-05,0.294,-0.1154,0.2081,0.0001,0.0,0,0.0,0,0,
0.2919,947,0,0.2959,0.0318,0.2064,5e-05,0.2957,0.031,0.2013,0.0052,0.0287,1,0.0,1,102,right_elbow_link|torso_link;right_shoulder_yaw_link|torso_link
0.139,948,0,0.1429,0.0155,0.2028,5e-05,0.1678,-0.001,0.1984,0.0302,0.13488,1,0.00059,0,0,right_hand_Link1_1|torso_link;right_hand_base_link|torso_link;right_wrist_roll_link|torso_link;right_wrist_yaw_link|torso_link
0.1243,949,0,0.1283,-0.0407,0.2056,9e-05,0.1502,-0.0765,0.2099,0.0422,0.20462,1,0.0,0,0,right_hand_Link1_1|torso_link;right_hand_base_link|torso_link
0.2512,950,0,0.2552,-0.2106,0.0176,8e-05,0.2553,-0.2107,0.0175,0.0001,0.0,0,0.0,0,0,
0.5169,952,0,0.5209,-0.3684,0.2262,0.00155,0.5195,-0.3678,0.2263,0.0015,0.0,0,0.0,0,0,
0.2303,953,0,0.2343,0.1393,0.1971,5e-05,0.2352,0.1384,0.19,0.0073,0.10815,1,0.0,1,184,right_elbow_link|torso_link;right_shoulder_yaw_link|torso_link
0.1542,954,0,0.1581,0.0628,0.1397,4e-05,0.1657,0.0466,0.122,0.0252,0.07901,1,1e-05,1,146,right_hand_base_link|torso_link;right_wrist_pitch_link|torso_link;right_wrist_roll_link|torso_link
0.5156,955,0,0.5196,0.0319,0.2257,9e-05,0.5195,0.0319,0.2257,0.0001,0.0,1,0.0,0,0,right_shoulder_roll_link|torso_link
0.1578,956,0,0.1617,-0.0252,0.2109,7e-05,0.1713,-0.0289,0.2025,0.0132,0.0547,1,0.00075,0,0,right_hand_base_link|torso_link
0.2313,957,0,0.2352,-0.0398,0.1604,4e-05,0.2353,-0.0398,0.1604,0.0001,0.0,1,0.0,0,0,right_wrist_roll_link|torso_link
0.3317,958,0,0.3357,-0.0828,-0.0357,4e-05,0.3383,-0.0867,-0.0239,0.0127,0.05508,1,0.0,0,0,right_shoulder_yaw_link|torso_link
0.4077,959,0,0.4117,0.1971,0.0695,0.0001,0.489,0.0708,0.0651,0.1481,0.27639,1,1e-05,0,0,right_shoulder_roll_link|torso_link
0.3132,961,0,0.3172,-0.0773,0.1308,6e-05,0.3172,-0.0773,0.1308,0.0,0.0,1,0.0,0,0,right_shoulder_yaw_link|torso_link
0.1684,962,0,0.1724,0.0671,0.1137,3e-05,0.179,0.046,0.092,0.031,0.08455,1,1e-05,1,743,right_wrist_pitch_link|torso_link;right_wrist_roll_link|torso_link
0.5537,964,0,0.5577,-0.0461,0.2202,0.0001,0.5576,-0.0461,0.2202,0.0001,0.0,0,0.0,0,0,
0.232,966,0,0.2359,0.0112,0.1997,0.0001,0.2376,0.0085,0.1986,0.0034,0.01269,1,2e-05,1,38,right_elbow_link|torso_link;right_wrist_roll_link|torso_link
0.2181,967,0,0.2221,0.106,0.0929,8e-05,0.258,0.0513,0.0702,0.0693,0.18314,1,0.0,1,296,right_elbow_link|torso_link;right_wrist_roll_link|torso_link
0.3932,968,0,0.3972,-0.3162,0.0789,8e-05,0.3971,-0.3162,0.0789,0.0001,0.0,0,0.0,0,0,
0.3184,973,0,0.3223,-0.1287,0.1738,5e-05,0.3224,-0.1287,0.1738,0.0001,0.0,0,0.0,0,0,
0.3327,974,0,0.3367,-0.2205,0.1446,3e-05,0.3367,-0.2205,0.1446,0.0001,0.0,0,0.0,0,0,
0.1857,975,0,0.1897,0.0921,0.1365,9e-05,0.2272,0.0468,0.1201,0.061,0.18724,1,0.0,1,145,right_elbow_link|torso_link;right_wrist_roll_link|torso_link
0.1561,976,0,0.1601,0.0666,0.1282,4e-05,0.1707,0.0462,0.11,0.0294,0.09306,1,0.0,1,279,right_wrist_pitch_link|torso_link;right_wrist_roll_link|torso_link
0.3403,977,0,0.3443,-0.0458,0.179,4e-05,0.3443,-0.0462,0.178,0.0011,0.00957,1,0.0,0,0,right_shoulder_yaw_link|torso_link
0.2753,980,0,0.2793,0.0105,0.0292,8e-05,0.2799,-0.0041,0.0202,0.0171,0.04295,1,0.0,1,84,right_elbow_link|torso_link;right_shoulder_yaw_link|torso_link;right_wrist_roll_link|torso_link
0.2906,981,0,0.2946,-0.0538,0.1826,7e-05,0.2946,-0.0538,0.1826,0.0,0.0,0,0.0,0,0,
0.282,982,0,0.286,0.0007,0.2029,6e-05,0.286,0.0007,0.2029,0.0,0.0,1,0.0,1,64,right_elbow_link|torso_link;right_shoulder_yaw_link|torso_link
0.5055,983,0,0.5095,0.1191,0.1773,0.00695,0.5396,0.0348,0.1922,0.0907,0.16287,1,0.0,0,0,right_shoulder_roll_link|torso_link
0.3945,984,0,0.3985,-0.07,0.1147,4e-05,0.3985,-0.0704,0.1145,0.0004,0.00197,1,0.0,0,0,right_shoulder_yaw_link|torso_link
0.1828,985,0,0.1868,0.0112,0.1839,6e-05,0.1903,0.0057,0.1813,0.007,0.02757,1,0.0,0,0,right_wrist_roll_link|torso_link
0.1109,986,0,0.1149,-0.0124,0.2058,8e-05,0.1565,-0.0613,0.2119,0.0645,0.33097,1,0.0006,0,0,right_hand_Link1_1|torso_link;right_hand_base_link|torso_link
0.2223,987,0,0.2263,-0.0193,0.1848,4e-05,0.2263,-0.0192,0.1848,0.0001,0.0,1,0.0,0,0,right_wrist_roll_link|torso_link
0.3692,988,0,0.3732,-0.207,-0.1283,8e-05,0.4194,-0.2064,-0.0196,0.1181,0.5117,0,0.0,0,0,
0.1751,990,0,0.179,0.0607,0.1945,4e-05,0.1978,0.0407,0.1876,0.0283,0.10248,1,0.0,1,18,right_elbow_link|torso_link;right_wrist_roll_link|torso_link
0.3775,992,0,0.3814,0.0834,-0.0258,9e-05,0.4026,0.0249,-0.0364,0.0631,0.16597,1,0.0,1,34,right_shoulder_yaw_link|torso_link
0.1303,993,0,0.1342,0.0102,0.184,7e-05,0.1822,-0.0384,0.18,0.0684,0.34663,1,0.0,0,0,right_hand_base_link|torso_link
0.1751,994,0,0.1791,-0.1135,0.1189,6e-05,0.1791,-0.1135,0.1189,0.0,0.0,0,0.0,0,0,
0.1071,995,0,0.1111,-0.0083,0.2025,8e-05,0.1569,-0.0597,0.2088,0.0691,0.35581,1,0.00031,0,0,right_hand_Link1_1|torso_link;right_hand_base_link|torso_link
0.2414,996,0,0.2454,0.1274,0.127,7e-05,0.2452,0.1136,0.0977,0.0324,0.16878,1,0.0,1,260,right_elbow_link|torso_link
0.2449,998,0,0.2488,-0.1438,0.2125,6e-05,0.2489,-0.1438,0.2125,0.0001,0.0,0,0.0,0,0,
0.1935,999,0,0.1975,0.0236,0.1778,4e-05,0.2042,0.0135,0.1734,0.0129,0.0492,1,0.0,1,22,right_wrist_roll_link|torso_link
0.4726,1000,0,0.4766,-0.1546,0.2039,9e-05,0.4765,-0.1546,0.2039,0.0001,0.0,0,0.0,0,0,
0.4439,1001,0,0.4478,0.0877,0.0572,0.0001,0.4569,0.0653,0.0532,0.0245,0.05282,1,1e-05,0,0,right_shoulder_roll_link|torso_link;right_shoulder_yaw_link|torso_link
0.3296,1002,0,0.3336,-0.0723,0.1866,4e-05,0.3336,-0.0723,0.1866,0.0,0.0,1,0.0,0,0,right_shoulder_yaw_link|torso_link
0.1939,1004,0,0.1978,0.1197,0.1058,8e-05,0.2443,0.0577,0.0782,0.0823,0.22401,1,0.0,1,303,right_elbow_link|torso_link;right_wrist_roll_link|torso_link
0.1225,1005,0,0.1265,-0.017,0.1515,4e-05,0.167,-0.0799,0.1469,0.075,0.38851,1,0.0,0,0,right_hand_base_link|torso_link
0.2636,1007,0,0.2675,-0.104,0.0473,8e-05,0.2676,-0.104,0.0473,0.0001,0.0,0,0.0,0,0,
0.4209,1008,0,0.4249,0.1594,0.0379,0.0001,0.4452,0.1061,0.0216,0.0594,0.28262,1,0.0,0,0,left_hand_Link1_2|right_hand_Link2_1;left_hand_Link1_2|right_hand_base_link;left_hand_Link2_2|right_hand_Link2_2;left_hand_Link2_2|right_hand_Link2_3;left_hand_Link2_3|right_hand_Link2_2;left_hand_Link2_3|right_hand_Link2_3;right_shoulder_roll_link|torso_link
0.2929,1009,0,0.2969,-0.1439,0.2143,7e-05,0.297,-0.1439,0.2143,0.0001,0.0,0,0.0,0,0,
0.2082,1010,0,0.2121,0.0729,0.1763,8e-05,0.2396,0.0391,0.1674,0.0444,0.14163,1,3e-05,1,152,right_elbow_link|torso_link;right_wrist_roll_link|torso_link
0.5301,1012,0,0.5341,-0.1917,-0.0125,0.03071,0.5071,-0.189,0.0014,0.0305,0.0,0,0.0,0,0,
0.3598,1013,0,0.3638,-0.0853,0.1134,0.0001,0.3639,-0.0853,0.1134,0.0001,0.0,1,0.0,0,0,right_shoulder_yaw_link|torso_link
0.2643,1014,0,0.2683,0.1993,0.07,6e-05,0.2028,0.1833,0.115,0.0811,0.48815,1,0.02484,1,232,left_hand_base_link|right_hand_Link1_2;left_hand_base_link|right_hand_Link1_3;left_wrist_pitch_link|right_hand_Link2_2;left_wrist_pitch_link|right_hand_Link2_3;left_wrist_yaw_link|right_hand_Link2_2;left_wrist_yaw_link|right_hand_Link2_3;right_shoulder_yaw_link|torso_link
0.459,1015,0,0.463,-0.2614,0.1068,9e-05,0.4629,-0.2614,0.1068,0.0001,0.0,0,0.0,0,0,
0.3615,1016,0,0.3655,0.034,0.2095,4e-05,0.3679,0.027,0.2009,0.0114,0.05992,1,0.0,1,6,right_shoulder_yaw_link|torso_link
0.1647,1017,0,0.1687,-0.0794,0.1948,5e-05,0.1687,-0.0794,0.1948,0.0,0.0,1,0.0,0,0,right_hand_base_link|torso_link
0.3565,1018,0,0.3604,-0.1947,0.1424,8e-05,0.3605,-0.1947,0.1424,0.0001,0.0,0,0.0,0,0,
0.5342,1019,0,0.5381,-0.0621,-0.0091,0.03548,0.507,-0.0666,0.0066,0.0351,0.0,0,0.0,0,0,
0.0997,1020,0,0.1037,0.0046,0.1915,6e-05,0.1652,-0.0604,0.1979,0.0897,0.47439,1,0.0,0,0,right_hand_base_link|torso_link
0.2502,1021,0,0.2542,-0.1492,0.0982,4e-05,0.2542,-0.1492,0.0982,0.0,0.0,0,0.0,0,0,
0.1549,1022,0,0.1588,0.0545,0.1695,5e-05,0.1707,0.0396,0.1587,0.0219,0.0823,1,0.0,1,78,right_wrist_pitch_link|torso_link;right_wrist_roll_link|torso_link
0.3439,1023,0,0.3479,0.0778,0.0892,9e-05,0.3509,0.0482,0.0598,0.0418,0.1539,1,0.0,1,100,right_shoulder_yaw_link|torso_link
0.1792,1024,0,0.1832,-0.0149,0.0831,5e-05,0.2013,-0.0479,0.0755,0.0384,0.17315,1,0.0003,1,391,right_hand_base_link|torso_link;right_wrist_pitch_link|torso_link;right_wrist_roll_link|torso_link;right_wrist_yaw_link|torso_link
0.5358,1025,0,0.5397,0.0453,0.2595,0.00071,0.5413,0.0384,0.2615,0.0073,0.01126,1,0.0,0,0,right_shoulder_roll_link|torso_link
0.3208,1027,0,0.3248,0.0125,0.105,5e-05,0.3234,0.008,0.0972,0.0091,0.04761,1,0.0,1,120,right_elbow_link|torso_link;right_shoulder_yaw_link|torso_link
0.3002,1028,0,0.3041,0.0823,0.0907,6e-05,0.3011,0.0657,0.0639,0.0317,0.12157,1,1e-05,1,284,right_elbow_link|torso_link;right_shoulder_yaw_link|torso_link
0.2527,1029,0,0.2567,-0.1404,0.042,9e-05,0.2568,-0.1404,0.042,0.0001,0.0,0,0.0,0,0,
0.196,1030,0,0.2,-0.0475,0.1682,9e-05,0.2001,-0.0474,0.1682,0.0001,0.0,0,0.0,0,0,
0.4462,1031,0,0.4501,-0.348,0.1814,6e-05,0.4501,-0.3479,0.1814,0.0001,0.0,0,0.0,0,0,
0.103,1032,0,0.107,-0.0163,0.1834,9e-05,0.1529,-0.0766,0.1896,0.0761,0.402,1,0.0,0,0,right_hand_Link1_1|torso_link;right_hand_base_link|torso_link
0.2031,1033,0,0.2071,0.0621,0.1238,9e-05,0.2256,0.0313,0.1092,0.0388,0.11886,1,0.0,1,155,right_wrist_roll_link|torso_link
0.3813,1034,0,0.3853,-0.2962,0.115,4e-05,0.3852,-0.2961,0.115,0.0001,0.0,0,0.0,0,0,
0.3293,1035,0,0.3332,-0.002,0.1327,4e-05,0.3326,-0.0049,0.1273,0.0062,0.03659,1,0.0,1,80,right_shoulder_yaw_link|torso_link
0.3441,1038,0,0.3481,-0.1819,0.0491,0.0001,0.3482,-0.1819,0.0491,0.0001,0.0,0,0.0,0,0,
0.1984,1039,0,0.2024,-0.0987,0.167,4e-05,0.2025,-0.0987,0.167,0.0001,0.0,0,0.0,0,0,
0.1306,1040,0,0.1345,-0.0333,0.1764,6e-05,0.1604,-0.077,0.178,0.0508,0.2516,1,0.00036,0,0,right_hand_base_link|torso_link
0.3748,1041,0,0.3787,0.0927,0.2288,6e-05,0.3856,0.082,0.228,0.0128,0.0787,1,0.0,1,48,right_shoulder_yaw_link|torso_link
0.4797,1043,0,0.4836,-0.3379,0.2675,6e-05,0.4836,-0.3379,0.2675,0.0,0.0,0,0.0,0,0,
0.4269,1044,0,0.4309,0.1862,0.2515,9e-05,0.4815,0.108,0.2513,0.0931,0.20066,1,0.0,0,0,right_shoulder_roll_link|torso_link
0.3544,1045,0,0.3584,-0.025,0.167,3e-05,0.3585,-0.0282,0.1629,0.0053,0.0369,1,0.0,0,0,right_shoulder_yaw_link|torso_link
0.3194,1048,0,0.3234,-0.2108,0.1392,4e-05,0.3234,-0.2108,0.1392,0.0001,0.0,0,0.0,0,0,
0.0994,1050,0,0.1033,-0.0033,0.1756,7e-05,0.1609,-0.0718,0.1794,0.0896,0.47498,1,0.00073,0,0,right_hand_base_link|torso_link
0.1114,1052,0,0.1154,-0.013,0.1721,7e-05,0.162,-0.0769,0.1744,0.0791,0.414,1,3e-05,0,0,right_hand_base_link|torso_link
0.3529,1054,0,0.3569,-0.1218,0.1494,3e-05,0.3569,-0.1218,0.1494,0.0,0.0,0,0.0,0,0,
0.3575,1056,0,0.3614,0.1573,0.0236,7e-05,0.4124,0.0845,0.0226,0.0889,0.23483,1,9e-05,1,50,right_shoulder_yaw_link|torso_link
0.3651,1057,0,0.3691,-0.1052,0.0716,8e-05,0.3692,-0.1052,0.0716,0.0001,0.0,1,0.0,0,0,right_shoulder_yaw_link|torso_link
0.103,1058,0,0.107,-0.0045,0.2022,8e-05,0.1579,-0.0562,0.2062,0.0727,0.37362,1,0.0005,0,0,right_hand_Link1_1|torso_link;right_hand_base_link|torso_link
0.277,1059,0,0.281,0.0685,0.2195,4e-05,0.2812,0.0665,0.2076,0.012,0.05692,1,0.0,1,104,right_elbow_link|torso_link;right_shoulder_yaw_link|torso_link
0.2595,1061,0,0.2635,0.1917,0.1144,7e-05,0.2408,0.1689,0.1184,0.0324,0.27148,1,1e-05,1,308,left_hand_base_link|right_hand_Link1_2;right_shoulder_yaw_link|torso_link
0.1195,1062,0,0.1234,-0.0263,0.1661,7e-05,0.1584,-0.0816,0.1665,0.0655,0.33469,1,4e-05,0,0,right_hand_Link1_1|torso_link;right_hand_base_link|torso_link
0.4325,1063,0,0.4365,0.0716,0.1372,6e-05,0.4431,0.0544,0.1313,0.0193,0.05516,1,0.0,1,30,right_shoulder_yaw_link|torso_link
0.4083,1067,0,0.4123,-0.2934,0.2397,5e-05,0.4122,-0.2934,0.2397,0.0001,0.0,0,0.0,0,0,
0.1397,1068,0,0.1437,0.0568,0.2059,6e-05,0.1615,0.0423,0.2004,0.0236,0.08494,1,0.00148,0,0,logo_link|right_hand_base_link;right_hand_base_link|torso_link;right_wrist_roll_link|torso_link
0.4341,1069,0,0.438,-0.3916,-0.0063,0.00222,0.4364,-0.3906,-0.0053,0.0022,0.0,0,0.0,0,0,
0.2688,1071,0,0.2728,0.0171,0.2286,6e-05,0.2728,0.0171,0.2286,0.0,0.0,1,0.0,1,52,right_elbow_link|torso_link;right_shoulder_yaw_link|torso_link
0.3801,1073,0,0.384,-0.1216,0.1758,5e-05,0.3841,-0.1216,0.1758,0.0001,0.0,0,0.0,0,0,
0.3163,1074,0,0.3203,0.0545,0.0492,6e-05,0.3172,0.0361,0.0277,0.0284,0.10961,1,0.0,1,160,right_elbow_link|torso_link;right_shoulder_yaw_link|torso_link
0.2909,1077,0,0.2948,0.0692,0.1411,5e-05,0.2927,0.0616,0.1216,0.021,0.09215,1,0.0,1,212,right_elbow_link|torso_link
0.0798,1079,0,0.0838,-0.0029,0.2002,5e-05,0.149,-0.0681,0.2147,0.0934,0.49918,1,0.0,0,0,right_hand_Link1_1|torso_link;right_hand_base_link|torso_link
0.2286,1080,0,0.2326,-0.0607,0.2019,6e-05,0.2326,-0.0607,0.2019,0.0001,0.0,0,0.0,0,0,
0.1431,1081,0,0.1471,-0.0835,0.1383,5e-05,0.1517,-0.0997,0.1377,0.0169,0.06652,1,0.00015,0,0,right_hand_Link1_1|torso_link;right_hand_base_link|torso_link
0.0855,1082,0,0.0895,0.0025,0.1978,9e-05,0.1537,-0.0643,0.2132,0.0939,0.5024,1,0.00035,0,0,right_hand_Link1_1|torso_link;right_hand_base_link|torso_link
0.5403,1083,0,0.5442,0.0094,0.1988,0.0001,0.5441,0.0094,0.1989,0.0001,0.0,1,0.0,0,0,right_shoulder_roll_link|torso_link
0.1835,1084,0,0.1875,-0.0926,0.1452,5e-05,0.1875,-0.0926,0.1452,0.0,0.0,0,0.0,0,0,
0.206,1086,0,0.2099,-0.1214,0.1477,4e-05,0.21,-0.1213,0.1477,0.0001,0.0,0,0.0,0,0,
0.3174,1087,0,0.3214,0.1147,0.1985,8e-05,0.3291,0.097,0.1674,0.0367,0.14059,1,0.0,1,62,right_shoulder_yaw_link|torso_link
0.4781,1088,0,0.482,-0.1604,0.2592,5e-05,0.482,-0.1604,0.2592,0.0001,0.0,0,0.0,0,0,
0.2847,1090,0,0.2886,0.1543,0.0532,8e-05,0.2964,0.1041,0.0009,0.0729,0.23749,1,0.0,1,338,left_hand_Link2_1|right_hand_Link1_2;left_hand_base_link|right_hand_Link2_2;left_hand_base_link|right_hand_Link2_3;left_wrist_yaw_link|right_hand_Link2_2;right_shoulder_yaw_link|torso_link
0.1695,1091,0,0.1735,-0.0827,0.1269,6e-05,0.1735,-0.0827,0.1269,0.0,0.0,1,0.0,0,0,right_hand_base_link|torso_link
0.4899,1094,0,0.4938,-0.2606,0.0864,7e-05,0.4938,-0.2606,0.0864,0.0,0.0,0,0.0,0,0,
0.3186,1095,0,0.3225,-0.2657,0.0092,3e-05,0.3225,-0.2657,0.0092,0.0001,0.0,0,0.0,0,0,
0.0871,1096,0,0.091,-0.008,0.1984,5e-05,0.1485,-0.0747,0.214,0.0895,0.47812,1,0.0,0,0,right_hand_Link1_1|torso_link;right_hand_base_link|torso_link
0.2012,1097,0,0.2051,0.148,0.1034,8e-05,0.2325,0.1062,0.073,0.0584,0.16043,1,9e-05,1,394,left_wrist_pitch_link|right_hand_Link2_2;right_elbow_link|torso_link;right_wrist_roll_link|torso_link
0.125,1098,0,0.129,-0.0013,0.2032,4e-05,0.1681,-0.0405,0.2037,0.0554,0.27505,1,0.00038,0,0,right_hand_base_link|torso_link
0.2669,1099,0,0.2709,-0.0314,0.072,8e-05,0.2716,-0.0349,0.0706,0.0038,0.00958,1,0.0,1,33,right_elbow_link|torso_link;right_wrist_roll_link|torso_link
0.2958,1100,0,0.2998,0.1314,0.1318,5e-05,0.2961,0.112,0.1274,0.0202,0.16916,1,0.0,1,210,left_hand_base_link|right_hand_Link2_2;right_shoulder_yaw_link|torso_link
0.3439,1102,0,0.3479,-0.0671,0.003,4e-05,0.3473,-0.0723,0.0006,0.0058,0.02777,1,0.0,0,0,right_shoulder_yaw_link|torso_link
0.1125,1104,0,0.1164,-0.0245,0.1664,8e-05,0.1546,-0.0818,0.167,0.0688,0.35875,1,6e-05,0,0,right_hand_Link1_1|torso_link;right_hand_base_link|torso_link
0.2258,1105,0,0.2298,0.0594,0.1283,8e-05,0.2463,0.03,0.1149,0.0363,0.10615,1,0.0,1,133,right_elbow_link|torso_link;right_wrist_roll_link|torso_link
0.1047,1111,0,0.1086,-0.0184,0.1787,9e-05,0.1533,-0.0789,0.1831,0.0753,0.39807,1,0.0,0,0,right_hand_Link1_1|torso_link;right_hand_base_link|torso_link
0.3103,1114,0,0.3143,-0.0143,0.2185,4e-05,0.3142,-0.0145,0.2173,0.0012,0.0092,1,0.0,1,2,right_shoulder_yaw_link|torso_link
0.1278,1116,0,0.1318,0.0498,0.1625,8e-05,0.173,0.0237,0.1509,0.0501,0.17092,1,0.00018,1,30,right_hand_base_link|torso_link;right_wrist_pitch_link|torso_link;right_wrist_roll_link|torso_link;right_wrist_yaw_link|torso_link
0.2631,1117,0,0.267,0.0676,0.1771,6e-05,0.2658,0.0668,0.1684,0.0088,0.07759,1,0.0,1,176,right_elbow_link|torso_link
0.5728,1118,0,0.5768,-0.3355,0.204,0.042,0.5375,-0.3217,0.2081,0.0418,0.0,0,0.0,0,0,
0.4424,1120,0,0.4463,-0.2031,0.0957,6e-05,0.4463,-0.2031,0.0958,0.0001,0.0,0,0.0,0,0,
0.379,1121,0,0.3829,-0.1095,0.1308,5e-05,0.383,-0.1095,0.1308,0.0001,0.0,1,0.0,0,0,right_shoulder_yaw_link|torso_link
0.472,1122,0,0.476,0.0801,0.0718,9e-05,0.4825,0.065,0.0713,0.0165,0.0325,1,0.0,0,0,right_shoulder_roll_link|torso_link;right_shoulder_yaw_link|torso_link
0.5131,1123,0,0.517,0.0758,0.0981,0.0124,0.5214,0.0363,0.1073,0.0408,0.07038,1,0.0,0,0,right_shoulder_roll_link|torso_link
0.3066,1124,0,0.3106,0.0957,0.1616,4e-05,0.3124,0.081,0.1326,0.0325,0.12905,1,7e-05,1,156,right_shoulder_yaw_link|torso_link
0.2901,1125,0,0.2941,0.1446,0.0076,7e-05,0.3154,0.0819,-0.0306,0.0765,0.26004,1,0.0,1,222,right_shoulder_yaw_link|torso_link
0.1842,1126,0,0.1881,0.0336,0.2131,5e-05,0.1938,0.0269,0.2102,0.0092,0.03657,1,0.0,0,0,right_elbow_link|torso_link;right_wrist_roll_link|torso_link
0.0802,1128,0,0.0842,-0.0038,0.2002,5e-05,0.151,-0.0602,0.203,0.0875,0.45333,1,0.0,0,0,right_hand_Link1_1|torso_link;right_hand_Link2_2|torso_link;right_hand_base_link|torso_link
0.1492,1129,0,0.1531,0.0114,0.1942,4e-05,0.167,0.0004,0.1926,0.0178,0.07596,1,0.00011,0,0,right_hand_base_link|torso_link;right_wrist_roll_link|torso_link;right_wrist_yaw_link|torso_link
0.2881,1131,0,0.292,-0.2053,0.1664,7e-05,0.2921,-0.2053,0.1664,0.0001,0.0,0,0.0,0,0,
0.5933,1132,0,0.5972,-0.1606,0.0914,0.0495,0.5498,-0.1589,0.1048,0.0493,0.0,0,0.0,0,0,
0.4454,1133,0,0.4493,-0.2379,0.0268,9e-05,0.4493,-0.2379,0.0268,0.0,0.0,0,0.0,0,0,
0.2606,1134,0,0.2645,-0.0888,0.0954,9e-05,0.2646,-0.0888,0.0954,0.0001,0.0,0,0.0,0,0,
0.2202,1135,0,0.2242,-0.0115,0.184,4e-05,0.2241,-0.0114,0.1836,0.0005,0.0038,1,0.00012,0,0,right_wrist_roll_link|torso_link
0.5545,1136,0,0.5584,-0.1715,0.0752,0.01768,0.5417,-0.1705,0.0808,0.0176,0.0,0,0.0,0,0,
0.1294,1138,0,0.1333,0.0197,0.1423,4e-05,0.1883,-0.0485,0.1326,0.0881,0.37394,1,0.0,0,0,right_hand_base_link|torso_link
0.372,1139,0,0.376,-0.2287,0.0764,8e-05,0.376,-0.2287,0.0764,0.0001,0.0,0,0.0,0,0,
0.5153,1140,0,0.5193,-0.0277,0.2028,7e-05,0.5192,-0.0277,0.2028,0.0001,0.0,0,0.0,0,0,
0.435,1141,0,0.439,0.0772,0.0141,8e-05,0.4483,0.052,0.0096,0.0273,0.05639,1,0.0,0,0,right_shoulder_roll_link|torso_link;right_shoulder_yaw_link|torso_link
0.3723,1142,0,0.3763,-0.2775,-0.0956,8e-05,0.4068,-0.2759,-0.0251,0.0768,0.32917,0,0.0,0,0,
0.4942,1144,0,0.4981,0.1669,0.1797,0.02069,0.5409,0.0334,0.1991,0.1415,0.24845,1,0.0,0,0,right_shoulder_roll_link|torso_link
0.4777,1145,0,0.4817,-0.2968,0.1974,5e-05,0.4816,-0.2967,0.1974,0.0001,0.0,0,0.0,0,0,
0.1311,1147,0,0.1351,-0.023,0.1682,5e-05,0.1684,-0.0745,0.1665,0.0613,0.31318,1,0.00044,0,0,right_hand_base_link|torso_link
0.2731,1148,0,0.277,0.1037,0.1897,5e-05,0.2784,0.1003,0.179,0.0113,0.09591,1,0.0,1,158,right_elbow_link|torso_link;right_shoulder_yaw_link|torso_link
0.1519,1150,0,0.1558,0.0325,0.2095,8e-05,0.1657,0.0295,0.2008,0.0135,0.04304,1,0.00052,0,0,logo_link|right_hand_base_link;right_hand_base_link|torso_link;right_wrist_pitch_link|torso_link;right_wrist_roll_link|torso_link
0.2489,1151,0,0.2528,0.0815,0.2059,5e-05,0.2517,0.0816,0.197,0.009,0.07668,1,0.0,1,152,right_elbow_link|torso_link
0.2971,1152,0,0.301,0.1074,0.0339,8e-05,0.297,0.0712,-0.0072,0.0549,0.1739,1,2e-05,1,246,right_elbow_link|torso_link;right_shoulder_yaw_link|torso_link
0.252,1153,0,0.256,-0.105,0.0861,3e-05,0.256,-0.105,0.0861,0.0,0.0,0,0.0,0,0,
0.081,1155,0,0.085,-0.0015,0.1955,5e-05,0.1495,-0.0701,0.2123,0.0957,0.51345,1,0.0,0,0,right_hand_Link1_1|torso_link;right_hand_base_link|torso_link
0.5442,1156,0,0.5482,-0.0499,0.257,9e-05,0.5481,-0.0499,0.257,0.0001,0.0,0,0.0,0,0,
0.2468,1157,0,0.2508,-0.0871,0.2067,5e-05,0.2508,-0.0871,0.2067,0.0,0.0,0,0.0,0,0,
0.3689,1158,0,0.3729,0.1406,0.1004,7e-05,0.4006,0.092,0.0858,0.0578,0.19338,1,6e-05,1,26,right_shoulder_yaw_link|torso_link
0.1664,1159,0,0.1704,0.0466,0.1422,4e-05,0.1715,0.037,0.128,0.0172,0.0586,1,0.0,1,118,right_hand_base_link|torso_link;right_wrist_pitch_link|torso_link;right_wrist_roll_link|torso_link;right_wrist_yaw_link|torso_link
0.1463,1160,0,0.1503,0.0762,0.1443,4e-05,0.1702,0.0515,0.1271,0.0361,0.12313,1,0.0,1,166,right_wrist_pitch_link|torso_link;right_wrist_roll_link|torso_link
0.2613,1161,0,0.2652,-0.1917,0.0899,0.0001,0.2653,-0.1917,0.0899,0.0001,0.0,0,0.0,0,0,
0.1645,1162,0,0.1684,0.0456,0.1765,5e-05,0.1799,0.0316,0.1689,0.0196,0.07551,1,0.0,1,30,right_wrist_roll_link|torso_link
0.3679,1165,0,0.3718,-0.126,0.1101,8e-05,0.3719,-0.126,0.1101,0.0001,0.0,0,0.0,0,0,
0.3049,1167,0,0.3089,0.0608,0.1484,5e-05,0.3079,0.0544,0.1333,0.0165,0.0746,1,0.0,1,210,right_elbow_link|torso_link;right_shoulder_yaw_link|torso_link
0.1876,1168,0,0.1916,0.0171,0.2019,5e-05,0.1945,0.0131,0.2,0.0053,0.02117,1,0.0,0,0,right_wrist_roll_link|torso_link
0.0771,1169,0,0.0811,0.0008,0.1993,5e-05,0.1483,-0.0686,0.2194,0.0987,0.53117,1,0.0,0,0,right_hand_Link1_1|torso_link;right_hand_base_link|torso_link
0.1369,1170,0,0.1408,0.0074,0.2084,7e-05,0.1689,-0.0119,0.2032,0.0345,0.15479,1,0.0,0,0,right_hand_base_link|torso_link;right_wrist_yaw_link|torso_link
0.1624,1171,0,0.1664,0.016,0.1955,9e-05,0.1689,0.013,0.1941,0.0042,0.01665,1,0.00014,0,0,right_hand_base_link|torso_link;right_wrist_roll_link|torso_link
0.1668,1172,0,0.1707,0.0083,0.1836,9e-05,0.1706,0.0079,0.182,0.0017,0.00889,1,4e-05,0,0,right_hand_base_link|torso_link;right_wrist_roll_link|torso_link;right_wrist_yaw_link|torso_link
0.408,1173,0,0.4119,0.136,0.2153,8e-05,0.431,0.104,0.2024,0.0395,0.11134,1,2e-05,0,0,right_shoulder_roll_link|torso_link;right_shoulder_yaw_link|torso_link
0.3939,1174,0,0.3979,0.0422,0.0736,0.0001,0.403,0.0151,0.0595,0.031,0.10286,1,0.0,1,10,right_shoulder_yaw_link|torso_link
0.3856,1175,0,0.3896,-0.2272,0.1478,9e-05,0.3897,-0.2272,0.1478,0.0001,0.0,0,0.0,0,0,
0.2905,1176,0,0.2944,0.0846,0.1767,5e-05,0.295,0.0789,0.1611,0.0166,0.08916,1,0.0,1,154,right_elbow_link|torso_link;right_shoulder_yaw_link|torso_link
0.3039,1177,0,0.3078,0.0768,0.0619,7e-05,0.3042,0.0575,0.0357,0.0327,0.12183,1,0.0,1,258,right_elbow_link|torso_link;right_shoulder_yaw_link|torso_link
0.3042,1178,0,0.3081,0.1817,0.2405,6e-05,0.3308,0.1589,0.2196,0.0384,0.18384,1,0.00042,1,28,right_shoulder_yaw_link|torso_link
0.2545,1179,0,0.2584,0.0354,0.1151,7e-05,0.265,0.0184,0.1058,0.0205,0.05504,1,1e-05,1,116,right_elbow_link|torso_link;right_wrist_roll_link|torso_link
0.4876,1180,0,0.4915,-0.3382,-0.0048,0.02267,0.4731,-0.3306,0.0053,0.0223,0.0,0,0.0,0,0,
0.2931,1181,0,0.2971,0.1458,0.189,3e-05,0.3069,0.1252,0.1515,0.0439,0.16689,1,0.0,1,134,left_hand_base_link|right_hand_Link2_2;left_hand_base_link|right_hand_Link2_3;right_shoulder_yaw_link|torso_link
0.5189,1182,0,0.5228,-0.0926,0.205,8e-05,0.5228,-0.0926,0.205,0.0001,0.0,0,0.0,0,0,
0.3745,1185,0,0.3785,0.0926,0.0623,7e-05,0.3895,0.0439,0.0322,0.0583,0.17198,1,0.0,1,24,right_shoulder_yaw_link|torso_link
0.3136,1186,0,0.3176,0.1992,0.2356,8e-05,0.354,0.1575,0.1917,0.0707,0.2257,1,0.00012,1,36,right_shoulder_yaw_link|torso_link
0.5478,1187,0,0.5517,-0.3231,0.2533,0.01188,0.5405,-0.3192,0.2535,0.0118,0.0,0,0.0,0,0,
0.2638,1188,0,0.2678,-0.0169,0.0274,8e-05,0.2687,-0.0265,0.0231,0.0106,0.02461,1,0.0,1,17,right_elbow_link|torso_link;right_wrist_roll_link|torso_link
0.1439,1189,0,0.1479,-0.0465,0.1713,5e-05,0.164,-0.0789,0.1727,0.0362,0.16914,1,0.0,0,0,right_hand_base_link|torso_link
0.2326,1190,0,0.2366,0.1217,0.0311,3e-05,0.2481,0.0981,0.0147,0.0309,0.1824,1,0.00012,1,360,right_elbow_link|torso_link;right_wrist_roll_link|torso_link
0.1636,1192,0,0.1676,-0.0296,0.2155,7e-05,0.1737,-0.0319,0.21,0.0085,0.03538,1,0.00069,0,0,right_hand_base_link|torso_link
0.5075,1194,0,0.5115,0.1588,0.1976,0.0256,0.5432,0.0337,0.2255,0.132,0.23089,1,0.0,0,0,right_shoulder_roll_link|torso_link
0.4481,1196,0,0.4521,0.1762,0.2463,9e-05,0.5019,0.0918,0.2549,0.0984,0.19812,1,0.0,0,0,right_shoulder_roll_link|torso_link
0.5353,1197,0,0.5392,-0.29,0.0289,0.03515,0.5083,-0.2812,0.0424,0.0348,0.0,0,0.0,0,0,
0.3662,1198,0,0.3701,0.0932,0.0123,8e-05,0.3842,0.031,-0.0174,0.0703,0.19389,1,5e-05,1,52,right_shoulder_yaw_link|torso_link
0.1236,1199,0,0.1276,0.0186,0.1724,6e-05,0.188,-0.0458,0.1684,0.0884,0.45411,1,0.0,0,0,right_hand_base_link|torso_link
0.4799,1200,0,0.4838,0.0029,-0.0481,0.02034,0.4676,-0.0017,-0.0373,0.02,0.0006,1,0.0,0,0,right_shoulder_roll_link|torso_link
0.1152,1201,0,0.1192,0.0348,0.173,5e-05,0.1692,-0.0071,0.165,0.0657,0.22737,1,0.0,0,0,right_hand_base_link|torso_link
0.1933,1202,0,0.1972,-0.0789,0.1336,0.0001,0.1973,-0.0788,0.1336,0.0001,0.0,0,0.0,0,0,
0.08,1203,0,0.084,-0.0007,0.1961,5e-05,0.1493,-0.0695,0.2137,0.0965,0.51884,1,0.0,0,0,right_hand_Link1_1|torso_link;right_hand_base_link|torso_link
0.4246,1204,0,0.4286,-0.1685,-0.006,8e-05,0.4285,-0.1684,-0.0059,0.0001,0.0,0,0.0,0,0,
0.363,1205,0,0.367,0.0813,-0.0526,8e-05,0.3992,0.0265,-0.0325,0.0667,0.18235,1,0.0,1,28,right_shoulder_yaw_link|torso_link
0.3637,1206,0,0.3677,0.1251,0.1877,8e-05,0.3823,0.1047,0.1859,0.0251,0.13185,1,0.0,1,36,right_shoulder_yaw_link|torso_link
0.1011,1207,0,0.1051,-0.0141,0.2035,5e-05,0.15,-0.0699,0.2144,0.0725,0.37958,1,0.0,0,0,right_hand_Link1_1|torso_link;right_hand_base_link|torso_link
0.4521,1208,0,0.456,0.0169,-0.0773,0.01804,0.4556,0.0266,-0.038,0.0404,0.14176,1,0.0,0,0,right_shoulder_roll_link|torso_link;right_shoulder_yaw_link|torso_link
0.177,1209,0,0.181,-0.0346,0.1215,9e-05,0.1913,-0.0568,0.1177,0.0248,0.09267,1,0.00103,0,0,right_hand_base_link|torso_link
0.538,1210,0,0.542,-0.049,0.0841,0.00549,0.5368,-0.0498,0.0858,0.0055,0.0,0,0.0,0,0,
0.3887,1211,0,0.3926,-0.3549,-0.0572,9e-05,0.4071,-0.3488,-0.0366,0.0259,0.09914,0,0.00011,0,0,
0.3976,1212,0,0.4016,-0.2475,0.2247,5e-05,0.4015,-0.2475,0.2247,0.0001,0.0,0,0.0,0,0,
0.408,1213,0,0.412,-0.294,0.0172,7e-05,0.412,-0.294,0.0172,0.0,0.0,0,0.0,0,0,
0.1262,1214,0,0.1302,-0.0007,0.205,4e-05,0.1707,-0.0383,0.2026,0.0553,0.27411,1,0.00056,0,0,right_hand_base_link|torso_link
0.53,1215,0,0.534,-0.2208,0.176,0.0001,0.5339,-0.2208,0.176,0.0001,0.0,0,0.0,0,0,
0.5004,1217,0,0.5043,-0.2294,0.2698,7e-05,0.5042,-0.2293,0.2698,0.0001,0.0,0,0.0,0,0,
0.2009,1218,0,0.2049,0.0288,0.0655,0.0001,0.2082,0.0102,0.0528,0.0228,0.06272,1,0.0,1,771,right_wrist_pitch_link|torso_link;right_wrist_roll_link|torso_link
0.4735,1219,0,0.4774,0.0845,-0.0279,0.03107,0.4727,0.0294,-0.0117,0.0576,0.08732,1,0.0,0,0,right_shoulder_roll_link|torso_link
0.498,1221,0,0.5019,-0.2001,0.0451,9e-05,0.5019,-0.2001,0.0452,0.0001,0.0,0,0.0,0,0,
0.5085,1222,0,0.5125,-0.3691,0.2753,0.0001,0.5124,-0.369,0.2753,0.0001,0.0,0,0.0,0,0,
0.1796,1223,0,0.1836,0.016,0.1378,5e-05,0.1844,0.0109,0.1319,0.0078,0.02658,1,0.0,1,47,right_hand_base_link|torso_link;right_wrist_pitch_link|torso_link;right_wrist_roll_link|torso_link;right_wrist_yaw_link|torso_link
0.313,1225,0,0.3169,-0.0698,0.2327,5e-05,0.317,-0.0698,0.2328,0.0001,0.0,1,0.0,0,0,right_shoulder_yaw_link|torso_link
0.1711,1226,0,0.1751,0.0408,0.2116,5e-05,0.1832,0.0321,0.2078,0.0124,0.05018,1,0.0,0,0,right_wrist_roll_link|torso_link
0.5631,1227,0,0.5671,-0.1299,0.1352,0.00919,0.5581,-0.13,0.1372,0.0092,0.0,0,0.0,0,0,
0.5735,1228,0,0.5775,-0.2036,0.1783,0.01563,0.5621,-0.2018,0.1804,0.0156,0.0,0,0.0,0,0,
0.4823,1230,0,0.4862,-0.0555,0.2389,9e-05,0.4861,-0.0555,0.2389,0.0001,0.0,0,0.0,0,0,
0.4086,1231,0,0.4125,-0.346,-0.0183,7e-05,0.4125,-0.3459,-0.0183,0.0001,0.0,0,0.0,0,0,
0.3616,1232,0,0.3655,0.1431,0.0669,5e-05,0.3973,0.0857,0.0517,0.0674,0.21378,1,0.0,1,36,right_shoulder_yaw_link|torso_link
0.5485,1234,0,0.5525,-0.0222,0.224,0.0001,0.5524,-0.0222,0.224,0.0001,0.0,0,0.0,0,0,
0.4332,1235,0,0.4372,-0.3146,-0.1132,0.03116,0.4445,-0.3198,-0.0382,0.0755,0.27469,0,0.0,0,0,
0.3486,1236,0,0.3525,-0.1714,-0.0081,6e-05,0.3526,-0.1714,-0.0081,0.0001,0.0,0,0.0,0,0,
0.1198,1238,0,0.1238,-0.0193,0.2033,7e-05,0.1572,-0.0636,0.2088,0.0557,0.27739,1,0.0,0,0,right_hand_base_link|torso_link
0.1341,1239,0,0.1381,0.025,0.136,0.0001,0.1984,-0.0495,0.1211,0.097,0.48933,1,0.0,1,3,right_hand_base_link|torso_link;right_wrist_yaw_link|torso_link
0.0957,1241,0,0.0997,-0.0156,0.2029,5e-05,0.15,-0.0713,0.2087,0.0753,0.39337,1,0.0,0,0,right_hand_Link1_1|torso_link;right_hand_base_link|torso_link
0.1389,1242,0,0.1428,-0.0332,0.183,5e-05,0.1679,-0.0683,0.1778,0.0435,0.21052,1,0.0,0,0,right_hand_base_link|torso_link
0.3249,1243,0,0.3288,-0.1455,0.2173,4e-05,0.3289,-0.1455,0.2174,0.0001,0.0,0,0.0,0,0,
0.3162,1244,0,0.3202,0.1601,-0.0086,9e-05,0.3604,0.08,-0.0341,0.0932,0.29218,1,0.0001,1,74,right_shoulder_yaw_link|torso_link
0.1315,1245,0,0.1354,-0.0559,0.1675,8e-05,0.1524,-0.0932,0.1683,0.041,0.20088,1,0.0,0,0,right_hand_Link1_1|torso_link;right_hand_base_link|torso_link
0.134,1246,0,0.1379,0.0026,0.1516,6e-05,0.1884,-0.0691,0.1446,0.088,0.45706,1,2e-05,0,0,right_hand_base_link|torso_link
0.2105,1247,0,0.2144,-0.1002,0.0476,4e-05,0.2145,-0.1002,0.0476,0.0001,0.0,0,0.0,1,1,
0.1138,1248,0,0.1177,0.0269,0.1793,6e-05,0.1717,-0.0185,0.1732,0.0708,0.28328,1,0.0,0,0,right_hand_Link1_1|torso_link;right_hand_base_link|torso_link
0.393,1249,0,0.3969,-0.1739,0.2029,2e-05,0.397,-0.1739,0.2029,0.0001,0.0,0,0.0,0,0,
0.1641,1251,0,0.168,-0.0178,0.2041,5e-05,0.1717,-0.0198,0.2009,0.0053,0.01866,1,0.00046,0,0,right_hand_base_link|torso_link
0.2081,1252,0,0.2121,-0.0816,0.0502,4e-05,0.2121,-0.0816,0.0502,0.0,0.0,1,0.0,1,233,right_wrist_roll_link|torso_link
0.3329,1253,0,0.3368,-0.1358,0.2326,3e-05,0.3369,-0.1358,0.2326,0.0001,0.0,0,0.0,0,0,
0.2597,1254,0,0.2636,-0.1717,0.1122,3e-05,0.2637,-0.1717,0.1122,0.0001,0.0,0,0.0,0,0,
0.353,1255,0,0.3569,-0.1324,0.078,3e-05,0.3569,-0.1324,0.078,0.0001,0.0,0,0.0,0,0,
0.315,1256,0,0.3189,-0.1778,0.0215,5e-05,0.319,-0.1778,0.0215,0.0001,0.0,0,0.0,0,0,
0.2527,1257,0,0.2566,-0.0655,0.1177,3e-05,0.2567,-0.0655,0.1177,0.0001,0.0,0,0.0,1,1,
0.2442,1258,0,0.2482,0.1165,0.1296,6e-05,0.2475,0.1057,0.1052,0.0267,0.15495,1,0.0,1,242,right_elbow_link|torso_link
0.4459,1259,0,0.4498,-0.2391,-0.1156,0.02399,0.4681,-0.2412,-0.0382,0.0795,0.30803,0,0.0,0,0,
0.5256,1261,0,0.5296,0.0609,0.153,0.00533,0.5345,0.0347,0.1592,0.0273,0.04809,1,0.0,0,0,right_shoulder_roll_link|torso_link
0.4171,1262,0,0.421,-0.3423,0.0464,8e-05,0.421,-0.3423,0.0464,0.0,0.0,0,0.0,0,0,
0.5149,1263,0,0.5188,-0.0786,-0.0161,0.01962,0.5018,-0.0805,-0.007,0.0194,0.0,0,0.0,0,0,
0.1223,1264,0,0.1262,0.0073,0.1831,9e-05,0.1829,-0.0527,0.1772,0.0828,0.42947,1,0.00035,0,0,right_hand_base_link|torso_link
0.1009,1265,0,0.1049,-0.0008,0.1783,7e-05,0.1633,-0.0695,0.1833,0.0904,0.48008,1,0.0,0,0,right_hand_base_link|torso_link
0.3224,1266,0,0.3264,-0.1863,0.2122,4e-05,0.3264,-0.1863,0.2123,0.0001,0.0,0,0.0,0,0,
0.2678,1268,0,0.2718,-0.0408,0.0971,8e-05,0.2718,-0.0408,0.0971,0.0001,0.0,1,0.0,1,22,right_elbow_link|torso_link;right_wrist_roll_link|torso_link
0.2178,1269,0,0.2218,-0.1709,0.0536,5e-05,0.2218,-0.1709,0.0536,0.0,0.0,0,0.0,0,0,
0.0808,1270,0,0.0847,0.004,0.1999,0.0001,0.1502,-0.0622,0.2185,0.095,0.5085,1,6e-05,0,0,right_hand_Link1_1|torso_link;right_hand_base_link|torso_link
0.5751,1272,0,0.5791,-0.0015,0.2615,0.02396,0.5558,-0.0071,0.2615,0.0239,0.0,1,0.0,0,0,right_shoulder_roll_link|torso_link
0.0802,1274,0,0.0842,-0.0035,0.1956,5e-05,0.1487,-0.072,0.2116,0.0954,0.50745,1,0.0,0,0,right_hand_Link1_1|torso_link;right_hand_base_link|torso_link
0.3574,1275,0,0.3614,0.1917,0.0632,0.0001,0.3798,0.1606,0.1149,0.063,0.3451,1,0.02614,1,24,left_hand_Link1_1|right_hand_base_link;left_hand_base_link|right_hand_Link1_1;left_hand_base_link|right_hand_Link2_1;left_hand_base_link|right_hand_Link2_2;left_hand_base_link|right_hand_base_link;right_shoulder_roll_link|torso_link;right_shoulder_yaw_link|torso_link
0.0985,1277,0,0.1025,0.0081,0.1833,6e-05,0.1691,-0.0643,0.189,0.0985,0.52527,1,0.0006,0,0,right_hand_base_link|torso_link
0.5925,1278,0,0.5965,-0.2792,0.2,0.04508,0.553,-0.2687,0.2046,0.045,0.0,0,0.0,0,0,
0.2412,1279,0,0.2452,0.1232,0.1769,5e-05,0.2453,0.1155,0.1504,0.0276,0.14236,1,0.0,1,228,right_elbow_link|torso_link
0.4964,1280,0,0.5003,-0.42,0.1237,0.02106,0.4828,-0.4099,0.1287,0.0208,0.0,0,0.0,0,0,
0.4349,1281,0,0.4388,0.1165,0.0927,0.0001,0.4559,0.0793,0.0839,0.0419,0.09343,1,2e-05,0,0,right_shoulder_roll_link|torso_link;right_shoulder_yaw_link|torso_link
0.1502,1282,0,0.1541,-0.0015,0.1972,6e-05,0.1692,-0.0133,0.1936,0.0195,0.0834,1,0.00036,0,0,right_hand_base_link|torso_link;right_wrist_yaw_link|torso_link
0.3217,1283,0,0.3256,-0.2406,0.0811,4e-05,0.3257,-0.2406,0.0811,0.0001,0.0,0,0.0,0,0,
0.1913,1284,0,0.1952,0.0211,0.0885,3e-05,0.1973,0.0089,0.0791,0.0155,0.04674,1,0.0,1,659,right_wrist_pitch_link|torso_link;right_wrist_roll_link|torso_link;right_wrist_yaw_link|torso_link
0.2634,1285,0,0.2674,0.1207,0.0801,8e-05,0.273,0.0985,0.0571,0.0324,0.17047,1,0.00028,1,360,left_hand_base_link|right_hand_Link2_2;left_hand_base_link|right_hand_Link2_3;right_elbow_link|torso_link
0.6067,1286,0,0.6107,-0.0756,0.1796,0.04766,0.5637,-0.0806,0.1857,0.0476,0.0,0,0.0,0,0,
0.2565,1287,0,0.2605,0.1568,0.2205,4e-05,0.2694,0.1428,0.1808,0.043,0.15277,1,0.0,1,140,right_shoulder_yaw_link|torso_link
0.3854,1289,0,0.3893,-0.218,0.0983,2e-05,0.3893,-0.218,0.0983,0.0001,0.0,0,0.0,0,0,
0.1009,1290,0,0.1049,0.0032,0.1952,7e-05,0.1637,-0.0568,0.2004,0.0841,0.44109,1,0.0004,0,0,right_hand_base_link|torso_link
0.3773,1291,0,0.3812,-0.1987,0.0631,5e-05,0.3813,-0.1987,0.0631,0.0001,0.0,0,0.0,0,0,
0.5473,1292,0,0.5512,-0.0254,0.2129,0.0001,0.5511,-0.0255,0.2129,0.0001,0.0,0,0.0,0,0,
0.2628,1293,0,0.2667,-0.0682,0.147,0.0001,0.2668,-0.0682,0.147,0.0001,0.0,0,0.0,0,0,
0.2608,1295,0,0.2648,-0.1211,0.0366,9e-05,0.2649,-0.1211,0.0366,0.0001,0.0,0,0.0,0,0,
0.1148,1296,0,0.1188,0.0092,0.1621,8e-05,0.1825,-0.0699,0.1571,0.1017,0.54422,1,0.00035,0,0,right_hand_base_link|torso_link
0.1338,1297,0,0.1378,0.0068,0.1686,6e-05,0.1909,-0.0571,0.16,0.0836,0.44025,1,4e-05,0,0,right_hand_base_link|torso_link
0.3121,1301,0,0.316,-0.1325,0.1484,6e-05,0.3161,-0.1325,0.1484,0.0001,0.0,0,0.0,0,0,
0.1462,1302,0,0.1502,0.0298,0.1415,8e-05,0.1841,0.01,0.1339,0.04,0.15434,1,0.0,1,35,right_hand_base_link|torso_link;right_wrist_pitch_link|torso_link;right_wrist_roll_link|torso_link;right_wrist_yaw_link|torso_link
0.3658,1303,0,0.3698,-0.2285,0.1468,5e-05,0.3698,-0.2285,0.1468,0.0001,0.0,0,0.0,0,0,
0.3584,1304,0,0.3624,0.0893,0.203,9e-05,0.3698,0.0777,0.2002,0.014,0.10114,1,0.0,1,16,right_shoulder_yaw_link|torso_link
0.1996,1306,0,0.2036,-0.0322,0.213,8e-05,0.2036,-0.0322,0.213,0.0001,0.0,0,0.0,0,0,
0.3447,1308,0,0.3487,0.0971,0.1002,5e-05,0.3554,0.0619,0.0663,0.0493,0.17425,1,0.0,1,122,right_shoulder_yaw_link|torso_link
0.3722,1309,0,0.3762,0.0498,-0.0964,8e-05,0.4244,0.0282,-0.0358,0.0804,0.23595,1,3e-05,1,42,right_shoulder_yaw_link|torso_link
0.3386,1310,0,0.3426,0.1734,0.225,7e-05,0.3687,0.1417,0.2061,0.0452,0.18237,1,0.00032,1,20,right_shoulder_roll_link|torso_link;right_shoulder_yaw_link|torso_link
0.3867,1313,0,0.3907,-0.1204,-0.0524,5e-05,0.398,-0.1194,-0.0293,0.0243,0.09947,0,0.0,0,0,
0.3664,1315,0,0.3704,-0.0322,-0.0732,8e-05,0.3897,-0.0518,-0.0257,0.0549,0.23344,1,1e-05,0,0,right_shoulder_yaw_link|torso_link
0.5411,1316,0,0.5451,-0.1928,0.1473,9e-05,0.545,-0.1928,0.1473,0.0001,0.0,0,0.0,0,0,
0.4276,1319,0,0.4316,-0.323,-0.0001,8e-05,0.4315,-0.3229,-0.0001,0.0001,0.0,0,0.0,0,0,
0.1373,1320,0,0.1412,-0.0525,0.1655,6e-05,0.1556,-0.0824,0.1662,0.0332,0.15836,1,0.00108,0,0,right_hand_Link1_1|torso_link;right_hand_base_link|torso_link
0.2437,1324,0,0.2477,0.0671,0.0753,8e-05,0.2646,0.0269,0.0562,0.0476,0.11916,1,0.0,1,192,right_elbow_link|torso_link;right_wrist_roll_link|torso_link
0.2731,1329,0,0.277,-0.0509,0.1795,8e-05,0.2771,-0.0509,0.1795,0.0001,0.0,0,0.0,0,0,
0.0929,1330,0,0.0968,0.0004,0.1916,8e-05,0.1576,-0.0661,0.2024,0.0907,0.48167,1,0.00014,0,0,right_hand_base_link|torso_link
0.4766,1332,0,0.4805,0.0322,-0.0813,0.04401,0.4589,0.0179,-0.0398,0.0489,0.07765,1,7e-05,0,0,right_shoulder_roll_link|torso_link;right_shoulder_yaw_link|torso_link
0.1304,1333,0,0.1344,0.0367,0.1752,4e-05,0.1767,0.0075,0.1675,0.052,0.20614,1,0.0,0,0,right_hand_base_link|torso_link;right_wrist_pitch_link|torso_link;right_wrist_roll_link|torso_link;right_wrist_yaw_link|torso_link
0.2356,1334,0,0.2395,0.0919,0.0931,7e-05,0.2685,0.0513,0.0823,0.051,0.13521,1,0.0,1,202,right_elbow_link|torso_link;right_wrist_roll_link|torso_link
0.5544,1335,0,0.5584,-0.2056,0.1788,0.00015,0.5583,-0.2056,0.1788,0.0001,0.0,0,0.0,0,0,
0.3293,1337,0,0.3333,-0.0271,0.1821,4e-05,0.3332,-0.0277,0.1803,0.0018,0.01424,1,0.0,1,12,right_shoulder_yaw_link|torso_link
0.2364,1340,0,0.2403,0.145,0.1651,6e-05,0.244,0.1435,0.1645,0.004,0.14324,1,0.0,1,222,right_elbow_link|torso_link;right_shoulder_yaw_link|torso_link
0.4796,1342,0,0.4836,-0.186,0.1674,7e-05,0.4835,-0.186,0.1674,0.0001,0.0,0,0.0,0,0,
0.1234,1343,0,0.1274,0.0398,0.1683,4e-05,0.1708,0.0104,0.1638,0.0526,0.18773,1,0.00033,1,2,right_hand_base_link|torso_link
0.1659,1347,0,0.1698,-0.021,0.2047,5e-05,0.1728,-0.0226,0.2018,0.0044,0.01491,1,0.00071,0,0,right_hand_base_link|torso_link
0.2636,1348,0,0.2676,-0.1018,0.013,8e-05,0.2676,-0.1018,0.0129,0.0001,0.0,0,0.0,0,0,
0.1628,1349,0,0.1668,-0.0801,0.1973,5e-05,0.1668,-0.0801,0.1974,0.0001,0.0,1,0.0,0,0,right_hand_base_link|torso_link
0.1873,1352,0,0.1912,-0.0694,0.0822,7e-05,0.1913,-0.0695,0.0822,0.0002,0.00078,1,4e-05,1,320,right_hand_base_link|torso_link
0.1373,1353,0,0.1413,-0.0132,0.2035,0.0001,0.168,-0.0423,0.2024,0.0395,0.18678,1,0.00037,0,0,right_hand_base_link|torso_link
0.4791,1355,0,0.4831,-0.2836,0.2008,8e-05,0.483,-0.2836,0.2008,0.0001,0.0,0,0.0,0,0,
0.3436,1356,0,0.3475,-0.1603,0.1852,3e-05,0.3476,-0.1603,0.1852,0.0001,0.0,0,0.0,0,0,
0.2904,1358,0,0.2943,-0.096,0.236,7e-05,0.2944,-0.096,0.236,0.0001,0.0,0,0.0,0,0,
0.1971,1359,0,0.2011,-0.0995,0.0721,6e-05,0.2011,-0.0995,0.0721,0.0,0.0,0,0.0,1,52,
0.0797,1360,0,0.0837,-0.0035,0.1989,5e-05,0.1477,-0.0718,0.2165,0.0952,0.5096,1,0.00029,0,0,right_hand_Link1_1|torso_link;right_hand_base_link|torso_link
0.3692,1365,0,0.3731,-0.0786,0.2292,5e-05,0.3732,-0.0786,0.2292,0.0001,0.0,0,0.0,0,0,
0.0968,1366,0,0.1007,-0.0111,0.2015,5e-05,0.1501,-0.0703,0.2134,0.078,0.41245,1,0.0,0,0,right_hand_Link1_1|torso_link;right_hand_base_link|torso_link
0.1423,1367,0,0.1463,-0.0422,0.2064,6e-05,0.1591,-0.0662,0.2101,0.0275,0.11566,1,0.00065,0,0,right_hand_base_link|torso_link
0.5215,1368,0,0.5255,-0.0162,0.0063,0.02539,0.5034,-0.0214,0.0171,0.0251,0.0,0,0.0,0,0,
0.3867,1369,0,0.3907,-0.1268,0.2343,4e-05,0.3907,-0.1268,0.2343,0.0001,0.0,0,0.0,0,0,
0.3631,1371,0,0.3671,-0.2278,0.1579,6e-05,0.3671,-0.2278,0.1579,0.0,0.0,0,0.0,0,0,
0.2536,1374,0,0.2575,0.0889,0.2173,5e-05,0.2571,0.0887,0.2083,0.009,0.07389,1,0.0,1,122,right_elbow_link|torso_link;right_shoulder_yaw_link|torso_link
0.5304,1375,0,0.5344,-0.1439,0.2647,7e-05,0.5343,-0.1439,0.2647,0.0001,0.0,0,0.0,0,0,
0.2549,1376,0,0.2589,-0.0431,0.0516,8e-05,0.2588,-0.0431,0.0513,0.0003,0.00223,1,6e-05,1,9,right_elbow_link|torso_link;right_wrist_roll_link|torso_link
0.1442,1377,0,0.1482,0.0221,0.2047,4e-05,0.1682,0.0095,0.2014,0.0238,0.10603,1,0.00018,0,0,logo_link|right_hand_base_link;right_hand_base_link|torso_link;right_wrist_pitch_link|torso_link;right_wrist_roll_link|torso_link
0.2985,1378,0,0.3025,0.0922,0.1676,5e-05,0.3032,0.0815,0.143,0.0269,0.1095,1,1e-05,1,162,right_elbow_link|torso_link;right_shoulder_yaw_link|torso_link
0.4471,1382,0,0.4511,-0.3103,0.2367,5e-05,0.4511,-0.3103,0.2367,0.0001,0.0,0,0.0,0,0,
0.3968,1383,0,0.4008,-0.2756,0.1976,6e-05,0.4007,-0.2756,0.1976,0.0001,0.0,0,0.0,0,0,
0.5121,1384,0,0.5161,0.0393,0.2077,8e-05,0.516,0.0392,0.2078,0.0001,0.0,1,0.0,0,0,right_shoulder_roll_link|torso_link
0.3511,1385,0,0.3551,-0.246,-0.0437,4e-05,0.3603,-0.2465,-0.0247,0.0197,0.07965,0,0.0,0,0,
0.308,1386,0,0.312,0.1009,0.1524,4e-05,0.3141,0.0839,0.1215,0.0354,0.13716,1,0.0,1,180,right_shoulder_yaw_link|torso_link
0.3517,1387,0,0.3556,-0.0375,0.0369,4e-05,0.3549,-0.0456,0.0316,0.0097,0.0472,1,0.0,0,0,right_shoulder_yaw_link|torso_link
0.1934,1389,0,0.1973,-0.0821,0.1953,5e-05,0.1974,-0.0821,0.1953,0.0001,0.0,0,0.0,0,0,
0.2143,1390,0,0.2182,-0.0247,0.1066,4e-05,0.219,-0.0282,0.1049,0.004,0.01249,1,0.0,1,76,right_wrist_pitch_link|torso_link;right_wrist_roll_link|torso_link
0.2687,1391,0,0.2726,-0.1667,0.1551,3e-05,0.2727,-0.1667,0.1551,0.0001,0.0,0,0.0,0,0,
0.3443,1393,0,0.3483,-0.2937,-0.0464,8e-05,0.3549,-0.2936,-0.0249,0.0225,0.09155,0,0.0,0,0,
0.1358,1394,0,0.1397,-0.0477,0.183,7e-05,0.1557,-0.0784,0.1851,0.0346,0.16695,1,0.00072,0,0,right_hand_Link1_1|torso_link;right_hand_base_link|torso_link
0.1675,1395,0,0.1714,-0.073,0.1583,8e-05,0.1715,-0.073,0.1583,0.0001,0.0,1,0.0,0,0,right_hand_base_link|torso_link
0.2275,1396,0,0.2315,0.0821,0.1283,7e-05,0.2561,0.0427,0.1108,0.0496,0.13809,1,1e-05,1,190,right_elbow_link|torso_link;right_wrist_roll_link|torso_link
0.1035,1397,0,0.1075,0.0174,0.1968,4e-05,0.1746,-0.0427,0.1989,0.0901,0.46529,1,0.00016,0,0,right_hand_base_link|torso_link
0.203,1398,0,0.207,-0.0492,0.1178,6e-05,0.207,-0.0492,0.1177,0.0001,0.0,1,0.0,1,4,right_wrist_roll_link|torso_link
0.0839,1400,0,0.0879,-0.0027,0.1978,5e-05,0.1491,-0.0691,0.2143,0.0918,0.49134,1,8e-05,0,0,right_hand_Link1_1|torso_link;right_hand_base_link|torso_link
0.1994,1401,0,0.2033,-0.1423,0.103,9e-05,0.2034,-0.1423,0.1029,0.0001,0.0,0,0.0,0,0,
0.1823,1404,0,0.1863,0.0906,0.1853,8e-05,0.224,0.0522,0.1755,0.0547,0.17787,1,0.0,1,138,right_elbow_link|torso_link;right_wrist_roll_link|torso_link
0.4093,1405,0,0.4132,0.1718,0.1351,7e-05,0.4501,0.108,0.1156,0.0762,0.17091,1,0.0,0,0,right_shoulder_roll_link|torso_link;right_shoulder_yaw_link|torso_link
0.1811,1410,0,0.185,0.0958,0.2095,8e-05,0.2165,0.0667,0.2002,0.0439,0.14283,1,0.0,1,78,right_elbow_link|torso_link;right_wrist_roll_link|torso_link
0.4634,1411,0,0.4674,0.1399,0.1963,8e-05,0.4943,0.0906,0.1967,0.0562,0.11588,1,0.0,0,0,right_shoulder_roll_link|torso_link
0.137,1412,0,0.141,-0.0549,0.1481,5e-05,0.1555,-0.0872,0.1468,0.0354,0.17268,1,0.00104,0,0,right_hand_Link1_1|torso_link;right_hand_base_link|torso_link
0.4594,1414,0,0.4634,-0.3519,-0.0776,0.04202,0.4384,-0.3486,-0.0374,0.0475,0.07958,0,0.0,0,0,
0.1044,1415,0,0.1084,-0.0019,0.1726,6e-05,0.1655,-0.0714,0.1745,0.09,0.47803,1,0.00054,0,0,right_hand_base_link|torso_link
0.432,1416,0,0.436,-0.2501,0.1121,4e-05,0.4359,-0.2501,0.1121,0.0001,0.0,0,0.0,0,0,
0.1393,1417,0,0.1433,-0.0236,0.184,4e-05,0.17,-0.061,0.1826,0.0459,0.22482,1,0.00041,0,0,right_hand_base_link|torso_link
0.3204,1418,0,0.3244,-0.0965,0.1124,5e-05,0.3245,-0.0965,0.1124,0.0001,0.0,1,0.0,0,0,right_shoulder_yaw_link|torso_link
0.1786,1419,0,0.1826,-0.0939,0.1027,4e-05,0.1826,-0.0939,0.1027,0.0,0.0,0,0.0,1,8,
0.3965,1420,0,0.4005,0.0194,0.2036,8e-05,0.4019,0.015,0.2007,0.0054,0.02572,1,0.0,1,6,right_shoulder_yaw_link|torso_link
0.1975,1422,0,0.2015,0.0152,0.0711,3e-05,0.2037,0.0017,0.0622,0.0163,0.0479,1,0.0,1,828,right_wrist_pitch_link|torso_link;right_wrist_roll_link|torso_link
0.2621,1423,0,0.2661,-0.1448,0.1063,3e-05,0.2661,-0.1448,0.1063,0.0,0.0,0,0.0,0,0,
0.2946,1425,0,0.2985,-0.0068,0.1932,5e-05,0.2986,-0.0068,0.1932,0.0001,0.0,1,0.0,1,66,right_elbow_link|torso_link;right_shoulder_yaw_link|torso_link
0.2689,1430,0,0.2729,-0.02,0.2236,7e-05,0.273,-0.02,0.2236,0.0001,0.0,0,0.0,0,0,
0.3874,1431,0,0.3914,0.0408,0.1634,6e-05,0.3952,0.0273,0.1534,0.0172,0.0731,1,0.0,1,6,right_shoulder_yaw_link|torso_link
0.2493,1432,0,0.2532,-0.0795,0.1071,3e-05,0.2533,-0.0795,0.1071,0.0001,0.0,0,0.0,0,0,
0.3449,1433,0,0.3488,-0.1801,0.0802,3e-05,0.3489,-0.1801,0.0802,0.0001,0.0,0,0.0,0,0,
0.1344,1434,0,0.1384,0.0472,0.1391,7e-05,0.1782,0.0219,0.1268,0.0487,0.15696,1,0.00011,1,63,right_hand_base_link|torso_link;right_wrist_pitch_link|torso_link;right_wrist_roll_link|torso_link;right_wrist_yaw_link|torso_link
0.3767,1437,0,0.3807,-0.2359,0.0405,8e-05,0.3806,-0.2358,0.0406,0.0001,0.0,0,0.0,0,0,
0.1931,1439,0,0.197,-0.0417,0.2192,4e-05,0.1971,-0.0417,0.2192,0.0001,0.0,0,0.0,0,0,
0.3853,1441,0,0.3893,-0.0445,0.2221,4e-05,0.3893,-0.0445,0.2221,0.0,0.0,1,0.0,0,0,right_shoulder_yaw_link|torso_link
0.368,1442,0,0.372,0.0984,0.0779,9e-05,0.3826,0.0523,0.0454,0.0574,0.17591,1,0.0,1,56,right_shoulder_yaw_link|torso_link
0.2629,1443,0,0.2668,0.0158,0.0877,7e-05,0.2751,-0.0066,0.0807,0.0249,0.06936,1,0.0,1,106,right_elbow_link|torso_link;right_wrist_roll_link|torso_link
0.1489,1444,0,0.1529,-0.0376,0.2125,5e-05,0.1648,-0.059,0.216,0.0248,0.10802,1,0.00054,0,0,right_hand_base_link|torso_link
0.452,1445,0,0.456,-0.0297,0.2461,7e-05,0.4559,-0.0297,0.2461,0.0001,0.0,0,0.0,0,0,
0.4688,1447,0,0.4727,-0.3774,-0.0586,0.04869,0.4364,-0.3591,-0.0335,0.0477,0.0,0,0.0,0,0,
0.2492,1451,0,0.2532,-0.0111,0.191,9e-05,0.2532,-0.0111,0.191,0.0,0.0,1,0.0,1,8,right_elbow_link|torso_link;right_wrist_roll_link|torso_link
0.2851,1453,0,0.2891,0.0523,0.1825,5e-05,0.2884,0.0506,0.1741,0.0086,0.05487,1,0.0,1,160,right_elbow_link|torso_link;right_shoulder_yaw_link|torso_link
0.5019,1454,0,0.5058,-0.2403,0.2459,9e-05,0.5058,-0.2402,0.2458,0.0001,0.0,0,0.0,0,0,
0.1769,1457,0,0.1808,0.0473,0.0973,3e-05,0.1846,0.0306,0.0822,0.0228,0.06538,1,1e-05,1,746,right_wrist_pitch_link|torso_link;right_wrist_roll_link|torso_link;right_wrist_yaw_link|torso_link
0.2175,1458,0,0.2215,-0.0383,0.1322,5e-05,0.2215,-0.0382,0.1322,0.0001,0.0,1,0.0,1,3,right_wrist_roll_link|torso_link
0.0929,1460,0,0.0969,0.0173,0.1831,5e-05,0.1732,-0.0598,0.1906,0.1087,0.58281,1,0.00027,0,0,right_hand_base_link|torso_link
0.1243,1461,0,0.1283,-0.0209,0.202,7e-05,0.1579,-0.0616,0.207,0.0505,0.24655,1,0.00026,0,0,right_hand_base_link|torso_link
0.4421,1463,0,0.446,-0.3123,0.1843,4e-05,0.446,-0.3123,0.1843,0.0,0.0,0,0.0,0,0,
0.1008,1465,0,0.1047,-0.0186,0.177,0.0001,0.1523,-0.0829,0.1813,0.0801,0.42548,1,0.0,0,0,right_hand_Link1_1|torso_link;right_hand_base_link|torso_link
0.2046,1466,0,0.2086,-0.0111,0.0979,4e-05,0.2095,-0.0165,0.0943,0.0065,0.02225,1,0.0,1,394,right_wrist_pitch_link|torso_link;right_wrist_roll_link|torso_link
0.3848,1469,0,0.3887,-0.2254,-0.1231,9e-05,0.4365,-0.2255,-0.0243,0.1098,0.47501,0,0.0,0,0,
0.3461,1471,0,0.3501,-0.2344,0.0848,8e-05,0.3502,-0.2344,0.0848,0.0001,0.0,0,0.0,0,0,
0.2523,1473,0,0.2563,0.0981,0.1701,6e-05,0.2551,0.0933,0.1513,0.0195,0.11902,1,0.0,1,232,right_elbow_link|torso_link
0.1823,1474,0,0.1863,0.1062,0.1401,8e-05,0.2342,0.0527,0.1227,0.0739,0.22284,1,0.0,1,204,right_elbow_link|torso_link;right_wrist_roll_link|torso_link
0.0781,1475,0,0.0821,-0.0022,0.1977,5e-05,0.1486,-0.0707,0.2144,0.0969,0.51851,1,0.0,0,0,right_hand_Link1_1|torso_link;right_hand_base_link|torso_link
0.3579,1476,0,0.3619,-0.1706,0.1706,8e-05,0.362,-0.1706,0.1706,0.0001,0.0,0,0.0,0,0,
0.442,1477,0,0.446,-0.1791,-0.025,0.0001,0.4459,-0.1791,-0.025,0.0001,0.0,0,0.0,0,0,
0.3028,1480,0,0.3068,0.0725,0.1688,5e-05,0.3067,0.0652,0.1506,0.0196,0.08675,1,0.0,1,160,right_elbow_link|torso_link;right_shoulder_yaw_link|torso_link
0.5122,1481,0,0.5162,-0.1106,0.0166,0.00092,0.5154,-0.1106,0.017,0.0009,0.0,0,0.0,0,0,
0.2145,1482,0,0.2185,-0.0804,0.1809,8e-05,0.2185,-0.0804,0.1809,0.0,0.0,0,0.0,0,0,
0.3472,1483,0,0.3512,-0.0069,0.1942,3e-05,0.3516,-0.0105,0.1882,0.007,0.04724,1,1e-05,0,0,right_shoulder_yaw_link|torso_link
0.4032,1484,0,0.4072,-0.0305,0.1928,5e-05,0.4071,-0.0305,0.1927,0.0001,0.0,1,0.0,0,0,right_shoulder_yaw_link|torso_link
0.5451,1485,0,0.5491,-0.1219,0.2344,9e-05,0.549,-0.122,0.2344,0.0001,0.0,0,0.0,0,0,
0.3849,1486,0,0.3888,0.019,0.1431,9e-05,0.391,0.0074,0.1347,0.0145,0.06526,1,0.0,1,14,right_shoulder_yaw_link|torso_link
0.1142,1487,0,0.1181,0.0311,0.1867,6e-05,0.17,-0.0092,0.1835,0.0658,0.28403,1,1e-05,0,0,right_hand_Link1_1|torso_link;right_hand_base_link|torso_link
0.0845,1489,0,0.0885,-0.0038,0.2003,5e-05,0.1484,-0.0698,0.2175,0.0908,0.48601,1,0.00016,0,0,right_hand_Link1_1|torso_link;right_hand_base_link|torso_link
0.1004,1490,0,0.1044,0.0019,0.1969,7e-05,0.1608,-0.061,0.2076,0.0852,0.45102,1,0.00011,0,0,right_hand_base_link|torso_link
0.0966,1491,0,0.1005,0.0147,0.1904,5e-05,0.1715,-0.0542,0.196,0.0991,0.521,1,0.0,0,0,right_hand_base_link|torso_link
0.2701,1492,0,0.2741,-0.1526,0.2326,3e-05,0.2741,-0.1526,0.2326,0.0,0.0,0,0.0,0,0,
0.4757,1493,0,0.4796,0.0693,0.1976,9e-05,0.4795,0.0693,0.1976,0.0001,0.0,1,0.0,0,0,right_shoulder_roll_link|torso_link;right_shoulder_yaw_link|torso_link
0.0979,1494,0,0.1018,-0.0196,0.1968,5e-05,0.1486,-0.0807,0.2062,0.0775,0.40913,1,0.00017,0,0,right_hand_Link1_1|torso_link;right_hand_base_link|torso_link
0.2035,1496,0,0.2075,0.0601,0.1384,9e-05,0.2274,0.0301,0.1264,0.0379,0.1202,1,0.0,1,139,right_elbow_link|torso_link;right_wrist_roll_link|torso_link
0.0939,1498,0,0.0979,-0.012,0.1979,5e-05,0.1494,-0.0738,0.2095,0.0813,0.43074,1,0.00035,0,0,right_hand_Link1_1|torso_link;right_hand_base_link|torso_link
0.3786,1500,0,0.3826,-0.1872,0.2017,3e-05,0.3826,-0.1872,0.2017,0.0,0.0,0,0.0,0,0,
0.3979,1501,0,0.4018,-0.0383,0.1326,5e-05,0.4021,-0.0407,0.1315,0.0027,0.01376,1,0.0,0,0,right_shoulder_yaw_link|torso_link
0.2607,1503,0,0.2646,-0.0159,0.0781,8e-05,0.2665,-0.0244,0.0746,0.0094,0.02594,1,0.0,1,55,right_elbow_link|torso_link;right_wrist_roll_link|torso_link
0.161,1504,0,0.1649,0.0727,0.1988,4e-05,0.1897,0.0496,0.1911,0.0348,0.12603,1,0.0,1,38,right_elbow_link|torso_link;right_wrist_roll_link|torso_link
0.4195,1505,0,0.4235,0.0104,0.0869,7e-05,0.4257,-0.0003,0.0831,0.0116,0.03853,1,0.0,1,10,right_shoulder_yaw_link|torso_link
0.3504,1508,0,0.3544,-0.2393,0.2482,5e-05,0.3544,-0.2393,0.2483,0.0001,0.0,0,0.0,0,0,
0.2015,1509,0,0.2054,0.1027,0.0756,8e-05,0.2491,0.0346,0.0503,0.0848,0.23361,1,0.0,1,167,right_elbow_link|torso_link;right_wrist_roll_link|torso_link
0.0918,1510,0,0.0958,-0.0107,0.1965,5e-05,0.149,-0.0747,0.2097,0.0843,0.44901,1,0.00035,0,0,right_hand_Link1_1|torso_link;right_hand_base_link|torso_link
0.425,1511,0,0.429,0.0474,-0.0009,7e-05,0.436,0.0229,-0.0062,0.026,0.05843,1,0.0,1,40,right_shoulder_yaw_link|torso_link
0.1466,1513,0,0.1506,-0.0282,0.1583,8e-05,0.1772,-0.071,0.1513,0.0508,0.25411,1,0.00032,0,0,right_hand_base_link|torso_link
0.3603,1514,0,0.3643,-0.2021,0.189,7e-05,0.3643,-0.2021,0.189,0.0,0.0,0,0.0,0,0,
0.1673,1517,0,0.1713,0.0414,0.1072,4e-05,0.1837,0.0209,0.0979,0.0257,0.0865,1,0.0,1,521,right_hand_base_link|torso_link;right_wrist_pitch_link|torso_link;right_wrist_roll_link|torso_link;right_wrist_yaw_link|torso_link
0.6166,1520,0,0.6205,-0.1331,0.2621,0.04917,0.5714,-0.1334,0.2618,0.0491,0.0,0,0.0,0,0,
0.2844,1521,0,0.2884,0.0595,0.2004,5e-05,0.288,0.0574,0.1896,0.011,0.05505,1,0.0,1,134,right_elbow_link|torso_link;right_shoulder_yaw_link|torso_link
0.5419,1522,0,0.5459,-0.2406,-0.007,0.04522,0.5062,-0.2333,0.0126,0.0448,0.0,0,0.0,0,0,
0.1913,1523,0,0.1952,-0.0215,0.0952,5e-05,0.197,-0.0262,0.0943,0.0051,0.01639,1,0.00035,1,379,right_hand_base_link|torso_link;right_wrist_pitch_link|torso_link;right_wrist_roll_link|torso_link;right_wrist_yaw_link|torso_link
0.1178,1524,0,0.1218,0.0056,0.184,0.0001,0.1773,-0.0569,0.1836,0.0836,0.43277,1,0.00012,0,0,right_hand_base_link|torso_link
0.2299,1525,0,0.2339,-0.0695,0.111,4e-05,0.2339,-0.0695,0.111,0.0,0.0,0,0.0,1,3,
0.3536,1527,0,0.3576,-0.0726,0.1358,3e-05,0.3576,-0.0726,0.1358,0.0,1e-05,1,0.0,0,0,right_shoulder_yaw_link|torso_link
0.1509,1529,0,0.1549,-0.0219,0.2087,8e-05,0.1718,-0.0326,0.199,0.0222,0.06967,1,0.0001,0,0,right_hand_base_link|torso_link
0.0837,1530,0,0.0877,0.0065,0.1998,9e-05,0.156,-0.0566,0.2116,0.0937,0.49645,1,0.00015,0,0,right_hand_Link1_1|torso_link;right_hand_base_link|torso_link
0.1876,1531,0,0.1916,-0.0865,0.0843,8e-05,0.1916,-0.0865,0.0843,0.0001,0.0,0,0.0,1,213,
0.5547,1533,0,0.5586,-0.2779,0.0909,0.02921,0.5316,-0.2711,0.0991,0.029,0.0,0,0.0,0,0,
0.2238,1536,0,0.2278,0.0601,0.221,7e-05,0.2358,0.0502,0.2145,0.0143,0.04399,1,0.0,1,66,right_elbow_link|torso_link
0.3284,1537,0,0.3324,-0.1098,0.0913,5e-05,0.3324,-0.1098,0.0913,0.0,0.0,1,0.0,0,0,right_shoulder_yaw_link|torso_link
0.4837,1539,0,0.4876,-0.1313,0.2274,6e-05,0.4876,-0.1313,0.2274,0.0001,0.0,0,0.0,0,0,
0.5102,1540,0,0.5142,-0.323,-0.0284,0.0475,0.4753,-0.3091,-0.0062,0.0469,0.0,0,0.0,0,0,
0.5154,1541,0,0.5194,0.0762,0.2036,0.0001,0.5283,0.0545,0.2078,0.0238,0.04343,1,0.0,0,0,right_shoulder_roll_link|torso_link
0.236,1544,0,0.2399,-0.0072,0.096,9e-05,0.2431,-0.0183,0.0912,0.0125,0.03849,1,0.0,1,64,right_elbow_link|torso_link;right_wrist_roll_link|torso_link
0.3744,1545,0,0.3784,-0.2153,0.0092,5e-05,0.3783,-0.2153,0.0092,0.0001,0.0,0,0.0,0,0,
0.1703,1546,0,0.1742,0.0601,0.1838,4e-05,0.1904,0.0417,0.1739,0.0264,0.09592,1,0.0,1,28,right_wrist_roll_link|torso_link
0.2007,1547,0,0.2047,-0.0346,0.0984,5e-05,0.2046,-0.0345,0.0983,0.0002,0.00124,1,4e-05,1,249,right_wrist_pitch_link|torso_link;right_wrist_roll_link|torso_link;right_wrist_yaw_link|torso_link
0.6073,1549,0,0.6113,-0.1512,0.1534,0.0491,0.563,-0.1503,0.1618,0.0491,0.0,0,0.0,0,0,
0.5051,1550,0,0.5091,-0.368,0.0947,0.01251,0.4983,-0.3631,0.0982,0.0124,0.0,0,0.0,0,0,
0.3531,1551,0,0.357,-0.1814,0.0735,9e-05,0.3571,-0.1814,0.0735,0.0001,0.0,0,0.0,0,0,
0.2342,1552,0,0.2382,0.0331,0.1341,8e-05,0.2481,0.013,0.1255,0.024,0.07371,1,0.0,1,108,right_elbow_link|torso_link;right_wrist_roll_link|torso_link
0.0762,1553,0,0.0802,0.0001,0.1999,5e-05,0.1514,-0.0571,0.2037,0.0914,0.46447,1,0.0,0,0,right_hand_Link1_1|torso_link;right_hand_base_link|torso_link
0.1076,1554,0,0.1116,-0.0274,0.1665,9e-05,0.1521,-0.0906,0.1671,0.0751,0.39444,1,0.0,0,0,right_hand_Link1_1|torso_link;right_hand_base_link|torso_link
0.1599,1556,0,0.1639,0.0181,0.1509,8e-05,0.1886,-0.0066,0.1454,0.0354,0.1583,1,0.0,1,20,right_hand_base_link|torso_link;right_wrist_pitch_link|torso_link;right_wrist_roll_link|torso_link;right_wrist_yaw_link|torso_link
0.3693,1558,0,0.3733,-0.122,0.0648,6e-05,0.3733,-0.122,0.0648,0.0,0.0,0,0.0,0,0,
0.5318,1559,0,0.5358,0.0716,0.2351,0.00549,0.5431,0.0365,0.2446,0.0371,0.06671,1,0.0,0,0,right_shoulder_roll_link|torso_link
0.2735,1561,0,0.2774,-0.0355,0.1513,8e-05,0.2775,-0.0355,0.1513,0.0001,0.0,1,0.0,1,8,right_elbow_link|torso_link
0.5802,1563,0,0.5842,-0.1466,0.1872,0.0173,0.567,-0.1463,0.1893,0.0173,0.0,0,0.0,0,0,
0.4175,1564,0,0.4214,-0.1553,0.1936,7e-05,0.4214,-0.1553,0.1936,0.0001,0.0,0,0.0,0,0,
0.3559,1565,0,0.3599,-0.0138,0.205,8e-05,0.3604,-0.0164,0.2014,0.0044,0.03194,1,0.0,0,0,right_shoulder_yaw_link|torso_link
0.3199,1568,0,0.3238,-0.218,0.2118,4e-05,0.3239,-0.2181,0.2118,0.0001,0.0,0,0.0,0,0,
0.0798,1569,0,0.0838,0.0029,0.1989,5e-05,0.1498,-0.0643,0.2177,0.0961,0.51564,1,8e-05,0,0,right_hand_Link1_1|torso_link;right_hand_base_link|torso_link
0.1287,1571,0,0.1327,-0.0279,0.1995,7e-05,0.1577,-0.0655,0.2039,0.0454,0.21786,1,0.00019,0,0,right_hand_Link1_1|torso_link;right_hand_base_link|torso_link
0.1571,1572,0,0.1611,0.0684,0.1544,4e-05,0.1786,0.0462,0.1396,0.0319,0.1107,1,0.0,1,131,right_wrist_pitch_link|torso_link;right_wrist_roll_link|torso_link
0.3423,1573,0,0.3463,0.1343,0.0403,8e-05,0.3438,0.1096,0.0439,0.0251,0.23154,1,0.01735,1,82,left_hand_Link1_1|right_hand_Link2_2;left_hand_Link1_1|right_hand_Link2_3;left_hand_Link1_2|right_hand_Link1_2;left_hand_Link1_2|right_hand_Link1_3;left_hand_Link1_2|right_hand_Link2_2;left_hand_Link1_2|right_hand_Link2_3;left_hand_Link1_3|right_hand_Link1_2;left_hand_Link2_1|right_hand_Link2_2;left_hand_Link2_1|right_hand_Link2_3;left_hand_base_link|right_hand_Link2_2;left_hand_base_link|right_hand_Link2_3;right_shoulder_yaw_link|torso_link
0.1399,1574,0,0.1438,0.0312,0.1765,0.0001,0.1782,0.0032,0.1727,0.0446,0.20309,1,0.0,0,0,right_hand_base_link|torso_link;right_wrist_pitch_link|torso_link;right_wrist_roll_link|torso_link;right_wrist_yaw_link|torso_link
0.2104,1576,0,0.2144,-0.1218,0.1737,4e-05,0.2144,-0.1218,0.1737,0.0001,0.0,0,0.0,0,0,
0.2489,1577,0,0.2529,0.1786,0.1115,8e-05,0.27,0.1427,0.1023,0.0408,0.20944,1,0.0,1,348,left_hand_base_link|right_hand_Link1_2;left_hand_base_link|right_hand_Link1_3;left_wrist_pitch_link|right_hand_Link2_2;left_wrist_pitch_link|right_hand_Link2_3;left_wrist_yaw_link|right_hand_Link2_2;left_wrist_yaw_link|right_hand_Link2_3;right_elbow_link|torso_link;right_shoulder_yaw_link|torso_link
0.1528,1578,0,0.1567,0.0752,0.1695,4e-05,0.1755,0.0536,0.153,0.033,0.11436,1,0.0,1,112,right_wrist_roll_link|torso_link
0.1383,1580,0,0.1423,-0.0053,0.2038,8e-05,0.1694,-0.0277,0.1984,0.0356,0.16217,1,0.00064,0,0,right_hand_base_link|torso_link
0.4205,1581,0,0.4245,-0.2738,0.2376,6e-05,0.4244,-0.2738,0.2376,0.0001,0.0,0,0.0,0,0,
0.0925,1583,0,0.0965,0.0046,0.1954,8e-05,0.1605,-0.0596,0.2041,0.0911,0.4823,1,0.00033,0,0,right_hand_base_link|torso_link
0.3645,1586,0,0.3684,0.0509,-0.1044,9e-05,0.4229,0.0318,-0.0355,0.0899,0.24942,1,2e-05,1,42,right_shoulder_yaw_link|torso_link
0.2834,1588,0,0.2873,0.0452,-0.0297,4e-05,0.2887,0.0218,-0.019,0.0258,0.14152,1,4e-05,1,34,right_elbow_link|torso_link;right_shoulder_yaw_link|torso_link
0.1938,1589,0,0.1978,0.077,0.1921,9e-05,0.2253,0.0468,0.1836,0.0417,0.13771,1,0.0,1,118,right_elbow_link|torso_link;right_wrist_roll_link|torso_link
0.265,1590,0,0.269,-0.0291,0.2055,8e-05,0.2691,-0.0291,0.2055,0.0001,0.0,1,0.0,0,0,right_elbow_link|torso_link
0.4415,1591,0,0.4455,-0.3165,0.2262,0.0001,0.4454,-0.3164,0.2262,0.0001,0.0,0,0.0,0,0,
0.0967,1592,0,0.1007,0.0115,0.1952,6e-05,0.167,-0.0536,0.2031,0.0932,0.48633,1,0.0,0,0,right_hand_base_link|torso_link
0.2382,1594,0,0.2422,0.0598,0.1347,7e-05,0.2598,0.0292,0.1225,0.0373,0.10758,1,1e-05,1,166,right_elbow_link|torso_link;right_wrist_roll_link|torso_link
0.4577,1597,0,0.4617,-0.1531,0.075,7e-05,0.4616,-0.1531,0.075,0.0001,0.0,0,0.0,0,0,
0.4549,1598,0,0.4588,-0.2355,0.2207,6e-05,0.4588,-0.2355,0.2207,0.0,0.0,0,0.0,0,0,
0.2062,1599,0,0.2102,-0.0154,0.1313,5e-05,0.2107,-0.0182,0.129,0.0037,0.01342,1,0.0,1,23,right_wrist_pitch_link|torso_link;right_wrist_roll_link|torso_link
0.3944,1600,0,0.3983,-0.2808,0.0848,4e-05,0.3983,-0.2808,0.0848,0.0,0.0,0,0.0,0,0,
0.1435,1601,0,0.1475,-0.0127,0.1988,8e-05,0.1727,-0.0373,0.1941,0.0355,0.16247,1,0.0001,0,0,right_hand_base_link|torso_link
0.139,1602,0,0.143,-0.0153,0.1993,0.0001,0.1681,-0.0443,0.1984,0.0384,0.18215,1,0.00067,0,0,right_hand_base_link|torso_link
0.1847,1604,0,0.1887,-0.0012,0.13,6e-05,0.1892,-0.004,0.1272,0.004,0.01483,1,1e-05,1,35,right_hand_base_link|torso_link;right_wrist_pitch_link|torso_link;right_wrist_roll_link|torso_link;right_wrist_yaw_link|torso_link
0.1819,1606,0,0.1859,-0.1176,0.1048,4e-05,0.1859,-0.1176,0.1048,0.0001,0.0,0,0.0,0,0,
0.4199,1607,0,0.4238,-0.2728,0.1933,6e-05,0.4238,-0.2728,0.1933,0.0001,0.0,0,0.0,0,0,
0.4758,1608,0,0.4798,-0.2236,0.1623,8e-05,0.4797,-0.2236,0.1623,0.0001,0.0,0,0.0,0,0,
0.4973,1609,0,0.5013,-0.0158,-0.0348,0.0237,0.4816,-0.0206,-0.023,0.0234,0.0,0,0.0,0,0,
0.4284,1610,0,0.4323,0.0756,0.0186,9e-05,0.4432,0.0444,0.0119,0.0338,0.07408,1,0.0,1,24,right_shoulder_roll_link|torso_link;right_shoulder_yaw_link|torso_link
0.0997,1611,0,0.1037,0.0157,0.196,5e-05,0.1713,-0.0469,0.2011,0.0922,0.47883,1,3e-05,0,0,right_hand_base_link|torso_link
0.2782,1612,0,0.2822,-0.1134,0.11,8e-05,0.2823,-0.1134,0.1099,0.0001,0.0,0,0.0,0,0,
0.1397,1614,0,0.1436,-0.07,0.1309,5e-05,0.1529,-0.0969,0.1287,0.0286,0.13312,1,0.0,0,0,right_hand_Link1_1|torso_link;right_hand_base_link|torso_link
0.5193,1616,0,0.5232,-0.2482,-0.0536,0.04909,0.4824,-0.2398,-0.0288,0.0484,0.0,0,0.0,0,0,
0.3436,1617,0,0.3475,0.1237,0.1071,0.0001,0.3635,0.0871,0.0831,0.0466,0.18515,1,1e-05,1,62,right_shoulder_yaw_link|torso_link
0.1061,1618,0,0.11,-0.0207,0.2041,5e-05,0.1496,-0.0721,0.2122,0.0654,0.33833,1,0.00031,0,0,right_hand_Link1_1|torso_link;right_hand_base_link|torso_link
0.5202,1620,0,0.5242,-0.1907,0.112,9e-05,0.5241,-0.1907,0.112,0.0001,0.0,0,0.0,0,0,
0.2907,1622,0,0.2947,0.0209,0.0747,6e-05,0.2943,0.0175,0.0702,0.0056,0.0604,1,1e-05,1,158,right_elbow_link|torso_link;right_shoulder_yaw_link|torso_link;right_wrist_roll_link|torso_link
0.3024,1623,0,0.3064,-0.0304,0.2225,5e-05,0.3064,-0.0304,0.2225,0.0,0.0,1,0.0,0,0,right_shoulder_yaw_link|torso_link
0.2545,1624,0,0.2585,-0.1147,0.0494,9e-05,0.2586,-0.1147,0.0493,0.0001,0.0,0,0.0,0,0,
0.2198,1625,0,0.2238,0.12,0.2029,5e-05,0.2229,0.1185,0.187,0.016,0.11627,1,0.0,1,170,right_elbow_link|torso_link
0.2722,1626,0,0.2762,0.002,0.185,7e-05,0.2759,0.0021,0.1839,0.0012,0.00813,1,0.0,1,106,right_elbow_link|torso_link;right_wrist_roll_link|torso_link
0.1644,1629,0,0.1684,0.0691,0.121,3e-05,0.1752,0.0486,0.0988,0.031,0.08524,1,1e-05,1,673,right_wrist_pitch_link|torso_link;right_wrist_roll_link|torso_link
0.4241,1631,0,0.428,0.0348,0.0746,8e-05,0.4324,0.0173,0.0687,0.019,0.05516,1,0.0,1,20,right_shoulder_yaw_link|torso_link
0.1408,1632,0,0.1448,0.0028,0.1318,4e-05,0.1939,-0.0752,0.1176,0.0933,0.48619,1,1e-05,0,0,right_hand_base_link|torso_link
0.1685,1633,0,0.1725,0.0186,0.2056,8e-05,0.1742,0.0166,0.2043,0.003,0.01375,1,2e-05,0,0,logo_link|right_hand_base_link;right_hand_base_link|torso_link;right_wrist_roll_link|torso_link
0.2629,1634,0,0.2668,-0.0555,0.0335,8e-05,0.2669,-0.0555,0.0335,0.0001,0.0,1,0.0,0,0,right_elbow_link|torso_link;right_wrist_roll_link|torso_link
0.4756,1635,0,0.4795,-0.2868,0.1179,5e-05,0.4795,-0.2868,0.1179,0.0,0.0,0,0.0,0,0,
0.0794,1636,0,0.0834,0.0024,0.1996,5e-05,0.1494,-0.0652,0.2188,0.0964,0.51727,1,0.0,0,0,right_hand_Link1_1|torso_link;right_hand_base_link|torso_link
0.2572,1639,0,0.2611,0.0912,0.1008,7e-05,0.2716,0.0592,0.0737,0.0432,0.10269,1,0.0,1,220,right_elbow_link|torso_link;right_wrist_roll_link|torso_link
0.0915,1641,0,0.0955,-0.0096,0.1974,5e-05,0.1494,-0.0741,0.2111,0.0851,0.45366,1,0.0,0,0,right_hand_Link1_1|torso_link;right_hand_base_link|torso_link
0.4816,1642,0,0.4856,-0.3792,0.135,9e-05,0.4855,-0.3791,0.1351,0.0001,0.0,0,0.0,0,0,
0.4324,1644,0,0.4364,-0.2679,0.1048,6e-05,0.4363,-0.2679,0.1048,0.0001,0.0,0,0.0,0,0,
0.1046,1645,0,0.1085,-0.0142,0.1754,8e-05,0.1554,-0.0756,0.1795,0.0774,0.40611,1,0.00092,0,0,right_hand_Link1_1|torso_link;right_hand_base_link|torso_link
0.2542,1646,0,0.2581,-0.0127,0.1504,9e-05,0.2593,-0.0155,0.1494,0.0032,0.0118,1,0.0,1,74,right_elbow_link|torso_link;right_wrist_roll_link|torso_link
0.1532,1647,0,0.1572,0.0205,0.181,9e-05,0.1698,0.0098,0.1781,0.0168,0.06021,1,3e-05,0,0,right_hand_base_link|torso_link;right_wrist_pitch_link|torso_link;right_wrist_roll_link|torso_link;right_wrist_yaw_link|torso_link
0.2898,1648,0,0.2938,-0.1521,0.1778,8e-05,0.2939,-0.1521,0.1778,0.0001,0.0,0,0.0,0,0,
0.3443,1649,0,0.3483,-0.052,0.038,4e-05,0.3476,-0.0569,0.0348,0.0059,0.03179,1,0.0,0,0,right_shoulder_yaw_link|torso_link
0.3525,1650,0,0.3564,0.0319,0.1475,9e-05,0.3578,0.0199,0.1328,0.019,0.09221,1,0.0,1,40,right_shoulder_yaw_link|torso_link
0.3731,1652,0,0.3771,0.1887,0.1319,9e-05,0.4216,0.1094,0.0906,0.0999,0.24221,1,8e-05,1,24,right_shoulder_roll_link|torso_link;right_shoulder_yaw_link|torso_link
0.2853,1653,0,0.2893,0.0708,0.1453,5e-05,0.2869,0.0635,0.1249,0.0218,0.09552,1,0.00014,1,198,right_elbow_link|torso_link
0.3642,1654,0,0.3682,0.032,-0.0102,9e-05,0.3714,-0.0113,-0.0304,0.0479,0.14542,1,1e-05,0,0,right_shoulder_yaw_link|torso_link
0.3596,1655,0,0.3636,-0.2384,0.0338,9e-05,0.3637,-0.2384,0.0338,0.0001,0.0,0,0.0,0,0,
0.2377,1656,0,0.2417,0.0492,0.2174,7e-05,0.2452,0.0439,0.2118,0.0085,0.02652,1,0.0,1,74,right_elbow_link|torso_link
0.1289,1657,0,0.1329,-0.0136,0.1819,5e-05,0.1725,-0.0621,0.1762,0.0629,0.31735,1,0.00053,0,0,right_hand_base_link|torso_link
0.2112,1658,0,0.2151,-0.0188,0.1855,5e-05,0.2152,-0.0187,0.1855,0.0001,0.0,1,0.0,0,0,right_wrist_roll_link|torso_link
0.4484,1659,0,0.4524,0.1628,-0.0253,0.04607,0.4763,0.0307,-0.0045,0.1359,0.22545,1,0.0,0,0,right_shoulder_roll_link|torso_link
0.2238,1663,0,0.2277,0.1418,0.0621,9e-05,0.2334,0.1184,0.0863,0.0341,0.20609,1,0.0,1,422,left_wrist_pitch_link|right_hand_Link2_2;left_wrist_yaw_link|right_hand_Link2_2;right_elbow_link|torso_link
0.3182,1664,0,0.3222,0.0118,0.2119,4e-05,0.3223,0.0101,0.2056,0.0065,0.04147,1,0.0,1,24,right_shoulder_yaw_link|torso_link
0.0945,1665,0,0.0985,-0.0128,0.192,5e-05,0.1501,-0.0769,0.2027,0.083,0.44145,1,6e-05,0,0,right_hand_Link1_1|torso_link;right_hand_base_link|torso_link
0.3179,1666,0,0.3218,0.0939,0.1018,5e-05,0.3222,0.0702,0.0693,0.0403,0.14619,1,0.0,1,234,right_shoulder_yaw_link|torso_link
0.3466,1667,0,0.3506,0.0121,-0.1039,6e-05,0.3936,-0.0198,-0.0221,0.0977,0.39569,1,0.0,0,0,right_shoulder_yaw_link|torso_link
0.2699,1670,0,0.2739,-0.0144,0.2162,7e-05,0.2739,-0.0144,0.2163,0.0001,0.0,1,0.0,1,10,right_elbow_link|torso_link
0.4959,1672,0,0.4998,-0.1526,0.1131,0.0001,0.4997,-0.1526,0.1131,0.0001,0.0,0,0.0,0,0,
0.1076,1673,0,0.1116,-0.0329,0.1901,5e-05,0.1492,-0.0907,0.1943,0.0691,0.35962,1,0.0,0,0,right_hand_Link1_1|torso_link
0.4652,1674,0,0.4691,-0.0882,-0.1397,0.04828,0.476,-0.0938,-0.0341,0.106,0.37057,0,0.0,0,0,
0.5148,1675,0,0.5188,-0.2697,0.0624,0.00069,0.5181,-0.2696,0.0627,0.0007,0.0,0,0.0,0,0,
0.5492,1676,0,0.5532,-0.1071,0.2063,0.0001,0.5531,-0.1071,0.2063,0.0002,0.0,0,0.0,0,0,
0.3074,1677,0,0.3114,0.0814,0.0642,7e-05,0.3083,0.0602,0.0361,0.0353,0.12809,1,0.0,1,260,right_elbow_link|torso_link;right_shoulder_yaw_link|torso_link
0.1378,1678,0,0.1418,-0.0525,0.1877,7e-05,0.1541,-0.0773,0.19,0.0277,0.12846,1,0.00086,0,0,right_hand_Link1_1|torso_link;right_hand_base_link|torso_link
0.3982,1681,0,0.4021,-0.288,0.0109,9e-05,0.4021,-0.2879,0.0109,0.0001,0.0,0,0.0,0,0,
0.2583,1682,0,0.2622,-0.0641,0.0521,8e-05,0.2623,-0.0641,0.0521,0.0001,0.0,1,0.0,0,0,right_elbow_link|torso_link;right_wrist_roll_link|torso_link
0.2833,1683,0,0.2872,-0.1863,-0.0319,6e-05,0.2888,-0.1872,-0.0258,0.0063,0.02029,0,0.0,0,0,
0.3316,1684,0,0.3355,-0.1846,-0.0091,3e-05,0.3356,-0.1847,-0.0091,0.0001,0.0,0,0.0,0,0,
0.11,1685,0,0.1139,-0.018,0.2043,9e-05,0.1514,-0.0665,0.2127,0.0619,0.3189,1,0.00093,0,0,right_hand_Link1_1|torso_link;right_hand_base_link|torso_link
0.5639,1687,0,0.5678,-0.2238,0.1456,0.01429,0.554,-0.2217,0.1484,0.0142,0.0,0,0.0,0,0,
0.2107,1691,0,0.2147,-0.1173,0.1928,4e-05,0.2147,-0.1173,0.1928,0.0,0.0,0,0.0,0,0,
0.4486,1693,0,0.4526,-0.156,0.2571,0.0001,0.4525,-0.156,0.2571,0.0001,0.0,0,0.0,0,0,
0.4231,1694,0,0.4271,-0.1094,-0.16,0.02944,0.465,-0.1053,-0.0376,0.1282,0.50825,0,0.0,0,0,
0.421,1696,0,0.425,-0.2756,0.0722,6e-05,0.4249,-0.2756,0.0722,0.0001,0.0,0,0.0,0,0,
0.3259,1697,0,0.3299,-0.2629,0.0608,3e-05,0.3299,-0.2629,0.0608,0.0,0.0,0,0.0,0,0,
0.1251,1699,0,0.1291,0.0088,0.193,8e-05,0.1785,-0.0348,0.1863,0.0662,0.33369,1,0.0,0,0,right_hand_Link1_1|torso_link;right_hand_base_link|torso_link
0.3501,1701,0,0.354,0.0275,0.2478,5e-05,0.3558,0.024,0.2424,0.0067,0.04021,1,0.0,1,6,right_shoulder_yaw_link|torso_link
0.2548,1702,0,0.2588,0.0686,0.195,6e-05,0.2574,0.0687,0.1869,0.0082,0.07028,1,0.0,1,160,right_elbow_link|torso_link
0.2385,1703,0,0.2425,-0.1048,0.1225,5e-05,0.2425,-0.1048,0.1225,0.0,0.0,0,0.0,0,0,
0.4443,1704,0,0.4482,-0.268,0.0468,7e-05,0.4482,-0.268,0.0469,0.0001,0.0,0,0.0,0,0,
0.3596,1705,0,0.3636,0.076,-0.0329,8e-05,0.3866,0.0212,-0.0335,0.0594,0.18189,1,0.0,1,20,right_shoulder_yaw_link|torso_link
0.4529,1706,0,0.4568,0.0706,0.1403,6e-05,0.4594,0.0643,0.139,0.0069,0.01707,1,1e-05,0,0,right_shoulder_roll_link|torso_link;right_shoulder_yaw_link|torso_link
0.2281,1707,0,0.2321,-0.1632,0.0382,4e-05,0.2321,-0.1633,0.0382,0.0001,0.0,0,0.0,0,0,
0.5834,1708,0,0.5874,-0.0998,0.1878,0.02158,0.566,-0.1012,0.1904,0.0216,0.0,0,0.0,0,0,
0.425,1711,0,0.4289,-0.3457,-0.1006,0.02766,0.4297,-0.3545,-0.04,0.0613,0.21601,0,0.00024,0,0,
0.1895,1712,0,0.1935,0.0955,0.1049,8e-05,0.2348,0.0397,0.0849,0.0722,0.21197,1,0.0,1,202,right_elbow_link|torso_link;right_wrist_roll_link|torso_link
0.2229,1713,0,0.2269,-0.0407,0.2185,5e-05,0.2269,-0.0406,0.2185,0.0001,0.0,0,0.0,0,0,
0.1185,1714,0,0.1225,0.0361,0.1684,4e-05,0.176,-0.0069,0.1557,0.0698,0.25875,1,0.00036,0,0,right_hand_base_link|torso_link;right_wrist_yaw_link|torso_link
0.1809,1715,0,0.1849,0.0859,0.121,9e-05,0.2118,0.0477,0.1008,0.0509,0.15337,1,0.0,1,329,right_wrist_pitch_link|torso_link;right_wrist_roll_link|torso_link
0.0982,1716,0,0.1022,-0.0028,0.1966,8e-05,0.1562,-0.065,0.2081,0.0832,0.43941,1,0.00016,0,0,right_hand_Link1_1|torso_link;right_hand_base_link|torso_link
0.3044,1717,0,0.3084,-0.1686,0.1717,6e-05,0.3084,-0.1686,0.1717,0.0,0.0,0,0.0,0,0,
0.1299,1718,0,0.1338,-0.0357,0.1558,5e-05,0.1604,-0.0841,0.1542,0.0552,0.27562,1,0.00018,0,0,right_hand_base_link|torso_link
0.1409,1721,0,0.1448,-0.021,0.1709,9e-05,0.1745,-0.0671,0.1705,0.0548,0.28002,1,0.00036,0,0,right_hand_base_link|torso_link
0.211,1722,0,0.215,0.1121,0.163,7e-05,0.2458,0.0756,0.1437,0.0515,0.14075,1,0.0,1,168,right_elbow_link|torso_link
0.0914,1726,0,0.0953,-0.0124,0.1988,5e-05,0.149,-0.0741,0.2092,0.0824,0.4365,1,0.00038,0,0,right_hand_Link1_1|torso_link;right_hand_base_link|torso_link
0.1678,1727,0,0.1717,-0.0392,0.1421,5e-05,0.1851,-0.066,0.1398,0.0301,0.14331,1,0.00063,0,0,right_hand_base_link|torso_link
0.4355,1728,0,0.4395,0.0597,0.0958,5e-05,0.4455,0.0416,0.0904,0.0199,0.05292,1,0.0,1,30,right_shoulder_yaw_link|torso_link
0.1175,1729,0,0.1215,-0.0396,0.1621,8e-05,0.1518,-0.0955,0.1616,0.0635,0.32925,1,0.0,0,0,right_hand_Link1_1|torso_link;right_hand_base_link|torso_link
0.4869,1730,0,0.4909,-0.2048,0.0502,7e-05,0.4908,-0.2048,0.0503,0.0001,0.0,0,0.0,0,0,
0.2417,1731,0,0.2456,0.1261,0.1911,5e-05,0.2461,0.1273,0.192,0.0016,0.11264,1,0.0,1,166,right_elbow_link|torso_link;right_shoulder_yaw_link|torso_link
0.4176,1732,0,0.4216,0.1596,0.0051,0.00745,0.4792,0.0416,0.0086,0.1313,0.23793,1,0.0,0,0,right_shoulder_roll_link|torso_link
0.1428,1734,0,0.1468,0.023,0.1416,9e-05,0.1973,-0.0372,0.1321,0.0791,0.38623,1,2e-05,1,3,right_hand_base_link|torso_link;right_wrist_yaw_link|torso_link
0.516,1735,0,0.52,-0.0625,0.1833,7e-05,0.5199,-0.0625,0.1833,0.0001,0.0,0,0.0,0,0,
0.3261,1741,0,0.3301,-0.2307,0.216,3e-05,0.3301,-0.2307,0.216,0.0,0.0,0,0.0,0,0,
0.1279,1743,0,0.1319,0.0442,0.1484,8e-05,0.1792,0.0178,0.1349,0.0558,0.19848,1,0.0,1,38,right_hand_base_link|torso_link;right_wrist_pitch_link|torso_link;right_wrist_roll_link|torso_link;right_wrist_yaw_link|torso_link
0.3526,1744,0,0.3566,-0.1751,-0.0364,6e-05,0.3591,-0.1754,-0.0263,0.0104,0.0386,0,0.0,0,0,
0.2499,1745,0,0.2539,-0.1417,0.0359,0.0001,0.254,-0.1417,0.0359,0.0001,0.0,0,0.0,0,0,
0.1952,1746,0,0.1992,-0.0523,0.1455,8e-05,0.1992,-0.0522,0.1455,0.0001,0.0,0,0.0,0,0,
0.0917,1747,0,0.0956,0.0123,0.1833,6e-05,0.1677,-0.0614,0.1915,0.1035,0.55051,1,0.0,0,0,right_hand_base_link|torso_link
0.3663,1749,0,0.3703,-0.0395,-0.0727,7e-05,0.3888,-0.0586,-0.0255,0.0542,0.23093,1,0.0,0,0,right_shoulder_yaw_link|torso_link
0.3726,1750,0,0.3766,0.151,-0.0888,0.02182,0.4299,0.0752,-0.0326,0.1083,0.30499,1,0.0,0,0,right_shoulder_roll_link|torso_link;right_shoulder_yaw_link|torso_link
0.1171,1751,0,0.121,0.0192,0.1798,7e-05,0.1854,-0.046,0.1772,0.0916,0.48637,1,0.00035,0,0,right_hand_base_link|torso_link;right_wrist_yaw_link|torso_link
0.3564,1752,0,0.3603,0.0601,0.2046,0.0001,0.3647,0.0489,0.1906,0.0185,0.08585,1,0.0,1,10,right_shoulder_yaw_link|torso_link
0.3534,1753,0,0.3574,0.1585,0.1761,7e-05,0.3812,0.1302,0.1771,0.037,0.17069,1,0.0,1,36,right_shoulder_yaw_link|torso_link
0.3615,1754,0,0.3654,-0.1674,-0.0939,7e-05,0.3894,-0.1645,-0.0208,0.077,0.33135,0,0.0,0,0,
0.0818,1755,0,0.0857,-0.002,0.1981,5e-05,0.1489,-0.0701,0.2158,0.0946,0.50706,1,0.0,0,0,right_hand_Link1_1|torso_link;right_hand_base_link|torso_link
0.1273,1756,0,0.1313,-0.0059,0.1427,7e-05,0.1789,-0.0785,0.1334,0.0873,0.46217,1,7e-05,0,0,right_hand_base_link|torso_link
0.1511,1757,0,0.155,-0.0016,0.1605,5e-05,0.1924,-0.0484,0.1515,0.0606,0.31124,1,0.00081,0,0,right_hand_base_link|torso_link;right_wrist_pitch_link|torso_link;right_wrist_yaw_link|torso_link
0.2471,1758,0,0.251,0.1573,0.1927,5e-05,0.2565,0.1438,0.1552,0.0402,0.15036,1,0.0,1,238,right_elbow_link|torso_link;right_shoulder_yaw_link|torso_link
0.2195,1759,0,0.2235,0.1181,0.176,6e-05,0.222,0.1143,0.1562,0.0202,0.13842,1,0.0,1,226,right_elbow_link|torso_link
0.2811,1763,0,0.285,-0.1395,0.2358,9e-05,0.2851,-0.1395,0.2359,0.0001,0.0,0,0.0,0,0,
0.1835,1765,0,0.1875,0.0102,0.1961,6e-05,0.1895,0.0072,0.1947,0.0039,0.01703,1,0.0,0,0,right_wrist_roll_link|torso_link
0.1276,1766,0,0.1316,0.0522,0.1815,8e-05,0.1617,0.0288,0.178,0.0383,0.10524,1,5e-05,0,0,right_hand_base_link|torso_link;right_wrist_pitch_link|torso_link;right_wrist_roll_link|torso_link
0.5111,1768,0,0.515,-0.1189,0.2206,9e-05,0.5149,-0.1189,0.2206,0.0001,0.0,0,0.0,0,0,
0.2477,1769,0,0.2516,-0.1053,0.1827,5e-05,0.2517,-0.1053,0.1827,0.0001,0.0,0,0.0,0,0,
0.1608,1770,0,0.1648,-0.0439,0.139,6e-05,0.1779,-0.0714,0.1368,0.0305,0.14584,1,0.00106,0,0,right_hand_base_link|torso_link
0.227,1771,0,0.231,0.1359,0.1077,7e-05,0.2319,0.116,0.0826,0.032,0.1894,1,4e-05,1,356,left_wrist_pitch_link|right_hand_Link2_2;right_elbow_link|torso_link
0.2155,1772,0,0.2195,-0.0776,0.2194,8e-05,0.2196,-0.0776,0.2194,0.0001,0.0,0,0.0,0,0,
0.1476,1773,0,0.1515,-0.0287,0.2098,4e-05,0.169,-0.0522,0.2101,0.0293,0.13022,1,0.0,0,0,right_hand_base_link|torso_link
0.335,1774,0,0.339,0.0345,0.2071,3e-05,0.3405,0.0285,0.1954,0.0132,0.07327,1,0.0,1,50,right_shoulder_yaw_link|torso_link
0.1742,1775,0,0.1782,-0.0085,0.2139,4e-05,0.1782,-0.0084,0.2139,0.0001,0.0,1,0.0,0,0,logo_link|right_hand_base_link;right_hand_base_link|torso_link
0.1043,1776,0,0.1082,0.0063,0.2013,6e-05,0.1652,-0.0465,0.2041,0.0777,0.40083,1,0.00106,0,0,right_hand_base_link|torso_link
0.0998,1777,0,0.1037,-0.0036,0.1869,8e-05,0.159,-0.0686,0.1948,0.0857,0.4528,1,0.00038,0,0,right_hand_base_link|torso_link
0.1011,1778,0,0.105,-0.0103,0.2026,9e-05,0.1512,-0.0673,0.2151,0.0744,0.3916,1,0.0,0,0,right_hand_Link1_1|torso_link;right_hand_base_link|torso_link
0.2008,1780,0,0.2047,0.1012,0.163,7e-05,0.2374,0.0617,0.1434,0.0549,0.15875,1,0.0,1,206,right_elbow_link|torso_link;right_wrist_roll_link|torso_link
0.3436,1781,0,0.3476,0.1356,0.0351,5e-05,0.346,0.1091,0.0383,0.0268,0.23614,1,0.01965,1,68,left_hand_Link1_2|right_hand_Link1_2;left_hand_Link1_2|right_hand_Link1_3;left_hand_Link1_2|right_hand_Link2_2;left_hand_Link1_2|right_hand_Link2_3;left_hand_Link1_3|right_hand_Link1_2;left_hand_Link1_3|right_hand_Link1_3;left_hand_Link2_1|right_hand_Link2_2;left_hand_Link2_1|right_hand_Link2_3;left_hand_base_link|right_hand_Link2_2;left_hand_base_link|right_hand_Link2_3;right_shoulder_yaw_link|torso_link
0.1729,1782,0,0.1768,-0.0401,0.1605,5e-05,0.184,-0.052,0.1578,0.0142,0.05775,1,0.00022,0,0,right_hand_base_link|torso_link
0.1121,1783,0,0.116,-0.0144,0.1678,6e-05,0.1617,-0.078,0.1678,0.0783,0.41107,1,0.00026,0,0,right_hand_base_link|torso_link
0.4604,1784,0,0.4644,-0.2505,-0.097,0.0257,0.4695,-0.2507,-0.0394,0.0578,0.20676,0,0.0,0,0,
0.4169,1785,0,0.4208,-0.1015,0.0747,5e-05,0.4208,-0.1015,0.0747,0.0001,0.0,0,0.0,0,0,
0.0835,1787,0,0.0875,-0.0002,0.1944,5e-05,0.1509,-0.0673,0.2099,0.0936,0.50121,1,0.0,0,0,right_hand_Link1_1|torso_link;right_hand_base_link|torso_link
0.4456,1788,0,0.4495,-0.334,0.2169,7e-05,0.4495,-0.334,0.2169,0.0001,0.0,0,0.0,0,0,
0.2357,1790,0,0.2396,0.1205,0.1312,7e-05,0.2386,0.1095,0.105,0.0284,0.16192,1,0.0,1,248,right_elbow_link|torso_link
0.2285,1794,0,0.2325,-0.0874,0.0713,4e-05,0.2325,-0.0874,0.0713,0.0001,0.0,0,0.0,1,14,
0.269,1795,0,0.2729,0.0298,0.1032,7e-05,0.271,0.0278,0.0965,0.0073,0.06632,1,0.0,1,192,right_elbow_link|torso_link;right_wrist_roll_link|torso_link
0.236,1796,0,0.24,-0.1536,0.1282,6e-05,0.2401,-0.1536,0.1282,0.0001,0.0,0,0.0,0,0,
0.4048,1798,0,0.4087,0.0946,-0.0869,0.01575,0.444,0.0519,-0.0343,0.0764,0.24623,1,0.0,0,0,right_shoulder_roll_link|torso_link;right_shoulder_yaw_link|torso_link
0.0998,1801,0,0.1038,-0.0181,0.2019,5e-05,0.1485,-0.0761,0.2126,0.074,0.38794,1,0.00033,0,0,right_hand_Link1_1|torso_link;right_hand_base_link|torso_link
0.2523,1802,0,0.2562,0.0111,0.1904,8e-05,0.2557,0.0118,0.189,0.0016,0.01539,1,0.0,1,102,right_elbow_link|torso_link;right_wrist_roll_link|torso_link
0.5633,1803,0,0.5673,0.0918,0.1917,0.04575,0.5456,0.0224,0.2101,0.075,0.10398,1,0.0,0,0,right_shoulder_roll_link|torso_link
0.3463,1804,0,0.3503,-0.0172,0.1389,4e-05,0.35,-0.0208,0.1339,0.0061,0.03851,1,0.0,1,28,right_shoulder_yaw_link|torso_link
0.4501,1806,0,0.4541,0.1801,0.2561,9e-05,0.5105,0.0819,0.2691,0.1139,0.22146,1,9e-05,0,0,right_shoulder_roll_link|torso_link
0.4694,1807,0,0.4733,-0.262,0.0979,5e-05,0.4733,-0.262,0.0979,0.0,0.0,0,0.0,0,0,
0.4749,1808,0,0.4788,-0.1833,0.1642,6e-05,0.4788,-0.1833,0.1643,0.0001,0.0,0,0.0,0,0,
0.437,1811,0,0.4409,0.0612,0.0757,0.0001,0.4475,0.0413,0.0704,0.0216,0.05435,1,0.0,1,32,right_shoulder_yaw_link|torso_link
0.4044,1812,0,0.4084,-0.0505,0.2291,5e-05,0.4083,-0.0505,0.2291,0.0001,0.0,0,0.0,0,0,
0.1868,1813,0,0.1907,-0.1047,0.1855,7e-05,0.1908,-0.1047,0.1855,0.0001,0.0,0,0.0,0,0,
0.1322,1814,0,0.1361,-0.0019,0.2061,9e-05,0.1686,-0.0272,0.1996,0.0416,0.18983,1,0.00042,0,0,right_hand_base_link|torso_link
0.2897,1815,0,0.2937,-0.1073,0.098,7e-05,0.2937,-0.1073,0.098,0.0,0.0,0,0.0,0,0,
0.4125,1816,0,0.4164,-0.0597,0.1571,7e-05,0.4164,-0.0597,0.1571,0.0001,0.0,0,0.0,0,0,
0.0812,1817,0,0.0851,-0.0009,0.1971,5e-05,0.149,-0.0684,0.2145,0.0946,0.50731,1,3e-05,0,0,right_hand_Link1_1|torso_link;right_hand_base_link|torso_link
0.4306,1819,0,0.4345,-0.2569,0.0799,7e-05,0.4345,-0.2568,0.0799,0.0001,0.0,0,0.0,0,0,
0.2321,1820,0,0.236,0.0113,0.1235,9e-05,0.2438,-0.0059,0.1179,0.0197,0.06283,1,0.0,1,72,right_elbow_link|torso_link;right_wrist_roll_link|torso_link
0.3849,1821,0,0.3889,-0.001,0.2466,3e-05,0.3889,-0.001,0.2466,0.0,0.0,1,0.0,1,4,right_shoulder_yaw_link|torso_link
0.5472,1822,0,0.5511,0.025,0.1774,0.00985,0.5419,0.0222,0.1788,0.0098,0.0,1,0.0,0,0,right_shoulder_roll_link|torso_link
0.4693,1824,0,0.4733,0.0309,0.0691,0.0001,0.4732,0.0309,0.0691,0.0001,0.0,1,0.0,0,0,right_shoulder_roll_link|torso_link;right_shoulder_yaw_link|torso_link
0.1422,1826,0,0.1461,-0.0484,0.2079,7e-05,0.1569,-0.0698,0.2116,0.0243,0.10474,1,0.00014,0,0,right_hand_base_link|torso_link
0.1327,1827,0,0.1367,-0.0228,0.1806,5e-05,0.1689,-0.0677,0.1777,0.0554,0.27644,1,0.00022,0,0,right_hand_base_link|torso_link
0.3969,1828,0,0.4009,0.0714,0.1263,5e-05,0.4096,0.0467,0.1144,0.0288,0.10396,1,0.0,1,20,right_shoulder_yaw_link|torso_link
0.4504,1829,0,0.4543,-0.2075,0.1323,6e-05,0.4543,-0.2075,0.1323,0.0,0.0,0,0.0,0,0,
0.4063,1830,0,0.4102,-0.1165,0.0693,8e-05,0.4101,-0.1165,0.0694,0.0001,0.0,0,0.0,0,0,
0.3092,1831,0,0.3132,0.1663,0.1255,7e-05,0.3451,0.1174,0.0959,0.0655,0.21725,1,0.0,1,84,left_hand_base_link|right_hand_Link2_2;left_hand_base_link|right_hand_Link2_3;right_shoulder_yaw_link|torso_link
0.203,1832,0,0.207,-0.0035,0.1578,5e-05,0.2096,-0.0091,0.1551,0.0068,0.02498,1,0.0,1,22,right_wrist_roll_link|torso_link
0.5737,1833,0,0.5777,0.0613,0.2472,0.04071,0.5464,0.0272,0.254,0.0468,0.04108,1,0.0,0,0,right_shoulder_roll_link|torso_link
0.4944,1835,0,0.4984,-0.3446,-0.0199,0.03759,0.4682,-0.3321,-0.0026,0.037,0.0,0,0.0,0,0,
0.0883,1836,0,0.0922,0.0011,0.1934,9e-05,0.1554,-0.066,0.2061,0.0931,0.49644,1,0.00034,0,0,right_hand_Link1_1|torso_link;right_hand_base_link|torso_link
0.0959,1837,0,0.0998,-0.0028,0.1969,9e-05,0.1556,-0.065,0.2078,0.0843,0.44334,1,3e-05,0,0,right_hand_base_link|torso_link
0.2827,1839,0,0.2867,0.1415,0.2241,9e-05,0.2964,0.1264,0.1878,0.0405,0.14776,1,0.0,1,72,right_shoulder_yaw_link|torso_link
0.4025,1840,0,0.4064,0.0907,-0.0834,0.01034,0.4438,0.0532,-0.0338,0.0726,0.24589,1,0.0,0,0,right_shoulder_roll_link|torso_link;right_shoulder_yaw_link|torso_link
0.0813,1841,0,0.0852,-0.0028,0.2001,5e-05,0.1482,-0.0708,0.2184,0.0945,0.50639,1,0.0,0,0,right_hand_Link1_1|torso_link;right_hand_base_link|torso_link
0.4662,1842,0,0.4701,-0.3147,0.2619,7e-05,0.47,-0.3147,0.2619,0.0001,0.0,0,0.0,0,0,
0.2329,1844,0,0.2368,-0.0661,0.0751,3e-05,0.2369,-0.0661,0.0751,0.0001,0.0,1,0.0,1,6,right_wrist_roll_link|torso_link
0.2607,1846,0,0.2646,0.0883,0.1948,5e-05,0.2643,0.0871,0.185,0.0098,0.08583,1,0.0,1,154,right_elbow_link|torso_link
0.1412,1847,0,0.1452,0.0125,0.1493,4e-05,0.1966,-0.0535,0.14,0.0842,0.43655,1,0.0,0,0,right_hand_base_link|torso_link
0.2006,1848,0,0.2045,0.0139,0.1325,4e-05,0.2127,-0.0017,0.1271,0.0184,0.06462,1,1e-05,1,66,right_wrist_roll_link|torso_link
0.1997,1849,0,0.2037,0.0191,0.2067,4e-05,0.2064,0.0153,0.2048,0.0051,0.02042,1,0.0,0,0,right_elbow_link|torso_link;right_wrist_roll_link|torso_link
0.3139,1850,0,0.3178,-0.0329,0.1528,5e-05,0.3179,-0.0329,0.1528,0.0001,0.0,1,0.0,1,4,right_elbow_link|torso_link;right_shoulder_yaw_link|torso_link
0.4259,1851,0,0.4299,-0.2479,0.2318,6e-05,0.4298,-0.2479,0.2318,0.0001,0.0,0,0.0,0,0,
0.2803,1852,0,0.2842,-0.008,0.2059,6e-05,0.2843,-0.0079,0.2059,0.0001,0.0,1,0.0,1,58,right_elbow_link|torso_link;right_shoulder_yaw_link|torso_link
0.2909,1854,0,0.2949,-0.1355,0.0595,7e-05,0.2949,-0.1355,0.0595,0.0001,0.0,0,0.0,0,0,
0.1455,1855,0,0.1495,-0.0481,0.157,4e-05,0.1658,-0.0825,0.1568,0.0381,0.1801,1,0.0,0,0,right_hand_base_link|torso_link
0.3983,1856,0,0.4023,-0.0186,0.0968,6e-05,0.4032,-0.0267,0.093,0.009,0.03841,1,2e-05,1,2,right_shoulder_yaw_link|torso_link
0.2459,1857,0,0.2498,0.0922,0.1732,6e-05,0.2485,0.0904,0.1607,0.0127,0.10819,1,0.0,1,216,right_elbow_link|torso_link
0.4327,1858,0,0.4366,-0.3004,0.2626,6e-05,0.4366,-0.3004,0.2626,0.0,0.0,0,0.0,0,0,
0.3437,1859,0,0.3477,-0.0485,0.1621,4e-05,0.3476,-0.0491,0.161,0.0013,0.01027,1,0.0,0,0,right_shoulder_yaw_link|torso_link
0.338,1860,0,0.342,-0.1981,0.1726,3e-05,0.342,-0.1981,0.1726,0.0,0.0,0,0.0,0,0,
0.0968,1861,0,0.1008,0.0177,0.1859,5e-05,0.1731,-0.0551,0.1936,0.1029,0.54451,1,0.00032,0,0,right_hand_base_link|torso_link
0.3434,1862,0,0.3474,0.1841,0.152,7e-05,0.3537,0.1691,0.1791,0.0316,0.20775,1,0.0,1,18,left_hand_base_link|right_hand_Link2_2;left_hand_base_link|right_hand_Link2_3;left_hand_base_link|right_hand_base_link;right_shoulder_yaw_link|torso_link
0.5485,1863,0,0.5525,-0.0885,0.2822,9e-05,0.5524,-0.0885,0.2822,0.0001,0.0,0,0.0,0,0,
0.3353,1864,0,0.3393,-0.1137,0.1524,4e-05,0.3393,-0.1137,0.1524,0.0,0.0,0,0.0,0,0,
0.3082,1865,0,0.3121,0.1176,-0.0545,9e-05,0.354,0.0476,-0.0228,0.0875,0.29997,1,0.0,1,60,right_shoulder_yaw_link|torso_link
0.2342,1866,0,0.2382,0.1658,0.0879,9e-05,0.247,0.1164,0.0594,0.0577,0.24173,1,0.0,1,444,left_hand_base_link|right_hand_Link1_2;left_hand_base_link|right_hand_Link1_3;left_wrist_pitch_link|right_hand_Link2_2;left_wrist_pitch_link|right_hand_Link2_3;left_wrist_yaw_link|right_hand_Link2_2;left_wrist_yaw_link|right_hand_Link2_3;right_elbow_link|torso_link
0.0839,1867,0,0.0878,0.002,0.1922,0.0001,0.1541,-0.0667,0.2063,0.0965,0.51742,1,0.00028,0,0,right_hand_Link1_1|torso_link;right_hand_base_link|torso_link
0.3764,1868,0,0.3804,0.017,-0.0749,6e-05,0.4077,-0.0037,-0.0319,0.055,0.19116,1,0.0,1,14,right_shoulder_yaw_link|torso_link
0.3748,1873,0,0.3788,-0.2098,0.2189,9e-05,0.3788,-0.2098,0.219,0.0001,0.0,0,0.0,0,0,
0.2879,1874,0,0.2919,0.0104,0.0595,7e-05,0.2884,0.0057,0.0504,0.0109,0.05494,1,1e-05,1,82,right_elbow_link|torso_link;right_shoulder_yaw_link|torso_link;right_wrist_roll_link|torso_link
0.1324,1875,0,0.1364,-0.0553,0.1493,6e-05,0.1534,-0.0941,0.1478,0.0424,0.20943,1,0.0,0,0,right_hand_Link1_1|torso_link;right_hand_base_link|torso_link
0.2664,1876,0,0.2704,0.0587,0.1843,6e-05,0.2693,0.0583,0.1768,0.0076,0.06363,1,0.0,1,162,right_elbow_link|torso_link
0.0854,1877,0,0.0894,-0.0047,0.2,5e-05,0.1487,-0.0709,0.2167,0.0905,0.48386,1,0.0,0,0,right_hand_Link1_1|torso_link;right_hand_base_link|torso_link
0.1111,1878,0,0.1151,-0.0039,0.1735,5e-05,0.1678,-0.071,0.1751,0.0854,0.4524,1,0.00033,0,0,right_hand_base_link|torso_link
0.0887,1879,0,0.0927,-0.0079,0.2004,5e-05,0.1495,-0.0707,0.2129,0.0856,0.45501,1,0.0,0,0,right_hand_Link1_1|torso_link;right_hand_base_link|torso_link
0.3756,1880,0,0.3796,0.1026,0.2167,8e-05,0.3886,0.0888,0.2158,0.0164,0.09261,1,0.0,1,46,right_shoulder_yaw_link|torso_link
0.2065,1881,0,0.2104,-0.0783,0.1424,8e-05,0.2105,-0.0783,0.1424,0.0001,0.0,0,0.0,0,0,
0.317,1883,0,0.321,-0.0319,0.0676,6e-05,0.3199,-0.0343,0.0642,0.0043,0.02603,1,0.0,1,2,right_shoulder_yaw_link|torso_link
0.2648,1888,0,0.2688,0.0708,0.0898,7e-05,0.2761,0.0462,0.0712,0.0317,0.08563,1,0.0,1,206,right_elbow_link|torso_link;right_wrist_roll_link|torso_link
0.1342,1890,0,0.1382,-0.0102,0.1727,9e-05,0.1771,-0.0648,0.1717,0.0671,0.34553,1,0.00078,0,0,right_hand_base_link|torso_link
0.2814,1891,0,0.2854,0.0903,0.0634,8e-05,0.2786,0.0685,0.0295,0.0409,0.14848,1,0.0,1,246,right_elbow_link|torso_link
0.09,1892,0,0.0939,0.0004,0.1996,9e-05,0.1535,-0.0639,0.2145,0.0889,0.47351,1,0.00015,0,0,right_hand_Link1_1|torso_link;right_hand_base_link|torso_link
0.2967,1897,0,0.3007,-0.058,0.0995,6e-05,0.3008,-0.0579,0.0995,0.0001,0.0,1,0.0,0,0,right_shoulder_yaw_link|torso_link
0.1881,1898,0,0.1921,-0.0217,0.1969,9e-05,0.1922,-0.0217,0.1969,0.0001,0.0,1,0.0,0,0,right_wrist_roll_link|torso_link
0.2738,1899,0,0.2777,0.1774,0.0894,7e-05,0.2879,0.1412,0.0692,0.0427,0.23835,1,0.02183,1,320,left_hand_Link1_1|right_hand_Link1_2;left_hand_Link1_1|right_hand_Link1_3;left_hand_base_link|right_hand_Link2_2;left_hand_base_link|right_hand_Link2_3;left_wrist_yaw_link|right_hand_Link2_2;left_wrist_yaw_link|right_hand_Link2_3;right_shoulder_yaw_link|torso_link
0.4552,1900,0,0.4592,0.1883,0.1349,0.00879,0.5309,0.0395,0.1496,0.1659,0.29596,1,0.0,0,0,right_shoulder_roll_link|torso_link
0.292,1903,0,0.296,-0.1659,0.1663,8e-05,0.296,-0.1659,0.1663,0.0,0.0,0,0.0,0,0,
0.2876,1904,0,0.2916,-0.1392,0.1337,8e-05,0.2917,-0.1392,0.1337,0.0001,0.0,0,0.0,0,0,
0.1942,1905,0,0.1982,0.0963,0.1846,7e-05,0.2318,0.0633,0.1789,0.0475,0.15115,1,0.0,1,132,right_elbow_link|torso_link;right_wrist_roll_link|torso_link
0.1282,1907,0,0.1322,0.0036,0.2005,9e-05,0.1729,-0.0295,0.1936,0.0529,0.25659,1,0.00051,0,0,right_hand_base_link|torso_link
0.1183,1909,0,0.1222,0.0185,0.185,7e-05,0.1817,-0.0393,0.1843,0.0829,0.43204,1,0.0,0,0,right_hand_base_link|torso_link
0.1297,1910,0,0.1336,-0.0354,0.2083,8e-05,0.1543,-0.0688,0.2131,0.0396,0.18747,1,0.00016,0,0,right_hand_Link1_1|torso_link;right_hand_base_link|torso_link
0.2382,1911,0,0.2421,0.0659,0.0706,8e-05,0.2589,0.025,0.051,0.0484,0.12211,1,1e-05,1,175,right_elbow_link|torso_link;right_wrist_roll_link|torso_link
0.2673,1912,0,0.2713,0.0746,0.2186,5e-05,0.2711,0.0741,0.2105,0.0081,0.05925,1,0.0,1,112,right_elbow_link|torso_link;right_shoulder_yaw_link|torso_link
0.4735,1914,0,0.4775,-0.1809,0.2595,4e-05,0.4774,-0.1809,0.2595,0.0001,0.0,0,0.0,0,0,
0.09,1916,0,0.0939,-0.0051,0.1885,0.0001,0.1523,-0.071,0.1996,0.0887,0.4741,1,0.00027,0,0,right_hand_Link1_1|torso_link;right_hand_base_link|torso_link
0.0855,1918,0,0.0895,0.0028,0.1953,9e-05,0.1536,-0.0641,0.2106,0.0939,0.50374,1,0.00019,0,0,right_hand_Link1_1|torso_link;right_hand_base_link|torso_link
0.342,1919,0,0.346,-0.0393,0.2164,3e-05,0.3461,-0.0401,0.2147,0.0019,0.01747,1,0.0,0,0,right_shoulder_yaw_link|torso_link
0.6019,1923,0,0.6059,-0.0936,0.1931,0.0397,0.5665,-0.0965,0.1974,0.0397,0.0,0,0.0,0,0,
0.1984,1926,0,0.2023,-0.0112,0.2198,6e-05,0.2024,-0.0112,0.2198,0.0001,0.0,1,0.0,0,0,right_wrist_roll_link|torso_link
0.0932,1927,0,0.0972,-0.0036,0.2005,9e-05,0.1521,-0.0663,0.2151,0.0846,0.44984,1,1e-05,0,0,right_hand_Link1_1|torso_link;right_hand_base_link|torso_link
0.1535,1929,0,0.1575,0.0589,0.1956,5e-05,0.1707,0.0453,0.1863,0.0211,0.08157,1,0.0,1,6,right_wrist_roll_link|torso_link
0.1472,1930,0,0.1512,-0.0146,0.1397,5e-05,0.1854,-0.0723,0.1326,0.0674,0.34783,1,0.0003,0,0,right_hand_base_link|torso_link
0.3968,1931,0,0.4008,0.0439,0.1345,6e-05,0.4055,0.0259,0.1236,0.0216,0.0817,1,0.0,1,6,right_shoulder_yaw_link|torso_link
0.3614,1932,0,0.3653,-0.0856,0.0729,9e-05,0.3654,-0.0857,0.0727,0.0002,0.00047,1,7e-05,0,0,right_shoulder_yaw_link|torso_link
0.1266,1933,0,0.1306,-0.0092,0.2039,5e-05,0.1648,-0.049,0.2071,0.0526,0.25768,1,0.00029,0,0,right_hand_base_link|torso_link
0.3869,1934,0,0.3908,-0.0328,0.1977,4e-05,0.3909,-0.0328,0.1977,0.0001,0.0,1,0.0,0,0,right_shoulder_yaw_link|torso_link
0.1264,1935,0,0.1304,-0.0304,0.16,5e-05,0.1606,-0.0816,0.1591,0.0594,0.3,1,0.00042,0,0,right_hand_base_link|torso_link
0.3369,1936,0,0.3409,0.1963,0.2363,8e-05,0.3798,0.151,0.2067,0.0666,0.21876,1,0.0001,1,22,right_shoulder_roll_link|torso_link;right_shoulder_yaw_link|torso_link
0.1897,1937,0,0.1937,0.0991,0.1064,8e-05,0.2363,0.0423,0.0858,0.0739,0.21596,1,0.0,1,199,right_elbow_link|torso_link;right_wrist_roll_link|torso_link
0.168,1938,0,0.172,0.0095,0.1913,9e-05,0.1734,0.0075,0.1901,0.0027,0.01291,1,2e-05,0,0,right_hand_base_link|torso_link;right_wrist_roll_link|torso_link
0.4893,1939,0,0.4933,-0.331,0.2464,7e-05,0.4932,-0.3309,0.2464,0.0001,0.0,0,0.0,0,0,
0.1516,1940,0,0.1556,0.034,0.2064,8e-05,0.1646,0.0277,0.2015,0.012,0.03591,1,0.00057,0,0,logo_link|right_hand_base_link;right_hand_base_link|torso_link;right_wrist_roll_link|torso_link
0.4623,1941,0,0.4662,0.1037,-0.0138,0.02324,0.477,0.0336,-0.0013,0.072,0.1229,1,0.0,0,0,right_shoulder_roll_link|torso_link
0.1198,1942,0,0.1238,0.0343,0.189,5e-05,0.1677,0.0028,0.1846,0.0542,0.21626,1,0.0,0,0,right_hand_Link1_1|torso_link;right_hand_base_link|torso_link;right_wrist_yaw_link|torso_link
0.2934,1948,0,0.2973,-0.0865,-0.0373,7e-05,0.3002,-0.0913,-0.0223,0.016,0.07261,1,2e-05,0,0,right_shoulder_yaw_link|torso_link
0.2585,1949,0,0.2624,0.0502,0.0325,8e-05,0.2671,0.0277,0.0188,0.0268,0.08554,1,0.0,1,146,right_elbow_link|torso_link;right_wrist_roll_link|torso_link
0.462,1951,0,0.4659,-0.291,0.2156,7e-05,0.4659,-0.291,0.2156,0.0001,0.0,0,0.0,0,0,
0.1438,1952,0,0.1478,-0.0338,0.1947,5e-05,0.1648,-0.0624,0.1983,0.0335,0.1588,1,0.0,0,0,right_hand_base_link|torso_link
0.4871,1954,0,0.4911,-0.1015,0.195,9e-05,0.491,-0.1015,0.195,0.0001,0.0,0,0.0,0,0,
0.1736,1956,0,0.1776,-0.0918,0.1766,9e-05,0.1777,-0.0918,0.1766,0.0001,0.0,0,0.0,0,0,
0.4411,1957,0,0.445,-0.1449,-0.0514,8e-05,0.4507,-0.1343,-0.0392,0.0171,0.05329,0,0.00023,0,0,
0.4826,1958,0,0.4866,0.1896,0.2078,0.02046,0.5419,0.0404,0.2487,0.1643,0.29249,1,0.0,0,0,right_shoulder_roll_link|torso_link
0.2998,1959,0,0.3038,0.1875,0.1603,5e-05,0.3294,0.1472,0.129,0.0571,0.22946,1,0.00068,1,50,left_hand_base_link|right_hand_Link2_2;left_hand_base_link|right_hand_Link2_3;right_shoulder_yaw_link|torso_link
0.3724,1961,0,0.3764,-0.047,0.0848,7e-05,0.3764,-0.053,0.0814,0.0069,0.03732,1,0.0,0,0,right_shoulder_yaw_link|torso_link
0.4058,1962,0,0.4098,-0.1628,-0.1009,9e-05,0.4431,-0.1558,-0.029,0.0796,0.3407,0,0.0,0,0,
0.1095,1963,0,0.1134,0.0039,0.2035,5e-05,0.1652,-0.0444,0.2053,0.0708,0.36134,1,0.00133,0,0,right_hand_base_link|torso_link
0.1817,1965,0,0.1856,0.1147,0.1374,8e-05,0.2342,0.06,0.1157,0.0763,0.22367,1,0.0,1,215,right_elbow_link|torso_link;right_wrist_roll_link|torso_link
0.3469,1966,0,0.3509,-0.1188,0.2097,3e-05,0.3509,-0.1188,0.2097,0.0,0.0,0,0.0,0,0,
0.4302,1967,0,0.4341,-0.0586,-0.0977,0.00014,0.4665,-0.0359,-0.0379,0.0717,0.30368,0,0.0,0,0,
0.3716,1968,0,0.3756,0.0855,-0.1105,0.00426,0.4341,0.0579,-0.0312,0.1023,0.41477,1,0.0,0,0,right_shoulder_roll_link|torso_link;right_shoulder_yaw_link|torso_link
0.4302,1969,0,0.4342,0.1087,0.1841,6e-05,0.445,0.0871,0.1773,0.0251,0.06788,1,1e-05,0,0,right_shoulder_roll_link|torso_link;right_shoulder_yaw_link|torso_link
0.1401,1971,0,0.1441,-0.025,0.1946,4e-05,0.1675,-0.0568,0.1946,0.0395,0.18791,1,3e-05,0,0,right_hand_base_link|torso_link
0.2662,1973,0,0.2702,-0.0645,0.0846,8e-05,0.2702,-0.0645,0.0846,0.0001,0.0,0,0.0,1,1,
0.1282,1974,0,0.1322,0.0042,0.1961,8e-05,0.1754,-0.0346,0.1906,0.0584,0.2877,1,0.00028,0,0,right_hand_base_link|torso_link
0.2066,1975,0,0.2105,-0.0741,0.0577,4e-05,0.2106,-0.0741,0.0576,0.0001,0.0,1,0.0,1,317,right_wrist_roll_link|torso_link
0.1973,1976,0,0.2012,0.0773,0.1547,9e-05,0.2289,0.0421,0.1415,0.0467,0.14706,1,0.0,1,142,right_elbow_link|torso_link;right_wrist_roll_link|torso_link
0.2687,1978,0,0.2727,-0.1883,0.1721,3e-05,0.2727,-0.1883,0.1721,0.0,0.0,0,0.0,0,0,
0.3015,1979,0,0.3055,-0.1257,0.2306,6e-05,0.3055,-0.1257,0.2306,0.0001,0.0,0,0.0,0,0,
0.4461,1980,0,0.45,-0.177,-0.0377,8e-05,0.4499,-0.177,-0.0377,0.0001,0.0,0,0.0,0,0,
0.3843,1982,0,0.3883,-0.3123,0.0905,4e-05,0.3883,-0.3123,0.0905,0.0,0.0,0,0.0,0,0,
0.4469,1983,0,0.4508,-0.2519,0.2058,5e-05,0.4508,-0.2519,0.2058,0.0,0.0,0,0.0,0,0,
0.4126,1984,0,0.4166,0.1812,0.1134,8e-05,0.464,0.1003,0.0966,0.0953,0.19738,1,0.0,0,0,right_shoulder_roll_link|torso_link;right_shoulder_yaw_link|torso_link
0.2215,1985,0,0.2254,0.0876,0.127,7e-05,0.2564,0.043,0.1113,0.0566,0.163,1,0.0,1,186,right_elbow_link|torso_link;right_wrist_roll_link|torso_link
0.3206,1987,0,0.3246,0.0034,0.208,4e-05,0.3246,0.002,0.2029,0.0053,0.03527,1,0.0,1,4,right_shoulder_yaw_link|torso_link
0.1627,1988,0,0.1667,-0.0477,0.2015,9e-05,0.1693,-0.0533,0.2013,0.0062,0.02961,1,0.00149,0,0,right_hand_base_link|torso_link
0.4573,1989,0,0.4612,-0.3373,-0.06,0.02539,0.4442,-0.3351,-0.0391,0.0271,0.02478,0,0.0,0,0,
0.1586,1990,0,0.1626,-0.0866,0.1424,9e-05,0.1627,-0.0868,0.1424,0.0003,0.00167,1,8e-05,0,0,right_hand_base_link|torso_link
0.1333,1991,0,0.1372,-0.0719,0.1396,6e-05,0.1484,-0.1056,0.1378,0.0356,0.16701,1,9e-05,0,0,right_hand_Link1_1|torso_link;right_hand_base_link|torso_link
0.2191,1992,0,0.223,-0.0424,0.1932,6e-05,0.2231,-0.0424,0.1932,0.0001,0.0,0,0.0,0,0,
0.3839,1993,0,0.3879,-0.126,0.2508,3e-05,0.3879,-0.126,0.2508,0.0001,0.0,0,0.0,0,0,
0.2176,1994,0,0.2216,-0.1485,0.1221,8e-05,0.2217,-0.1485,0.1221,0.0001,0.0,0,0.0,0,0,
0.2106,1995,0,0.2145,-0.1313,0.1856,4e-05,0.2146,-0.1313,0.1856,0.0001,0.0,0,0.0,0,0,
0.1814,1996,0,0.1854,0.0364,0.1724,4e-05,0.1959,0.0221,0.1661,0.0188,0.0704,1,0.0,1,50,right_wrist_roll_link|torso_link
0.1075,1997,0,0.1115,0.0326,0.1799,6e-05,0.1739,-0.0159,0.1729,0.0794,0.34196,1,1e-05,0,0,right_hand_base_link|torso_link
0.5738,1998,0,0.5778,-0.0135,0.2069,0.02235,0.5561,-0.0182,0.2089,0.0223,0.0,1,0.0,0,0,right_shoulder_roll_link|torso_link
0.4628,1999,0,0.4668,-0.0079,0.035,8e-05,0.4667,-0.0079,0.0351,0.0001,0.0,0,0.0,1,14,
