depth,row,col,u,v,tx,ty,tz,reach_ok,in_ws_box,converged,err_m,joint_margin_rad,max_joint_rad,q0,q1,q2,q3,q4,q5,q6
0.5977,0,0,10.6,292.8,0.6016,0.6096,-0.218,0,0,0,,,,,,,,,,
0.3762,1,0,388.2,262.6,0.3801,-0.0746,-0.0007,1,1,1,5e-05,1.1632,0.1277,-0.007617,0.073315,0.127696,0.115981,-0.001867,0.070913,0.053281
0.4878,2,0,548.7,12.1,0.4918,-0.2634,0.2608,1,1,1,9e-05,1.3288,0.8054,-0.805425,-0.249216,-0.346077,0.28234,0.086753,0.285663,-0.074312
0.3749,3,0,112.4,310.7,0.3788,0.2397,-0.0645,0,0,0,,,,,,,,,,
0.4383,4,0,79.5,241.4,0.4423,0.3092,-0.0105,0,0,0,,,,,,,,,,
0.6483,5,0,393.8,138.1,0.6523,-0.1338,0.0801,0,0,0,,,,,,,,,,
0.4403,6,0,627.7,246.8,0.4442,-0.4004,-0.0196,1,1,0,0.0171,0.6943,1.4001,-0.835691,-0.52579,-0.564441,1.400146,0.047073,0.067682,-0.00385
0.1311,7,0,440.6,140.0,0.135,-0.021,0.1881,1,1,1,5e-05,0.3941,0.9112,0.911246,-0.311585,0.392146,-0.65306,0.092371,-0.794659,0.574149
0.2361,8,0,461.8,189.1,0.2401,-0.0759,0.1388,1,1,1,4e-05,0.5448,0.6736,0.673572,-0.039201,0.2871,-0.502359,0.018104,-0.468093,0.259911
0.6104,9,0,310.9,320.2,0.6144,0.0189,-0.2975,0,1,0,,,,,,,,,,
0.2431,10,0,229.0,205.8,0.2471,0.0518,0.126,1,1,1,7e-05,0.7412,0.5159,0.358039,0.003192,0.515922,-0.305968,0.03764,-0.262287,0.422425
0.285,11,0,380.4,121.6,0.2889,-0.0392,0.1671,1,1,1,7e-05,0.6657,0.3815,0.314345,0.010032,0.306515,-0.381538,0.009866,-0.343427,0.244263
0.4239,12,0,569.8,81.8,0.4279,-0.2598,0.1865,1,1,1,6e-05,1.0605,0.3451,-0.345079,-0.155282,-0.265019,0.013344,0.038755,0.05726,-0.085011
0.5223,13,0,53.8,299.8,0.5262,0.4526,-0.1719,0,0,0,,,,,,,,,,
0.0851,14,0,153.2,315.5,0.0891,0.0059,0.1917,1,1,1,8e-05,0.3763,0.8591,0.859145,-0.452286,0.437332,-0.670888,0.138394,-0.844399,0.760924
0.3202,15,0,215.1,54.1,0.3242,0.0745,0.2093,1,1,1,3e-05,0.8801,0.4505,-0.152311,0.135019,0.450484,-0.167063,-0.04216,-0.116455,0.222051
0.0812,16,0,509.6,83.0,0.0852,-0.0029,0.1998,1,1,1,5e-05,0.3673,0.9205,0.88122,-0.472158,0.396823,-0.679851,0.141152,-0.920483,0.748228
0.1045,17,0,258.9,71.5,0.1084,0.0051,0.1997,1,1,1,6e-05,0.3869,0.8117,0.794299,-0.380743,0.452604,-0.660332,0.107729,-0.81171,0.690078
0.4532,18,0,371.4,107.5,0.4572,-0.0595,0.1568,1,1,1,7e-05,1.1857,0.458,-0.458038,0.055799,0.066903,0.138473,-0.017607,0.132493,-0.003617
0.2691,19,0,127.7,339.2,0.273,0.1488,0.002,1,1,1,5e-05,1.2416,0.6026,0.076995,0.256929,0.602554,0.194422,-0.051623,0.111459,0.221427
0.6063,20,0,67.5,226.5,0.6103,0.467,-0.0767,0,0,0,,,,,,,,,,
0.3499,21,0,281.8,343.7,0.3539,0.0421,-0.0874,1,1,1,8e-05,1.3582,0.5211,-0.202583,0.230024,0.275533,0.521079,-0.052053,0.249115,0.021527
0.6471,22,0,272.1,223.3,0.651,0.095,-0.0908,0,0,0,,,,,,,,,,
0.5046,23,0,607.3,165.6,0.5086,-0.4014,0.0713,1,1,0,0.03348,0.6983,1.3961,-1.032717,-0.554377,-0.687525,1.396133,0.04942,0.066883,0.000205
0.5215,24,0,318.4,190.6,0.5254,0.0025,0.0274,1,1,0,0.02087,0.6773,1.4171,-1.146458,0.101291,-0.055813,1.417105,-0.065563,0.070844,-0.00416
0.4767,25,0,265.4,264.4,0.4806,0.0798,-0.0709,0,1,0,,,,,,,,,,
0.4874,26,0,596.5,41.4,0.4914,-0.327,0.2297,1,1,1,8e-05,1.2737,0.8372,-0.837238,-0.362471,-0.442531,0.441309,0.111629,0.340752,-0.061636
0.6243,27,0,552.7,353.2,0.6283,-0.5212,-0.403,0,0,0,,,,,,,,,,
0.584,28,0,95.2,350.1,0.5879,0.4645,-0.3502,0,0,0,,,,,,,,,,
0.1894,29,0,526.3,172.8,0.1934,-0.0768,0.1632,1,1,1,5e-05,0.4359,0.8947,0.894658,-0.120639,0.299144,-0.611308,0.022857,-0.653698,0.319768
0.2097,30,0,513.2,332.5,0.2136,-0.1026,0.0674,1,1,1,5e-05,0.5431,0.9189,0.918902,-0.015951,0.269838,-0.504058,0.028979,-0.378844,0.222704
0.6086,31,0,344.9,159.4,0.6126,-0.043,0.0513,0,1,0,,,,,,,,,,
0.4186,32,0,25.9,263.5,0.4226,0.3671,-0.0304,0,0,0,,,,,,,,,,
0.6075,33,0,485.1,184.6,0.6114,-0.2919,0.0054,0,1,0,,,,,,,,,,
0.09,34,0,42.3,302.9,0.094,0.0148,0.1882,1,1,1,6e-05,0.3893,0.8124,0.81239,-0.423283,0.477414,-0.657912,0.129626,-0.782909,0.76243
0.6296,35,0,220.4,154.9,0.6336,0.1778,0.0537,0,1,0,,,,,,,,,,
0.195,36,0,359.8,93.2,0.199,-0.0143,0.1914,1,1,1,7e-05,0.4886,0.6001,0.600059,-0.133006,0.417821,-0.558622,0.037335,-0.582459,0.440431
0.1247,37,0,568.4,81.3,0.1287,-0.0361,0.1982,1,1,1,8e-05,0.3792,0.9737,0.973689,-0.327307,0.342227,-0.667984,0.088636,-0.89168,0.541182
0.3825,38,0,184.5,211.0,0.3864,0.1423,0.0583,1,1,1,7e-05,1.2543,0.4707,-0.470669,0.333883,0.413094,0.443256,-0.112585,0.258167,0.02813
0.2231,39,0,518.2,201.8,0.227,-0.0988,0.137,1,1,1,6e-05,0.5037,0.7832,0.783157,-0.042437,0.254444,-0.543513,0.005443,-0.516518,0.220346
0.4259,40,0,264.3,294.5,0.4299,0.0738,-0.0831,1,1,0,0.02039,0.6715,1.4229,-0.913417,0.281754,0.109559,1.422897,-0.097083,0.069858,-0.002823
0.3816,41,0,613.8,133.0,0.3855,-0.2827,0.141,1,1,1,5e-05,0.9828,0.2693,-0.11263,-0.140492,-0.269276,-0.064394,0.017428,-0.026829,-0.108542
0.1373,42,0,380.1,305.4,0.1412,-0.0141,0.1473,1,1,1,7e-05,0.4279,0.9834,0.983449,-0.28137,0.424136,-0.619331,0.115637,-0.644667,0.595508
0.5479,43,0,526.5,149.5,0.5518,-0.3122,0.0836,1,1,0,0.03428,0.6953,1.3991,-1.120018,-0.414945,-0.589067,1.399076,0.028211,0.067718,-0.001708
0.0972,44,0,6.4,131.4,0.1011,0.0208,0.196,1,1,1,4e-05,0.3978,0.7596,0.730302,-0.383615,0.50625,-0.649446,0.108573,-0.759602,0.738883
0.4716,45,0,417.7,98.6,0.4756,-0.1175,0.1653,1,1,1,4e-05,1.2288,0.5275,-0.527547,-0.017638,-0.045443,0.181562,0.001463,0.168672,-0.034411
0.5689,46,0,604.0,45.7,0.5728,-0.4041,0.23,0,1,0,,,,,,,,,,
0.3079,47,0,38.1,137.1,0.3118,0.2067,0.1522,0,0,0,,,,,,,,,,
0.5154,48,0,312.9,351.5,0.5194,0.0128,-0.2792,0,1,0,,,,,,,,,,
0.5679,49,0,197.7,97.1,0.5718,0.1827,0.1589,0,1,0,,,,,,,,,,
0.2566,50,0,564.0,183.9,0.2605,-0.1465,0.1344,1,1,1,4e-05,0.567,0.6164,0.616422,0.009515,0.133941,-0.480171,-0.023716,-0.432958,0.068535
0.1596,51,0,636.7,113.7,0.1636,-0.0817,0.1889,1,1,1,5e-05,0.3868,1.0142,1.014175,-0.181764,0.271531,-0.660396,0.023969,-0.831546,0.335689
0.4507,52,0,563.3,292.4,0.4547,-0.3441,-0.0997,1,1,0,0.04549,0.6962,1.3982,-0.767305,-0.375354,-0.607554,1.398189,-0.000646,0.061913,0.00312
0.4989,53,0,613.4,333.3,0.5029,-0.4935,-0.2212,0,1,0,,,,,,,,,,
0.1347,54,0,550.8,89.0,0.1387,-0.0408,0.1965,1,1,1,7e-05,0.383,0.9605,0.960465,-0.292518,0.340625,-0.664201,0.075635,-0.86108,0.50604
0.1502,55,0,428.8,257.3,0.1542,-0.0292,0.1521,1,1,1,7e-05,0.4241,0.9806,0.980565,-0.243225,0.393814,-0.623125,0.092825,-0.66196,0.527794
0.3868,56,0,253.2,327.7,0.3908,0.082,-0.1008,1,1,0,0.00676,0.6788,1.4156,-0.841477,0.314425,0.209139,1.415637,-0.09496,0.081281,0.000766
0.3656,57,0,370.1,69.9,0.3696,-0.0429,0.1985,1,1,1,7e-05,0.8504,0.1968,-0.111393,0.064818,0.196824,-0.196803,-0.009821,-0.140034,0.105721
0.6392,58,0,335.0,32.0,0.6431,-0.0241,0.2545,0,1,0,,,,,,,,,,
0.5136,59,0,365.7,2.3,0.5175,-0.0554,0.2752,1,1,1,7e-05,1.2632,1.0178,-1.017752,-0.003926,-0.050615,0.414218,-0.008545,0.351184,-0.063684
0.2418,60,0,626.1,212.4,0.2458,-0.1742,0.1225,1,1,1,5e-05,0.5467,0.7071,0.707116,0.021808,0.09478,-0.500524,-0.044063,-0.444695,0.004683
0.1671,61,0,120.0,242.1,0.171,0.0647,0.1469,1,1,1,4e-05,0.6082,0.6108,0.521789,-0.139028,0.610846,-0.439047,0.073229,-0.399614,0.608757
0.6275,62,0,369.7,216.8,0.6314,-0.0946,-0.0672,0,1,0,,,,,,,,,,
0.4965,63,0,46.2,180.0,0.5004,0.381,0.0529,0,0,0,,,,,,,,,,
0.0877,64,0,113.4,139.7,0.0917,0.0077,0.1975,1,1,1,8e-05,0.3763,0.8442,0.8166,-0.435812,0.447918,-0.670872,0.127235,-0.844177,0.748545
0.2871,65,0,464.6,31.6,0.291,-0.0869,0.2207,1,1,1,7e-05,0.6004,0.4468,0.233929,0.003242,0.192611,-0.446753,-0.008487,-0.412046,0.145022
0.5976,66,0,559.1,170.0,0.6015,-0.4083,0.0355,0,1,0,,,,,,,,,,
0.1264,67,0,490.2,329.5,0.1304,-0.034,0.1508,1,1,1,5e-05,0.3925,1.1263,1.126254,-0.314936,0.367691,-0.654661,0.119261,-0.736562,0.571732
0.5713,68,0,47.1,25.3,0.5753,0.3828,0.2565,0,0,0,,,,,,,,,,
0.1481,69,0,405.8,178.8,0.1521,-0.0205,0.1751,1,1,1,8e-05,0.4186,0.8832,0.883163,-0.257642,0.407146,-0.628579,0.083324,-0.706601,0.543023
0.4765,70,0,431.2,114.5,0.4805,-0.1376,0.1457,1,1,1,7e-05,1.2767,0.5308,-0.530838,-0.042978,-0.077538,0.229549,0.006514,0.19144,-0.039492
0.5238,71,0,294.6,182.7,0.5278,0.0377,0.039,1,1,0,0.02822,0.6771,1.4173,-1.181961,0.153984,-0.051263,1.417322,-0.080463,0.07034,-0.004827
0.1683,72,0,59.4,208.4,0.1723,0.0822,0.1582,1,1,1,3e-05,0.6353,0.6518,0.418259,-0.110906,0.651805,-0.411925,0.0523,-0.376597,0.600694
0.6432,73,0,517.2,176.0,0.6472,-0.3687,0.0094,0,1,0,,,,,,,,,,
0.5306,74,0,117.1,346.7,0.5345,0.3734,-0.2841,0,0,0,,,,,,,,,,
0.4117,75,0,308.0,292.9,0.4157,0.0152,-0.0691,1,1,1,9e-05,1.2922,0.7768,-0.544088,0.182479,0.172192,0.776816,-0.057412,0.322266,-0.013593
0.0892,76,0,419.3,328.9,0.0931,-0.0052,0.1872,1,1,1,4e-05,0.3759,0.9478,0.947783,-0.454964,0.397698,-0.67131,0.146023,-0.870065,0.731597
0.2453,77,0,534.4,137.5,0.2493,-0.1148,0.1649,1,1,1,5e-05,0.5244,0.6172,0.617175,-0.017963,0.196382,-0.522828,-0.012952,-0.507769,0.149773
0.3413,78,0,636.2,281.2,0.3453,-0.3123,0.0012,1,1,1,7e-05,1.1534,0.2689,0.060879,-0.160254,-0.268902,0.106207,0.00546,0.062105,-0.094722
0.1021,79,0,270.5,315.9,0.106,0.005,0.1763,1,1,1,5e-05,0.397,0.9025,0.902517,-0.399817,0.449678,-0.650202,0.134557,-0.759254,0.719301
0.5295,80,0,453.4,284.1,0.5335,-0.226,-0.1456,0,1,0,,,,,,,,,,
0.1852,81,0,206.3,286.8,0.1892,0.0465,0.1155,1,1,1,3e-05,0.6357,0.6041,0.604106,-0.108374,0.552834,-0.411491,0.087381,-0.349591,0.559512
0.3748,82,0,231.9,150.3,0.3788,0.0844,0.1256,1,1,1,4e-05,1.1424,0.3861,-0.264674,0.206919,0.386139,0.095155,-0.057602,0.079159,0.118254
0.1334,83,0,476.4,306.7,0.1373,-0.0345,0.1504,1,1,1,4e-05,0.3991,1.0948,1.094823,-0.291944,0.372665,-0.648111,0.11034,-0.71669,0.553768
0.6391,84,0,450.4,295.6,0.6431,-0.2783,-0.2584,0,1,0,,,,,,,,,,
0.6378,85,0,540.0,152.7,0.6418,-0.3974,0.0557,0,1,0,,,,,,,,,,
0.5021,86,0,623.4,181.3,0.506,-0.4285,0.0489,0,1,0,,,,,,,,,,
0.5683,87,0,584.9,171.4,0.5722,-0.4276,0.0424,0,1,0,,,,,,,,,,
0.5106,88,0,449.0,105.8,0.5146,-0.1717,0.1525,1,1,1,0.0001,1.3043,0.7515,-0.751478,-0.122667,-0.167752,0.445261,0.025096,0.310175,-0.051536
0.2848,89,0,365.2,33.8,0.2888,-0.027,0.2192,1,1,1,6e-05,0.6448,0.4024,0.16559,0.014075,0.315588,-0.402396,-0.00403,-0.364234,0.237198
0.3071,90,0,47.2,171.4,0.3111,0.2068,0.126,0,0,0,,,,,,,,,,
0.1236,91,0,271.2,211.1,0.1276,0.008,0.178,1,1,1,8e-05,0.421,0.8198,0.819763,-0.323107,0.473542,-0.626198,0.107199,-0.698538,0.660174
0.5443,92,0,597.6,246.3,0.5482,-0.464,-0.0812,0,1,0,,,,,,,,,,
0.5456,93,0,455.4,204.8,0.5495,-0.2163,-0.0064,1,1,0,0.04455,0.6922,1.4022,-1.024071,-0.221204,-0.484459,1.40221,-0.018694,0.065563,-0.001509
0.6482,94,0,340.6,292.8,0.6522,-0.0445,-0.2584,0,0,0,,,,,,,,,,
0.285,95,0,224.4,61.6,0.289,0.0586,0.2037,1,1,1,5e-05,0.7726,0.4756,0.023972,0.072197,0.475592,-0.274558,-0.018881,-0.230068,0.301977
0.403,96,0,482.0,158.1,0.407,-0.1712,0.1101,1,1,1,3e-05,1.016,0.1145,-0.114479,-0.030136,-0.057139,-0.031188,0.002902,-0.012419,-0.025569
0.218,97,0,81.5,261.4,0.222,0.1231,0.1058,1,1,1,7e-05,0.8673,0.6698,0.251719,0.053991,0.669811,-0.17988,0.012961,-0.147039,0.46156
0.3886,98,0,122.0,310.7,0.3926,0.2391,-0.0766,0,0,0,,,,,,,,,,
0.1016,99,0,310.1,323.6,0.1056,0.001,0.1758,1,1,1,6e-05,0.393,0.9309,0.930943,-0.405795,0.435233,-0.654158,0.137455,-0.774248,0.713829
0.1552,100,0,445.5,118.1,0.1592,-0.0308,0.1884,1,1,1,8e-05,0.4113,0.8512,0.851223,-0.235084,0.381168,-0.635923,0.063775,-0.73901,0.493546
0.2479,101,0,431.9,130.6,0.2519,-0.0604,0.1681,1,1,1,4e-05,0.5603,0.5276,0.527561,-0.035306,0.300028,-0.486948,0.012838,-0.467078,0.268214
0.3573,102,0,604.0,71.7,0.3613,-0.2364,0.1971,1,1,1,6e-05,0.8096,0.2376,-0.047414,-0.072709,-0.184749,-0.237557,0.005799,-0.165133,-0.097794
0.5801,103,0,15.4,58.8,0.584,0.4489,0.2128,0,0,0,,,,,,,,,,
0.1835,104,0,505.1,200.5,0.1874,-0.0674,0.1545,1,1,1,5e-05,0.4372,0.9263,0.92628,-0.137974,0.321578,-0.610042,0.037631,-0.640565,0.359205
0.4778,105,0,357.0,4.4,0.4818,-0.0412,0.267,1,1,1,9e-05,1.2443,0.7972,-0.797178,0.048981,0.020936,0.197123,-0.020159,0.232777,-0.047143
0.4168,106,0,458.7,232.6,0.4208,-0.1661,0.0141,1,1,1,7e-05,1.2674,0.2202,-0.19095,-0.035402,-0.056719,0.220193,0.00251,0.136552,-0.020233
0.3946,107,0,47.2,88.7,0.3986,0.2616,0.1813,0,0,0,,,,,,,,,,
0.6042,108,0,252.3,357.1,0.6082,0.1469,-0.3919,0,0,0,,,,,,,,,,
0.4677,109,0,97.3,212.4,0.4717,0.2994,0.0168,0,0,0,,,,,,,,,,
0.4796,110,0,87.4,112.5,0.4835,0.2894,0.1477,0,0,0,,,,,,,,,,
0.1934,111,0,576.7,123.0,0.1973,-0.0939,0.181,1,1,1,5e-05,0.4252,0.8594,0.8594,-0.0998,0.25676,-0.621996,0.000104,-0.694142,0.256801
0.336,112,0,525.9,210.6,0.3399,-0.1834,0.0802,1,1,1,4e-05,0.8461,0.2301,0.230053,-0.001792,-0.014281,-0.201103,-0.010597,-0.150617,-0.022927
0.6353,113,0,371.2,68.8,0.6393,-0.0845,0.1988,0,1,0,,,,,,,,,,
0.2868,114,0,68.8,162.8,0.2908,0.172,0.1388,1,1,1,4e-05,1.0895,0.6512,-0.162624,0.251301,0.651183,0.042286,-0.094269,0.032952,0.236563
0.4362,115,0,148.7,269.6,0.4402,0.2265,-0.0515,0,0,0,,,,,,,,,,
0.2616,116,0,464.5,29.8,0.2656,-0.0763,0.219,1,1,1,3e-05,0.5496,0.4976,0.346718,-0.018161,0.238171,-0.497635,-0.007361,-0.484245,0.195637
0.1475,117,0,124.2,340.2,0.1515,0.0562,0.1263,1,1,1,5e-05,0.5843,0.6624,0.662365,-0.190717,0.598058,-0.462895,0.107829,-0.403584,0.660688
0.2848,118,0,545.3,296.0,0.2887,-0.1783,0.0297,1,1,1,6e-05,0.784,0.4919,0.491883,0.028587,0.046636,-0.263222,-0.01508,-0.174181,-0.006463
0.4584,119,0,298.7,296.6,0.4624,0.0308,-0.1132,1,1,0,0.04857,0.6793,1.4151,-0.881916,0.211714,-0.118497,1.415139,-0.093832,0.063151,-0.006848
0.4648,120,0,535.6,272.7,0.4687,-0.3089,-0.0768,1,1,0,0.0315,0.6925,1.4019,-0.820917,-0.340302,-0.500607,1.401855,0.005247,0.065271,-0.001116
0.1574,121,0,584.3,296.2,0.1614,-0.0816,0.1335,1,1,1,8e-05,0.3976,1.168,1.168016,-0.168514,0.30514,-0.649587,0.048736,-0.679022,0.361142
0.3055,122,0,478.9,31.2,0.3095,-0.1038,0.2227,1,1,1,6e-05,0.6358,0.4114,0.155564,0.010609,0.13822,-0.411406,-0.008593,-0.36343,0.096724
0.6127,123,0,253.9,72.8,0.6167,0.1051,0.1928,0,1,0,,,,,,,,,,
0.2438,124,0,60.7,1.8,0.2477,0.1205,0.2291,1,1,1,4e-05,0.7915,0.6309,-0.089363,0.107108,0.630886,-0.255726,-0.05824,-0.205006,0.350062
0.5484,125,0,634.1,95.3,0.5524,-0.4496,0.1631,0,1,0,,,,,,,,,,
0.625,126,0,110.8,211.1,0.629,0.3937,-0.0541,0,0,0,,,,,,,,,,
0.3947,127,0,458.6,353.0,0.3987,-0.1803,-0.15,1,1,0,0.00271,0.7411,1.3533,-0.67323,-0.114055,-0.142232,1.353318,-0.008375,0.122913,-0.005431
0.5169,128,0,629.3,301.3,0.5209,-0.5207,-0.1707,0,1,0,,,,,,,,,,
0.2638,129,0,568.6,227.3,0.2678,-0.163,0.1014,1,1,1,3e-05,0.6183,0.6058,0.605783,0.023089,0.100902,-0.428902,-0.025498,-0.355104,0.028644
0.5165,130,0,338.1,81.5,0.5205,-0.0238,0.1832,1,1,1,8e-05,1.2542,0.9516,-0.95157,0.048649,0.021191,0.563627,-0.032932,0.360198,-0.044935
0.3715,131,0,108.9,207.8,0.3755,0.2131,0.0669,0,0,0,,,,,,,,,,
0.1159,132,0,430.0,273.8,0.1199,-0.0162,0.1714,1,1,1,6e-05,0.3917,1.0072,1.007235,-0.363884,0.395887,-0.655538,0.125343,-0.782589,0.637761
0.4185,133,0,400.0,149.0,0.4225,-0.0877,0.1161,1,1,1,4e-05,1.0776,0.2153,-0.21534,0.041055,0.07093,0.030408,-0.006815,0.03525,0.022715
0.4897,134,0,444.2,210.8,0.4937,-0.176,0.009,1,1,1,9e-05,1.2661,0.7883,-0.727099,-0.128197,-0.145096,0.788335,0.010167,0.348305,-0.026731
0.2221,135,0,332.8,166.6,0.226,-0.0061,0.1556,1,1,1,4e-05,0.5758,0.5529,0.552863,-0.074284,0.425888,-0.471354,0.043641,-0.44544,0.414068
0.4674,136,0,146.7,250.3,0.4714,0.2433,-0.0416,0,0,0,,,,,,,,,,
0.4527,137,0,125.1,349.9,0.4567,0.2985,-0.2075,0,0,0,,,,,,,,,,
0.3419,138,0,340.0,302.8,0.3459,-0.0203,-0.0254,1,1,1,8e-05,1.1657,0.2402,0.092254,0.124518,0.24016,0.118474,0.002581,0.071407,0.110047
0.1437,139,0,304.6,93.0,0.1476,0.0031,0.1952,1,1,1,6e-05,0.4293,0.7158,0.715828,-0.259469,0.465001,-0.617893,0.073149,-0.694339,0.584849
0.4567,140,0,455.4,303.9,0.4606,-0.1974,-0.1246,1,1,0,0.03234,0.6873,1.4071,-0.788906,-0.146237,-0.343008,1.407105,-0.025797,0.06492,-0.002711
0.388,141,0,236.0,207.3,0.392,0.0894,0.06,1,1,1,7e-05,1.33,0.3568,-0.321125,0.244015,0.356835,0.282841,-0.069398,0.18081,0.065067
0.1489,142,0,599.4,139.6,0.1528,-0.0645,0.1844,1,1,1,6e-05,0.3852,1.0362,1.036166,-0.231342,0.302761,-0.662001,0.051555,-0.834801,0.413331
0.079,143,0,561.2,322.1,0.0829,-0.0028,0.1973,1,1,1,5e-05,0.3673,0.9198,0.895532,-0.482461,0.394158,-0.679931,0.146948,-0.919842,0.759473
0.5233,144,0,126.9,229.1,0.5273,0.3022,-0.0379,0,0,0,,,,,,,,,,
0.1206,145,0,388.3,69.0,0.1245,-0.009,0.1999,1,1,1,6e-05,0.3895,0.8338,0.833842,-0.338452,0.417705,-0.657742,0.09427,-0.815059,0.617588
0.1802,146,0,323.8,293.6,0.1842,-0.0015,0.1161,1,1,1,6e-05,0.5407,0.8015,0.801454,-0.144085,0.457193,-0.50654,0.095066,-0.446195,0.519012
0.1651,147,0,48.1,198.4,0.1691,0.0818,0.163,1,1,1,3e-05,0.625,0.6547,0.414516,-0.117686,0.654732,-0.422171,0.050904,-0.389638,0.606551
0.5427,148,0,43.2,278.4,0.5467,0.4794,-0.1438,0,0,0,,,,,,,,,,
0.2163,149,0,254.9,105.9,0.2202,0.0279,0.1847,1,1,1,3e-05,0.5932,0.4959,0.398681,-0.069488,0.495909,-0.454038,0.029845,-0.435989,0.451506
0.3667,150,0,231.0,207.7,0.3707,0.0883,0.0692,1,1,1,7e-05,1.221,0.3956,-0.2004,0.223375,0.395614,0.173775,-0.05463,0.115737,0.115925
0.4555,151,0,227.4,229.5,0.4594,0.1229,-0.0024,1,1,0,0.02119,0.6703,1.4241,-1.102718,0.3304,0.144731,1.424143,-0.11557,0.071182,-0.002373
0.4243,152,0,357.3,139.4,0.4283,-0.0412,0.1256,1,1,1,7e-05,1.1226,0.2933,-0.293326,0.083787,0.13609,0.075438,-0.018813,0.071488,0.036434
0.2319,153,0,378.8,122.5,0.2359,-0.0286,0.175,1,1,1,4e-05,0.553,0.522,0.521978,-0.062454,0.372101,-0.494245,0.025283,-0.48185,0.351881
0.4165,154,0,349.3,220.4,0.4204,-0.0345,0.0303,1,1,1,9e-05,1.2867,0.2486,-0.248566,0.104472,0.147931,0.239485,-0.022426,0.151331,0.03026
0.6415,155,0,245.0,203.7,0.6454,0.1441,-0.0461,0,1,0,,,,,,,,,,
0.0988,156,0,273.9,303.5,0.1028,0.004,0.1806,1,1,1,6e-05,0.391,0.8982,0.898223,-0.411862,0.443033,-0.656216,0.134909,-0.784258,0.724384
0.2071,157,0,560.1,339.0,0.2111,-0.1262,0.0656,1,1,1,6e-05,0.5295,0.9497,0.9497,0.000305,0.233323,-0.517734,0.005988,-0.387013,0.157248
0.1596,158,0,7.7,173.9,0.1636,0.0858,0.1725,1,1,1,3e-05,0.6168,0.6707,0.383088,-0.120052,0.670705,-0.4304,0.043156,-0.40215,0.613375
0.6264,159,0,621.8,323.2,0.6304,-0.6521,-0.3203,0,1,0,,,,,,,,,,
0.5496,160,0,386.5,185.5,0.5536,-0.1049,0.0251,1,1,0,0.03097,0.6847,1.4097,-1.115278,-0.069532,-0.269309,1.409667,-0.036177,0.068728,-0.004605
0.6106,161,0,417.5,89.5,0.6145,-0.157,0.1674,0,1,0,,,,,,,,,,
0.3506,162,0,281.4,278.5,0.3545,0.0393,-0.0024,1,1,1,4e-05,1.2286,0.3275,-0.028171,0.180115,0.327458,0.181402,-0.021128,0.107633,0.118698
0.3946,163,0,117.3,106.5,0.3986,0.1979,0.1645,1,1,1,8e-05,1.1732,0.846,-0.845998,0.415047,0.416678,0.542294,-0.171922,0.326628,-0.017519
0.3103,164,0,91.5,4.9,0.3143,0.1488,0.2387,1,1,1,6e-05,0.998,0.5584,-0.381598,0.247183,0.558442,-0.049156,-0.108998,0.0071,0.171511
0.2445,165,0,487.8,221.1,0.2484,-0.098,0.1156,1,1,1,4e-05,0.5707,0.6868,0.68678,-0.012238,0.244361,-0.476492,0.010299,-0.418177,0.199236
0.6497,166,0,459.0,174.4,0.6537,-0.2625,0.0104,0,0,0,,,,,,,,,,
0.2057,167,0,496.7,299.0,0.2097,-0.0872,0.0924,1,1,1,6e-05,0.5148,0.9176,0.917646,-0.048651,0.296662,-0.532403,0.03565,-0.443686,0.274706
0.3094,168,0,97.5,71.7,0.3133,0.1537,0.1976,1,1,1,7e-05,1.0351,0.5808,-0.295099,0.245364,0.580809,-0.012101,-0.100419,0.015745,0.193959
0.518,169,0,327.8,70.1,0.5219,-0.0102,0.1975,1,1,1,8e-05,1.2424,1.0081,-1.008116,0.059766,0.030529,0.592906,-0.037861,0.372066,-0.045303
0.3548,170,0,555.8,113.8,0.3588,-0.203,0.1628,1,1,1,8e-05,0.8099,0.2373,0.046651,-0.034966,-0.093594,-0.237285,-0.004653,-0.178315,-0.058469
0.1385,171,0,380.4,260.1,0.1424,-0.0137,0.1589,1,1,1,8e-05,0.4229,0.9435,0.943494,-0.283363,0.423223,-0.624253,0.106636,-0.674335,0.589823
0.3909,172,0,179.8,263.1,0.3949,0.1608,-0.0111,1,1,1,0.0001,0.9543,1.1401,-0.907047,0.416242,0.347269,1.140129,-0.130509,0.261559,0.005922
0.294,173,0,576.0,161.2,0.2979,-0.181,0.1378,1,1,1,7e-05,0.6589,0.3952,0.395195,0.010461,0.020017,-0.388342,-0.026052,-0.33087,-0.020004
0.4405,174,0,196.2,83.3,0.4444,0.1351,0.1842,1,1,1,8e-05,1.2886,0.878,-0.878045,0.295966,0.295926,0.490143,-0.125314,0.325799,-0.025832
0.2124,175,0,169.4,310.4,0.2163,0.0793,0.0795,1,1,1,8e-05,0.7981,0.5858,0.449185,-0.003918,0.585828,-0.24908,0.063615,-0.189295,0.489874
0.4271,176,0,431.0,204.5,0.431,-0.1325,0.0461,1,1,1,5e-05,1.2289,0.23,-0.230001,-0.002867,-0.009925,0.181711,-0.002018,0.121714,-0.009284
0.1399,177,0,573.1,61.2,0.1438,-0.0473,0.2012,1,1,1,7e-05,0.3824,0.9467,0.946699,-0.270551,0.327252,-0.664767,0.063169,-0.868136,0.471672
0.3705,178,0,78.0,27.5,0.3745,0.2022,0.2319,0,0,0,,,,,,,,,,
0.1799,179,0,239.7,170.4,0.1839,0.0273,0.1671,1,1,1,5e-05,0.5402,0.5785,0.578469,-0.149614,0.519787,-0.506981,0.0636,-0.495355,0.546259
0.2191,180,0,227.8,80.2,0.2231,0.0394,0.1951,1,1,1,9e-05,0.6103,0.5158,0.32258,-0.052509,0.515765,-0.43689,0.019415,-0.416406,0.446055
0.2815,181,0,593.2,150.2,0.2855,-0.18,0.1489,1,1,1,9e-05,0.6174,0.4448,0.444829,0.012374,0.030293,-0.429804,-0.031083,-0.378257,-0.018025
0.4462,182,0,391.2,239.1,0.4501,-0.0932,-0.0116,1,1,1,8e-05,1.3507,0.485,-0.430516,0.027426,0.020012,0.484965,-0.016552,0.26372,-0.01687
0.4916,183,0,54.2,209.5,0.4955,0.3778,0.0102,0,0,0,,,,,,,,,,
0.1283,184,0,509.2,211.9,0.1323,-0.0339,0.1756,1,1,1,6e-05,0.3873,1.0375,1.037497,-0.319118,0.359171,-0.659929,0.101354,-0.81138,0.556303
0.6065,185,0,53.6,116.3,0.6105,0.4374,0.1251,0,0,0,,,,,,,,,,
0.3258,186,0,302.5,322.4,0.3298,0.0172,-0.0352,1,1,1,5e-05,1.1984,0.3101,0.10599,0.158362,0.310111,0.151213,-0.001151,0.089365,0.13522
0.4752,187,0,483.3,174.6,0.4792,-0.2145,0.0677,1,1,1,9e-05,1.3508,0.5254,-0.525396,-0.144638,-0.187067,0.420198,0.024592,0.263631,-0.04224
0.2094,188,0,203.0,320.4,0.2134,0.061,0.0757,1,1,1,9e-05,0.7607,0.5527,0.522975,-0.024694,0.552698,-0.286509,0.077905,-0.214815,0.494526
0.456,189,0,4.0,259.6,0.4599,0.4355,-0.0492,0,0,0,,,,,,,,,,
0.4018,190,0,420.4,247.5,0.4057,-0.1169,0.0028,1,1,1,0.0001,1.2338,0.1866,-0.121586,0.025485,0.03491,0.186635,-0.003379,0.114128,0.008748
0.277,191,0,117.0,151.5,0.281,0.131,0.1491,1,1,1,5e-05,0.9481,0.6092,-0.025852,0.155234,0.609192,-0.099067,-0.046325,-0.078861,0.310896
0.4242,192,0,76.1,153.7,0.4281,0.2732,0.1094,0,0,0,,,,,,,,,,
0.1886,193,0,241.6,255.1,0.1925,0.0318,0.1283,1,1,1,4e-05,0.5993,0.6224,0.622442,-0.118018,0.522425,-0.44792,0.08137,-0.397959,0.540656
0.4512,194,0,92.0,269.6,0.4552,0.3139,-0.0621,0,0,0,,,,,,,,,,
0.4482,195,0,274.8,49.2,0.4522,0.0487,0.2191,1,1,1,9e-05,1.2646,0.6956,-0.69555,0.172408,0.20022,0.217406,-0.067837,0.2136,-0.009358
0.4636,196,0,480.0,59.0,0.4675,-0.1813,0.2096,1,1,1,6e-05,1.151,0.5364,-0.536352,-0.091906,-0.158379,0.103772,0.028065,0.138437,-0.058181
0.5009,197,0,227.6,329.4,0.5049,0.1554,-0.215,0,1,0,,,,,,,,,,
0.4892,198,0,118.3,87.1,0.4932,0.2505,0.1776,0,0,0,,,,,,,,,,
0.1835,199,0,336.7,167.2,0.1875,-0.0059,0.1672,1,1,1,7e-05,0.4952,0.6916,0.691607,-0.158441,0.444234,-0.552043,0.061443,-0.558497,0.493903
0.1984,200,0,484.1,42.2,0.2024,-0.0578,0.2086,1,1,1,4e-05,0.443,0.6693,0.658515,-0.116398,0.31667,-0.604209,0.012028,-0.669276,0.332027
0.5761,201,0,516.1,162.4,0.5801,-0.3185,0.0553,0,1,0,,,,,,,,,,
0.1624,202,0,385.1,284.2,0.1664,-0.021,0.1341,1,1,1,4e-05,0.4645,0.9269,0.926867,-0.200352,0.418586,-0.582687,0.095021,-0.564147,0.522656
0.3465,203,0,202.4,135.6,0.3505,0.1005,0.1455,1,1,1,0.0001,1.0615,0.455,-0.199252,0.199498,0.455023,0.014261,-0.056732,0.021059,0.172182
0.1539,204,0,302.4,296.1,0.1579,0.0052,0.1364,1,1,1,9e-05,0.4882,0.8482,0.848156,-0.221323,0.475627,-0.559047,0.108164,-0.532486,0.592446
0.0953,205,0,545.0,320.1,0.0993,-0.0169,0.1821,1,1,1,5e-05,0.3769,1.0359,1.035878,-0.441375,0.364364,-0.670308,0.146528,-0.885679,0.68915
0.2904,206,0,6.0,105.4,0.2944,0.2061,0.1768,0,0,0,,,,,,,,,,
0.5188,207,0,621.1,25.7,0.5227,-0.3776,0.2501,1,1,0,0.00582,0.7128,1.3816,-1.345682,-0.626832,-0.608345,1.381602,0.11405,0.083405,-0.011845
0.2696,208,0,304.3,46.8,0.2736,0.0088,0.2112,1,1,1,6e-05,0.6578,0.4026,0.177218,0.011352,0.40256,-0.389382,-0.001197,-0.354467,0.306199
0.2266,209,0,243.8,87.7,0.2306,0.0345,0.1916,1,1,1,9e-05,0.619,0.4994,0.32215,-0.043596,0.499396,-0.428175,0.019267,-0.405421,0.428604
0.3253,210,0,268.7,346.4,0.3293,0.0517,-0.0651,1,1,1,5e-05,1.3684,0.3392,-0.012416,0.219783,0.339155,0.326299,-0.031395,0.173361,0.087862
0.0897,211,0,608.1,11.0,0.0936,-0.011,0.202,1,1,1,5e-05,0.37,0.9369,0.910722,-0.448018,0.376495,-0.677198,0.132426,-0.936898,0.700586
0.1821,212,0,17.8,239.7,0.1861,0.1136,0.1391,1,1,1,8e-05,0.7455,0.7011,0.313568,-0.032609,0.701101,-0.301734,0.029497,-0.259941,0.557149
0.2491,213,0,368.9,286.3,0.253,-0.0317,0.0664,1,1,1,9e-05,0.703,0.6008,0.600752,0.005449,0.354189,-0.344208,0.056254,-0.258133,0.317086
0.3355,214,0,157.2,261.1,0.3395,0.1535,0.0281,1,1,1,5e-05,1.2536,0.5043,-0.245937,0.334623,0.504348,0.356084,-0.100389,0.204931,0.087397
0.4923,215,0,95.5,31.5,0.4963,0.2662,0.2409,0,0,0,,,,,,,,,,
0.3561,216,0,550.7,320.5,0.36,-0.2527,-0.0611,1,1,1,6e-05,1.318,0.2708,-0.018322,-0.114379,-0.167309,0.270816,0.010559,0.144222,-0.040988
0.3221,217,0,98.2,81.2,0.3261,0.1631,0.1908,1,1,1,9e-05,1.1008,0.5689,-0.35449,0.279471,0.568873,0.053575,-0.113764,0.067266,0.156484
0.2145,218,0,545.2,234.1,0.2185,-0.1097,0.1236,1,1,1,7e-05,0.4915,0.8653,0.865314,-0.038522,0.24494,-0.555673,0.001506,-0.515912,0.201186
0.6397,219,0,483.8,156.8,0.6436,-0.2981,0.0475,0,1,0,,,,,,,,,,
0.3494,220,0,459.7,143.5,0.3534,-0.1215,0.138,1,1,1,3e-05,0.8099,0.2373,0.121984,0.021867,0.085497,-0.237286,-0.002363,-0.188204,0.051911
0.1698,221,0,127.2,334.6,0.1737,0.072,0.106,1,1,1,3e-05,0.6751,0.6149,0.572676,-0.111089,0.614868,-0.372136,0.092398,-0.301662,0.604799
0.5651,222,0,359.4,215.0,0.569,-0.0664,-0.0337,0,1,0,,,,,,,,,,
0.3643,223,0,298.7,298.8,0.3683,0.0234,-0.0389,1,1,1,5e-05,1.3688,0.3216,-0.122325,0.184783,0.266993,0.321624,-0.031631,0.177284,0.060901
0.5973,224,0,612.1,258.0,0.6012,-0.551,-0.1383,0,1,0,,,,,,,,,,
0.1234,225,0,603.1,288.8,0.1274,-0.0504,0.1629,1,1,1,8e-05,0.3776,1.1897,1.189727,-0.320185,0.321043,-0.669608,0.105396,-0.835542,0.523976
0.2127,226,0,79.6,221.8,0.2167,0.114,0.1311,1,1,1,7e-05,0.8049,0.6648,0.251363,0.024297,0.664849,-0.242303,0.014775,-0.205618,0.483301
0.5073,227,0,246.5,62.6,0.5113,0.093,0.2065,1,1,1,0.0001,1.0704,1.3421,-1.342088,0.182172,0.130601,1.023955,-0.083671,0.336441,-0.007027
0.3601,228,0,546.9,47.8,0.3641,-0.1864,0.2157,1,1,1,6e-05,0.7804,0.2668,-0.070369,-0.033607,-0.087019,-0.266835,0.003826,-0.191298,-0.047263
0.329,229,0,252.8,284.4,0.333,0.0635,0.0069,1,1,1,5e-05,1.1814,0.3961,0.036657,0.188013,0.396143,0.134202,-0.017775,0.079955,0.165214
0.6369,230,0,467.7,203.8,0.6409,-0.2817,-0.0444,0,1,0,,,,,,,,,,
0.2993,231,0,268.6,355.6,0.3032,0.047,-0.0483,1,1,1,9e-05,1.2128,0.3783,0.163576,0.181882,0.378335,0.165591,-0.000402,0.097547,0.166263
0.213,232,0,116.9,281.5,0.217,0.1036,0.0972,1,1,1,8e-05,0.8263,0.6368,0.343769,0.018583,0.636784,-0.220892,0.038372,-0.17647,0.486322
0.1698,233,0,362.1,232.6,0.1738,-0.0139,0.1488,1,1,1,0.0001,0.4748,0.8305,0.830467,-0.189251,0.431561,-0.57243,0.082087,-0.570345,0.517697
0.5404,234,0,22.0,355.3,0.5444,0.5669,-0.3159,0,0,0,,,,,,,,,,
0.2049,235,0,79.2,305.3,0.2088,0.119,0.0893,1,1,1,8e-05,0.859,0.6726,0.327798,0.030559,0.672617,-0.188249,0.032036,-0.146987,0.492633
0.5044,236,0,158.3,278.1,0.5084,0.257,-0.1151,0,0,0,,,,,,,,,,
0.4986,237,0,541.4,49.2,0.5025,-0.271,0.2217,1,1,1,7e-05,1.2975,0.8089,-0.80891,-0.268108,-0.346789,0.388565,0.081726,0.316974,-0.065289
0.4906,238,0,300.7,117.3,0.4945,0.0248,0.1402,1,1,1,7e-05,1.281,0.8353,-0.835285,0.134833,0.122641,0.536212,-0.060082,0.333393,-0.032901
0.1429,239,0,540.9,116.1,0.1468,-0.0457,0.1906,1,1,1,6e-05,0.3877,0.9678,0.967772,-0.265452,0.33756,-0.659455,0.067925,-0.828534,0.478977
0.2239,240,0,634.7,330.9,0.2279,-0.1845,0.0545,1,1,1,4e-05,0.5884,0.826,0.826017,0.044469,0.105684,-0.458837,-0.043599,-0.327102,-0.016857
0.5975,241,0,521.2,32.3,0.6015,-0.2991,0.2501,0,1,0,,,,,,,,,,
0.2274,242,0,495.8,70.9,0.2314,-0.0787,0.1988,1,1,1,6e-05,0.4857,0.5848,0.584773,-0.059297,0.266043,-0.561521,-0.001582,-0.583832,0.245456
0.4917,243,0,381.2,128.1,0.4957,-0.0796,0.1262,1,1,1,7e-05,1.3472,0.6504,-0.650412,0.013756,-0.005591,0.379912,-0.014882,0.267201,-0.034807
0.4161,244,0,379.1,74.5,0.42,-0.0597,0.1938,1,1,1,8e-05,1.0009,0.3194,-0.319379,0.059435,0.105001,-0.046317,-0.012112,0.001934,0.031198
0.1467,245,0,9.0,40.2,0.1507,0.0631,0.2053,1,1,1,5e-05,0.5258,0.6295,0.395154,-0.169328,0.629488,-0.521429,0.036514,-0.525591,0.61834
0.6079,246,0,226.4,4.3,0.6119,0.1383,0.2888,0,1,0,,,,,,,,,,
0.2754,247,0,153.3,97.4,0.2793,0.1009,0.1832,1,1,1,5e-05,0.846,0.5624,-0.005222,0.107348,0.562432,-0.201209,-0.032336,-0.163743,0.325641
0.3087,248,0,602.1,126.7,0.3126,-0.2053,0.1597,1,1,1,5e-05,0.6858,0.3614,0.270588,-0.008011,-0.058445,-0.361371,-0.023945,-0.30272,-0.066261
0.2689,249,0,191.0,351.4,0.2729,0.1014,-0.0103,1,1,1,4e-05,1.1426,0.5235,0.209367,0.184185,0.523529,0.095439,-0.002291,0.058499,0.25989
0.48,250,0,53.5,236.9,0.4839,0.3801,-0.0273,0,0,0,,,,,,,,,,
0.2956,251,0,238.2,76.1,0.2995,0.0534,0.195,1,1,1,5e-05,0.7938,0.4546,0.020015,0.079427,0.454604,-0.253394,-0.017228,-0.209598,0.283841
0.5651,252,0,281.0,358.3,0.569,0.0784,-0.3511,0,0,0,,,,,,,,,,
0.4627,253,0,397.4,69.8,0.4667,-0.0884,0.198,1,1,1,7e-05,1.1655,0.5384,-0.538391,0.016265,0.000223,0.118306,-0.005703,0.139663,-0.02581
0.2777,254,0,485.8,27.1,0.2817,-0.0948,0.2221,1,1,1,9e-05,0.5737,0.4735,0.281196,-0.003272,0.183926,-0.473476,-0.010767,-0.446389,0.140473
0.4418,255,0,209.2,205.4,0.4458,0.138,0.0385,1,1,0,0.00116,0.8007,1.2937,-1.127353,0.346424,0.260883,1.293676,-0.116347,0.177206,0.008883
0.6453,256,0,116.1,169.1,0.6493,0.3798,0.0223,0,0,0,,,,,,,,,,
0.2506,257,0,10.1,133.6,0.2545,0.1704,0.166,1,1,1,5e-05,0.9727,0.7098,-0.098777,0.192484,0.709757,-0.07451,-0.083727,-0.056689,0.318915
0.313,258,0,259.6,312.9,0.3169,0.0555,-0.0122,1,1,1,8e-05,1.1651,0.396,0.11939,0.176156,0.39597,0.11793,-0.004534,0.070401,0.182308
0.3048,259,0,565.2,207.2,0.3087,-0.1914,0.0975,1,1,1,6e-05,0.7361,0.3734,0.373434,0.008427,-0.002678,-0.311072,-0.022989,-0.245163,-0.035123
0.4365,260,0,161.5,296.5,0.4405,0.2168,-0.095,0,0,0,,,,,,,,,,
0.1253,261,0,135.8,46.8,0.1292,0.0262,0.2028,1,1,1,5e-05,0.4327,0.683,0.62042,-0.284568,0.531812,-0.614512,0.073597,-0.683042,0.65632
0.5422,262,0,581.8,145.2,0.5461,-0.3893,0.0916,0,1,0,,,,,,,,,,
0.51,263,0,361.0,68.9,0.514,-0.0526,0.199,1,1,1,0.0001,1.2932,0.8641,-0.8641,0.021181,-0.009105,0.429107,-0.019494,0.321199,-0.049169
0.226,264,0,306.8,197.7,0.23,0.0067,0.138,1,1,1,3e-05,0.6184,0.5352,0.53517,-0.058526,0.448322,-0.428818,0.051085,-0.387854,0.426392
0.5357,265,0,292.2,16.5,0.5397,0.0359,0.2628,1,1,1,0.0001,0.9736,1.4759,-1.475933,0.057173,0.010046,1.120781,-0.045391,0.296156,-0.007491
0.3474,266,0,580.8,271.0,0.3513,-0.2602,0.0089,1,1,1,9e-05,1.0782,0.1717,0.103397,-0.090282,-0.171711,0.031037,-0.004322,0.018319,-0.079533
0.4496,267,0,540.0,1.4,0.4535,-0.2276,0.2651,1,1,1,5e-05,1.0898,0.5933,-0.593327,-0.15208,-0.258944,0.042582,0.057343,0.127787,-0.079609
0.5639,268,0,491.1,117.6,0.5679,-0.2588,0.1292,1,1,0,0.02406,0.6918,1.4026,-1.221253,-0.3585,-0.485926,1.402574,0.029659,0.069386,-0.00481
0.2306,269,0,0.1,227.6,0.2346,0.1727,0.1187,1,1,1,7e-05,0.9966,0.7424,0.036782,0.167919,0.742401,-0.05064,-0.059591,-0.047061,0.368372
0.1759,270,0,402.3,90.5,0.1798,-0.0248,0.1936,1,1,1,4e-05,0.4434,0.7142,0.714249,-0.179125,0.397603,-0.603841,0.045592,-0.665453,0.459202
0.1624,271,0,400.7,178.9,0.1663,-0.0231,0.1701,1,1,1,5e-05,0.4376,0.8453,0.845272,-0.215629,0.406347,-0.609554,0.07226,-0.659194,0.507113
0.3797,272,0,567.2,317.7,0.3837,-0.2926,-0.0789,1,1,1,7e-05,1.3545,0.5535,-0.253654,-0.216836,-0.251967,0.553517,0.032381,0.259917,-0.020039
0.5309,273,0,451.9,162.5,0.5348,-0.1949,0.0682,1,1,0,0.00076,0.8476,1.2468,-1.081486,-0.229939,-0.237996,1.24679,0.018455,0.204339,-0.011858
0.1959,274,0,533.7,275.1,0.1998,-0.0946,0.1134,1,1,1,9e-05,0.4692,0.9729,0.972874,-0.070183,0.285615,-0.577982,0.023401,-0.527746,0.267577
0.2968,275,0,15.7,237.0,0.3007,0.2372,0.0757,0,0,0,,,,,,,,,,
0.3703,276,0,572.3,309.5,0.3742,-0.2864,-0.0587,1,1,1,0.0001,1.4183,0.3813,-0.131731,-0.180121,-0.233831,0.381289,0.023724,0.196146,-0.036131
0.4756,277,0,241.6,256.7,0.4796,0.1133,-0.0572,0,1,0,,,,,,,,,,
0.3964,278,0,436.7,303.3,0.4004,-0.143,-0.0722,1,1,1,0.0001,1.3924,0.4345,-0.214944,-0.009349,-0.021314,0.434452,-0.002738,0.222063,-0.011211
0.5834,279,0,330.3,186.1,0.5873,-0.0174,0.0115,0,1,0,,,,,,,,,,
0.3529,280,0,234.7,303.1,0.3569,0.0903,-0.0351,1,1,1,6e-05,1.313,0.4343,-0.218656,0.275228,0.366653,0.4343,-0.068207,0.227963,0.049274
0.2247,281,0,54.6,161.6,0.2287,0.1281,0.1574,1,1,1,6e-05,0.8288,0.6786,0.118782,0.067986,0.678565,-0.218422,-0.018964,-0.186807,0.436063
0.1577,282,0,337.8,307.2,0.1616,-0.0056,0.1291,1,1,1,9e-05,0.4834,0.8951,0.89512,-0.209237,0.451857,-0.563759,0.10747,-0.528897,0.565059
0.5119,283,0,304.1,209.7,0.5159,0.0236,0.0005,1,1,0,0.02936,0.6774,1.417,-1.104293,0.148618,-0.061776,1.416962,-0.078275,0.069408,-0.004851
0.603,284,0,602.2,198.2,0.6069,-0.5024,-0.0188,0,1,0,,,,,,,,,,
0.5082,285,0,215.4,275.2,0.5122,0.1671,-0.1123,0,1,0,,,,,,,,,,
0.2817,286,0,352.8,62.6,0.2857,-0.0198,0.2031,1,1,1,6e-05,0.6541,0.3931,0.209945,0.011603,0.337787,-0.393138,0.000997,-0.357494,0.259945
0.4368,287,0,186.1,348.1,0.4407,0.1959,-0.1868,0,1,0,,,,,,,,,,
0.3074,288,0,581.8,106.6,0.3113,-0.1856,0.1742,1,1,1,6e-05,0.6632,0.384,0.264172,-0.001655,-0.018899,-0.383961,-0.020681,-0.328963,-0.034934
0.3239,289,0,363.1,127.7,0.3279,-0.0335,0.1563,1,1,1,5e-05,0.7781,0.2751,0.14607,0.049402,0.275077,-0.269105,0.003069,-0.225185,0.189397
0.2539,290,0,383.6,10.2,0.2578,-0.0316,0.2271,1,1,1,9e-05,0.5674,0.4798,0.279232,-0.023642,0.3334,-0.479763,-0.00189,-0.463313,0.27766
0.4148,291,0,0.1,173.7,0.4188,0.3563,0.0889,0,0,0,,,,,,,,,,
0.5324,292,0,59.5,87.2,0.5364,0.3573,0.1752,0,0,0,,,,,,,,,,
0.5385,293,0,537.8,139.6,0.5425,-0.3194,0.1009,1,1,0,0.0231,0.6937,1.4007,-1.136234,-0.443238,-0.546367,1.400676,0.042242,0.068658,-0.004156
0.3773,294,0,177.4,254.2,0.3812,0.1548,0.0092,1,1,1,9e-05,1.2048,0.6816,-0.578929,0.383419,0.400052,0.681564,-0.127718,0.316391,-0.00357
0.4583,295,0,104.0,105.8,0.4623,0.2529,0.1583,0,0,0,,,,,,,,,,
0.5106,296,0,452.0,245.1,0.5145,-0.2044,-0.0589,1,1,0,0.03797,0.6896,1.4048,-0.92597,-0.183582,-0.410048,1.404767,-0.023256,0.065343,-0.002244
0.5632,297,0,50.9,38.1,0.5672,0.3757,0.2394,0,0,0,,,,,,,,,,
0.3521,298,0,228.4,204.6,0.3561,0.0861,0.0789,1,1,1,4e-05,1.147,0.4194,-0.125545,0.202982,0.41941,0.099814,-0.043338,0.067565,0.154656
0.5119,299,0,401.1,27.7,0.5158,-0.1003,0.247,1,1,1,0.0001,1.2994,0.8991,-0.899053,-0.046083,-0.095716,0.36003,0.00887,0.315013,-0.0617
0.2913,300,0,79.0,245.3,0.2952,0.185,0.0716,1,1,1,0.0001,1.2547,0.6454,-0.145394,0.315868,0.645438,0.207481,-0.105521,0.128457,0.180829
0.2726,301,0,315.0,241.8,0.2766,0.0035,0.0855,1,1,1,7e-05,0.7779,0.4075,0.407496,0.032828,0.395335,-0.269322,0.041216,-0.213925,0.320794
0.3636,302,0,29.5,347.1,0.3676,0.3385,-0.1069,0,0,0,,,,,,,,,,
0.5418,303,0,475.0,191.3,0.5458,-0.242,0.0183,1,1,0,0.03472,0.6917,1.4027,-1.046187,-0.276464,-0.472887,1.402735,-0.001905,0.067121,-0.002434
0.4351,304,0,361.4,44.2,0.4391,-0.0428,0.2233,1,1,1,9e-05,1.0661,0.483,-0.483012,0.071255,0.09646,0.018884,-0.019402,0.073411,0.007114
0.4586,305,0,110.6,296.5,0.4626,0.3041,-0.1131,0,0,0,,,,,,,,,,
0.1851,306,0,601.5,226.5,0.1891,-0.1071,0.1431,1,1,1,5e-05,0.4238,1.022,1.02197,-0.088613,0.255752,-0.623441,0.001504,-0.648014,0.23739
0.4771,307,0,356.6,277.8,0.4811,-0.0544,-0.0945,1,1,0,0.03305,0.6809,1.4135,-0.898553,0.064941,-0.159505,1.413522,-0.061558,0.066375,-0.004518
0.6112,308,0,219.1,235.9,0.6151,0.1905,-0.0991,0,1,0,,,,,,,,,,
0.5965,309,0,438.3,132.2,0.6004,-0.1937,0.1007,0,1,0,,,,,,,,,,
0.1141,310,0,529.7,307.9,0.1181,-0.0307,0.1668,1,1,1,8e-05,0.382,1.1159,1.115888,-0.36811,0.354773,-0.66516,0.12829,-0.822001,0.606754
0.2149,311,0,186.1,284.4,0.2188,0.0695,0.094,1,1,1,8e-05,0.7613,0.5694,0.454367,-0.017722,0.569408,-0.285863,0.062845,-0.227503,0.489714
0.5296,312,0,47.2,246.0,0.5335,0.4415,-0.0719,0,0,0,,,,,,,,,,
0.3859,313,0,410.7,124.1,0.3898,-0.0877,0.1488,1,1,1,4e-05,0.9232,0.124,-0.084803,0.041139,0.104862,-0.124028,-0.003522,-0.084204,0.053989
0.5641,314,0,13.8,202.6,0.568,0.5073,-0.0104,0,0,0,,,,,,,,,,
0.1489,315,0,50.0,138.0,0.1529,0.0623,0.1848,1,1,1,5e-05,0.5422,0.6331,0.465961,-0.178195,0.623855,-0.504986,0.055365,-0.497831,0.633077
0.5467,316,0,243.2,4.7,0.5506,0.1004,0.2781,0,1,0,,,,,,,,,,
0.4111,317,0,317.6,156.9,0.415,0.0026,0.1092,1,1,1,7e-05,1.1494,0.2709,-0.27086,0.13004,0.218782,0.102213,-0.029715,0.083534,0.063623
0.2105,318,0,544.0,104.9,0.2145,-0.0922,0.1857,1,1,1,0.0001,0.4527,0.7402,0.740174,-0.074785,0.252848,-0.594535,-0.003355,-0.637932,0.238933
0.0897,319,0,31.7,95.9,0.0937,0.012,0.1989,1,1,1,7e-05,0.3802,0.8228,0.780355,-0.420681,0.467341,-0.666973,0.119776,-0.822752,0.746956
0.1603,320,0,26.6,199.0,0.1643,0.0836,0.1648,1,1,1,3e-05,0.6201,0.6635,0.41314,-0.124568,0.663539,-0.427133,0.050914,-0.395429,0.617229
0.1392,321,0,47.5,330.0,0.1432,0.0682,0.1381,1,1,1,5e-05,0.585,0.6842,0.600157,-0.197982,0.635816,-0.462174,0.097831,-0.412557,0.684212
0.4502,322,0,60.7,349.4,0.4541,0.3943,-0.2039,0,0,0,,,,,,,,,,
0.0922,323,0,464.5,202.8,0.0962,-0.0079,0.193,1,1,1,5e-05,0.3745,0.9322,0.932207,-0.443066,0.391176,-0.672688,0.137254,-0.889835,0.709836
0.2855,324,0,538.8,150.5,0.2894,-0.147,0.1477,1,1,1,8e-05,0.6248,0.4365,0.436474,0.012126,0.099049,-0.422391,-0.018038,-0.373645,0.050056
0.3633,325,0,86.6,40.8,0.3673,0.1927,0.2212,1,1,1,5e-05,1.1999,0.7073,-0.707333,0.388264,0.481192,0.276608,-0.1682,0.238231,0.019646
0.4179,326,0,364.0,186.7,0.4218,-0.0502,0.0722,1,1,1,9e-05,1.1785,0.2257,-0.225742,0.082182,0.130366,0.131264,-0.015684,0.094364,0.036622
0.2775,327,0,561.7,181.5,0.2814,-0.1615,0.1284,1,1,1,9e-05,0.6231,0.5041,0.504146,0.016555,0.082771,-0.424051,-0.024263,-0.366723,0.025125
0.3865,328,0,164.2,110.5,0.3904,0.1488,0.1617,1,1,1,6e-05,1.2724,0.5568,-0.556806,0.315774,0.42576,0.269163,-0.121492,0.209009,0.041503
0.25,329,0,120.4,32.6,0.254,0.099,0.2166,1,1,1,5e-05,0.766,0.5888,-0.008513,0.076348,0.588796,-0.281209,-0.036138,-0.236427,0.361587
0.4473,330,0,438.0,212.7,0.4512,-0.1504,0.026,1,1,1,5e-05,1.3841,0.3595,-0.359475,-0.038092,-0.059144,0.33687,0.000703,0.206377,-0.024516
0.2278,331,0,290.9,39.5,0.2317,0.0127,0.2117,1,1,1,0.0001,0.5755,0.4717,0.322582,-0.051799,0.450697,-0.471749,0.011445,-0.459421,0.393482
0.1962,332,0,327.0,179.0,0.2002,-0.0028,0.1584,1,1,1,5e-05,0.5286,0.6489,0.648949,-0.12688,0.447138,-0.518563,0.058475,-0.505555,0.474105
0.5573,333,0,528.2,156.0,0.5612,-0.3232,0.0711,1,1,0,0.04992,0.6984,1.396,-1.1055,-0.414551,-0.67758,1.396031,0.015587,0.066208,0.002128
0.1171,334,0,169.9,339.1,0.1211,0.0247,0.1579,1,1,1,5e-05,0.4524,0.816,0.816019,-0.32483,0.52248,-0.594833,0.125561,-0.608318,0.713582
0.1918,335,0,492.3,7.3,0.1958,-0.0555,0.2185,1,1,1,4e-05,0.4301,0.6993,0.648423,-0.127608,0.318647,-0.617073,0.011081,-0.699283,0.34079
0.6095,336,0,557.2,126.0,0.6134,-0.3955,0.1086,0,1,0,,,,,,,,,,
0.2877,337,0,594.8,288.1,0.2916,-0.2184,0.035,1,1,1,6e-05,0.8027,0.4458,0.445843,0.007249,-0.039014,-0.244519,-0.030663,-0.1643,-0.074275
0.1257,338,0,549.3,164.6,0.1297,-0.0371,0.1853,1,1,1,8e-05,0.382,1.0291,1.029099,-0.326935,0.34489,-0.665238,0.096757,-0.858294,0.547148
0.1313,339,0,545.3,293.8,0.1353,-0.0471,0.1554,1,1,1,6e-05,0.3855,1.1527,1.15273,-0.293356,0.340681,-0.661708,0.101559,-0.772478,0.51953
0.4962,340,0,554.6,186.8,0.5001,-0.3287,0.0428,1,1,0,0.007,0.7,1.3944,-1.006482,-0.444099,-0.445765,1.394399,0.044723,0.078104,-0.007451
0.559,341,0,171.6,77.6,0.5629,0.2133,0.187,0,0,0,,,,,,,,,,
0.2695,342,0,384.1,53.2,0.2735,-0.0361,0.2079,1,1,1,8e-05,0.6062,0.441,0.279471,-0.007749,0.317046,-0.440995,0.001362,-0.414423,0.25722
0.2521,343,0,549.8,168.6,0.2561,-0.1323,0.1453,1,1,1,4e-05,0.5492,0.6238,0.623843,-0.000783,0.163262,-0.498014,-0.018389,-0.462542,0.104797
0.3226,344,0,218.2,296.9,0.3265,0.0953,-0.0022,1,1,1,6e-05,1.2605,0.444,-0.015702,0.233357,0.444039,0.213285,-0.038941,0.123951,0.150061
0.5039,345,0,606.9,112.4,0.5078,-0.3785,0.1447,1,1,0,0.00387,0.7338,1.3606,-1.144791,-0.575194,-0.545566,1.36063,0.086332,0.10316,-0.012237
0.5721,346,0,83.1,93.3,0.576,0.3554,0.1641,0,0,0,,,,,,,,,,
0.1142,347,0,206.4,174.1,0.1182,0.0143,0.1874,1,1,1,9e-05,0.4129,0.7728,0.772841,-0.344095,0.489588,-0.634338,0.105475,-0.722867,0.688592
0.135,348,0,362.7,34.6,0.1389,-0.0072,0.2053,1,1,1,9e-05,0.4024,0.7703,0.754587,-0.287143,0.431831,-0.64485,0.073406,-0.770309,0.578199
0.0868,349,0,512.6,87.8,0.0907,-0.0062,0.1994,1,1,1,5e-05,0.3699,0.9173,0.898006,-0.456559,0.390828,-0.677282,0.136675,-0.917325,0.723744
0.0817,350,0,385.2,52.7,0.0857,-0.0011,0.2002,1,1,1,5e-05,0.3676,0.9109,0.866032,-0.467456,0.405362,-0.67961,0.138493,-0.910872,0.749652
0.5693,351,0,531.6,143.0,0.5732,-0.332,0.0889,0,1,0,,,,,,,,,,
0.1009,352,0,476.2,72.3,0.1048,-0.0115,0.1997,1,1,1,0.0001,0.3753,0.9031,0.903134,-0.409252,0.38953,-0.671922,0.119756,-0.893003,0.667824
0.2646,353,0,109.7,178.0,0.2686,0.1311,0.1353,1,1,1,6e-05,0.9376,0.6269,0.038023,0.137762,0.626904,-0.109586,-0.034848,-0.090738,0.342214
0.3828,354,0,532.5,168.9,0.3868,-0.2132,0.1044,1,1,1,4e-05,0.972,0.1185,-0.028438,-0.058388,-0.118492,-0.075201,0.001312,-0.047788,-0.057342
0.4634,355,0,248.0,271.8,0.4673,0.1027,-0.0741,0,1,0,,,,,,,,,,
0.2892,356,0,438.9,277.8,0.2931,-0.0939,0.0436,1,1,1,7e-05,0.7836,0.4743,0.474256,0.043062,0.202789,-0.263599,0.02106,-0.185355,0.14614
0.2573,357,0,76.2,294.5,0.2613,0.1673,0.0534,1,1,1,4e-05,1.1466,0.6748,0.052312,0.230711,0.674776,0.099399,-0.058948,0.056662,0.280872
0.4711,358,0,442.7,355.8,0.475,-0.1987,-0.2399,0,1,0,,,,,,,,,,
0.4122,359,0,580.3,4.8,0.4162,-0.2431,0.2557,1,1,1,4e-05,0.9598,0.4148,-0.414756,-0.138226,-0.262057,-0.087408,0.04799,0.011914,-0.090374
0.6261,360,0,62.3,314.1,0.6301,0.5501,-0.2958,0,0,0,,,,,,,,,,
0.5497,361,0,21.9,48.0,0.5536,0.4085,0.2259,0,0,0,,,,,,,,,,
0.5039,362,0,439.6,353.4,0.5079,-0.2091,-0.2709,0,1,0,,,,,,,,,,
0.114,363,0,501.6,138.2,0.118,-0.0218,0.192,1,1,1,8e-05,0.3806,0.9629,0.962904,-0.369815,0.372363,-0.666618,0.110853,-0.867931,0.613472
0.4135,364,0,350.0,133.2,0.4175,-0.0319,0.1346,1,1,1,4e-05,1.0786,0.2559,-0.255949,0.09172,0.163998,0.031399,-0.018837,0.040143,0.054025
0.3739,365,0,10.7,59.4,0.3779,0.2695,0.2071,0,0,0,,,,,,,,,,
0.4318,366,0,390.3,29.6,0.4358,-0.0712,0.2367,1,1,1,6e-05,1.0233,0.4677,-0.467653,0.0419,0.05014,-0.023865,-0.008236,0.046426,-0.002749
0.3628,367,0,538.4,103.2,0.3668,-0.1913,0.1709,1,1,1,7e-05,0.8216,0.2256,0.002467,-0.031443,-0.078664,-0.225601,-0.001545,-0.16584,-0.046101
0.174,368,0,579.9,253.1,0.178,-0.0917,0.1384,1,1,1,6e-05,0.4148,1.0754,1.075429,-0.124693,0.286594,-0.632441,0.02491,-0.656178,0.302718
0.5445,369,0,618.6,123.1,0.5485,-0.436,0.124,0,1,0,,,,,,,,,,
0.6026,370,0,289.6,284.3,0.6065,0.0598,-0.2018,0,1,0,,,,,,,,,,
0.2438,371,0,577.7,289.7,0.2477,-0.1627,0.068,1,1,1,4e-05,0.6112,0.7311,0.7311,0.031963,0.127377,-0.435972,-0.02363,-0.329115,0.036717
0.2061,372,0,584.1,55.2,0.2101,-0.1001,0.2046,1,1,1,4e-05,0.4337,0.7194,0.71938,-0.07376,0.227967,-0.613525,-0.013555,-0.685327,0.212804
0.0802,373,0,413.7,269.3,0.0842,-0.0014,0.1971,1,1,1,5e-05,0.3681,0.9089,0.886266,-0.476343,0.401443,-0.679109,0.144443,-0.908868,0.75803
0.5583,374,0,172.1,132.9,0.5623,0.2246,0.107,0,0,0,,,,,,,,,,
0.2508,375,0,1.2,320.4,0.2548,0.218,0.0371,0,0,0,,,,,,,,,,
0.087,376,0,394.6,336.9,0.0909,-0.0033,0.1889,1,1,1,4e-05,0.3747,0.9308,0.930793,-0.46022,0.40216,-0.672518,0.146098,-0.873296,0.74105
0.4713,377,0,349.0,80.0,0.4753,-0.0342,0.1866,1,1,1,8e-05,1.2669,0.6253,-0.625343,0.072775,0.071829,0.219665,-0.028428,0.201974,-0.021887
0.5659,378,0,523.4,88.6,0.5699,-0.2999,0.1713,1,1,0,0.02839,0.6949,1.3995,-1.272659,-0.439419,-0.583536,1.399464,0.048117,0.069247,-0.004022
0.1288,379,0,113.5,172.8,0.1327,0.0358,0.1829,1,1,1,4e-05,0.466,0.6756,0.641638,-0.27207,0.559057,-0.581186,0.086221,-0.609512,0.675562
0.4672,380,0,196.8,134.7,0.4711,0.152,0.1223,1,1,0,0.00164,0.775,1.329,-1.328967,0.328152,0.232616,1.319371,-0.122629,0.159154,0.009175
0.4408,381,0,202.8,190.7,0.4448,0.1432,0.0585,1,1,1,0.0001,1.0282,1.0662,-1.049456,0.342774,0.282976,1.066205,-0.119825,0.300199,0.001495
0.0838,382,0,502.9,105.7,0.0878,-0.0044,0.1992,1,1,1,5e-05,0.3688,0.9174,0.89097,-0.465287,0.394333,-0.67841,0.139592,-0.917403,0.737546
0.5766,383,0,151.7,196.5,0.5806,0.284,-0.0048,0,0,0,,,,,,,,,,
0.2584,384,0,318.7,119.1,0.2624,0.0007,0.1727,1,1,1,8e-05,0.6478,0.4066,0.339793,-0.012136,0.406588,-0.399379,0.01882,-0.367705,0.341203
0.103,385,0,614.0,58.8,0.107,-0.0232,0.2007,1,1,1,5e-05,0.3743,0.9649,0.964871,-0.405653,0.352359,-0.672928,0.118456,-0.937955,0.631692
0.2118,386,0,195.3,231.4,0.2157,0.0594,0.1266,1,1,1,9e-05,0.6945,0.5602,0.445951,-0.046705,0.560213,-0.352728,0.055947,-0.304685,0.4996
0.3129,387,0,451.7,250.2,0.3169,-0.1119,0.0539,1,1,1,5e-05,0.8231,0.3601,0.360148,0.040601,0.146591,-0.224115,0.008897,-0.163173,0.095126
0.4239,388,0,534.2,116.6,0.4279,-0.2307,0.1506,1,1,1,5e-05,1.0707,0.2776,-0.277564,-0.113203,-0.19508,0.023503,0.022492,0.047259,-0.068481
0.2583,389,0,345.6,25.8,0.2623,-0.0132,0.2206,1,1,1,8e-05,0.6003,0.4469,0.242997,-0.013421,0.368612,-0.44689,1e-05,-0.42249,0.298795
0.5202,390,0,360.4,351.4,0.5242,-0.0731,-0.2841,0,1,0,,,,,,,,,,
0.212,391,0,307.8,70.7,0.2159,0.0049,0.199,1,1,1,4e-05,0.5409,0.5063,0.445131,-0.089306,0.449106,-0.506312,0.025682,-0.50628,0.427681
0.3045,392,0,27.2,209.4,0.3085,0.2289,0.0957,0,0,0,,,,,,,,,,
0.3001,393,0,421.5,191.3,0.304,-0.0762,0.1126,1,1,1,6e-05,0.7245,0.3728,0.372769,0.028134,0.229009,-0.322715,0.012193,-0.268575,0.172587
0.6398,394,0,225.3,14.6,0.6437,0.1497,0.2796,0,1,0,,,,,,,,,,
0.1792,395,0,48.1,9.2,0.1831,0.0782,0.216,1,1,1,9e-05,0.5988,0.6353,0.232642,-0.07114,0.635308,-0.448405,0.003679,-0.430032,0.528128
0.141,396,0,87.2,286.0,0.1449,0.0566,0.15,1,1,1,6e-05,0.5507,0.6739,0.617114,-0.212795,0.607953,-0.496494,0.094796,-0.463581,0.673909
0.6089,397,0,217.6,4.8,0.6129,0.1517,0.2884,0,1,0,,,,,,,,,,
0.6272,398,0,205.5,303.4,0.6311,0.2416,-0.2688,0,0,0,,,,,,,,,,
0.3453,399,0,465.6,93.9,0.3492,-0.1186,0.1801,1,1,1,3e-05,0.7608,0.2864,0.074553,0.017578,0.084334,-0.2864,-0.00391,-0.230849,0.052481
0.5465,400,0,500.9,251.5,0.5505,-0.3057,-0.0927,0,1,0,,,,,,,,,,
0.2679,401,0,348.5,236.7,0.2719,-0.0193,0.0922,1,1,1,7e-05,0.7265,0.4694,0.46945,0.016111,0.362106,-0.320716,0.041306,-0.25944,0.306706
0.4201,402,0,501.7,2.6,0.424,-0.1733,0.2589,1,1,1,3e-05,0.9496,0.43,-0.430032,-0.061362,-0.131374,-0.097626,0.026124,0.000429,-0.05497
0.4053,403,0,380.6,38.0,0.4093,-0.0571,0.2267,1,1,1,5e-05,0.9445,0.3355,-0.33552,0.059595,0.111104,-0.102692,-0.011645,-0.03222,0.035429
0.4537,404,0,485.0,193.0,0.4576,-0.2093,0.0504,1,1,1,5e-05,1.3767,0.3942,-0.394201,-0.115948,-0.158791,0.329481,0.017454,0.210795,-0.040329
0.606,405,0,453.5,74.1,0.6099,-0.21,0.1909,1,1,0,0.04672,0.6951,1.3993,-1.358435,-0.294945,-0.577147,1.399279,0.012173,0.070004,-0.003008
0.1119,406,0,209.6,210.1,0.1159,0.0136,0.1835,1,1,1,9e-05,0.4119,0.7982,0.798231,-0.354099,0.485936,-0.635312,0.112118,-0.722162,0.697775
0.3271,407,0,637.7,235.5,0.331,-0.2811,0.0601,1,1,1,0.0001,0.9316,0.2087,0.18676,-0.085397,-0.208697,-0.115586,-0.018345,-0.080813,-0.1271
0.194,408,0,362.3,9.8,0.198,-0.0139,0.2181,1,1,1,7e-05,0.4738,0.6121,0.510484,-0.126968,0.412788,-0.573355,0.021475,-0.612136,0.421974
0.135,409,0,623.8,29.2,0.139,-0.0509,0.2061,1,1,1,8e-05,0.3781,0.9642,0.964161,-0.280435,0.312324,-0.669066,0.063124,-0.909818,0.466306
0.5617,410,0,366.8,278.6,0.5657,-0.0843,-0.1583,0,1,0,,,,,,,,,,
0.2586,411,0,551.2,273.7,0.2626,-0.1557,0.0693,1,1,1,0.0001,0.6458,0.6502,0.650196,0.030214,0.12454,-0.401414,-0.01582,-0.304111,0.048094
0.1333,412,0,372.2,292.7,0.1373,-0.0113,0.1541,1,1,1,8e-05,0.4224,0.9675,0.96748,-0.297361,0.427554,-0.624811,0.116316,-0.667202,0.60996
0.2362,413,0,52.1,165.1,0.2402,0.1398,0.1522,1,1,1,6e-05,0.8824,0.6828,0.062678,0.107324,0.682815,-0.164779,-0.034777,-0.138317,0.398183
0.2738,414,0,2.4,186.1,0.2777,0.2093,0.1265,0,0,0,,,,,,,,,,
0.4476,415,0,565.2,120.3,0.4516,-0.2832,0.143,1,1,1,4e-05,1.2439,0.435,-0.434998,-0.210532,-0.303712,0.196733,0.04983,0.169905,-0.070742
0.3306,416,0,363.6,107.9,0.3345,-0.034,0.1706,1,1,1,4e-05,0.7826,0.2646,0.090848,0.052507,0.263597,-0.264648,-0.00114,-0.218724,0.174788
0.1029,417,0,235.3,85.5,0.1068,0.0068,0.1987,1,1,1,6e-05,0.3875,0.8072,0.792261,-0.384759,0.45745,-0.659748,0.109666,-0.807217,0.698803
0.1,418,0,33.4,80.2,0.104,0.0205,0.1992,1,1,1,4e-05,0.3983,0.7607,0.714084,-0.372693,0.506658,-0.648937,0.102574,-0.760692,0.72616
0.274,419,0,96.4,45.0,0.2779,0.1277,0.2124,1,1,1,4e-05,0.8783,0.6012,-0.145068,0.153973,0.601192,-0.168884,-0.066531,-0.122568,0.291853
0.2833,420,0,400.6,198.6,0.2873,-0.0565,0.1137,1,1,1,7e-05,0.6966,0.4336,0.433562,0.017735,0.282566,-0.350567,0.021338,-0.295967,0.228361
0.2878,421,0,469.3,337.3,0.2918,-0.1265,-0.0153,1,1,1,7e-05,0.8876,0.4545,0.454542,0.050964,0.127653,-0.159606,0.014671,-0.083598,0.074814
0.1907,422,0,240.2,185.1,0.1946,0.0305,0.1578,1,1,1,4e-05,0.5719,0.5532,0.553249,-0.121896,0.520483,-0.475273,0.06181,-0.450708,0.527302
0.4562,423,0,111.3,139.9,0.4602,0.2516,0.1181,0,0,0,,,,,,,,,,
0.5349,424,0,9.5,49.8,0.5388,0.413,0.2228,0,0,0,,,,,,,,,,
0.0833,425,0,212.6,201.3,0.0873,0.0026,0.1969,1,1,1,0.0001,0.371,0.8789,0.856936,-0.459445,0.422514,-0.676224,0.137263,-0.878865,0.755356
0.1744,426,0,352.5,10.0,0.1783,-0.0089,0.215,1,1,1,4e-05,0.4485,0.6601,0.581065,-0.172482,0.430919,-0.598681,0.034436,-0.660062,0.474205
0.1252,427,0,286.7,188.6,0.1291,0.0055,0.1813,1,1,1,8e-05,0.4177,0.8161,0.816062,-0.319649,0.466585,-0.629521,0.10319,-0.710407,0.649238
0.4735,428,0,293.8,281.0,0.4774,0.0388,-0.0973,0,1,0,,,,,,,,,,
0.5294,429,0,236.2,178.6,0.5334,0.1256,0.0435,0,1,0,,,,,,,,,,
0.6314,430,0,168.4,50.5,0.6354,0.2441,0.2266,0,0,0,,,,,,,,,,
0.3363,431,0,558.7,314.7,0.3403,-0.2413,-0.0353,1,1,1,6e-05,1.1405,0.1325,0.132498,-0.070196,-0.130704,0.09335,-0.002401,0.055174,-0.057251
0.5241,432,0,22.6,267.5,0.5281,0.4878,-0.1088,0,0,0,,,,,,,,,,
0.5377,433,0,617.7,12.9,0.5416,-0.3847,0.2672,1,1,0,0.02606,0.6988,1.3956,-1.38785,-0.627493,-0.724964,1.395557,0.101915,0.069244,-0.004519
0.5903,434,0,215.6,240.0,0.5943,0.1903,-0.0958,0,1,0,,,,,,,,,,
0.4814,435,0,73.4,173.0,0.4853,0.3284,0.0679,0,0,0,,,,,,,,,,
0.6323,436,0,593.0,305.0,0.6363,-0.5823,-0.2773,0,1,0,,,,,,,,,,
0.4037,437,0,282.5,146.3,0.4076,0.0393,0.1227,1,1,1,9e-05,1.16,0.3072,-0.307171,0.166674,0.280396,0.112776,-0.043852,0.094366,0.076133
0.4052,438,0,442.8,325.0,0.4092,-0.1591,-0.1143,1,1,1,8e-05,1.2927,0.8017,-0.453835,-0.057343,-0.072381,0.801696,-0.002243,0.315361,-0.015519
0.5128,439,0,579.8,149.6,0.5168,-0.3637,0.0921,1,1,0,0.01821,0.6945,1.3999,-1.085054,-0.51621,-0.573523,1.399938,0.056843,0.068569,-0.004846
0.4743,440,0,638.8,28.4,0.4783,-0.3606,0.2423,1,1,1,0.0001,1.2673,0.845,-0.845033,-0.419494,-0.502905,0.447461,0.132399,0.34714,-0.05998
0.5737,441,0,578.0,322.0,0.5776,-0.5033,-0.2676,0,1,0,,,,,,,,,,
0.3549,442,0,178.4,146.3,0.3588,0.1261,0.1342,1,1,1,5e-05,1.1637,0.4717,-0.290263,0.251504,0.471665,0.116486,-0.081415,0.094863,0.132338
0.4463,443,0,620.6,95.6,0.4503,-0.3373,0.1708,1,1,1,0.0001,1.3056,0.5285,-0.528483,-0.306105,-0.41429,0.258394,0.083532,0.221727,-0.071381
0.5722,444,0,486.3,52.8,0.5762,-0.2398,0.2207,1,1,0,0.01541,0.6908,1.4036,-1.381175,-0.375568,-0.457222,1.40358,0.048587,0.070464,-0.007132
0.5838,445,0,323.3,344.3,0.5878,-0.0069,-0.3344,0,1,0,,,,,,,,,,
0.5508,446,0,606.4,65.8,0.5547,-0.4001,0.2029,1,1,0,0.04696,0.7019,1.3925,-1.278631,-0.60067,-0.808622,1.392507,0.066687,0.068841,0.002808
0.4397,447,0,552.2,341.0,0.4437,-0.3394,-0.1766,0,1,0,,,,,,,,,,
0.1447,448,0,235.9,211.3,0.1487,0.0198,0.1682,1,1,1,4e-05,0.4722,0.7267,0.726739,-0.248094,0.511536,-0.575008,0.092264,-0.591677,0.626383
0.2537,449,0,637.6,260.0,0.2577,-0.2047,0.0832,1,1,1,3e-05,0.6303,0.6378,0.637818,0.032319,0.024331,-0.416936,-0.049454,-0.3263,-0.065355
0.2499,450,0,588.1,256.5,0.2538,-0.1684,0.0883,1,1,1,4e-05,0.6007,0.6893,0.689291,0.027913,0.107289,-0.446529,-0.030657,-0.359422,0.020496
0.242,451,0,594.8,116.8,0.2459,-0.1412,0.1763,1,1,1,6e-05,0.5045,0.6222,0.622219,-0.007005,0.138943,-0.542742,-0.030495,-0.538368,0.081972
0.1148,452,0,19.0,252.3,0.1188,0.0419,0.1758,1,1,1,4e-05,0.4647,0.725,0.664797,-0.304156,0.579285,-0.58252,0.100367,-0.602698,0.725044
0.631,453,0,31.2,236.2,0.635,0.5655,-0.1108,0,0,0,,,,,,,,,,
0.1872,454,0,41.1,273.5,0.1912,0.1144,0.1205,1,1,1,8e-05,0.7772,0.6924,0.338005,-0.019861,0.692403,-0.270022,0.036075,-0.224676,0.546199
0.1665,455,0,551.2,4.4,0.1704,-0.0581,0.2151,1,1,1,9e-05,0.3958,0.8012,0.797116,-0.183538,0.311997,-0.651386,0.024903,-0.801242,0.378702
0.129,456,0,624.1,207.1,0.133,-0.055,0.1763,1,1,1,9e-05,0.3783,1.136,1.135977,-0.301102,0.309867,-0.668909,0.086669,-0.871728,0.489249
0.3107,457,0,3.0,147.3,0.3146,0.2377,0.1439,0,0,0,,,,,,,,,,
0.1424,458,0,341.0,245.1,0.1463,-0.005,0.1605,1,1,1,6e-05,0.438,0.8796,0.879593,-0.269669,0.446698,-0.609225,0.102535,-0.645371,0.597131
0.6479,459,0,203.8,19.1,0.6519,0.1872,0.2743,0,0,0,,,,,,,,,,
0.2212,460,0,271.3,244.3,0.2251,0.0252,0.114,1,1,1,9e-05,0.6644,0.5416,0.541628,-0.049836,0.485196,-0.382773,0.064738,-0.325994,0.457592
0.105,461,0,440.5,356.3,0.1089,-0.0143,0.1677,1,1,1,8e-05,0.3866,1.0492,1.049172,-0.40251,0.389948,-0.660588,0.143488,-0.796227,0.675625
0.4318,462,0,105.8,288.6,0.4358,0.2864,-0.0784,0,0,0,,,,,,,,,,
0.3068,463,0,606.6,131.3,0.3108,-0.2079,0.1567,1,1,1,5e-05,0.685,0.3622,0.282547,-0.007697,-0.061503,-0.362216,-0.025403,-0.303291,-0.0705
0.1625,464,0,183.3,289.6,0.1665,0.0445,0.132,1,1,1,5e-05,0.5764,0.6555,0.655477,-0.169431,0.56428,-0.470816,0.096935,-0.421489,0.615258
0.598,465,0,243.1,237.4,0.602,0.1419,-0.0948,0,1,0,,,,,,,,,,
0.5684,466,0,520.2,30.6,0.5724,-0.2806,0.2495,1,1,0,0.01941,0.6936,1.4108,-1.410837,-0.45125,-0.548543,1.400827,0.066702,0.07003,-0.006769
0.3823,467,0,506.4,169.5,0.3862,-0.1869,0.104,1,1,1,8e-05,0.9579,0.0893,-0.012775,-0.032395,-0.067026,-0.089332,-0.000303,-0.060033,-0.034362
0.2422,468,0,283.7,20.0,0.2461,0.017,0.2212,1,1,1,8e-05,0.6058,0.444,0.228784,-0.021697,0.444008,-0.441364,0.001163,-0.418142,0.360336
0.1089,469,0,584.4,215.5,0.1129,-0.0299,0.1842,1,1,1,5e-05,0.3779,1.0634,1.0634,-0.390055,0.34333,-0.669267,0.123856,-0.895862,0.612196
0.5367,470,0,352.9,222.6,0.5407,-0.0527,-0.0335,0,1,0,,,,,,,,,,
0.632,471,0,372.2,72.5,0.6359,-0.086,0.193,0,1,0,,,,,,,,,,
0.4626,472,0,189.6,261.1,0.4666,0.1831,-0.056,0,1,0,,,,,,,,,,
0.2826,473,0,590.9,275.4,0.2866,-0.2069,0.0505,1,1,1,6e-05,0.7539,0.4864,0.486448,0.017421,-0.008956,-0.293343,-0.031358,-0.20727,-0.059184
0.3939,474,0,33.5,8.3,0.3978,0.2538,0.2499,0,0,0,,,,,,,,,,
0.2416,475,0,504.0,25.3,0.2455,-0.0862,0.2189,1,1,1,5e-05,0.5007,0.558,0.458843,-0.03705,0.232125,-0.546509,-0.010488,-0.558022,0.199983
0.4378,476,0,242.7,323.8,0.4418,0.1099,-0.1431,0,1,0,,,,,,,,,,
0.4623,477,0,259.0,331.9,0.4662,0.0935,-0.182,0,1,0,,,,,,,,,,
0.3751,478,0,430.2,256.4,0.3791,-0.1191,0.0079,1,1,1,9e-05,1.114,0.0668,0.027166,0.033532,0.059382,0.066771,0.001005,0.041373,0.027353
0.3931,479,0,299.2,350.1,0.3971,0.0268,-0.1434,1,1,0,0.02036,0.6732,1.4212,-0.765499,0.227865,0.06123,1.421222,-0.08198,0.068669,-0.003269
0.1654,480,0,260.0,33.7,0.1693,0.0153,0.2083,1,1,1,9e-05,0.47,0.6178,0.540854,-0.184216,0.4949,-0.577224,0.043694,-0.617778,0.536837
0.1808,481,0,49.8,244.4,0.1848,0.1008,0.1379,1,1,1,8e-05,0.7162,0.6759,0.366391,-0.05646,0.675851,-0.331035,0.043205,-0.286772,0.569299
0.2881,482,0,424.7,75.5,0.2921,-0.066,0.1955,1,1,1,7e-05,0.6299,0.4173,0.273779,0.006294,0.24428,-0.417306,-0.001378,-0.382196,0.189256
0.5151,483,0,208.6,88.7,0.519,0.1473,0.1741,1,1,0,0.02928,0.6738,1.4747,-1.474735,0.278417,0.039144,1.420572,-0.120066,0.073399,-0.004699
0.1632,484,0,194.4,329.3,0.1672,0.0433,0.1149,1,1,1,4e-05,0.5944,0.6936,0.693576,-0.160384,0.557964,-0.452755,0.107526,-0.384727,0.612494
0.2276,485,0,572.8,55.3,0.2315,-0.1116,0.2053,1,1,1,8e-05,0.4674,0.6131,0.608143,-0.039267,0.19432,-0.579842,-0.020319,-0.613076,0.160273
0.553,486,0,629.6,17.0,0.5569,-0.4149,0.2645,0,1,0,,,,,,,,,,
0.6249,487,0,104.8,186.9,0.6289,0.3941,-0.0054,0,0,0,,,,,,,,,,
0.3549,488,0,76.1,135.7,0.3589,0.2148,0.1437,0,0,0,,,,,,,,,,
0.1992,489,0,417.4,121.0,0.2032,-0.0373,0.1808,1,1,1,8e-05,0.4762,0.6861,0.686134,-0.124178,0.369697,-0.570965,0.034316,-0.59694,0.394106
0.6387,490,0,581.0,2.9,0.6427,-0.4074,0.2959,0,1,0,,,,,,,,,,
0.489,491,0,95.6,83.2,0.4929,0.2775,0.1823,0,0,0,,,,,,,,,,
0.5854,492,0,142.5,74.9,0.5894,0.2685,0.1902,0,0,0,,,,,,,,,,
0.5937,493,0,293.7,276.3,0.5977,0.0505,-0.1766,0,1,0,,,,,,,,,,
0.4582,494,0,251.6,332.6,0.4622,0.1039,-0.1794,0,1,0,,,,,,,,,,
0.3153,495,0,387.1,162.2,0.3192,-0.0521,0.1309,1,1,1,5e-05,0.7629,0.2843,0.249557,0.03969,0.25454,-0.284274,0.009548,-0.238198,0.1849
0.3411,496,0,207.4,100.4,0.345,0.0909,0.1753,1,1,1,6e-05,0.9937,0.4487,-0.200926,0.17745,0.448684,-0.053462,-0.052712,-0.024642,0.184969
0.0942,497,0,260.9,94.4,0.0982,0.0033,0.1986,1,1,1,8e-05,0.378,0.8478,0.829642,-0.418993,0.43669,-0.669234,0.121763,-0.847765,0.719118
0.2516,498,0,622.9,206.2,0.2555,-0.1812,0.122,1,1,1,4e-05,0.5713,0.646,0.645969,0.023694,0.069153,-0.475932,-0.043566,-0.416184,-0.014357
0.5515,499,0,537.8,175.3,0.5555,-0.3411,0.0413,0,1,0,,,,,,,,,,
0.1912,500,0,105.5,52.4,0.1951,0.0718,0.2049,1,1,1,9e-05,0.6126,0.6095,0.264568,-0.065005,0.609492,-0.434598,0.011547,-0.414023,0.512083
0.2468,501,0,550.5,275.3,0.2508,-0.1455,0.0765,1,1,1,4e-05,0.6065,0.7181,0.718083,0.024072,0.157458,-0.440671,-0.012597,-0.343284,0.078683
0.2828,502,0,597.5,309.7,0.2868,-0.2214,0.0179,1,1,1,6e-05,0.825,0.4582,0.458233,0.007361,-0.042067,-0.222163,-0.03053,-0.139828,-0.07711
0.4738,503,0,383.9,354.5,0.4777,-0.104,-0.2402,0,1,0,,,,,,,,,,
0.5848,504,0,126.6,215.5,0.5887,0.339,-0.044,0,0,0,,,,,,,,,,
0.4972,505,0,340.7,168.3,0.5012,-0.0285,0.0697,1,1,1,0.0001,1.2652,0.8038,-0.803755,0.06982,0.052469,0.680244,-0.038166,0.349273,-0.029113
0.5571,506,0,488.2,346.0,0.5611,-0.3273,-0.3106,0,1,0,,,,,,,,,,
0.4912,507,0,522.7,170.5,0.4952,-0.2758,0.0684,1,1,1,8e-05,1.2652,0.7251,-0.725116,-0.275725,-0.302918,0.684422,0.051097,0.349218,-0.035258
0.3321,508,0,222.8,301.2,0.3361,0.095,-0.0151,1,1,1,8e-05,1.332,0.4206,-0.076469,0.252156,0.420645,0.284849,-0.049939,0.160728,0.113149
0.3667,509,0,71.1,12.1,0.3707,0.2024,0.2429,0,0,0,,,,,,,,,,
0.2274,510,0,159.0,229.9,0.2314,0.0854,0.119,1,1,1,7e-05,0.7843,0.5925,0.322874,0.012709,0.592543,-0.262916,0.033713,-0.22082,0.461718
0.2935,511,0,283.9,50.9,0.2975,0.0228,0.2102,1,1,1,5e-05,0.7318,0.4009,0.058783,0.051715,0.400862,-0.315416,-0.010638,-0.269696,0.269589
0.1113,512,0,363.9,191.0,0.1153,-0.0052,0.1863,1,1,1,6e-05,0.3907,0.8985,0.898516,-0.374371,0.422869,-0.656505,0.117546,-0.799569,0.664461
0.1393,513,0,550.4,257.0,0.1433,-0.0527,0.1592,1,1,1,5e-05,0.388,1.123,1.122999,-0.26575,0.333691,-0.659223,0.085358,-0.772064,0.483315
0.2961,514,0,70.6,62.4,0.3001,0.1611,0.2034,1,1,1,5e-05,1.0165,0.6123,-0.285645,0.244093,0.612314,-0.030738,-0.105249,0.001124,0.211166
0.4266,515,0,156.7,82.3,0.4305,0.1712,0.1858,1,1,1,8e-05,1.2325,0.9603,-0.96028,0.355671,0.336012,0.580956,-0.151758,0.348268,-0.027977
0.5987,516,0,76.4,76.7,0.6026,0.3787,0.1873,0,0,0,,,,,,,,,,
0.5951,517,0,75.3,80.2,0.5991,0.3791,0.1822,0,0,0,,,,,,,,,,
0.6317,518,0,499.9,161.4,0.6357,-0.3243,0.0411,0,1,0,,,,,,,,,,
0.172,519,0,209.2,213.7,0.176,0.0365,0.1546,1,1,1,5e-05,0.5541,0.6021,0.602146,-0.159775,0.54431,-0.493088,0.076183,-0.468518,0.579683
0.4825,520,0,293.9,88.3,0.4864,0.0319,0.1766,1,1,1,9e-05,1.3092,0.8123,-0.81229,0.143891,0.137652,0.424404,-0.062776,0.305204,-0.032887
0.5882,521,0,117.9,319.0,0.5921,0.4041,-0.2736,0,0,0,,,,,,,,,,
0.2314,522,0,491.9,318.9,0.2354,-0.1043,0.0563,1,1,1,4e-05,0.6091,0.7939,0.793947,0.009718,0.246628,-0.438052,0.025907,-0.315598,0.191707
0.3961,523,0,33.1,327.0,0.4001,0.3622,-0.1087,0,0,0,,,,,,,,,,
0.2429,524,0,28.1,279.3,0.2469,0.1809,0.0764,1,1,1,0.0001,1.1116,0.7266,0.035177,0.22338,0.72662,0.064366,-0.069603,0.033812,0.309352
0.4116,525,0,609.3,354.5,0.4155,-0.3972,-0.1712,0,1,0,,,,,,,,,,
0.2148,526,0,581.0,128.5,0.2188,-0.1135,0.1752,1,1,1,0.0001,0.4571,0.7716,0.771603,-0.049786,0.214293,-0.590052,-0.016624,-0.620894,0.178496
0.2354,527,0,223.2,3.1,0.2394,0.0428,0.2271,1,1,1,7e-05,0.6293,0.5005,0.16178,-0.009371,0.50051,-0.417948,-0.006433,-0.388651,0.38564
0.3645,528,0,299.3,130.3,0.3684,0.0187,0.1467,1,1,1,7e-05,0.9647,0.3096,-0.105621,0.118699,0.30962,-0.082455,-0.019496,-0.054898,0.150301
0.1767,529,0,18.9,341.6,0.1806,0.1219,0.0955,1,1,1,8e-05,0.8126,0.7112,0.382736,-0.019235,0.711197,-0.234609,0.046575,-0.181867,0.561329
0.4526,530,0,53.8,218.2,0.4566,0.3463,0.0156,0,0,0,,,,,,,,,,
0.1427,531,0,205.4,329.6,0.1467,0.0303,0.1348,1,1,1,8e-05,0.5168,0.7768,0.776791,-0.23506,0.536855,-0.530406,0.117119,-0.490049,0.654737
0.3195,532,0,110.1,303.7,0.3234,0.1957,-0.0074,1,1,1,8e-05,1.1295,0.6363,-0.404103,0.458698,0.529144,0.6363,-0.150904,0.295616,0.016272
0.3353,533,0,358.3,276.4,0.3393,-0.0367,0.0112,1,1,1,5e-05,1.0294,0.2382,0.178504,0.09536,0.238168,-0.017791,0.013301,-0.012569,0.138363
0.3437,534,0,569.9,80.6,0.3477,-0.1998,0.1905,1,1,1,0.0001,0.7542,0.293,0.050994,-0.030324,-0.090282,-0.292965,-0.005153,-0.226859,-0.059041
0.418,535,0,108.7,85.7,0.422,0.2168,0.1829,0,0,0,,,,,,,,,,
0.6472,536,0,286.9,97.1,0.6511,0.0573,0.1524,0,0,0,,,,,,,,,,
0.4648,537,0,370.2,318.8,0.4687,-0.0762,-0.1593,0,1,0,,,,,,,,,,
0.6198,538,0,58.5,176.7,0.6238,0.4691,0.016,0,0,0,,,,,,,,,,
0.5075,539,0,340.1,50.9,0.5114,-0.0251,0.2202,1,1,1,7e-05,1.2824,0.9199,-0.91988,0.051043,0.02145,0.435022,-0.030853,0.33206,-0.050634
0.4464,540,0,497.9,264.4,0.4504,-0.2404,-0.0505,1,1,1,0.0001,1.2763,0.8181,-0.588325,-0.200482,-0.212158,0.818073,0.023314,0.33312,-0.019723
0.2542,541,0,544.6,154.9,0.2582,-0.1289,0.1529,1,1,1,4e-05,0.5487,0.5978,0.597829,-0.002901,0.165276,-0.498517,-0.017418,-0.467766,0.110231
0.6315,542,0,573.2,30.9,0.6354,-0.4003,0.2554,0,1,0,,,,,,,,,,
0.5311,543,0,114.2,120.4,0.5351,0.2911,0.1301,0,0,0,,,,,,,,,,
0.4393,544,0,79.9,134.2,0.4433,0.2749,0.1284,0,0,0,,,,,,,,,,
0.2266,545,0,211.6,304.2,0.2306,0.0626,0.0714,1,1,1,8e-05,0.8027,0.539,0.459108,0.009672,0.539023,-0.244471,0.0639,-0.182952,0.45137
0.1158,546,0,377.5,126.9,0.1198,-0.0072,0.1931,1,1,1,6e-05,0.3898,0.8677,0.867725,-0.357352,0.420024,-0.657385,0.106079,-0.809436,0.641399
0.2402,547,0,178.2,293.8,0.2441,0.088,0.0677,1,1,1,8e-05,0.8876,0.5699,0.337577,0.060712,0.569902,-0.159609,0.03771,-0.120314,0.414118
0.5995,548,0,221.0,319.9,0.6034,0.2026,-0.2864,0,0,0,,,,,,,,,,
0.2055,549,0,367.4,39.7,0.2095,-0.0176,0.2099,1,1,1,6e-05,0.4938,0.5776,0.504814,-0.106912,0.401679,-0.553363,0.020767,-0.57757,0.399976
0.6069,550,0,506.6,136.5,0.6109,-0.313,0.0915,0,1,0,,,,,,,,,,
0.4433,551,0,242.7,355.3,0.4473,0.1163,-0.2081,0,1,0,,,,,,,,,,
0.5302,552,0,178.4,197.0,0.5342,0.2169,0.0135,0,0,0,,,,,,,,,,
0.2998,553,0,158.8,106.3,0.3038,0.1105,0.1752,1,1,1,4e-05,0.9283,0.5423,-0.095448,0.154937,0.542262,-0.11892,-0.048323,-0.087212,0.266981
0.4383,554,0,232.2,338.2,0.4423,0.1273,-0.1699,0,1,0,,,,,,,,,,
0.2912,555,0,377.5,340.8,0.2951,-0.0497,-0.0226,1,1,1,7e-05,0.9663,0.386,0.386023,0.083804,0.250322,-0.080942,0.034916,-0.036577,0.170782
0.5503,556,0,439.2,60.7,0.5543,-0.1655,0.2096,1,1,1,9e-05,1.2206,1.1484,-1.148354,-0.196855,-0.227008,0.820986,0.040276,0.393864,-0.043059
0.4555,557,0,94.0,293.2,0.4594,0.324,-0.1047,0,0,0,,,,,,,,,,
0.4261,558,0,3.2,274.2,0.43,0.4094,-0.0515,0,0,0,,,,,,,,,,
0.3031,559,0,606.7,335.0,0.307,-0.2595,-0.0281,1,1,1,4e-05,1.0314,0.2786,0.278617,-0.058568,-0.142347,-0.015786,-0.017228,-0.004464,-0.090617
0.2881,560,0,71.1,151.0,0.2921,0.1694,0.1467,1,1,1,4e-05,1.075,0.6455,-0.171659,0.246313,0.645498,0.027835,-0.093634,0.024532,0.237175
0.2457,561,0,320.0,89.7,0.2497,-0.0,0.1895,1,1,1,9e-05,0.6076,0.4396,0.352133,-0.032003,0.414318,-0.439576,0.016501,-0.41711,0.357987
0.2176,562,0,41.0,270.9,0.2216,0.1452,0.1003,1,1,1,8e-05,0.9275,0.7093,0.189527,0.094209,0.709332,-0.119725,-0.010132,-0.098905,0.436937
0.5548,563,0,435.7,99.6,0.5588,-0.1686,0.1565,1,1,0,0.00024,0.9264,1.2222,-1.222221,-0.221016,-0.235092,1.16795,0.027137,0.259902,-0.017699
0.5186,564,0,152.5,43.4,0.5226,0.2136,0.2296,0,0,0,,,,,,,,,,
0.3926,565,0,146.0,62.8,0.3965,0.1617,0.2045,1,1,1,6e-05,1.2502,0.7062,-0.706249,0.338004,0.408427,0.297345,-0.141041,0.245023,0.010841
0.1013,566,0,274.2,149.5,0.1052,0.0037,0.1938,1,1,1,6e-05,0.3861,0.8367,0.83667,-0.397654,0.444428,-0.66113,0.118608,-0.81346,0.703824
0.2077,567,0,468.3,132.7,0.2117,-0.0615,0.1747,1,1,1,8e-05,0.473,0.7243,0.724294,-0.09863,0.319759,-0.57418,0.021371,-0.597028,0.327244
0.4262,568,0,608.7,8.1,0.4301,-0.2817,0.2552,1,1,1,9e-05,1.0528,0.504,-0.503978,-0.205281,-0.344955,0.005614,0.071502,0.09354,-0.095806
0.2375,569,0,11.4,137.5,0.2415,0.1577,0.1665,1,1,1,6e-05,0.9138,0.7105,-0.026749,0.1457,0.710537,-0.133429,-0.06248,-0.108536,0.367458
0.3931,570,0,51.4,281.9,0.3971,0.3173,-0.0386,0,0,0,,,,,,,,,,
0.1164,571,0,49.5,351.8,0.1204,0.0446,0.1559,1,1,1,3e-05,0.489,0.7339,0.716305,-0.297729,0.583348,-0.558226,0.116691,-0.545633,0.733855
0.2935,572,0,314.9,11.0,0.2975,0.0031,0.2327,1,1,1,5e-05,0.6937,0.358,0.036951,0.041942,0.357988,-0.353464,-0.012823,-0.303306,0.242311
0.4565,573,0,314.6,308.3,0.4605,0.0079,-0.1323,0,1,0,,,,,,,,,,
0.0771,574,0,225.5,66.3,0.0811,0.0003,0.2,1,1,1,5e-05,0.3653,0.9175,0.861948,-0.481594,0.405471,-0.681926,0.143234,-0.917518,0.767969
0.1555,575,0,210.2,22.6,0.1595,0.0246,0.2096,1,1,1,9e-05,0.4683,0.6197,0.524998,-0.199336,0.522353,-0.57889,0.046388,-0.619734,0.56951
0.2744,576,0,416.5,72.6,0.2783,-0.0567,0.1975,1,1,1,8e-05,0.6039,0.4433,0.320355,-0.005901,0.275371,-0.443278,0.000877,-0.415741,0.223193
0.5545,577,0,4.5,328.6,0.5585,0.5967,-0.2652,0,0,0,,,,,,,,,,
0.3451,578,0,60.6,246.4,0.349,0.2492,0.0382,0,0,0,,,,,,,,,,
0.1581,579,0,526.0,64.3,0.162,-0.0497,0.2008,1,1,1,4e-05,0.3962,0.8679,0.867928,-0.216652,0.333585,-0.651046,0.044501,-0.797388,0.429186
0.311,580,0,610.6,75.0,0.315,-0.2027,0.1954,1,1,1,5e-05,0.664,0.3832,0.191275,-0.01449,-0.07338,-0.383191,-0.017886,-0.32297,-0.066637
0.2483,581,0,107.0,117.0,0.2522,0.1136,0.1753,1,1,1,5e-05,0.8236,0.6217,0.058557,0.084147,0.621728,-0.223612,-0.026249,-0.188985,0.384694
0.6241,582,0,388.9,190.5,0.628,-0.1265,-0.0122,0,1,0,,,,,,,,,,
0.228,583,0,517.0,267.6,0.232,-0.1097,0.0951,1,1,1,5e-05,0.5486,0.8094,0.809385,-0.011551,0.240856,-0.498626,0.009847,-0.417053,0.187777
0.226,584,0,193.8,164.7,0.23,0.0616,0.1554,1,1,1,8e-05,0.695,0.554,0.331179,-0.022473,0.553993,-0.352215,0.030418,-0.315952,0.459866
0.2775,585,0,118.9,70.8,0.2814,0.1198,0.1984,1,1,1,4e-05,0.8783,0.587,-0.099058,0.141756,0.586951,-0.168936,-0.054854,-0.127977,0.30008
0.413,586,0,215.2,338.8,0.417,0.1415,-0.1451,0,1,0,,,,,,,,,,
0.3804,587,0,533.6,157.4,0.3844,-0.21,0.117,1,1,1,8e-05,0.9444,0.1134,-0.024198,-0.053934,-0.113428,-0.102791,0.000824,-0.067818,-0.056905
0.1296,588,0,174.5,156.0,0.1336,0.0251,0.1857,1,1,1,5e-05,0.4477,0.6833,0.683325,-0.283286,0.527346,-0.599459,0.08801,-0.64591,0.660704
0.1093,589,0,634.6,197.9,0.1133,-0.0353,0.1862,1,1,1,5e-05,0.3771,1.085,1.084998,-0.386404,0.32785,-0.670056,0.120236,-0.920962,0.59355
0.4311,590,0,545.0,154.8,0.4351,-0.2574,0.1062,1,1,1,5e-05,1.1914,0.3,-0.300011,-0.154285,-0.235327,0.14424,0.028184,0.11804,-0.06662
0.3488,591,0,100.6,142.4,0.3528,0.1903,0.1391,1,1,1,7e-05,1.2097,0.5369,-0.486958,0.378455,0.536929,0.299783,-0.147694,0.211559,0.064244
0.3475,592,0,318.2,295.1,0.3514,0.0018,-0.0204,1,1,1,9e-05,1.2029,0.2688,0.036753,0.145843,0.268831,0.155714,-0.00633,0.092096,0.109939
0.2346,593,0,193.6,96.4,0.2386,0.0608,0.1871,1,1,1,7e-05,0.6831,0.5428,0.228393,-0.005607,0.542826,-0.364125,0.008833,-0.332156,0.424181
0.2123,594,0,127.5,208.1,0.2163,0.0896,0.1384,1,1,1,7e-05,0.743,0.6202,0.319357,-0.013079,0.620163,-0.304167,0.031688,-0.263854,0.496097
0.1081,595,0,212.4,93.1,0.112,0.0104,0.1977,1,1,1,5e-05,0.3961,0.7761,0.765013,-0.363492,0.473735,-0.651058,0.103127,-0.77607,0.690295
0.5536,596,0,115.5,91.6,0.5576,0.2949,0.1679,0,0,0,,,,,,,,,,
0.496,597,0,141.6,298.2,0.4999,0.2849,-0.147,0,0,0,,,,,,,,,,
0.1191,598,0,623.5,271.3,0.123,-0.048,0.1696,1,1,1,0.0001,0.3768,1.1778,1.177762,-0.340058,0.317072,-0.670398,0.109662,-0.869349,0.538899
0.3162,599,0,601.6,303.2,0.3201,-0.2588,-0.0039,1,1,1,3e-05,1.0073,0.2428,0.242757,-0.062007,-0.148107,-0.039942,-0.016713,-0.023357,-0.092986
0.1806,600,0,277.5,11.1,0.1845,0.0124,0.2157,1,1,1,7e-05,0.4865,0.5905,0.475028,-0.14574,0.480935,-0.560658,0.029556,-0.590452,0.490949
0.645,601,0,457.5,39.8,0.649,-0.2246,0.2435,0,1,0,,,,,,,,,,
0.2277,602,0,13.9,356.8,0.2317,0.1906,0.0303,1,1,1,6e-05,1.205,0.7467,0.090813,0.257736,0.746726,0.157782,-0.075842,0.089665,0.284395
0.2237,603,0,295.0,196.4,0.2277,0.0125,0.1397,1,1,1,3e-05,0.621,0.5248,0.524848,-0.060896,0.461117,-0.426196,0.051776,-0.386056,0.437797
0.5441,604,0,141.1,18.2,0.548,0.2355,0.2619,0,0,0,,,,,,,,,,
0.5659,605,0,622.3,45.2,0.5699,-0.4273,0.2304,0,1,0,,,,,,,,,,
0.2827,606,0,461.1,270.1,0.2866,-0.1071,0.0552,1,1,1,7e-05,0.7397,0.516,0.516032,0.035614,0.188594,-0.307514,0.014845,-0.224013,0.132258
0.6273,607,0,36.8,248.6,0.6312,0.5587,-0.1362,0,0,0,,,,,,,,,,
0.372,608,0,421.6,84.3,0.376,-0.0901,0.1864,1,1,1,6e-05,0.8449,0.2023,-0.076659,0.034819,0.107312,-0.202273,-0.00357,-0.145995,0.059607
0.4537,609,0,77.9,258.4,0.4577,0.3312,-0.0459,0,0,0,,,,,,,,,,
0.0862,610,0,285.9,3.1,0.0902,0.001,0.2017,1,1,1,0.0001,0.37,0.8903,0.840008,-0.446982,0.419614,-0.677194,0.12931,-0.890252,0.736528
0.3951,611,0,436.5,249.3,0.3991,-0.1331,0.0044,1,1,1,6e-05,1.1981,0.1509,-0.079935,0.012137,0.015787,0.150944,-0.000911,0.092999,0.004556
0.1133,612,0,145.7,238.7,0.1173,0.023,0.1788,1,1,1,7e-05,0.4294,0.7602,0.760214,-0.33834,0.517623,-0.617808,0.110557,-0.674775,0.710024
0.2633,613,0,401.7,206.0,0.2673,-0.0521,0.1169,1,1,1,9e-05,0.6487,0.5242,0.524207,-0.003315,0.310167,-0.398495,0.028285,-0.343258,0.267547
0.1586,614,0,140.3,260.8,0.1626,0.0539,0.1454,1,1,1,5e-05,0.5751,0.6278,0.594464,-0.172277,0.590876,-0.472148,0.086406,-0.434357,0.627829
0.4464,615,0,100.7,227.8,0.4503,0.2837,0.0049,0,0,0,,,,,,,,,,
0.1092,616,0,65.3,94.4,0.1131,0.0255,0.1975,1,1,1,8e-05,0.4158,0.7154,0.677827,-0.337107,0.527588,-0.631416,0.092737,-0.715363,0.706755
0.2606,617,0,584.9,3.0,0.2646,-0.1356,0.2314,1,1,1,4e-05,0.5182,0.529,0.359909,-0.005873,0.1031,-0.529024,-0.02363,-0.517724,0.067333
0.5941,618,0,100.4,168.1,0.5981,0.3719,0.04,0,0,0,,,,,,,,,,
0.162,619,0,452.7,129.7,0.166,-0.0358,0.1843,1,1,1,7e-05,0.4172,0.8538,0.853839,-0.215083,0.372969,-0.630009,0.058391,-0.719663,0.469778
0.4822,620,0,451.2,195.1,0.4861,-0.1794,0.036,1,1,1,9e-05,1.3078,0.5927,-0.592709,-0.110024,-0.13756,0.553829,0.012232,0.306607,-0.034262
0.2419,621,0,28.7,62.3,0.2459,0.1417,0.2026,1,1,1,5e-05,0.8524,0.6744,-0.075201,0.130515,0.674426,-0.194819,-0.064186,-0.154693,0.356358
0.3873,622,0,298.6,205.0,0.3912,0.0227,0.063,1,1,1,4e-05,1.1746,0.2757,-0.163615,0.154678,0.275729,0.127398,-0.02799,0.086445,0.093403
0.3005,623,0,347.5,203.8,0.3044,-0.021,0.1022,1,1,1,6e-05,0.7911,0.3258,0.308829,0.046816,0.32584,-0.256054,0.022628,-0.208875,0.245637
0.1231,624,0,178.4,186.5,0.1271,0.0222,0.1824,1,1,1,6e-05,0.4373,0.7271,0.727054,-0.307748,0.517603,-0.609881,0.098165,-0.663588,0.678091
0.0825,625,0,479.5,343.1,0.0864,-0.0041,0.1933,1,1,1,5e-05,0.3705,0.9215,0.921463,-0.474951,0.392821,-0.676734,0.147973,-0.90419,0.749624
0.2518,626,0,500.7,80.6,0.2558,-0.0949,0.1938,1,1,1,4e-05,0.5295,0.5177,0.492763,-0.024207,0.218995,-0.517665,-0.008501,-0.511626,0.180735
0.3873,627,0,21.5,348.9,0.3912,0.3773,-0.135,0,0,0,,,,,,,,,,
0.6364,628,0,52.2,115.8,0.6403,0.4642,0.1219,0,0,0,,,,,,,,,,
0.2177,629,0,38.4,330.4,0.2217,0.1581,0.0609,1,1,1,3e-05,1.0249,0.7195,0.199614,0.139275,0.719537,-0.022294,-0.019144,-0.022352,0.397889
0.5877,630,0,49.8,224.9,0.5917,0.4813,-0.0638,0,0,0,,,,,,,,,,
0.2074,631,0,234.5,124.8,0.2114,0.0351,0.178,1,1,1,3e-05,0.5933,0.5182,0.424755,-0.082344,0.518238,-0.4539,0.037213,-0.434347,0.481249
0.3532,632,0,199.2,24.3,0.3571,0.0947,0.2323,1,1,1,5e-05,0.9944,0.4175,-0.378367,0.19919,0.417527,-0.052845,-0.073126,0.005671,0.131501
0.4834,633,0,218.6,59.8,0.4874,0.1209,0.2092,1,1,1,9e-05,1.2326,1.221,-1.221041,0.240325,0.19399,0.815604,-0.107462,0.381783,-0.023269
0.1313,634,0,571.7,290.6,0.1353,-0.0524,0.1563,1,1,1,6e-05,0.382,1.1752,1.175203,-0.28902,0.329083,-0.665209,0.096712,-0.788768,0.502296
0.5988,635,0,584.7,147.2,0.6027,-0.4422,0.0752,0,1,0,,,,,,,,,,
0.108,636,0,53.5,354.2,0.112,0.0349,0.1646,1,1,1,5e-05,0.4534,0.7568,0.756777,-0.338377,0.55445,-0.593836,0.121985,-0.610594,0.747072
0.5043,637,0,477.1,257.2,0.5083,-0.2433,-0.0765,1,1,0,0.0479,0.693,1.4014,-0.884313,-0.230116,-0.508181,1.401361,-0.023578,0.062967,0.000191
0.3577,638,0,156.6,269.3,0.3617,0.1689,0.0037,1,1,1,8e-05,1.179,0.6543,-0.512316,0.409169,0.443779,0.654326,-0.135022,0.307142,0.003337
0.2181,639,0,30.1,35.1,0.2221,0.1177,0.2126,1,1,1,5e-05,0.7482,0.6661,0.026544,0.056445,0.666106,-0.298969,-0.038193,-0.258571,0.424093
0.2144,640,0,542.4,153.2,0.2184,-0.099,0.1642,1,1,1,9e-05,0.4679,0.7827,0.78268,-0.061052,0.248314,-0.579269,-0.002342,-0.594829,0.223614
0.2348,641,0,342.3,118.9,0.2388,-0.011,0.1763,1,1,1,3e-05,0.5793,0.4679,0.460909,-0.054655,0.404248,-0.467852,0.026569,-0.449471,0.372714
0.1494,642,0,126.8,126.5,0.1534,0.0443,0.1873,1,1,1,7e-05,0.5067,0.6228,0.535369,-0.202807,0.576889,-0.540465,0.062817,-0.549559,0.622757
0.2168,643,0,138.3,172.2,0.2208,0.084,0.1545,1,1,1,7e-05,0.7225,0.6064,0.289879,-0.013146,0.606387,-0.324669,0.023992,-0.287977,0.482179
0.4388,644,0,564.7,21.0,0.4427,-0.2503,0.2454,1,1,1,4e-05,1.0713,0.5138,-0.513835,-0.168368,-0.284462,0.024085,0.057552,0.100729,-0.084698
0.3405,645,0,551.0,331.5,0.3445,-0.2425,-0.061,1,1,1,0.0001,1.2424,0.1952,0.071415,-0.085697,-0.139644,0.195189,0.004303,0.107035,-0.04508
0.3288,646,0,258.0,12.8,0.3327,0.0439,0.2368,1,1,1,9e-05,0.8352,0.3805,-0.186264,0.114554,0.380506,-0.212044,-0.035766,-0.145812,0.189585
0.147,647,0,415.9,121.8,0.151,-0.0212,0.1888,1,1,1,8e-05,0.4101,0.8433,0.843255,-0.260227,0.401591,-0.637108,0.074247,-0.742131,0.534425
0.3848,648,0,301.2,58.4,0.3887,0.017,0.2081,1,1,1,7e-05,0.9695,0.2988,-0.298803,0.125173,0.2654,-0.077664,-0.033158,-0.024474,0.098289
0.1477,649,0,292.5,358.1,0.1517,0.0081,0.1193,1,1,1,9e-05,0.4999,0.8963,0.896346,-0.224798,0.482393,-0.547321,0.125219,-0.489848,0.612625
0.3011,650,0,406.5,71.8,0.305,-0.0577,0.1976,1,1,1,6e-05,0.6666,0.3806,0.197979,0.018779,0.246422,-0.380612,-0.001804,-0.338872,0.182703
0.2664,651,0,478.4,179.0,0.2704,-0.0997,0.134,1,1,1,0.0001,0.6037,0.543,0.542956,0.000174,0.217207,-0.443516,0.002696,-0.396214,0.168755
0.2795,652,0,569.0,314.0,0.2835,-0.1966,0.0167,1,1,1,6e-05,0.8023,0.4981,0.498078,0.023915,0.012881,-0.244905,-0.022124,-0.153104,-0.037856
0.162,653,0,60.6,123.4,0.1659,0.0695,0.186,1,1,1,4e-05,0.575,0.6316,0.402841,-0.136921,0.631633,-0.472231,0.042374,-0.457004,0.599645
0.3531,654,0,476.7,229.9,0.357,-0.152,0.0518,1,1,1,9e-05,0.9412,0.1581,0.158095,0.013224,0.029754,-0.105987,-0.001305,-0.075872,0.013122
0.2071,655,0,337.6,155.4,0.2111,-0.0074,0.1651,1,1,1,5e-05,0.5373,0.5998,0.599811,-0.105599,0.431419,-0.509882,0.04694,-0.498765,0.440366
0.3891,656,0,569.6,123.5,0.393,-0.2436,0.1489,1,1,1,3e-05,0.9578,0.197,-0.119627,-0.099124,-0.197042,-0.089386,0.011917,-0.046237,-0.085284
0.5541,657,0,83.6,18.9,0.5581,0.3182,0.2624,0,0,0,,,,,,,,,,
0.4441,658,0,82.5,48.7,0.4481,0.2531,0.2194,0,0,0,,,,,,,,,,
0.0948,659,0,137.5,281.1,0.0988,0.0127,0.186,1,1,1,6e-05,0.3928,0.8281,0.828113,-0.411879,0.472414,-0.654393,0.128565,-0.774104,0.746379
0.5702,660,0,20.0,136.5,0.5741,0.4686,0.099,0,0,0,,,,,,,,,,
0.3393,661,0,86.1,1.9,0.3432,0.1706,0.2455,1,1,1,7e-05,1.14,0.5702,-0.570229,0.324417,0.516527,0.092785,-0.142629,0.130665,0.080394
0.1879,662,0,287.3,157.7,0.1919,0.0118,0.1694,1,1,1,5e-05,0.527,0.6019,0.60185,-0.141144,0.481311,-0.520151,0.058062,-0.514806,0.508627
0.3223,663,0,454.6,306.6,0.3263,-0.1274,-0.0132,1,1,1,5e-05,0.9862,0.2817,0.281688,0.043657,0.092205,-0.060952,0.008602,-0.032184,0.050967
0.0961,664,0,592.6,258.0,0.1,-0.0198,0.187,1,1,1,5e-05,0.3757,1.0292,1.029174,-0.438198,0.355117,-0.671459,0.141439,-0.911046,0.675383
0.427,665,0,601.9,141.4,0.4309,-0.3142,0.1227,1,1,1,8e-05,1.2316,0.3513,-0.351311,-0.237345,-0.343419,0.184403,0.051469,0.151832,-0.076983
0.1823,666,0,112.3,187.6,0.1862,0.0737,0.1599,1,1,1,3e-05,0.6376,0.6206,0.411226,-0.093961,0.620568,-0.409639,0.048248,-0.376186,0.565827
0.6481,667,0,419.1,110.1,0.6521,-0.1743,0.1301,0,0,0,,,,,,,,,,
0.1601,668,0,69.7,203.0,0.1641,0.0715,0.1636,1,1,1,4e-05,0.5955,0.6351,0.466481,-0.144457,0.635062,-0.451712,0.060804,-0.422946,0.619882
0.3508,669,0,189.1,309.7,0.3547,0.1388,-0.0418,1,1,1,9e-05,1.2158,0.6808,-0.430779,0.372449,0.403249,0.680811,-0.113004,0.302899,0.00259
0.3165,670,0,57.0,262.3,0.3204,0.2301,0.0396,0,0,0,,,,,,,,,,
0.3173,671,0,52.9,174.4,0.3213,0.2121,0.1202,0,0,0,,,,,,,,,,
0.4105,672,0,373.6,156.4,0.4145,-0.0579,0.1099,1,1,1,8e-05,1.0773,0.1926,-0.192642,0.070325,0.128907,0.030052,-0.011265,0.031866,0.0471
0.3846,673,0,450.5,356.2,0.3885,-0.1651,-0.1442,1,1,1,9e-05,1.1644,0.93,-0.470629,-0.065837,-0.080688,0.929966,-0.001674,0.3111,-0.012214
0.5983,674,0,282.0,256.3,0.6023,0.0717,-0.1354,0,1,0,,,,,,,,,,
0.6364,675,0,14.7,13.0,0.6404,0.4789,0.2815,0,0,0,,,,,,,,,,
0.4462,676,0,349.4,18.6,0.4502,-0.0307,0.2485,1,1,1,6e-05,1.1117,0.6047,-0.604663,0.079011,0.088395,0.064452,-0.024941,0.125355,-0.011479
0.2916,677,0,61.8,38.2,0.2956,0.1596,0.2174,1,1,1,5e-05,0.9918,0.6143,-0.300094,0.238942,0.614253,-0.055367,-0.107048,-0.013457,0.214268
0.5623,678,0,424.8,295.2,0.5663,-0.193,-0.1951,0,1,0,,,,,,,,,,
0.1337,679,0,247.5,352.9,0.1376,0.0171,0.1367,1,1,1,4e-05,0.4785,0.8678,0.86776,-0.272879,0.503026,-0.568674,0.127833,-0.541763,0.662799
0.4749,680,0,429.3,83.4,0.4789,-0.1305,0.1827,1,1,1,5e-05,1.2232,0.5615,-0.561527,-0.036748,-0.074699,0.176037,0.007977,0.174043,-0.042128
0.0768,681,0,300.4,10.9,0.0808,0.0,0.2001,1,1,1,5e-05,0.365,0.9202,0.863339,-0.483046,0.403916,-0.682188,0.143753,-0.920187,0.768492
0.4628,682,0,189.4,35.1,0.4668,0.1444,0.2344,1,1,1,9e-05,1.229,1.1868,-1.186795,0.280872,0.234602,0.695218,-0.128284,0.38538,-0.033351
0.45,683,0,294.9,231.8,0.4539,0.033,-0.003,1,1,1,0.0001,1.2762,0.7686,-0.704063,0.183924,0.170193,0.768573,-0.065664,0.338241,-0.017074
0.4597,684,0,30.4,149.3,0.4637,0.3559,0.1057,0,0,0,,,,,,,,,,
0.2796,685,0,578.0,340.6,0.2836,-0.2109,-0.0103,1,1,1,6e-05,0.871,0.4614,0.461371,0.012852,-0.022377,-0.176229,-0.022133,-0.095882,-0.056729
0.0771,686,0,368.9,336.2,0.0811,-0.0002,0.1989,1,1,1,5e-05,0.3657,0.9173,0.871133,-0.483642,0.402989,-0.681492,0.145075,-0.917273,0.768562
0.5596,687,0,624.8,163.7,0.5636,-0.4794,0.0579,0,1,0,,,,,,,,,,
0.5147,688,0,107.4,336.9,0.5186,0.3727,-0.245,0,0,0,,,,,,,,,,
0.313,689,0,417.9,62.3,0.3169,-0.068,0.2037,1,1,1,5e-05,0.6846,0.3626,0.140803,0.024165,0.211235,-0.362613,-0.004087,-0.315132,0.149647
0.5857,690,0,374.8,144.7,0.5897,-0.0891,0.0824,1,1,0,0.04641,0.6881,1.4063,-1.229992,-0.066296,-0.363504,1.406336,-0.04215,0.068479,-0.004983
0.5752,691,0,352.5,32.1,0.5792,-0.0462,0.2483,1,1,0,0.01529,0.6824,1.5163,-1.516344,-0.080923,-0.198346,1.412041,-0.020187,0.072813,-0.005883
0.4357,692,0,199.2,61.8,0.4397,0.1273,0.2062,1,1,1,9e-05,1.306,0.8402,-0.840191,0.282193,0.295649,0.397139,-0.120377,0.29918,-0.022283
0.3424,693,0,517.1,104.5,0.3464,-0.1606,0.1719,1,1,1,3e-05,0.7548,0.2924,0.106453,-0.002084,0.004051,-0.292394,-0.006916,-0.234606,-0.002772
0.2738,694,0,619.5,159.1,0.2778,-0.1918,0.1449,1,1,1,9e-05,0.6059,0.4837,0.483716,0.014965,0.012702,-0.441258,-0.038522,-0.388417,-0.04201
0.4359,695,0,352.3,254.5,0.4399,-0.0419,-0.0284,1,1,1,7e-05,1.3298,0.5568,-0.457433,0.095089,0.095112,0.556806,-0.033456,0.284647,-0.012373
0.3251,696,0,21.2,338.3,0.3291,0.2979,-0.0544,0,0,0,,,,,,,,,,
0.1485,697,0,450.7,215.5,0.1525,-0.0326,0.1652,1,1,1,8e-05,0.4117,0.9677,0.967663,-0.252547,0.381075,-0.635475,0.084876,-0.711416,0.517927
0.4536,698,0,636.6,283.4,0.4576,-0.4463,-0.0865,0,1,0,,,,,,,,,,
0.1038,699,0,172.6,68.9,0.1077,0.0121,0.1999,1,1,1,5e-05,0.3925,0.786,0.753691,-0.373459,0.477395,-0.654749,0.104039,-0.786029,0.702761
0.3025,700,0,356.9,76.0,0.3065,-0.0248,0.1949,1,1,1,5e-05,0.7029,0.3443,0.15017,0.031829,0.307762,-0.344289,-0.000927,-0.301249,0.222252
0.2405,701,0,487.1,218.4,0.2445,-0.095,0.1193,1,1,1,4e-05,0.5596,0.702,0.70198,-0.018816,0.252718,-0.487604,0.011675,-0.433483,0.211116
0.1684,702,0,59.4,110.9,0.1723,0.0741,0.1885,1,1,1,3e-05,0.592,0.6369,0.36221,-0.115063,0.636854,-0.455152,0.03391,-0.436862,0.581549
0.2653,703,0,349.0,152.1,0.2692,-0.0176,0.1518,1,1,1,8e-05,0.6568,0.3951,0.395127,-0.006435,0.368496,-0.390412,0.0235,-0.352228,0.312735
0.3057,704,0,247.3,146.9,0.3097,0.0534,0.1454,1,1,1,5e-05,0.8619,0.446,0.080169,0.093126,0.446041,-0.185319,-0.006136,-0.152044,0.278169
0.3675,705,0,209.4,273.5,0.3715,0.1189,-0.0085,1,1,1,7e-05,1.2707,0.5065,-0.363885,0.317545,0.386927,0.506461,-0.094181,0.263695,0.026497
0.185,706,0,7.2,147.8,0.189,0.109,0.1737,1,1,1,7e-05,0.7043,0.6937,0.237695,-0.030241,0.693713,-0.342852,0.009347,-0.308966,0.538337
0.496,707,0,381.1,302.2,0.5,-0.098,-0.1547,0,1,0,,,,,,,,,,
0.3293,708,0,78.7,180.2,0.3333,0.2024,0.1112,0,0,0,,,,,,,,,,
0.462,709,0,281.3,132.9,0.466,0.047,0.1256,1,1,1,7e-05,1.3362,0.6766,-0.676609,0.179369,0.193228,0.414273,-0.069383,0.278257,-0.015004
0.4361,710,0,77.9,18.0,0.44,0.2452,0.2478,0,0,0,,,,,,,,,,
0.6032,711,0,128.3,129.1,0.6072,0.3169,0.1046,0,0,0,,,,,,,,,,
0.2935,712,0,90.8,305.9,0.2974,0.1913,0.0125,1,1,1,6e-05,1.1988,0.612,-0.180064,0.389353,0.612022,0.398105,-0.124259,0.215915,0.10256
0.4146,713,0,122.7,354.6,0.4186,0.2733,-0.1747,0,0,0,,,,,,,,,,
0.2723,714,0,142.2,274.8,0.2763,0.1289,0.0585,1,1,1,9e-05,1.0666,0.5954,0.110632,0.176042,0.595442,0.019363,-0.023454,0.005452,0.300104
0.1481,715,0,340.6,128.4,0.1521,-0.0047,0.1871,1,1,1,6e-05,0.4299,0.7675,0.767485,-0.25326,0.445496,-0.61726,0.076357,-0.689435,0.567055
0.2064,716,0,529.9,254.4,0.2103,-0.0986,0.1174,1,1,1,8e-05,0.485,0.9098,0.909804,-0.0546,0.271854,-0.562184,0.015292,-0.515214,0.24293
0.5569,717,0,337.7,4.6,0.5609,-0.0237,0.28,1,1,0,0.00207,0.769,1.5544,-1.554434,-0.057089,-0.107737,1.325418,-0.0174,0.148523,-0.005256
0.5844,718,0,142.3,110.8,0.5883,0.278,0.1368,0,0,0,,,,,,,,,,
0.0831,719,0,125.8,243.5,0.0871,0.0049,0.1958,1,1,1,9e-05,0.3723,0.8658,0.84786,-0.457554,0.431585,-0.674906,0.136847,-0.865822,0.761168
0.39,720,0,366.2,277.2,0.3939,-0.0537,-0.0297,1,1,1,9e-05,1.3271,0.2799,-0.138721,0.095993,0.133275,0.279943,-0.014299,0.159466,0.031047
0.3023,721,0,636.6,212.7,0.3062,-0.2459,0.0939,1,1,1,5e-05,0.7698,0.3349,0.334861,-0.022338,-0.121558,-0.277386,-0.034846,-0.211995,-0.119946
0.4821,722,0,189.4,228.1,0.4861,0.1853,-0.0144,0,1,0,,,,,,,,,,
0.4627,723,0,261.1,342.2,0.4667,0.0917,-0.2027,0,1,0,,,,,,,,,,
0.6401,724,0,390.2,104.3,0.6441,-0.121,0.1409,0,1,0,,,,,,,,,,
0.3258,725,0,155.2,177.7,0.3297,0.1359,0.1146,1,1,1,5e-05,1.1282,0.5347,-0.168973,0.239587,0.534697,0.080998,-0.071754,0.059629,0.187577
0.4777,726,0,300.9,129.9,0.4817,0.0241,0.1264,1,1,1,7e-05,1.3144,0.73,-0.729953,0.144073,0.143521,0.460216,-0.059474,0.300018,-0.025069
0.4502,727,0,284.5,359.8,0.4541,0.0547,-0.2248,0,1,0,,,,,,,,,,
0.5283,728,0,390.2,160.9,0.5323,-0.103,0.0714,1,1,1,0.0001,1.0519,1.0425,-1.035964,-0.072615,-0.092171,1.042489,-0.007153,0.321574,-0.016926
0.5387,729,0,41.9,222.3,0.5427,0.4466,-0.0339,0,0,0,,,,,,,,,,
0.2316,730,0,232.4,162.2,0.2356,0.0442,0.1551,1,1,1,8e-05,0.6746,0.5154,0.366256,-0.028559,0.515375,-0.372562,0.033877,-0.336754,0.440882
0.1694,731,0,26.8,188.0,0.1734,0.0914,0.1647,1,1,1,0.0001,0.6506,0.6726,0.361836,-0.092406,0.672575,-0.396564,0.03942,-0.362696,0.591688
0.3825,732,0,142.7,157.8,0.3864,0.1756,0.1161,1,1,1,6e-05,1.2093,0.6089,-0.608912,0.37888,0.446336,0.441305,-0.144161,0.275178,0.015
0.5706,733,0,475.2,72.0,0.5745,-0.2272,0.1944,1,1,0,0.01397,0.6898,1.4046,-1.342662,-0.344641,-0.419129,1.404615,0.039588,0.07071,-0.007009
0.1286,734,0,542.5,208.4,0.1325,-0.0399,0.1762,1,1,1,7e-05,0.384,1.065,1.064967,-0.315448,0.344289,-0.663232,0.09776,-0.830249,0.538086
0.6301,735,0,277.4,23.6,0.634,0.0667,0.2656,0,1,0,,,,,,,,,,
0.3652,736,0,98.0,316.2,0.3691,0.2497,-0.0635,0,0,0,,,,,,,,,,
0.389,737,0,202.3,28.9,0.3929,0.1046,0.2328,1,1,1,6e-05,1.1333,0.558,-0.557995,0.238951,0.36235,0.086101,-0.092579,0.124263,0.054996
0.0987,738,0,251.8,42.7,0.1026,0.0044,0.2016,1,1,1,7e-05,0.3806,0.8359,0.800794,-0.399677,0.445562,-0.666557,0.112544,-0.835909,0.703994
0.2103,739,0,300.7,48.9,0.2142,0.0075,0.207,1,1,1,4e-05,0.5368,0.5129,0.417691,-0.089123,0.454297,-0.510384,0.021583,-0.512859,0.428319
0.484,740,0,627.7,254.5,0.4879,-0.4524,-0.0588,0,1,0,,,,,,,,,,
0.5894,741,0,624.9,66.5,0.5933,-0.461,0.2022,0,1,0,,,,,,,,,,
0.2157,742,0,52.5,244.0,0.2197,0.133,0.1174,1,1,1,7e-05,0.8711,0.6937,0.206028,0.063922,0.693737,-0.176079,-0.00066,-0.14653,0.458849
0.3652,743,0,538.1,325.7,0.3691,-0.2484,-0.0769,1,1,1,8e-05,1.4198,0.3726,-0.096854,-0.12514,-0.168168,0.372555,0.015057,0.18886,-0.029813
0.6143,744,0,250.2,128.5,0.6183,0.1178,0.1037,0,1,0,,,,,,,,,,
0.4554,745,0,549.9,314.2,0.4594,-0.3384,-0.142,0,1,0,,,,,,,,,,
0.6029,746,0,11.9,156.4,0.6069,0.5239,0.0581,0,0,0,,,,,,,,,,
0.5946,747,0,58.2,130.7,0.5986,0.4265,0.1037,0,0,0,,,,,,,,,,
0.2246,748,0,180.0,280.7,0.2285,0.0774,0.0891,1,1,1,8e-05,0.8023,0.5735,0.401988,0.010329,0.573499,-0.244868,0.052173,-0.192911,0.46434
0.5788,749,0,269.8,64.6,0.5828,0.0742,0.2048,0,1,0,,,,,,,,,,
0.583,750,0,597.5,231.0,0.5869,-0.4933,-0.0735,0,1,0,,,,,,,,,,
0.5514,751,0,236.5,358.9,0.5553,0.1633,-0.3371,0,1,0,,,,,,,,,,
0.5906,752,0,463.9,24.6,0.5946,-0.2096,0.2596,1,1,0,0.02782,0.6924,1.4637,-1.46368,-0.336401,-0.504294,1.401999,0.037544,0.07108,-0.005943
0.3377,753,0,533.5,123.6,0.3417,-0.1742,0.1572,1,1,1,4e-05,0.7562,0.291,0.150184,-0.005774,-0.014901,-0.29104,-0.009834,-0.234145,-0.018747
0.2876,754,0,48.8,107.6,0.2915,0.176,0.1757,1,1,1,7e-05,1.0608,0.6522,-0.244082,0.260267,0.652223,0.013556,-0.110005,0.023777,0.221972
0.5868,755,0,242.3,277.6,0.5908,0.1471,-0.1746,0,1,0,,,,,,,,,,
0.5936,756,0,269.2,58.8,0.5975,0.0768,0.2132,0,1,0,,,,,,,,,,
0.3606,757,0,91.9,219.0,0.3646,0.2245,0.0598,0,0,0,,,,,,,,,,
0.417,758,0,255.9,52.3,0.421,0.0635,0.2147,1,1,1,8e-05,1.1589,0.5541,-0.554087,0.191384,0.272753,0.111743,-0.069053,0.136362,0.033693
0.6183,759,0,591.8,87.0,0.6223,-0.4429,0.1708,0,1,0,,,,,,,,,,
0.3603,760,0,334.8,256.0,0.3642,-0.0152,0.0179,1,1,1,5e-05,1.1213,0.2439,0.027175,0.119674,0.243911,0.07413,-0.003081,0.045154,0.112845
0.2589,761,0,29.5,161.4,0.2628,0.1723,0.1477,1,1,1,6e-05,1.0152,0.6995,-0.091606,0.208589,0.69952,-0.031985,-0.08317,-0.025655,0.301386
0.3429,762,0,458.4,144.6,0.3468,-0.1178,0.1385,1,1,1,4e-05,0.7916,0.2556,0.15265,0.023713,0.099906,-0.255588,-0.002266,-0.205775,0.062257
0.2334,763,0,86.5,258.9,0.2374,0.1332,0.0972,1,1,1,8e-05,0.9312,0.6666,0.187459,0.100239,0.666563,-0.116002,-0.005618,-0.095755,0.411759
0.4359,764,0,488.7,246.2,0.4399,-0.2167,-0.016,1,1,1,9e-05,1.3644,0.4595,-0.366704,-0.124827,-0.157409,0.459454,0.015714,0.249981,-0.030133
0.4212,765,0,8.9,293.9,0.4252,0.4061,-0.0784,0,0,0,,,,,,,,,,
0.1761,766,0,388.2,300.9,0.1801,-0.026,0.1161,1,1,1,8e-05,0.4968,0.9083,0.908338,-0.152597,0.410542,-0.550387,0.090072,-0.49519,0.481964
0.5479,767,0,379.9,350.6,0.5518,-0.115,-0.3123,0,1,0,,,,,,,,,,
0.0956,768,0,588.7,188.5,0.0996,-0.0176,0.1926,1,1,1,5e-05,0.3746,0.9893,0.98926,-0.436942,0.361202,-0.672644,0.136442,-0.920027,0.677152
0.2219,769,0,424.0,298.1,0.2259,-0.0577,0.0795,1,1,1,4e-05,0.5922,0.7833,0.783325,-0.033644,0.334617,-0.455031,0.055948,-0.357175,0.320351
0.158,770,0,294.7,102.0,0.162,0.0063,0.192,1,1,1,4e-05,0.4553,0.664,0.663964,-0.217532,0.474547,-0.591929,0.063553,-0.63994,0.557196
0.3723,771,0,545.8,244.3,0.3763,-0.2382,0.0244,1,1,1,9e-05,1.1044,0.1473,0.012839,-0.082741,-0.147326,0.057242,0.00157,0.036239,-0.060808
0.4545,772,0,530.3,88.5,0.4585,-0.2395,0.1779,1,1,1,7e-05,1.1771,0.468,-0.46801,-0.155438,-0.241949,0.129854,0.040905,0.141455,-0.069267
0.4709,773,0,607.8,290.8,0.4748,-0.4281,-0.1128,0,1,0,,,,,,,,,,
0.2656,774,0,549.0,121.4,0.2696,-0.1351,0.1703,1,1,1,4e-05,0.561,0.5015,0.5015,0.001317,0.134616,-0.486152,-0.020408,-0.457714,0.083922
0.5673,775,0,6.2,249.8,0.5713,0.5527,-0.1023,0,0,0,,,,,,,,,,
0.5449,776,0,268.9,318.3,0.5488,0.0935,-0.2321,0,1,0,,,,,,,,,,
0.5228,777,0,491.0,130.9,0.5268,-0.24,0.1167,1,1,1,9e-05,1.2414,0.9158,-0.915842,-0.261796,-0.283913,0.786355,0.04941,0.373071,-0.037716
0.136,778,0,392.8,343.1,0.14,-0.0176,0.1373,1,1,1,7e-05,0.4282,1.0315,1.031479,-0.278134,0.417712,-0.619015,0.122341,-0.624582,0.592481
0.2021,779,0,509.2,158.0,0.2061,-0.0771,0.1654,1,1,1,0.0001,0.4566,0.8146,0.8146,-0.097381,0.294648,-0.590586,0.016768,-0.616944,0.299326
0.5871,780,0,552.3,137.3,0.5911,-0.3756,0.0942,0,1,0,,,,,,,,,,
0.269,781,0,200.8,239.3,0.273,0.0815,0.0895,1,1,1,7e-05,0.9002,0.5321,0.228506,0.087103,0.532072,-0.146983,0.015889,-0.118482,0.356444
0.5153,782,0,214.4,232.8,0.5193,0.1629,-0.0401,0,1,0,,,,,,,,,,
0.1925,783,0,90.4,30.4,0.1965,0.0761,0.2118,1,1,1,8e-05,0.6191,0.6167,0.224058,-0.0525,0.616734,-0.428126,0.003256,-0.405644,0.501976
0.604,784,0,93.6,87.5,0.608,0.3594,0.1708,0,0,0,,,,,,,,,,
0.5939,785,0,580.1,222.5,0.5978,-0.4677,-0.0621,0,1,0,,,,,,,,,,
0.2694,786,0,187.3,33.9,0.2734,0.0733,0.2178,1,1,1,5e-05,0.7559,0.518,0.001419,0.070726,0.518044,-0.291294,-0.026783,-0.24487,0.325558
0.575,787,0,562.9,10.2,0.5789,-0.3385,0.2761,1,1,0,0.04302,0.7003,1.436,-1.435983,-0.536299,-0.755597,1.394141,0.07198,0.070628,-0.000956
0.3663,788,0,292.9,268.0,0.3702,0.0288,-0.0007,1,1,1,7e-05,1.2619,0.2919,-0.090599,0.175255,0.291886,0.214676,-0.025894,0.127497,0.092028
0.1266,789,0,57.8,264.2,0.1305,0.0483,0.1659,1,1,1,8e-05,0.4999,0.7021,0.642205,-0.262919,0.594242,-0.547302,0.096782,-0.541883,0.702146
0.4372,790,0,604.8,184.2,0.4412,-0.3421,0.0682,1,1,1,9e-05,1.3518,0.4526,-0.452602,-0.312929,-0.380585,0.427465,0.064939,0.262675,-0.045892
0.5404,791,0,9.3,49.4,0.5444,0.418,0.2236,0,0,0,,,,,,,,,,
0.102,792,0,37.2,15.1,0.1059,0.0206,0.2036,1,1,1,4e-05,0.3977,0.7641,0.690604,-0.36228,0.508429,-0.64951,0.095501,-0.764079,0.714782
0.4491,793,0,111.6,270.2,0.453,0.2856,-0.0616,0,0,0,,,,,,,,,,
0.0889,794,0,506.1,274.3,0.0928,-0.0088,0.1908,1,1,1,5e-05,0.3736,0.9552,0.955244,-0.457735,0.383268,-0.67361,0.144721,-0.898445,0.721137
0.3713,795,0,158.2,334.3,0.3752,0.1902,-0.0956,1,1,0,0.04658,0.6692,1.4252,-0.868309,0.498277,0.154173,1.425195,-0.144302,0.064321,-0.008897
0.6061,796,0,450.6,351.7,0.6101,-0.2821,-0.3787,0,0,0,,,,,,,,,,
0.3714,797,0,593.2,147.7,0.3754,-0.2581,0.1289,1,1,1,9e-05,0.9375,0.2083,-0.0295,-0.099111,-0.208317,-0.109731,0.004324,-0.06922,-0.099287
0.3707,798,0,43.0,17.2,0.3747,0.2294,0.2397,0,0,0,,,,,,,,,,
0.1996,799,0,147.2,126.8,0.2036,0.0668,0.1785,1,1,1,9e-05,0.6368,0.5912,0.33795,-0.064753,0.591199,-0.410424,0.029028,-0.383475,0.512532
0.1882,800,0,298.8,333.8,0.1921,0.0095,0.088,1,1,1,4e-05,0.6067,0.7653,0.765291,-0.103377,0.472239,-0.440457,0.103159,-0.347376,0.510745
0.4323,801,0,52.2,343.2,0.4362,0.3845,-0.1729,0,0,0,,,,,,,,,,
0.1081,802,0,237.0,181.0,0.1121,0.0088,0.1886,1,1,1,5e-05,0.3996,0.8136,0.813578,-0.370733,0.467666,-0.647601,0.113481,-0.761738,0.697061
0.14,803,0,199.1,13.9,0.144,0.0217,0.2092,1,1,1,4e-05,0.4418,0.6686,0.581909,-0.244126,0.517481,-0.605415,0.058248,-0.668617,0.605384
0.2441,804,0,303.6,29.7,0.248,0.0078,0.2173,1,1,1,8e-05,0.5988,0.4484,0.258176,-0.025586,0.424978,-0.448447,0.00376,-0.42739,0.351349
0.1871,805,0,379.0,310.4,0.1911,-0.0253,0.1019,1,1,1,6e-05,0.5329,0.8687,0.868684,-0.117854,0.409803,-0.514344,0.088271,-0.436012,0.458643
0.2218,806,0,232.2,99.8,0.2258,0.0389,0.1867,1,1,1,9e-05,0.6205,0.5132,0.33873,-0.049667,0.513227,-0.426664,0.023257,-0.403381,0.445368
0.5357,807,0,614.5,155.9,0.5396,-0.4366,0.077,0,1,0,,,,,,,,,,
0.3305,808,0,95.8,166.1,0.3345,0.1861,0.1231,1,1,1,5e-05,1.2373,0.5767,-0.362464,0.350888,0.576721,0.239571,-0.132106,0.16823,0.108781
0.2854,809,0,398.3,242.2,0.2894,-0.0582,0.0777,1,1,1,7e-05,0.7466,0.4546,0.454597,0.032568,0.275277,-0.300571,0.028418,-0.234352,0.218287
0.2723,810,0,126.9,340.1,0.2762,0.1521,-0.0023,1,1,1,5e-05,1.2726,0.5992,0.051895,0.273554,0.599212,0.225359,-0.059644,0.127779,0.202451
0.1741,811,0,80.0,195.0,0.1781,0.0793,0.1604,1,1,1,3e-05,0.6358,0.6403,0.409729,-0.102958,0.640283,-0.411397,0.049246,-0.377588,0.58555
0.41,812,0,512.5,248.7,0.4139,-0.2301,-0.0038,1,1,1,5e-05,1.3308,0.2836,-0.200315,-0.113158,-0.159026,0.283598,0.013466,0.166532,-0.038844
0.3813,813,0,9.9,152.1,0.3853,0.3041,0.1221,0,0,0,,,,,,,,,,
0.6114,814,0,488.8,122.7,0.6153,-0.2816,0.1138,0,1,0,,,,,,,,,,
0.3116,815,0,285.7,31.0,0.3156,0.023,0.2234,1,1,1,4e-05,0.7678,0.3742,-0.044719,0.074739,0.374243,-0.279391,-0.019514,-0.224061,0.226377
0.2435,816,0,538.3,67.7,0.2475,-0.1078,0.2001,1,1,1,5e-05,0.5028,0.5516,0.5325,-0.026769,0.195124,-0.544439,-0.015871,-0.551551,0.157046
0.2533,817,0,625.6,26.4,0.2573,-0.1536,0.2197,1,1,1,5e-05,0.5058,0.5414,0.437653,-0.00132,0.075206,-0.541397,-0.03199,-0.537046,0.033553
0.3791,818,0,281.2,173.3,0.383,0.0386,0.101,1,1,1,8e-05,1.1035,0.3167,-0.164388,0.157777,0.316673,0.056307,-0.030917,0.044579,0.120199
0.3505,819,0,216.8,7.7,0.3545,0.0789,0.2436,1,1,1,4e-05,0.9502,0.3962,-0.359272,0.177113,0.396234,-0.096972,-0.063573,-0.027614,0.136919
0.2941,820,0,556.2,30.3,0.298,-0.1465,0.2221,1,1,1,7e-05,0.5974,0.4498,0.225387,0.001776,0.055972,-0.449755,-0.015854,-0.405607,0.030123
0.493,821,0,584.4,298.9,0.4969,-0.4195,-0.1458,0,1,0,,,,,,,,,,
0.3115,822,0,454.8,2.8,0.3154,-0.088,0.2402,1,1,1,5e-05,0.6511,0.3961,0.067107,0.017163,0.156386,-0.396053,-0.007805,-0.339588,0.107404
0.2612,823,0,569.3,260.0,0.2651,-0.1674,0.0783,1,1,1,0.0001,0.6412,0.6294,0.62938,0.029335,0.097575,-0.405986,-0.024449,-0.315553,0.020056
0.5682,824,0,358.8,222.9,0.5721,-0.0663,-0.05,0,1,0,,,,,,,,,,
0.4921,825,0,351.1,307.6,0.4961,-0.0498,-0.162,0,1,0,,,,,,,,,,
0.3594,826,0,637.9,122.8,0.3634,-0.2807,0.1543,1,1,1,4e-05,0.8951,0.261,-0.028227,-0.117307,-0.260996,-0.152053,0.007177,-0.097575,-0.125681
0.3735,827,0,403.9,5.4,0.3775,-0.0693,0.2489,1,1,1,3e-05,0.8268,0.2378,-0.237848,0.046118,0.118975,-0.220417,-0.007083,-0.136012,0.055484
0.4194,828,0,300.8,100.3,0.4233,0.02,0.1681,1,1,1,0.0001,1.1295,0.4016,-0.401552,0.142792,0.22625,0.082349,-0.041887,0.092021,0.04982
0.5938,829,0,461.6,241.3,0.5978,-0.2602,-0.1005,0,1,0,,,,,,,,,,
0.1577,830,0,297.6,256.3,0.1617,0.0066,0.1476,1,1,1,9e-05,0.4866,0.7998,0.799783,-0.215863,0.478385,-0.560599,0.097188,-0.549754,0.583021
0.5276,831,0,417.8,47.5,0.5315,-0.1278,0.2252,1,1,1,8e-05,1.2562,0.9576,-0.957632,-0.097043,-0.145175,0.490626,0.02122,0.3582,-0.059373
0.605,832,0,519.7,50.1,0.6089,-0.3062,0.2259,0,1,0,,,,,,,,,,
0.569,833,0,313.0,328.8,0.573,0.0136,-0.2798,0,1,0,,,,,,,,,,
0.5789,834,0,226.2,262.4,0.5829,0.1717,-0.1358,0,1,0,,,,,,,,,,
0.5234,835,0,639.3,91.2,0.5274,-0.4311,0.1704,1,1,0,0.04113,0.7016,1.3928,-1.194694,-0.644104,-0.801419,1.39284,0.072699,0.067989,0.002364
0.2185,836,0,247.7,24.5,0.2224,0.0291,0.2165,1,1,1,0.0001,0.5798,0.4919,0.290121,-0.055075,0.491897,-0.467445,0.009355,-0.454108,0.423366
0.3772,837,0,101.9,260.0,0.3811,0.2383,0.002,0,0,0,,,,,,,,,,
0.1465,838,0,97.3,217.7,0.1505,0.0542,0.1656,1,1,1,6e-05,0.5388,0.6509,0.568613,-0.202117,0.601718,-0.508407,0.078938,-0.492022,0.650933
0.5051,839,0,366.1,123.8,0.5091,-0.0617,0.1295,1,1,1,0.0001,1.2958,0.77,-0.769991,0.022361,0.000619,0.494625,-0.021388,0.318591,-0.039031
0.2611,840,0,315.9,296.6,0.2651,0.0029,0.0485,1,1,1,8e-05,0.808,0.4806,0.480637,0.038881,0.396344,-0.239196,0.0562,-0.1694,0.32823
0.4662,841,0,259.2,98.3,0.4702,0.0721,0.1661,1,1,1,7e-05,1.307,0.8044,-0.80438,0.203381,0.206125,0.446548,-0.084698,0.307437,-0.025989
0.4003,842,0,593.8,25.4,0.4043,-0.2514,0.2369,1,1,1,7e-05,0.9332,0.3268,-0.326757,-0.13392,-0.262172,-0.114028,0.040095,-0.024269,-0.096162
0.3361,843,0,341.8,303.2,0.34,-0.0216,-0.0209,1,1,1,4e-05,1.1312,0.2472,0.129705,0.119546,0.247172,0.083972,0.007212,0.051885,0.12281
0.4201,844,0,403.7,107.3,0.424,-0.0883,0.1609,1,1,1,9e-05,1.0268,0.2675,-0.267452,0.035584,0.061192,-0.02037,-0.006028,0.010817,0.017618
0.453,845,0,525.2,42.7,0.457,-0.2227,0.2259,1,1,1,5e-05,1.1167,0.5257,-0.525747,-0.138882,-0.231519,0.069516,0.044754,0.1233,-0.072653
0.3631,846,0,75.1,281.1,0.3671,0.2617,-0.0149,0,0,0,,,,,,,,,,
0.3389,847,0,389.0,143.6,0.3429,-0.0578,0.1403,1,1,1,4e-05,0.812,0.2352,0.129225,0.04965,0.215742,-0.235164,0.002458,-0.191044,0.142608
0.198,848,0,113.5,295.1,0.2019,0.0953,0.101,1,1,1,8e-05,0.7771,0.6375,0.411096,-0.022269,0.637472,-0.27013,0.055256,-0.216441,0.528695
0.2275,849,0,385.5,246.7,0.2314,-0.0354,0.1088,1,1,1,4e-05,0.5945,0.6837,0.683671,-0.04878,0.369919,-0.452738,0.053587,-0.388747,0.360338
0.1355,850,0,77.2,57.2,0.1395,0.0422,0.2018,1,1,1,9e-05,0.4731,0.6434,0.524458,-0.233109,0.578099,-0.574113,0.058873,-0.606153,0.643361
0.1387,851,0,305.6,123.7,0.1427,0.0028,0.1897,1,1,1,7e-05,0.4256,0.7549,0.754892,-0.276766,0.46331,-0.621632,0.082568,-0.699653,0.601835
0.2876,852,0,201.6,92.8,0.2916,0.0757,0.185,1,1,1,5e-05,0.8225,0.5041,0.016501,0.092174,0.504063,-0.224739,-0.02182,-0.184744,0.305647
0.3838,853,0,151.4,121.7,0.3877,0.1615,0.1514,1,1,1,5e-05,1.2475,0.5782,-0.57822,0.340658,0.43993,0.31884,-0.132055,0.231643,0.033079
0.2029,854,0,43.1,24.6,0.2069,0.0994,0.2147,1,1,1,6e-05,0.6818,0.6515,0.112604,0.002948,0.651537,-0.36537,-0.018999,-0.331376,0.468162
0.2325,855,0,282.1,189.7,0.2364,0.0199,0.1399,1,1,1,9e-05,0.6502,0.468,0.466648,-0.041222,0.468042,-0.396972,0.045786,-0.355922,0.425568
0.2211,856,0,18.4,318.8,0.225,0.1707,0.066,1,1,1,3e-05,1.0568,0.7392,0.143984,0.168944,0.739159,0.009639,-0.039893,-0.002409,0.37293
0.1357,857,0,320.4,34.8,0.1397,-0.0001,0.2053,1,1,1,8e-05,0.4104,0.7449,0.716355,-0.280409,0.453044,-0.636815,0.071664,-0.744911,0.589438
0.4169,858,0,431.5,85.8,0.4209,-0.114,0.1828,1,1,1,6e-05,0.9841,0.2708,-0.27079,0.010405,0.014614,-0.063104,7.8e-05,-0.015168,0.000727
0.59,859,0,336.1,191.4,0.5939,-0.0277,-0.0007,0,1,0,,,,,,,,,,
0.4108,860,0,302.7,329.0,0.4148,0.0229,-0.1261,1,1,0,0.01967,0.6735,1.4209,-0.81077,0.21236,0.051236,1.420857,-0.079646,0.069092,-0.003267
0.4306,861,0,475.1,169.6,0.4346,-0.18,0.0887,1,1,1,9e-05,1.1605,0.2473,-0.24726,-0.056537,-0.093811,0.113284,0.007677,0.089631,-0.034852
0.4686,862,0,575.4,212.4,0.4726,-0.3441,0.0164,1,1,0,0.00081,0.8468,1.2476,-0.889275,-0.444795,-0.417755,1.247595,0.052902,0.196367,-0.015058
0.6217,863,0,124.1,28.3,0.6257,0.3035,0.2581,0,0,0,,,,,,,,,,
0.2946,864,0,117.2,112.8,0.2985,0.1367,0.1715,1,1,1,4e-05,0.9785,0.589,-0.142,0.190466,0.588977,-0.068702,-0.068157,-0.045028,0.25806
0.1443,865,0,522.9,106.8,0.1483,-0.0425,0.1923,1,1,1,5e-05,0.3901,0.9397,0.939701,-0.26277,0.345707,-0.657076,0.067011,-0.818022,0.483874
0.0764,866,0,273.6,297.1,0.0804,0.0001,0.1997,1,1,1,5e-05,0.365,0.92,0.865689,-0.48477,0.403468,-0.682205,0.14472,-0.92004,0.770402
0.3299,867,0,341.5,253.5,0.3339,-0.0197,0.04,1,1,1,5e-05,0.9723,0.2815,0.192945,0.093528,0.281518,-0.074888,0.015149,-0.055193,0.174845
0.4742,868,0,558.4,137.2,0.4781,-0.3002,0.1177,1,1,1,7e-05,1.3262,0.6034,-0.603442,-0.277429,-0.341145,0.433351,0.06429,0.288201,-0.051134
0.4304,869,0,108.0,49.1,0.4344,0.2176,0.2183,0,0,0,,,,,,,,,,
0.42,870,0,275.2,194.4,0.4239,0.0518,0.062,1,1,1,6e-05,1.3787,0.4139,-0.413901,0.20108,0.261367,0.331491,-0.060618,0.211216,0.027846
0.5546,871,0,180.0,175.9,0.5586,0.2208,0.0393,0,0,0,,,,,,,,,,
0.5469,872,0,57.9,205.6,0.5509,0.4204,-0.0084,0,0,0,,,,,,,,,,
0.1711,873,0,13.3,257.6,0.1751,0.1055,0.1385,1,1,1,9e-05,0.7115,0.6961,0.370479,-0.067676,0.69607,-0.335745,0.044488,-0.290463,0.590471
0.2547,874,0,212.7,1.4,0.2586,0.0531,0.2311,1,1,1,5e-05,0.6831,0.4971,0.061471,0.032086,0.49709,-0.36413,-0.018258,-0.321984,0.344808
0.6001,875,0,534.6,28.9,0.6041,-0.3195,0.255,0,1,0,,,,,,,,,,
0.221,876,0,275.2,178.0,0.225,0.0214,0.1503,1,1,1,3e-05,0.6199,0.4868,0.486769,-0.063844,0.480613,-0.427316,0.047521,-0.392986,0.450513
0.5175,877,0,598.6,71.3,0.5214,-0.3639,0.196,1,1,0,0.00234,0.7722,1.3222,-1.236596,-0.571026,-0.543544,1.322245,0.097956,0.134627,-0.016611
0.457,878,0,336.9,113.5,0.461,-0.0198,0.1495,1,1,1,6e-05,1.2579,0.5215,-0.521468,0.098446,0.119133,0.21072,-0.033797,0.177446,-0.001718
0.0872,879,0,507.5,316.3,0.0912,-0.0082,0.1898,1,1,1,5e-05,0.3733,0.9588,0.958799,-0.463833,0.383414,-0.673876,0.147718,-0.897769,0.728931
0.2474,880,0,11.8,97.7,0.2514,0.1604,0.1854,1,1,1,5e-05,0.9221,0.6979,-0.102976,0.170077,0.69791,-0.12509,-0.078663,-0.095091,0.331812
0.2186,881,0,171.6,68.0,0.2226,0.0624,0.2,1,1,1,8e-05,0.6466,0.562,0.236573,-0.02833,0.56196,-0.400569,0.007813,-0.37347,0.451923
0.4021,882,0,467.8,129.3,0.4061,-0.1512,0.1408,1,1,1,5e-05,0.9699,0.1353,-0.135335,-0.013359,-0.02582,-0.077306,0.002145,-0.042228,-0.012413
0.4499,883,0,352.8,293.8,0.4538,-0.0464,-0.1012,1,1,0,0.01676,0.6771,1.4173,-0.865701,0.081479,-0.048995,1.417285,-0.054981,0.069711,-0.00373
0.0798,884,0,525.9,199.0,0.0837,-0.0026,0.1984,1,1,1,5e-05,0.3672,0.9198,0.887355,-0.478215,0.396147,-0.680013,0.144351,-0.91977,0.755567
0.1749,885,0,232.2,99.3,0.1788,0.0264,0.1911,1,1,1,6e-05,0.5127,0.5448,0.525868,-0.158798,0.51964,-0.534508,0.049275,-0.544787,0.541798
0.5146,886,0,415.9,298.2,0.5186,-0.16,-0.1624,0,1,0,,,,,,,,,,
0.2267,887,0,196.0,163.4,0.2307,0.0608,0.1559,1,1,1,8e-05,0.6943,0.5517,0.330558,-0.022127,0.551715,-0.352933,0.030151,-0.316798,0.457926
0.6435,888,0,234.7,161.8,0.6475,0.1571,0.0369,0,1,0,,,,,,,,,,
0.5995,889,0,51.7,147.1,0.6035,0.4489,0.0751,0,0,0,,,,,,,,,,
0.5042,890,0,370.2,129.2,0.5081,-0.0674,0.1225,1,1,1,0.0001,1.2979,0.755,-0.754995,0.016897,-0.00474,0.49592,-0.019628,0.316501,-0.038406
0.5968,891,0,627.9,270.0,0.6007,-0.5888,-0.1647,0,1,0,,,,,,,,,,
0.131,892,0,361.0,108.3,0.135,-0.0069,0.1936,1,1,1,0.0001,0.4039,0.8155,0.815472,-0.305683,0.431677,-0.643298,0.088067,-0.760864,0.600496
0.5273,893,0,603.3,70.0,0.5312,-0.3778,0.1975,1,1,0,0.01656,0.6962,1.3982,-1.262505,-0.592052,-0.634889,1.398249,0.089218,0.068851,-0.006471
0.2342,894,0,380.1,146.4,0.2382,-0.0304,0.1626,1,1,1,4e-05,0.5648,0.5452,0.545179,-0.057206,0.369429,-0.482444,0.029376,-0.461453,0.349286
0.3878,895,0,10.4,326.1,0.3918,0.3803,-0.0993,0,0,0,,,,,,,,,,
0.5852,896,0,491.8,237.4,0.5892,-0.309,-0.0876,0,1,0,,,,,,,,,,
0.472,897,0,66.1,249.2,0.476,0.3601,-0.0426,0,0,0,,,,,,,,,,
0.3141,898,0,301.4,69.5,0.318,0.0131,0.199,1,1,1,4e-05,0.7746,0.3609,0.025045,0.06663,0.360891,-0.272579,-0.010668,-0.224846,0.23031
0.6424,899,0,12.3,258.9,0.6464,0.6315,-0.1697,0,0,0,,,,,,,,,,
0.4784,900,0,543.7,178.2,0.4824,-0.2975,0.0616,1,1,1,8e-05,1.2762,0.6662,-0.666201,-0.29635,-0.327615,0.645654,0.056453,0.338244,-0.034816
0.2795,901,0,205.4,124.2,0.2835,0.0728,0.1663,1,1,1,5e-05,0.8151,0.5117,0.092534,0.076377,0.511712,-0.232145,-0.009319,-0.195929,0.332019
0.4114,902,0,498.6,127.5,0.4154,-0.1875,0.1411,1,1,1,6e-05,1.0098,0.1863,-0.186321,-0.05367,-0.101604,-0.037426,0.008385,-0.007189,-0.042887
0.4693,903,0,508.1,334.9,0.4732,-0.2949,-0.1948,0,1,0,,,,,,,,,,
0.2839,904,0,344.4,293.6,0.2879,-0.0192,0.0326,1,1,1,7e-05,0.8613,0.4147,0.41474,0.063312,0.331588,-0.185893,0.042345,-0.126189,0.253403
0.0848,905,0,298.7,307.8,0.0887,0.0007,0.1924,1,1,1,0.0001,0.3733,0.8904,0.890416,-0.460722,0.41572,-0.673906,0.1422,-0.871258,0.752274
0.6326,906,0,536.1,281.3,0.6366,-0.4478,-0.2171,0,1,0,,,,,,,,,,
0.5861,907,0,185.1,213.1,0.59,0.2364,-0.0399,0,0,0,,,,,,,,,,
0.5394,908,0,14.8,296.4,0.5434,0.5366,-0.1789,0,0,0,,,,,,,,,,
0.6242,909,0,416.4,208.2,0.6281,-0.1805,-0.0477,0,1,0,,,,,,,,,,
0.2682,910,0,253.0,140.8,0.2721,0.0409,0.1581,1,1,1,6e-05,0.7418,0.4708,0.233414,0.02869,0.47075,-0.30538,0.013547,-0.267881,0.355485
0.3136,911,0,322.4,253.7,0.3176,-0.002,0.05,1,1,1,6e-05,0.9306,0.3322,0.244663,0.089123,0.332238,-0.116579,0.021858,-0.086599,0.221334
0.3797,912,0,277.2,67.8,0.3837,0.0383,0.2002,1,1,1,8e-05,0.9913,0.3071,-0.298324,0.145269,0.30706,-0.055874,-0.040756,-0.010226,0.111205
0.6379,913,0,136.5,224.0,0.6419,0.3586,-0.0877,0,0,0,,,,,,,,,,
0.6455,914,0,285.1,54.8,0.6495,0.0579,0.2206,0,1,0,,,,,,,,,,
0.5741,915,0,249.7,179.9,0.5781,0.116,0.0258,0,1,0,,,,,,,,,,
0.5678,916,0,453.4,167.5,0.5717,-0.2142,0.0491,1,1,0,0.04282,0.6925,1.4019,-1.120536,-0.242872,-0.496166,1.401869,-0.009684,0.067081,-0.002191
0.4412,917,0,159.0,65.4,0.4451,0.173,0.2026,1,1,1,0.0001,1.2418,1.1207,-1.120656,0.344992,0.297818,0.708208,-0.150118,0.372639,-0.028137
0.5008,918,0,244.5,192.5,0.5047,0.1076,0.0324,1,1,0,0.03647,0.6748,1.4196,-1.18729,0.275956,0.009572,1.419613,-0.10937,0.069603,-0.006026
0.1382,919,0,302.1,338.3,0.1422,0.0045,0.1365,1,1,1,4e-05,0.464,0.9148,0.914784,-0.266576,0.471819,-0.583197,0.12422,-0.564043,0.63118
0.1208,920,0,537.0,284.0,0.1248,-0.0363,0.1659,1,1,1,8e-05,0.3829,1.1196,1.119623,-0.341356,0.349166,-0.664266,0.11678,-0.813892,0.573462
0.2989,921,0,352.8,282.2,0.3028,-0.0272,0.032,1,1,1,7e-05,0.8915,0.3545,0.35449,0.072098,0.30212,-0.155677,0.033083,-0.106844,0.218414
0.5669,922,0,310.5,268.4,0.5709,0.017,-0.1403,0,1,0,,,,,,,,,,
0.5374,923,0,251.9,301.4,0.5414,0.1199,-0.1879,0,1,0,,,,,,,,,,
0.5443,924,0,75.9,240.8,0.5482,0.4053,-0.0708,0,0,0,,,,,,,,,,
0.1793,925,0,535.7,150.5,0.1833,-0.0715,0.1742,1,1,1,6e-05,0.4185,0.9121,0.912103,-0.148412,0.304816,-0.628693,0.027678,-0.70507,0.34634
0.2501,926,0,109.3,306.9,0.2541,0.141,0.0491,1,1,1,3e-05,1.0658,0.642,0.160768,0.168569,0.642014,0.018618,-0.020114,0.00548,0.333232
0.1804,927,0,515.7,219.0,0.1843,-0.0706,0.1486,1,1,1,5e-05,0.4329,0.9662,0.96625,-0.13936,0.318238,-0.614334,0.039224,-0.63984,0.356615
0.5721,928,0,268.6,290.4,0.576,0.096,-0.1922,0,1,0,,,,,,,,,,
0.0844,929,0,225.8,281.0,0.0883,0.0029,0.1938,1,1,1,9e-05,0.3733,0.8696,0.86959,-0.458021,0.424412,-0.673938,0.13942,-0.866066,0.756079
0.6275,930,0,338.4,49.8,0.6314,-0.0294,0.2274,0,1,0,,,,,,,,,,
0.6268,931,0,447.0,127.6,0.6308,-0.219,0.1029,0,1,0,,,,,,,,,,
0.2351,932,0,64.1,161.7,0.2391,0.1321,0.1543,1,1,1,6e-05,0.8603,0.6714,0.084862,0.091913,0.67138,-0.186944,-0.027095,-0.157928,0.408291
0.3666,933,0,635.2,31.8,0.3705,-0.2609,0.2282,1,1,1,6e-05,0.8387,0.2619,-0.173559,-0.114924,-0.261868,-0.208452,0.025635,-0.11913,-0.115671
0.3324,934,0,142.6,250.4,0.3363,0.1631,0.0417,1,1,1,9e-05,1.2458,0.5271,-0.2572,0.342442,0.527092,0.34027,-0.107091,0.200004,0.09371
0.5068,935,0,545.9,257.8,0.5107,-0.3521,-0.0792,0,1,0,,,,,,,,,,
0.2818,936,0,201.4,56.3,0.2857,0.0712,0.2066,1,1,1,5e-05,0.7856,0.5005,-0.003712,0.082334,0.500547,-0.261606,-0.025297,-0.216249,0.306906
0.4186,937,0,24.0,87.7,0.4225,0.3049,0.1809,0,0,0,,,,,,,,,,
0.388,938,0,129.2,13.9,0.392,0.1668,0.2446,1,1,1,5e-05,1.2434,0.7859,-0.785919,0.344783,0.401562,0.270172,-0.150778,0.250327,-0.001229
0.6039,939,0,499.5,68.1,0.6078,-0.2795,0.1999,0,1,0,,,,,,,,,,
0.4298,940,0,218.7,190.9,0.4337,0.1201,0.0625,1,1,1,0.0001,1.2831,0.7346,-0.734622,0.303357,0.302662,0.655648,-0.110292,0.331312,-0.014358
0.1121,941,0,351.0,209.7,0.116,-0.0038,0.1835,1,1,1,6e-05,0.3937,0.8998,0.899773,-0.371389,0.428263,-0.653481,0.118793,-0.784898,0.667365
0.1349,942,0,320.2,269.9,0.1388,-0.0,0.1588,1,1,1,6e-05,0.436,0.8892,0.889192,-0.290426,0.457025,-0.611165,0.111976,-0.64578,0.626537
0.518,943,0,594.4,22.8,0.522,-0.3426,0.2532,1,1,1,9e-05,1.1669,1.1975,-1.197502,-0.502616,-0.509324,0.927453,0.124043,0.369368,-0.045241
0.5597,944,0,247.7,105.7,0.5637,0.1072,0.1473,0,1,0,,,,,,,,,,
0.2787,945,0,525.4,218.5,0.2827,-0.1439,0.1005,1,1,1,8e-05,0.6565,0.5283,0.528258,0.021765,0.123943,-0.390694,-0.011755,-0.320559,0.064541
0.29,946,0,505.3,54.2,0.2939,-0.1154,0.2081,1,1,1,8e-05,0.6006,0.4466,0.275984,0.003911,0.135854,-0.446634,-0.012023,-0.410222,0.095684
0.2919,947,0,269.6,57.2,0.2959,0.0318,0.2064,1,1,1,5e-05,0.7437,0.4196,0.054795,0.056451,0.41962,-0.303539,-0.011598,-0.25848,0.279189
0.139,948,0,235.3,51.6,0.1429,0.0155,0.2028,1,1,1,5e-05,0.4351,0.6822,0.640285,-0.258518,0.499405,-0.612136,0.067355,-0.682179,0.607541
0.1243,949,0,617.9,24.8,0.1283,-0.0407,0.2056,1,1,1,9e-05,0.3766,0.9649,0.964879,-0.322559,0.327429,-0.670567,0.081535,-0.925068,0.521397
0.2512,950,0,618.7,342.1,0.2552,-0.2106,0.0176,1,1,1,8e-05,0.7338,0.6275,0.627501,0.035766,0.012996,-0.313392,-0.039411,-0.191914,-0.069693
0.3129,951,0,65.8,219.1,0.3168,0.2082,0.0832,0,0,0,,,,,,,,,,
0.5169,952,0,609.3,46.2,0.5209,-0.3684,0.2262,1,1,0,0.00155,0.8057,1.2887,-1.277696,-0.589506,-0.56039,1.288731,0.110249,0.160585,-0.020674
0.2303,953,0,15.9,74.8,0.2343,0.1393,0.1971,1,1,1,5e-05,0.8292,0.6886,-0.025639,0.106774,0.688606,-0.217954,-0.054429,-0.179879,0.3892
0.1542,954,0,105.2,286.2,0.1581,0.0628,0.1397,1,1,1,4e-05,0.5926,0.6437,0.582439,-0.170354,0.613786,-0.454566,0.089014,-0.40902,0.643729
0.5156,955,0,294.9,46.6,0.5196,0.0319,0.2257,1,1,1,9e-05,1.2209,1.1453,-1.14531,0.101599,0.067429,0.683731,-0.05573,0.393508,-0.041275
0.1578,956,0,429.6,17.6,0.1617,-0.0252,0.2109,1,1,1,7e-05,0.4099,0.7523,0.728797,-0.220905,0.390265,-0.637339,0.047017,-0.752273,0.481928
0.2313,957,0,399.8,152.1,0.2352,-0.0398,0.1604,1,1,1,4e-05,0.5498,0.5867,0.586702,-0.061463,0.353719,-0.497429,0.028559,-0.478666,0.338523
0.3317,958,0,403.0,318.3,0.3357,-0.0828,-0.0357,1,1,1,4e-05,1.0978,0.1918,0.19179,0.075425,0.148648,0.050642,0.011618,0.035259,0.079135
0.4077,959,0,142.9,192.2,0.4117,0.1971,0.0695,1,1,1,0.0001,0.9628,1.1316,-1.10449,0.44756,0.360108,1.131569,-0.155612,0.267067,0.008444
0.3754,960,0,134.1,263.6,0.3794,0.2028,-0.0014,0,0,0,,,,,,,,,,
0.3132,961,0,420.3,163.1,0.3172,-0.0773,0.1308,1,1,1,6e-05,0.7378,0.3094,0.28634,0.030941,0.210931,-0.30935,0.006394,-0.260327,0.152962
0.1684,962,0,134.5,321.0,0.1724,0.0671,0.1137,1,1,1,3e-05,0.6527,0.609,0.582096,-0.123615,0.607381,-0.394451,0.092393,-0.328478,0.609042
0.6338,963,0,159.6,130.9,0.6378,0.2811,0.096,0,0,0,,,,,,,,,,
0.5537,964,0,353.2,52.6,0.5577,-0.0461,0.2202,1,1,1,0.0001,1.0132,1.3486,-1.348556,-0.051703,-0.083971,1.081194,-0.010218,0.315618,-0.016696
0.4894,965,0,185.8,7.5,0.4933,0.1545,0.2657,0,1,0,,,,,,,,,,
0.232,966,0,295.6,68.7,0.2359,0.0112,0.1997,1,1,1,0.0001,0.5886,0.4586,0.347593,-0.048279,0.446676,-0.458583,0.016337,-0.442413,0.392068
0.2181,967,0,119.9,282.3,0.2221,0.106,0.0929,1,1,1,8e-05,0.8468,0.6344,0.326488,0.032933,0.634448,-0.200443,0.033882,-0.159056,0.470995
0.3932,968,0,618.2,189.0,0.3972,-0.3162,0.0789,1,1,1,8e-05,1.1717,0.3177,-0.168677,-0.204824,-0.317657,0.124544,0.030472,0.093412,-0.088079
0.5674,969,0,504.2,245.0,0.5713,-0.3226,-0.0926,0,1,0,,,,,,,,,,
0.3785,970,0,81.5,178.4,0.3824,0.2384,0.0958,0,0,0,,,,,,,,,,
0.3224,971,0,69.9,263.7,0.3264,0.2246,0.0341,0,0,0,,,,,,,,,,
0.4751,972,0,396.9,310.8,0.479,-0.1186,-0.1533,0,1,0,,,,,,,,,,
0.3184,973,0,493.5,105.4,0.3223,-0.1287,0.1738,1,1,1,5e-05,0.69,0.3572,0.219743,0.012969,0.094337,-0.357244,-0.008182,-0.306405,0.059039
0.3327,974,0,590.8,140.0,0.3367,-0.2205,0.1446,1,1,1,3e-05,0.7733,0.2739,0.165336,-0.031314,-0.106771,-0.2739,-0.015396,-0.214836,-0.081441
0.1857,975,0,83.3,240.9,0.1897,0.0921,0.1365,1,1,1,9e-05,0.7063,0.6523,0.389093,-0.060079,0.652349,-0.34091,0.048255,-0.296034,0.561293
0.1561,976,0,105.3,313.0,0.1601,0.0666,0.1282,1,1,1,4e-05,0.6162,0.6409,0.588305,-0.157642,0.618633,-0.430982,0.093269,-0.374455,0.64088
0.3403,977,0,377.1,95.8,0.3443,-0.0458,0.179,1,1,1,4e-05,0.791,0.2562,0.045242,0.05183,0.228766,-0.256187,-0.003502,-0.207067,0.145935
0.5107,978,0,587.1,278.7,0.5146,-0.4309,-0.1207,0,1,0,,,,,,,,,,
0.5125,979,0,59.2,38.5,0.5165,0.3263,0.2348,0,0,0,,,,,,,,,,
0.2753,980,0,306.3,304.8,0.2793,0.0105,0.0292,1,1,1,8e-05,0.8889,0.4019,0.401875,0.070951,0.387965,-0.158283,0.046809,-0.105507,0.292969
0.2906,981,0,402.7,96.3,0.2946,-0.0538,0.1826,1,1,1,7e-05,0.6541,0.3931,0.276568,0.011197,0.269442,-0.393093,0.002932,-0.355518,0.209269
0.282,982,0,318.9,62.9,0.286,0.0007,0.2029,1,1,1,6e-05,0.6796,0.376,0.168904,0.021695,0.376004,-0.367643,-0.00048,-0.329468,0.280461
0.5055,983,0,227.7,86.7,0.5095,0.1191,0.1773,1,1,0,0.00695,0.6819,1.4647,-1.464669,0.235002,0.123419,1.412464,-0.102869,0.083125,0.000701
0.3945,984,0,388.2,156.0,0.3985,-0.07,0.1147,1,1,1,4e-05,1.0044,0.1287,-0.104417,0.059299,0.128723,-0.042782,-0.005782,-0.024436,0.05968
0.1828,985,0,286.4,119.6,0.1868,0.0112,0.1839,1,1,1,6e-05,0.5069,0.5812,0.581175,-0.152712,0.480905,-0.540274,0.05159,-0.550963,0.511078
0.1109,986,0,447.6,4.8,0.1149,-0.0124,0.2058,1,1,1,8e-05,0.3781,0.8738,0.853655,-0.369313,0.397742,-0.669104,0.100701,-0.873844,0.629893
0.2223,987,0,363.0,104.1,0.2263,-0.0193,0.1848,1,1,1,4e-05,0.538,0.5155,0.515456,-0.078709,0.394981,-0.509159,0.026637,-0.505899,0.380913
0.3692,988,0,492.0,357.0,0.3732,-0.207,-0.1283,1,1,1,8e-05,1.3394,0.6438,-0.257808,-0.099062,-0.11961,0.643816,0.01141,0.275031,-0.012999
0.5035,989,0,1.7,216.5,0.5075,0.4693,-0.0066,0,0,0,,,,,,,,,,
0.1751,990,0,116.1,87.5,0.179,0.0607,0.1945,1,1,1,4e-05,0.5717,0.6003,0.379031,-0.117907,0.600304,-0.475481,0.033475,-0.464086,0.558884
0.5315,991,0,501.9,335.2,0.5355,-0.3304,-0.2581,0,1,0,,,,,,,,,,
0.3775,992,0,245.7,281.2,0.3814,0.0834,-0.0258,1,1,1,9e-05,1.3185,0.5011,-0.339702,0.269717,0.325089,0.501128,-0.074965,0.258886,0.022174
0.1303,993,0,262.2,164.3,0.1342,0.0102,0.184,1,1,1,7e-05,0.4281,0.7655,0.765484,-0.298578,0.482609,-0.619138,0.094374,-0.687891,0.640817
0.1751,994,0,621.9,296.5,0.1791,-0.1135,0.1189,1,1,1,6e-05,0.4174,1.1298,1.129842,-0.082646,0.261605,-0.629832,0.004441,-0.610263,0.229693
0.1071,995,0,412.7,37.9,0.1111,-0.0083,0.2025,1,1,1,8e-05,0.3789,0.864,0.854903,-0.382654,0.407794,-0.668315,0.107648,-0.863987,0.653513
0.2414,996,0,93.8,205.3,0.2454,0.1274,0.127,1,1,1,7e-05,0.8923,0.6521,0.134609,0.095533,0.652075,-0.154901,-0.014323,-0.130005,0.402419
0.5637,997,0,535.3,218.8,0.5676,-0.363,-0.04,0,1,0,,,,,,,,,,
0.2449,998,0,616.5,40.7,0.2488,-0.1438,0.2125,1,1,1,6e-05,0.4917,0.5636,0.506278,-0.007509,0.108822,-0.555455,-0.032174,-0.563614,0.063187
0.1935,999,0,256.1,131.7,0.1975,0.0236,0.1778,1,1,1,4e-05,0.5493,0.5142,0.514226,-0.120733,0.503697,-0.497914,0.047791,-0.489438,0.504154
0.4726,1000,0,452.6,64.4,0.4766,-0.1546,0.2039,1,1,1,9e-05,1.1916,0.5737,-0.573663,-0.065981,-0.119049,0.144362,0.019145,0.164073,-0.051421
0.4439,1001,0,248.8,190.7,0.4478,0.0877,0.0572,1,1,1,0.0001,1.2864,0.7148,-0.714821,0.252267,0.252374,0.633492,-0.091859,0.32798,-0.015909
0.3296,1002,0,414.9,86.7,0.3336,-0.0723,0.1866,1,1,1,4e-05,0.7357,0.3115,0.107236,0.032857,0.190072,-0.311522,-0.002778,-0.261125,0.128425
0.4275,1003,0,215.6,352.5,0.4314,0.1498,-0.185,0,1,0,,,,,,,,,,
0.1939,1004,0,51.0,292.4,0.1978,0.1197,0.1058,1,1,1,8e-05,0.8191,0.6914,0.329341,0.005167,0.691353,-0.228124,0.032986,-0.184078,0.523869
0.1225,1005,0,411.0,342.4,0.1265,-0.017,0.1515,1,1,1,4e-05,0.4051,1.0517,1.051724,-0.332448,0.405565,-0.642132,0.130406,-0.702404,0.625984
0.5811,1006,0,597.9,68.3,0.5851,-0.4141,0.1996,0,1,0,,,,,,,,,,
0.2636,1007,0,466.3,295.6,0.2675,-0.104,0.0473,1,1,1,8e-05,0.7039,0.6157,0.615691,0.031768,0.213115,-0.343267,0.021501,-0.241767,0.155992
0.4209,1008,0,185.4,213.0,0.4249,0.1594,0.0379,1,1,1,0.0001,0.9834,1.111,-1.021766,0.385978,0.317584,1.110978,-0.129701,0.278567,0.004996
0.2929,1009,0,550.3,43.8,0.2969,-0.1439,0.2143,1,1,1,7e-05,0.5986,0.4486,0.252587,0.002831,0.067382,-0.448594,-0.016387,-0.406741,0.037761
0.2082,1010,0,144.0,128.5,0.2121,0.0729,0.1763,1,1,1,8e-05,0.6652,0.5949,0.298638,-0.041301,0.594946,-0.382019,0.022554,-0.351574,0.493796
0.6469,1011,0,76.7,109.9,0.6509,0.4271,0.1305,0,0,0,,,,,,,,,,
0.5301,1012,0,443.0,212.4,0.5341,-0.1917,-0.0125,1,1,0,0.03071,0.6882,1.4062,-1.01155,-0.187624,-0.370715,1.406185,-0.016424,0.067472,-0.003477
0.3598,1013,0,412.1,167.1,0.3638,-0.0853,0.1134,1,1,1,0.0001,0.885,0.1622,0.080319,0.046047,0.143854,-0.162176,0.001033,-0.12457,0.086837
0.2643,1014,0,31.0,267.7,0.2683,0.1993,0.07,1,1,1,6e-05,1.2339,0.7132,-0.089613,0.310571,0.713166,0.186684,-0.109566,0.112263,0.217901
0.459,1015,0,533.2,148.6,0.463,-0.2614,0.1068,1,1,1,9e-05,1.3327,0.4565,-0.456495,-0.190575,-0.260412,0.285461,0.0402,0.208378,-0.057087
0.3615,1016,0,279.1,56.0,0.3655,0.034,0.2095,1,1,1,4e-05,0.9237,0.326,-0.231183,0.128752,0.325953,-0.123452,-0.034423,-0.06899,0.141523
0.1647,1017,0,617.5,88.5,0.1687,-0.0794,0.1948,1,1,1,5e-05,0.3907,0.9551,0.955106,-0.172472,0.274847,-0.656523,0.020298,-0.817565,0.332259
0.3565,1018,0,539.6,136.9,0.3604,-0.1947,0.1424,1,1,1,8e-05,0.8314,0.2158,0.072,-0.02682,-0.070038,-0.215781,-0.005904,-0.16259,-0.045921
0.5342,1019,0,359.6,209.4,0.5381,-0.0621,-0.0091,1,1,0,0.03548,0.683,1.4114,-1.069692,0.01369,-0.220682,1.411355,-0.054531,0.067786,-0.004836
0.0997,1020,0,261.0,182.3,0.1037,0.0046,0.1915,1,1,1,6e-05,0.3867,0.8444,0.844387,-0.403328,0.446348,-0.660529,0.122319,-0.808608,0.712583
0.2502,1021,0,561.0,242.3,0.2542,-0.1492,0.0982,1,1,1,4e-05,0.5883,0.689,0.689024,0.018961,0.144457,-0.458928,-0.019829,-0.381624,0.067974
0.1549,1022,0,113.6,190.5,0.1588,0.0545,0.1695,1,1,1,5e-05,0.5481,0.6269,0.534516,-0.180574,0.598272,-0.499058,0.069693,-0.483566,0.626854
0.3439,1023,0,234.0,197.8,0.3479,0.0778,0.0892,1,1,1,9e-05,1.0856,0.4234,-0.07307,0.17956,0.42341,0.038363,-0.032575,0.02539,0.181682
0.1792,1024,0,355.0,359.5,0.1832,-0.0149,0.0831,1,1,1,5e-05,0.5558,0.8922,0.892183,-0.118443,0.430359,-0.491449,0.10767,-0.382846,0.489955
0.5358,1025,0,285.0,19.3,0.5397,0.0453,0.2595,1,1,0,0.00071,0.8474,1.5243,-1.524331,0.068639,0.012747,1.246999,-0.0519,0.21267,-0.001054
0.4446,1026,0,374.8,333.4,0.4486,-0.0803,-0.1672,0,1,0,,,,,,,,,,
0.3208,1027,0,304.7,190.7,0.3248,0.0125,0.105,1,1,1,5e-05,0.8842,0.3581,0.153891,0.084904,0.358052,-0.162983,0.008622,-0.131118,0.233099
0.3002,1028,0,213.6,217.6,0.3041,0.0823,0.0907,1,1,1,6e-05,0.9729,0.4939,0.103287,0.132157,0.49385,-0.074283,-0.006835,-0.061741,0.282254
0.2527,1029,0,525.1,312.6,0.2567,-0.1404,0.042,1,1,1,9e-05,0.6731,0.6817,0.6817,0.035774,0.157905,-0.374127,0.000322,-0.256333,0.084066
0.196,1030,0,442.7,155.1,0.2,-0.0475,0.1682,1,1,1,9e-05,0.4679,0.7668,0.766836,-0.126727,0.353573,-0.579269,0.037682,-0.601554,0.383562
0.4462,1031,0,633.2,85.7,0.4501,-0.348,0.1814,1,1,1,6e-05,1.319,0.5584,-0.558442,-0.328557,-0.438925,0.271792,0.092918,0.234777,-0.070636
0.103,1032,0,488.0,250.2,0.107,-0.0163,0.1834,1,1,1,9e-05,0.3799,1.0031,1.003127,-0.411344,0.37765,-0.667339,0.133667,-0.86067,0.666316
0.2031,1033,0,183.1,246.0,0.2071,0.0621,0.1238,1,1,1,9e-05,0.6875,0.5726,0.471246,-0.060069,0.572594,-0.359737,0.062436,-0.308959,0.521551
0.3813,1034,0,619.7,159.2,0.3853,-0.2962,0.115,1,1,1,4e-05,1.0345,0.2859,-0.103007,-0.158174,-0.285907,-0.012738,0.018291,0.005937,-0.107261
0.3293,1035,0,322.4,155.3,0.3332,-0.002,0.1327,1,1,1,4e-05,0.8527,0.3246,0.108802,0.075937,0.324576,-0.194502,0.002643,-0.157709,0.209317
0.6319,1036,0,587.0,8.4,0.6358,-0.4137,0.2871,0,1,0,,,,,,,,,,
0.4656,1037,0,73.3,155.0,0.4695,0.3096,0.0969,0,0,0,,,,,,,,,,
0.3441,1038,0,512.2,236.9,0.3481,-0.1819,0.0491,1,1,1,0.0001,0.9231,0.1946,0.194604,-0.004184,-0.017921,-0.124083,-0.006502,-0.08783,-0.019599
0.1984,1039,0,569.8,156.5,0.2024,-0.0987,0.167,1,1,1,4e-05,0.4376,0.8735,0.87355,-0.084798,0.253947,-0.609584,-0.000686,-0.653358,0.241921
0.1306,1040,0,499.7,203.2,0.1345,-0.0333,0.1764,1,1,1,6e-05,0.3891,1.0213,1.021255,-0.311972,0.362679,-0.65807,0.098284,-0.803659,0.552251
0.3748,1041,0,211.1,32.1,0.3787,0.0927,0.2288,1,1,1,6e-05,1.0588,0.4546,-0.454648,0.212632,0.377804,0.011636,-0.077996,0.061465,0.09146
0.3833,1042,0,96.0,257.7,0.3873,0.2491,0.0009,0,0,0,,,,,,,,,,
0.4797,1043,0,621.5,4.2,0.4836,-0.3379,0.2675,1,1,1,6e-05,1.2706,0.8808,-0.880804,-0.385961,-0.478683,0.402795,0.130365,0.343828,-0.066432
0.4269,1044,0,130.4,12.4,0.4309,0.1862,0.2515,1,1,1,9e-05,1.2279,1.1646,-1.164615,0.360279,0.306152,0.622782,-0.165608,0.376208,-0.037838
0.3544,1045,0,349.3,108.9,0.3584,-0.025,0.167,1,1,1,3e-05,0.8603,0.2499,-0.023315,0.073997,0.249935,-0.186904,-0.007245,-0.142622,0.144608
0.3961,1046,0,35.3,153.8,0.4001,0.2933,0.1166,0,0,0,,,,,,,,,,
0.5283,1047,0,559.8,305.0,0.5323,-0.416,-0.188,0,1,0,,,,,,,,,,
0.3194,1048,0,590.1,150.5,0.3234,-0.2108,0.1392,1,1,1,4e-05,0.7365,0.3107,0.244194,-0.014755,-0.071761,-0.310671,-0.021155,-0.250894,-0.070339
0.3555,1049,0,5.9,164.6,0.3594,0.2858,0.117,0,0,0,,,,,,,,,,
0.0994,1050,0,355.3,343.3,0.1033,-0.0033,0.1756,1,1,1,7e-05,0.3878,0.9649,0.964897,-0.417981,0.417881,-0.659368,0.14232,-0.796401,0.712441
0.5462,1051,0,198.8,153.3,0.5502,0.1834,0.0781,0,1,0,,,,,,,,,,
0.1114,1052,0,418.0,289.7,0.1154,-0.013,0.1721,1,1,1,7e-05,0.3905,1.0023,1.002261,-0.379262,0.400259,-0.656727,0.130879,-0.787335,0.657336
0.6041,1053,0,211.9,6.5,0.6081,0.1588,0.2854,0,1,0,,,,,,,,,,
0.3529,1054,0,460.2,129.7,0.3569,-0.1218,0.1494,1,1,1,3e-05,0.8084,0.2388,0.089515,0.019927,0.078646,-0.238794,-0.002673,-0.188426,0.047474
0.6009,1055,0,6.2,282.1,0.6048,0.6137,-0.1952,0,0,0,,,,,,,,,,
0.3575,1056,0,164.6,252.6,0.3614,0.1573,0.0236,1,1,1,7e-05,1.2202,0.4933,-0.403998,0.368001,0.456563,0.493333,-0.119236,0.265334,0.032277
0.3651,1057,0,426.7,206.1,0.3691,-0.1052,0.0716,1,1,1,8e-05,0.9537,0.1026,0.088081,0.040228,0.102611,-0.093453,0.001865,-0.06895,0.058216
0.103,1058,0,378.1,38.5,0.107,-0.0045,0.2022,1,1,1,8e-05,0.3782,0.8614,0.843631,-0.394095,0.416831,-0.668953,0.111595,-0.861369,0.673541
0.277,1059,0,200.5,32.0,0.281,0.0685,0.2195,1,1,1,4e-05,0.7627,0.4992,-0.015062,0.076133,0.499232,-0.284524,-0.02742,-0.236205,0.30831
0.4733,1060,0,52.2,59.8,0.4773,0.3113,0.209,0,0,0,,,,,,,,,,
0.2595,1061,0,15.5,212.0,0.2635,0.1917,0.1144,1,1,1,7e-05,1.1179,0.7233,-0.099549,0.260874,0.723284,0.070715,-0.10071,0.044129,0.26548
0.1195,1062,0,481.1,288.4,0.1234,-0.0263,0.1661,1,1,1,7e-05,0.3885,1.07,1.070011,-0.349737,0.373229,-0.658748,0.122572,-0.78756,0.605161
0.4325,1063,0,255.8,127.6,0.4365,0.0716,0.1372,1,1,1,6e-05,1.3352,0.5562,-0.556163,0.213532,0.269202,0.288036,-0.075925,0.215413,0.015848
0.5495,1064,0,207.4,232.8,0.5535,0.1874,-0.0588,0,1,0,,,,,,,,,,
0.54,1065,0,215.0,211.9,0.5439,0.1671,-0.0162,0,1,0,,,,,,,,,,
0.6347,1066,0,629.3,312.6,0.6386,-0.6692,-0.2995,0,1,0,,,,,,,,,,
0.4083,1067,0,632.4,23.2,0.4123,-0.2934,0.2397,1,1,1,5e-05,1.0068,0.4037,-0.403726,-0.200854,-0.353024,-0.040354,0.063428,0.045126,-0.105954
0.1397,1068,0,7.4,33.7,0.1437,0.0568,0.2059,1,1,1,6e-05,0.5031,0.6343,0.433849,-0.195655,0.617586,-0.544144,0.043502,-0.558517,0.634258
0.4341,1069,0,628.6,240.3,0.438,-0.3916,-0.0063,1,1,0,0.00222,0.7701,1.3243,-0.826163,-0.521194,-0.482123,1.324267,0.059216,0.135312,-0.012029
0.528,1070,0,31.9,156.6,0.532,0.4203,0.078,0,0,0,,,,,,,,,,
0.2688,1071,0,288.3,11.8,0.2728,0.0171,0.2286,1,1,1,6e-05,0.6586,0.414,0.110928,0.019875,0.414023,-0.388594,-0.009236,-0.349236,0.301781
0.5676,1072,0,19.1,95.9,0.5716,0.4485,0.1607,0,0,0,,,,,,,,,,
0.3801,1073,0,451.9,95.9,0.384,-0.1216,0.1758,1,1,1,5e-05,0.8661,0.1811,-0.081651,0.013685,0.042565,-0.18114,-0.001019,-0.126579,0.023102
0.3163,1074,0,256.9,252.8,0.3203,0.0545,0.0492,1,1,1,6e-05,1.032,0.4178,0.123198,0.139948,0.417792,-0.015161,0.001143,-0.01613,0.230538
0.564,1075,0,558.6,333.8,0.5679,-0.4633,-0.2873,0,1,0,,,,,,,,,,
0.5928,1076,0,82.2,101.6,0.5967,0.3747,0.1501,0,0,0,,,,,,,,,,
0.2909,1077,0,220.4,157.8,0.2948,0.0692,0.1411,1,1,1,5e-05,0.8593,0.4913,0.107183,0.090318,0.491283,-0.187933,-0.004706,-0.15602,0.31228
0.617,1078,0,18.3,88.2,0.621,0.491,0.169,0,0,0,,,,,,,,,,
0.0798,1079,0,581.8,46.8,0.0838,-0.0029,0.2002,1,1,1,5e-05,0.3665,0.9258,0.879824,-0.47647,0.395315,-0.68072,0.142327,-0.925759,0.752356
0.2286,1080,0,455.5,63.4,0.2326,-0.0607,0.2019,1,1,1,6e-05,0.4994,0.5637,0.535074,-0.064041,0.301111,-0.547807,0.004995,-0.563723,0.282349
0.1431,1081,0,639.3,317.9,0.1471,-0.0835,0.1383,1,1,1,5e-05,0.3775,1.2616,1.261583,-0.202834,0.294095,-0.6697,0.055529,-0.744416,0.375573
0.0855,1082,0,237.9,146.6,0.0895,0.0025,0.1978,1,1,1,9e-05,0.372,0.8753,0.851166,-0.451197,0.424452,-0.675246,0.133724,-0.875297,0.746724
0.5403,1083,0,313.1,68.9,0.5442,0.0094,0.1988,1,1,1,0.0001,0.9786,1.3457,-1.345729,0.043139,0.003471,1.115811,-0.039015,0.295991,-0.008628
0.1835,1084,0,567.8,223.4,0.1875,-0.0926,0.1452,1,1,1,5e-05,0.4263,1.0038,1.003821,-0.109486,0.280114,-0.620901,0.017279,-0.646609,0.285703
0.6046,1085,0,333.5,151.8,0.6086,-0.0229,0.0657,0,1,0,,,,,,,,,,
0.206,1086,0,597.5,194.7,0.2099,-0.1214,0.1477,1,1,1,4e-05,0.4538,0.8937,0.893727,-0.046151,0.218851,-0.593374,-0.016681,-0.600546,0.170852
0.3174,1087,0,159.2,70.2,0.3214,0.1147,0.1985,1,1,1,8e-05,0.9614,0.5162,-0.217279,0.186477,0.516179,-0.085815,-0.066895,-0.046451,0.213926
0.4781,1088,0,462.7,12.2,0.482,-0.1604,0.2592,1,1,1,5e-05,1.1898,0.704,-0.703997,-0.088227,-0.159097,0.14257,0.033049,0.195861,-0.064717
0.6497,1089,0,202.4,130.1,0.6537,0.2118,0.0944,0,0,0,,,,,,,,,,
0.2847,1090,0,118.8,270.8,0.2886,0.1543,0.0532,1,1,1,8e-05,1.1765,0.6121,-0.00898,0.246845,0.612094,0.129327,-0.061698,0.077176,0.233198
0.1695,1091,0,555.6,288.5,0.1735,-0.0827,0.1269,1,1,1,6e-05,0.4185,1.102,1.101973,-0.136995,0.30763,-0.628662,0.042399,-0.624298,0.340104
0.6445,1092,0,6.5,355.9,0.6485,0.7306,-0.4332,0,0,0,,,,,,,,,,
0.5127,1093,0,156.4,89.8,0.5167,0.2153,0.1729,0,0,0,,,,,,,,,,
0.4899,1094,0,514.8,158.0,0.4938,-0.2606,0.0864,1,1,1,7e-05,1.2911,0.6667,-0.666667,-0.237061,-0.278213,0.554271,0.047233,0.323287,-0.042186
0.3186,1095,0,611.2,289.6,0.3225,-0.2657,0.0092,1,1,1,3e-05,0.9912,0.2329,0.232864,-0.06871,-0.163781,-0.055994,-0.017947,-0.035409,-0.102121
0.0871,1096,0,554.0,116.2,0.091,-0.008,0.1984,1,1,1,5e-05,0.3703,0.9223,0.914103,-0.458119,0.384153,-0.676904,0.138438,-0.922298,0.720118
0.2012,1097,0,4.4,286.2,0.2051,0.148,0.1034,1,1,1,8e-05,0.9023,0.7366,0.218053,0.070429,0.736556,-0.144921,-0.004364,-0.118312,0.473638
0.125,1098,0,329.4,43.6,0.129,-0.0013,0.2032,1,1,1,4e-05,0.3985,0.7794,0.76405,-0.316356,0.444528,-0.648686,0.08446,-0.779429,0.617044
0.2669,1099,0,365.1,263.0,0.2709,-0.0314,0.072,1,1,1,8e-05,0.7374,0.5099,0.509925,0.022332,0.339252,-0.309767,0.044822,-0.237641,0.287279
0.2958,1100,0,137.2,168.6,0.2998,0.1314,0.1318,1,1,1,5e-05,1.0134,0.5802,-0.06229,0.185793,0.580204,-0.033822,-0.052412,-0.026734,0.266725
0.4324,1101,0,316.2,336.2,0.4363,0.0054,-0.1601,0,1,0,,,,,,,,,,
0.3439,1102,0,387.6,278.1,0.3479,-0.0671,0.003,1,1,1,4e-05,1.0468,0.1765,0.158824,0.078614,0.176487,-0.000407,0.009958,-0.000397,0.098483
0.5454,1103,0,619.2,231.0,0.5494,-0.4925,-0.0532,0,1,0,,,,,,,,,,
0.1125,1104,0,492.5,318.6,0.1164,-0.0245,0.1664,1,1,1,8e-05,0.3848,1.0883,1.088262,-0.375327,0.36971,-0.662352,0.132773,-0.804941,0.628682
0.2258,1105,0,204.8,215.2,0.2298,0.0594,0.1283,1,1,1,8e-05,0.7187,0.5474,0.39391,-0.020925,0.547419,-0.328549,0.045212,-0.283617,0.465534
0.4539,1106,0,379.1,324.4,0.4579,-0.0879,-0.1595,0,1,0,,,,,,,,,,
0.6341,1107,0,39.5,44.3,0.6381,0.4514,0.236,0,0,0,,,,,,,,,,
0.642,1108,0,45.1,303.3,0.6459,0.5954,-0.281,0,0,0,,,,,,,,,,
0.5348,1109,0,103.8,253.5,0.5388,0.3571,-0.0891,0,0,0,,,,,,,,,,
0.4993,1110,0,608.9,303.5,0.5032,-0.4681,-0.1601,0,1,0,,,,,,,,,,
0.1047,1111,0,493.0,280.1,0.1086,-0.0184,0.1787,1,1,1,9e-05,0.381,1.0316,1.031644,-0.406251,0.373894,-0.666233,0.13545,-0.849073,0.659617
0.4927,1112,0,216.2,307.9,0.4967,0.1665,-0.1631,0,1,0,,,,,,,,,,
0.4412,1113,0,609.0,302.9,0.4452,-0.4037,-0.1096,0,1,0,,,,,,,,,,
0.3103,1114,0,341.3,38.8,0.3143,-0.0143,0.2185,1,1,1,4e-05,0.7197,0.3275,0.04125,0.046203,0.31088,-0.327516,-0.009046,-0.276443,0.207556
0.6286,1115,0,615.6,16.7,0.6325,-0.4589,0.2751,0,1,0,,,,,,,,,,
0.1278,1116,0,60.0,275.6,0.1318,0.0498,0.1625,1,1,1,8e-05,0.5075,0.7013,0.643105,-0.257459,0.59746,-0.539657,0.098055,-0.528245,0.701272
0.2631,1117,0,202.4,110.3,0.267,0.0676,0.1771,1,1,1,6e-05,0.7608,0.523,0.140048,0.046499,0.522995,-0.286446,-0.002937,-0.249448,0.365464
0.5728,1118,0,549.6,65.1,0.5768,-0.3355,0.204,1,1,0,0.042,0.6991,1.3953,-1.316123,-0.499463,-0.713515,1.395284,0.055143,0.069279,-0.000622
0.5769,1119,0,240.0,25.8,0.5808,0.1135,0.2566,0,1,0,,,,,,,,,,
0.4424,1120,0,491.0,161.0,0.4463,-0.2031,0.0957,1,1,1,6e-05,1.2111,0.3198,-0.319781,-0.093245,-0.144675,0.163854,0.015426,0.127217,-0.046448
0.379,1121,0,433.4,144.0,0.3829,-0.1095,0.1308,1,1,1,5e-05,0.9118,0.1354,-0.019083,0.027933,0.076731,-0.135437,-0.00146,-0.097432,0.042061
0.472,1122,0,258.4,172.4,0.476,0.0801,0.0718,1,1,1,9e-05,1.241,0.9423,-0.942334,0.226514,0.19757,0.853361,-0.086964,0.354024,-0.016234
0.5131,1123,0,265.6,145.5,0.517,0.0758,0.0981,1,1,0,0.0124,0.6738,1.4206,-1.299346,0.195037,0.069384,1.42062,-0.087339,0.073694,-0.002036
0.3066,1124,0,187.0,124.5,0.3106,0.0957,0.1616,1,1,1,4e-05,0.9266,0.5109,-0.054616,0.142565,0.510947,-0.120644,-0.036048,-0.091775,0.264302
0.2901,1125,0,145.8,313.6,0.2941,0.1446,0.0076,1,1,1,7e-05,1.2725,0.5664,0.0011,0.273641,0.566389,0.225341,-0.061281,0.129469,0.184241
0.1842,1126,0,210.1,22.4,0.1881,0.0336,0.2131,1,1,1,5e-05,0.5267,0.5293,0.394154,-0.121081,0.529327,-0.520503,0.025251,-0.527906,0.506173
0.6328,1127,0,386.4,17.4,0.6368,-0.1039,0.2748,0,1,0,,,,,,,,,,
0.0802,1128,0,637.3,50.8,0.0842,-0.0038,0.2002,1,1,1,5e-05,0.3667,0.9293,0.885888,-0.476526,0.391795,-0.680546,0.142671,-0.929339,0.749355
0.1492,1129,0,268.7,95.7,0.1531,0.0114,0.1942,1,1,1,4e-05,0.4483,0.6625,0.662546,-0.237659,0.488164,-0.598935,0.068037,-0.653508,0.584451
0.5761,1130,0,65.9,175.6,0.5801,0.4188,0.0326,0,0,0,,,,,,,,,,
0.2881,1131,0,631.0,122.0,0.292,-0.2053,0.1664,1,1,1,7e-05,0.6283,0.4189,0.361356,0.002625,-0.043504,-0.418912,-0.033519,-0.365622,-0.07061
0.5933,1132,0,418.0,138.3,0.5972,-0.1606,0.0914,1,1,0,0.0495,0.6921,1.4023,-1.21945,-0.176718,-0.482684,1.402257,-0.02153,0.067916,-0.00322
0.4454,1133,0,507.6,212.7,0.4493,-0.2379,0.0268,1,1,1,9e-05,1.3847,0.384,-0.382847,-0.15309,-0.198409,0.383965,0.023671,0.229719,-0.039866
0.2606,1134,0,456.2,237.9,0.2645,-0.0888,0.0954,1,1,1,9e-05,0.637,0.6071,0.607132,0.006891,0.247657,-0.410189,0.018946,-0.337399,0.19967
0.2202,1135,0,346.1,106.4,0.2242,-0.0115,0.184,1,1,1,4e-05,0.544,0.5051,0.505086,-0.08117,0.412273,-0.503183,0.029197,-0.497908,0.397559
0.5545,1136,0,431.4,153.8,0.5584,-0.1715,0.0752,1,1,0,0.01768,0.6859,1.4085,-1.167893,-0.201003,-0.307102,1.408459,-0.002127,0.070252,-0.005316
0.569,1137,0,140.8,93.9,0.573,0.2673,0.1635,0,0,0,,,,,,,,,,
0.1294,1138,0,229.2,350.0,0.1333,0.0197,0.1423,1,1,1,4e-05,0.4724,0.854,0.85401,-0.28675,0.509589,-0.574789,0.127642,-0.557798,0.677374
0.372,1139,0,548.6,198.9,0.376,-0.2287,0.0764,1,1,1,8e-05,0.9909,0.1348,0.026308,-0.066264,-0.134838,-0.056348,-0.001673,-0.037282,-0.067062
0.5153,1140,0,341.4,65.7,0.5193,-0.0277,0.2028,1,1,1,7e-05,1.2606,0.9524,-0.952402,0.04269,0.012904,0.515497,-0.029944,0.353801,-0.048664
0.435,1141,0,258.3,225.5,0.439,0.0772,0.0141,1,1,1,8e-05,1.2821,0.715,-0.684888,0.249157,0.242817,0.714958,-0.085901,0.332354,-0.014626
0.3723,1142,0,555.3,333.6,0.3763,-0.2775,-0.0956,1,1,1,8e-05,1.3544,0.5694,-0.235486,-0.193427,-0.225174,0.569407,0.028204,0.260045,-0.017351
0.6495,1143,0,131.9,189.1,0.6534,0.3608,-0.0193,0,0,0,,,,,,,,,,
0.4942,1144,0,187.0,85.1,0.4981,0.1669,0.1797,1,1,0,0.02069,0.6713,1.4954,-1.495438,0.316474,0.115676,1.423149,-0.131093,0.074047,-0.002055
0.4777,1145,0,569.9,70.3,0.4817,-0.2968,0.1974,1,1,1,5e-05,1.3439,0.6778,-0.677754,-0.277792,-0.367419,0.319286,0.081338,0.270556,-0.066586
0.5809,1146,0,610.2,202.9,0.5849,-0.4976,-0.0182,0,1,0,,,,,,,,,,
0.1311,1147,0,437.9,240.4,0.1351,-0.023,0.1682,1,1,1,5e-05,0.4003,0.9939,0.993941,-0.31078,0.392093,-0.646861,0.106738,-0.748043,0.582458
0.2731,1148,0,144.8,86.4,0.277,0.1037,0.1897,1,1,1,5e-05,0.8413,0.5693,-0.020514,0.108971,0.56928,-0.205858,-0.036109,-0.166695,0.326002
0.5406,1149,0,81.8,70.1,0.5445,0.3271,0.1972,0,0,0,,,,,,,,,,
0.1519,1150,0,168.2,21.2,0.1558,0.0325,0.2095,1,1,1,8e-05,0.4754,0.6065,0.501122,-0.199658,0.544737,-0.571797,0.04603,-0.60651,0.586047
0.2489,1151,0,158.1,55.5,0.2528,0.0815,0.2059,1,1,1,5e-05,0.7363,0.5617,0.073662,0.046864,0.561715,-0.310904,-0.018434,-0.27127,0.378541
0.2971,1152,0,189.6,281.7,0.301,0.1074,0.0339,1,1,1,8e-05,1.1249,0.5177,0.081332,0.193987,0.51775,0.07772,-0.022566,0.044774,0.239193
0.252,1153,0,485.0,257.6,0.256,-0.105,0.0861,1,1,1,3e-05,0.6182,0.6738,0.673809,0.008754,0.227112,-0.429029,0.013266,-0.344884,0.173145
0.445,1154,0,159.6,347.5,0.4489,0.2398,-0.1946,0,0,0,,,,,,,,,,
0.081,1155,0,395.2,313.5,0.085,-0.0015,0.1955,1,1,1,5e-05,0.3692,0.902,0.893832,-0.474829,0.402206,-0.677981,0.145264,-0.901966,0.757095
0.5442,1156,0,357.7,22.3,0.5482,-0.0499,0.257,1,1,1,9e-05,1.2076,1.2595,-1.259523,-0.043604,-0.080997,0.789794,-0.004937,0.406864,-0.042129
0.2468,1157,0,495.3,53.7,0.2508,-0.0871,0.2067,1,1,1,5e-05,0.5165,0.5333,0.47218,-0.031933,0.232697,-0.530728,-0.008225,-0.53332,0.198002
0.3689,1158,0,174.5,177.2,0.3729,0.1406,0.1004,1,1,1,7e-05,1.2859,0.4545,-0.377988,0.302263,0.454501,0.267897,-0.101384,0.182405,0.077722
0.1664,1159,0,177.1,255.7,0.1704,0.0466,0.1422,1,1,1,4e-05,0.5759,0.61,0.610016,-0.161098,0.568932,-0.471272,0.085919,-0.432033,0.604843
0.1463,1160,0,32.2,290.8,0.1503,0.0762,0.1443,1,1,1,4e-05,0.605,0.6638,0.531755,-0.169423,0.652828,-0.442215,0.081862,-0.397639,0.663795
0.2613,1161,0,610.4,244.8,0.2652,-0.1917,0.0899,1,1,1,0.0001,0.6338,0.6071,0.607083,0.028426,0.043987,-0.413402,-0.040063,-0.329804,-0.035912
0.1645,1162,0,160.2,155.3,0.1684,0.0456,0.1765,1,1,1,5e-05,0.54,0.5933,0.525232,-0.167533,0.571274,-0.507178,0.061626,-0.499257,0.593305
0.5378,1163,0,305.4,267.9,0.5418,0.0247,-0.1191,0,1,0,,,,,,,,,,
0.4856,1164,0,182.9,299.0,0.4895,0.2137,-0.1399,0,0,0,,,,,,,,,,
0.3679,1165,0,452.1,167.9,0.3718,-0.126,0.1101,1,1,1,8e-05,0.8982,0.149,0.060056,0.020858,0.06121,-0.149028,-0.000988,-0.111304,0.034546
0.4434,1166,0,81.9,308.5,0.4474,0.337,-0.1213,0,0,0,,,,,,,,,,
0.3049,1167,0,236.5,143.1,0.3089,0.0608,0.1484,1,1,1,5e-05,0.8697,0.4591,0.060991,0.09929,0.459117,-0.177471,-0.01008,-0.144844,0.279763
0.1876,1168,0,267.6,61.8,0.1916,0.0171,0.2019,1,1,1,5e-05,0.5129,0.5476,0.482812,-0.132866,0.490436,-0.534292,0.035279,-0.547594,0.493366
0.0771,1169,0,105.1,260.3,0.0811,0.0008,0.1993,1,1,1,5e-05,0.3656,0.9129,0.862184,-0.48159,0.407658,-0.681554,0.143646,-0.912906,0.769966
0.1369,1170,0,276.5,15.5,0.1408,0.0074,0.2084,1,1,1,7e-05,0.4188,0.7217,0.662488,-0.268656,0.47542,-0.628352,0.065996,-0.721744,0.595315
0.1624,1171,0,258.3,86.2,0.1664,0.016,0.1955,1,1,1,9e-05,0.4738,0.6079,0.594,-0.19721,0.498483,-0.57345,0.056029,-0.607861,0.556686
0.1668,1172,0,290.8,129.0,0.1707,0.0083,0.1836,1,1,1,9e-05,0.4767,0.6523,0.652342,-0.19454,0.479206,-0.570538,0.063176,-0.597925,0.545319
0.408,1173,0,178.8,51.1,0.4119,0.136,0.2153,1,1,1,8e-05,1.2924,0.7164,-0.716363,0.295807,0.356531,0.267977,-0.122721,0.236346,0.005796
0.3939,1174,0,280.5,193.3,0.3979,0.0422,0.0736,1,1,1,0.0001,1.2139,0.2942,-0.238025,0.177437,0.294192,0.166663,-0.040838,0.115138,0.082145
0.3856,1175,0,555.0,125.2,0.3896,-0.2272,0.1478,1,1,1,9e-05,0.9351,0.1614,-0.09106,-0.077947,-0.161361,-0.112114,0.007331,-0.066858,-0.074715
0.2905,1176,0,191.1,105.5,0.2944,0.0846,0.1767,1,1,1,5e-05,0.8526,0.5157,0.001732,0.106364,0.515673,-0.194566,-0.025536,-0.157433,0.300745
0.3039,1177,0,225.7,247.6,0.3078,0.0768,0.0619,1,1,1,7e-05,1.019,0.4727,0.122012,0.143728,0.472741,-0.028242,-0.003132,-0.026513,0.262071
0.3042,1178,0,32.0,0.1,0.3081,0.1817,0.2405,1,1,1,6e-05,1.0726,0.6037,-0.464201,0.310949,0.60374,0.025393,-0.14429,0.07027,0.139953
0.2545,1179,0,262.3,214.6,0.2584,0.0354,0.1151,1,1,1,7e-05,0.749,0.4737,0.376239,0.012466,0.473744,-0.298242,0.039485,-0.251314,0.388922
0.4876,1180,0,557.3,220.2,0.4915,-0.3382,-0.0048,1,1,0,0.02267,0.693,1.4014,-0.92927,-0.425745,-0.520067,1.401433,0.028034,0.067542,-0.003068
0.2931,1181,0,96.3,85.9,0.2971,0.1458,0.189,1,1,1,3e-05,0.9814,0.6014,-0.199388,0.206947,0.601427,-0.065835,-0.082599,-0.036092,0.244416
0.5189,1182,0,391.2,63.9,0.5228,-0.0926,0.205,1,1,1,8e-05,1.2806,0.8892,-0.889227,-0.037027,-0.076601,0.450253,0.000442,0.333817,-0.054362
0.4483,1183,0,208.8,270.2,0.4523,0.152,-0.061,0,1,0,,,,,,,,,,
0.5291,1184,0,57.4,242.5,0.5331,0.4228,-0.0651,0,0,0,,,,,,,,,,
0.3745,1185,0,229.4,210.7,0.3785,0.0926,0.0623,1,1,1,7e-05,1.2766,0.3851,-0.2532,0.239021,0.385084,0.229358,-0.063387,0.149093,0.092158
0.3136,1186,0,20.0,11.2,0.3176,0.1992,0.2356,1,1,1,8e-05,1.1588,0.5984,-0.542521,0.362676,0.598367,0.111555,-0.16624,0.134496,0.097434
0.5478,1187,0,561.8,25.7,0.5517,-0.3231,0.2533,1,1,0,0.01188,0.6949,1.3995,-1.391935,-0.530218,-0.567617,1.399485,0.088998,0.070184,-0.008456
0.2638,1188,0,343.1,317.8,0.2678,-0.0169,0.0274,1,1,1,8e-05,0.8239,0.5063,0.506297,0.048503,0.353424,-0.223315,0.056124,-0.145066,0.289449
0.1439,1189,0,522.2,200.5,0.1479,-0.0465,0.1713,1,1,1,5e-05,0.3933,1.0344,1.034371,-0.261156,0.344547,-0.653931,0.078264,-0.777471,0.487021
0.2326,1190,0,128.7,349.3,0.2366,0.1217,0.0311,1,1,1,3e-05,1.0166,0.6232,0.289311,0.121243,0.623237,-0.030587,0.015303,-0.020873,0.380259
0.3997,1191,0,27.8,158.8,0.4036,0.306,0.1103,0,0,0,,,,,,,,,,
0.1636,1192,0,442.3,0.2,0.1676,-0.0296,0.2155,1,1,1,7e-05,0.4116,0.7479,0.703444,-0.202527,0.379249,-0.635642,0.038234,-0.74793,0.455441
0.4328,1193,0,3.8,75.2,0.4368,0.3351,0.1928,0,0,0,,,,,,,,,,
0.5075,1194,0,195.5,70.0,0.5115,0.1588,0.1976,1,1,0,0.0256,0.673,1.5253,-1.525279,0.289213,0.064694,1.421431,-0.125119,0.074038,-0.003691
0.5321,1195,0,341.4,229.6,0.536,-0.0341,-0.0435,0,1,0,,,,,,,,,,
0.4481,1196,0,152.1,21.2,0.4521,0.1762,0.2463,1,1,1,9e-05,1.23,1.2818,-1.281752,0.328785,0.262873,0.776516,-0.149412,0.384445,-0.025627
0.5353,1197,0,509.4,186.4,0.5392,-0.29,0.0289,1,1,0,0.03515,0.6939,1.4005,-1.038309,-0.355107,-0.5411,1.400526,0.011641,0.066898,-0.001499
0.3662,1198,0,231.2,257.5,0.3701,0.0932,0.0123,1,1,1,8e-05,1.3296,0.3785,-0.233379,0.258594,0.378499,0.330218,-0.06569,0.191757,0.071879
0.1236,1199,0,209.6,241.4,0.1276,0.0186,0.1724,1,1,1,6e-05,0.4395,0.782,0.782032,-0.312693,0.506143,-0.607666,0.108729,-0.651091,0.679743
0.4799,1200,0,318.0,249.6,0.4838,0.0029,-0.0481,1,1,0,0.02034,0.676,1.4184,-0.993411,0.138529,-0.018402,1.418416,-0.070094,0.069956,-0.003775
0.1152,1201,0,77.0,267.6,0.1192,0.0348,0.173,1,1,1,5e-05,0.4549,0.7208,0.712244,-0.315845,0.555945,-0.5923,0.107585,-0.618388,0.720775
0.1933,1202,0,510.3,237.9,0.1972,-0.0789,0.1336,1,1,1,0.0001,0.4591,0.9347,0.934703,-0.099971,0.306899,-0.588109,0.03166,-0.573796,0.315771
0.08,1203,0,364.5,331.1,0.084,-0.0007,0.1961,1,1,1,5e-05,0.3685,0.9031,0.886726,-0.476974,0.404136,-0.678694,0.145277,-0.903114,0.761378
0.4246,1204,0,455.8,243.9,0.4286,-0.1685,-0.006,1,1,1,8e-05,1.3684,0.3212,-0.25835,-0.046948,-0.069701,0.321158,0.003087,0.187438,-0.022412
0.363,1205,0,246.5,309.7,0.367,0.0813,-0.0526,1,1,1,8e-05,1.3121,0.5408,-0.303154,0.276098,0.326743,0.540849,-0.073611,0.265091,0.019099
0.3637,1206,0,174.8,83.1,0.3677,0.1251,0.1877,1,1,1,8e-05,1.1289,0.4482,-0.407506,0.252732,0.448209,0.081655,-0.09286,0.093106,0.107629
0.1011,1207,0,520.9,15.3,0.1051,-0.0141,0.2035,1,1,1,5e-05,0.3735,0.9129,0.900291,-0.407286,0.380396,-0.673689,0.116475,-0.912851,0.656652
0.4521,1208,0,307.9,278.5,0.456,0.0169,-0.0773,1,1,0,0.01804,0.6744,1.42,-0.927641,0.177676,0.029463,1.420049,-0.075051,0.070118,-0.003266
0.177,1209,0,411.4,287.5,0.181,-0.0346,0.1215,1,1,1,9e-05,0.4821,0.9247,0.924705,-0.152256,0.393489,-0.565063,0.081893,-0.522043,0.461124
0.538,1210,0,353.0,150.8,0.542,-0.049,0.0841,1,1,0,0.00549,0.6979,1.3965,-1.221836,-0.010228,-0.070873,1.396489,-0.034275,0.089598,-0.003717
0.3887,1211,0,618.8,297.4,0.3926,-0.3549,-0.0572,1,1,1,9e-05,1.3048,0.7174,-0.400767,-0.344711,-0.362796,0.717378,0.056123,0.309665,-0.012112
0.3976,1212,0,588.1,39.7,0.4016,-0.2475,0.2247,1,1,1,5e-05,0.9268,0.286,-0.286018,-0.123592,-0.245774,-0.120401,0.033598,-0.037876,-0.09407
0.408,1213,0,571.7,233.8,0.412,-0.294,0.0172,1,1,1,7e-05,1.3492,0.302,-0.236818,-0.200786,-0.269994,0.301988,0.030422,0.181169,-0.052401
0.1262,1214,0,324.9,31.3,0.1302,-0.0007,0.205,1,1,1,4e-05,0.3995,0.7765,0.749903,-0.310962,0.447064,-0.647723,0.081443,-0.776485,0.613246
0.53,1215,0,481.9,86.7,0.534,-0.2208,0.176,1,1,1,0.0001,1.2353,0.9476,-0.94759,-0.234267,-0.273847,0.651022,0.054356,0.379137,-0.049734
0.3161,1216,0,60.4,277.7,0.32,0.231,0.0239,0,0,0,,,,,,,,,,
0.5004,1217,0,514.5,5.3,0.5043,-0.2294,0.2698,1,1,1,7e-05,1.3065,0.8706,-0.870567,-0.214293,-0.300989,0.315563,0.075027,0.307949,-0.073398
0.2009,1218,0,263.2,349.0,0.2049,0.0288,0.0655,1,1,1,0.0001,0.6977,0.6682,0.668169,-0.053558,0.495393,-0.349502,0.099102,-0.251358,0.491908
0.4735,1219,0,260.0,239.5,0.4774,0.0845,-0.0279,1,1,0,0.03107,0.6739,1.4205,-1.053547,0.26761,0.035889,1.420469,-0.102092,0.068929,-0.004866
0.6121,1220,0,440.2,299.3,0.6161,-0.2454,-0.2456,0,1,0,,,,,,,,,,
0.498,1221,0,462.5,184.8,0.5019,-0.2001,0.0451,1,1,1,9e-05,1.2674,0.7261,-0.726062,-0.163299,-0.186496,0.698358,0.022022,0.346996,-0.033146
0.5085,1222,0,628.1,1.4,0.5125,-0.3691,0.2753,1,1,1,0.0001,1.1053,1.2518,-1.251769,-0.568416,-0.562447,0.989091,0.140179,0.346377,-0.044524
0.1796,1223,0,276.9,246.2,0.1836,0.016,0.1378,1,1,1,5e-05,0.5465,0.697,0.696972,-0.151638,0.494182,-0.50075,0.08458,-0.4643,0.544397
0.5063,1224,0,146.4,278.2,0.5103,0.277,-0.1167,0,0,0,,,,,,,,,,
0.313,1225,0,424.9,15.8,0.3169,-0.0698,0.2327,1,1,1,5e-05,0.6691,0.3781,0.06572,0.023876,0.195665,-0.378148,-0.007417,-0.323564,0.134421
0.1711,1226,0,167.9,22.2,0.1751,0.0408,0.2116,1,1,1,5e-05,0.5182,0.5557,0.408518,-0.142753,0.555658,-0.529046,0.030452,-0.539884,0.543381
0.5631,1227,0,406.4,113.7,0.5671,-0.1299,0.1352,1,1,0,0.00919,0.6869,1.4075,-1.285439,-0.165037,-0.229401,1.407532,-0.001527,0.074664,-0.005979
0.5735,1228,0,456.7,83.4,0.5775,-0.2036,0.1783,1,1,0,0.01563,0.6886,1.4058,-1.327722,-0.298774,-0.388079,1.405774,0.027227,0.070703,-0.006549
0.3885,1229,0,37.5,131.3,0.3924,0.2775,0.1414,0,0,0,,,,,,,,,,
0.4823,1230,0,367.9,32.4,0.4862,-0.0555,0.2389,1,1,1,9e-05,1.2618,0.746,-0.746046,0.035203,0.008878,0.214556,-0.01581,0.227898,-0.043563
0.4086,1231,0,606.8,259.8,0.4125,-0.346,-0.0183,1,1,1,7e-05,1.3225,0.5915,-0.396853,-0.321243,-0.357902,0.591512,0.055562,0.291935,-0.023312
0.3616,1232,0,173.9,212.0,0.3655,0.1431,0.0669,1,1,1,5e-05,1.273,0.4617,-0.340047,0.315205,0.46165,0.320567,-0.100787,0.200143,0.074289
0.3808,1233,0,78.8,124.3,0.3848,0.2294,0.1495,0,0,0,,,,,,,,,,
0.5485,1234,0,336.2,49.4,0.5525,-0.0222,0.224,1,1,1,0.0001,1.0419,1.3513,-1.351316,-0.014006,-0.048862,1.052544,-0.02068,0.329979,-0.016666
0.4332,1235,0,548.5,309.0,0.4372,-0.3146,-0.1132,1,1,0,0.03116,0.6923,1.4021,-0.73903,-0.333251,-0.492083,1.402142,0.004861,0.064496,-0.000955
0.3486,1236,0,488.2,284.5,0.3525,-0.1714,-0.0081,1,1,1,6e-05,1.0608,0.1479,0.147918,-0.00046,-0.008831,0.01363,-0.000246,0.009476,-0.007102
0.4593,1237,0,105.6,141.0,0.4632,0.2609,0.1162,0,0,0,,,,,,,,,,
0.1198,1238,0,473.8,40.1,0.1238,-0.0193,0.2033,1,1,1,7e-05,0.3813,0.8782,0.878159,-0.343114,0.384593,-0.665889,0.093043,-0.862729,0.592715
0.1341,1239,0,214.7,353.8,0.1381,0.025,0.136,1,1,1,0.0001,0.494,0.8279,0.827871,-0.2645,0.523993,-0.553167,0.126053,-0.518973,0.671877
0.4973,1240,0,28.0,72.8,0.5012,0.3645,0.1943,0,0,0,,,,,,,,,,
0.0957,1241,0,603.0,12.5,0.0997,-0.0156,0.2029,1,1,1,5e-05,0.3718,0.9382,0.924443,-0.428238,0.367983,-0.67544,0.125021,-0.938213,0.669938
0.1389,1242,0,483.5,156.5,0.1428,-0.0332,0.183,1,1,1,5e-05,0.3941,0.9577,0.957675,-0.28497,0.367712,-0.653101,0.08365,-0.791337,0.528361
0.3249,1243,0,523.2,42.3,0.3288,-0.1455,0.2173,1,1,1,4e-05,0.6774,0.3698,0.092933,0.001762,0.032547,-0.369825,-0.007571,-0.308924,0.017894
0.3162,1244,0,146.7,307.2,0.3202,0.1601,-0.0086,1,1,1,9e-05,1.2277,0.5217,-0.2009,0.360486,0.521727,0.427715,-0.10487,0.227042,0.076845
0.1315,1245,0,603.5,242.6,0.1354,-0.0559,0.1675,1,1,1,8e-05,0.3794,1.1563,1.156299,-0.290135,0.315478,-0.667786,0.087588,-0.835903,0.485818
0.134,1246,0,308.0,300.4,0.1379,0.0026,0.1516,1,1,1,6e-05,0.4437,0.9004,0.900431,-0.289159,0.46458,-0.603511,0.118308,-0.620545,0.636388
0.2105,1247,0,501.0,359.6,0.2144,-0.1002,0.0476,1,1,1,4e-05,0.5743,0.9072,0.907242,-0.002521,0.270952,-0.472892,0.037734,-0.322921,0.222374
0.1138,1248,0,117.1,233.3,0.1177,0.0269,0.1793,1,1,1,6e-05,0.4355,0.735,0.734997,-0.330818,0.530856,-0.611684,0.107295,-0.661683,0.712595
0.393,1249,0,506.7,64.8,0.3969,-0.1739,0.2029,1,1,1,2e-05,0.8857,0.1881,-0.188051,-0.037234,-0.08211,-0.161502,0.009039,-0.092887,-0.038223
0.4675,1250,0,17.7,69.5,0.4715,0.3495,0.1983,0,0,0,,,,,,,,,,
0.1641,1251,0,389.8,50.9,0.168,-0.0178,0.2041,1,1,1,5e-05,0.4283,0.7026,0.699312,-0.206354,0.411456,-0.618924,0.04847,-0.702611,0.490153
0.2081,1252,0,470.0,359.6,0.2121,-0.0816,0.0502,1,1,1,4e-05,0.5788,0.9003,0.900304,-0.017209,0.302603,-0.468418,0.054636,-0.322619,0.274629
0.3329,1253,0,507.6,20.3,0.3368,-0.1358,0.2326,1,1,1,3e-05,0.6926,0.3546,0.015597,0.003559,0.037842,-0.354596,-0.004265,-0.286178,0.023617
0.2597,1254,0,591.6,215.1,0.2636,-0.1717,0.1122,1,1,1,3e-05,0.5977,0.6162,0.616185,0.022467,0.084519,-0.449506,-0.033502,-0.38239,0.008595
0.353,1255,0,460.4,205.1,0.3569,-0.1324,0.078,1,1,1,3e-05,0.8969,0.155,0.154951,0.023792,0.067081,-0.150338,-0.000165,-0.112343,0.037539
0.315,1256,0,520.0,280.7,0.3189,-0.1778,0.0215,1,1,1,5e-05,0.8867,0.335,0.334981,0.01452,0.015688,-0.160544,-0.008043,-0.104826,-0.009293
0.2527,1257,0,428.1,211.9,0.2566,-0.0655,0.1177,1,1,1,3e-05,0.6105,0.5991,0.599076,-0.014447,0.295789,-0.436688,0.026138,-0.380806,0.259404
0.2442,1258,0,115.2,199.2,0.2482,0.1165,0.1296,1,1,1,6e-05,0.8698,0.63,0.155214,0.082097,0.629977,-0.177421,-0.006495,-0.149136,0.404919
0.4459,1259,0,488.8,304.0,0.4498,-0.2391,-0.1156,1,1,0,0.02399,0.6876,1.4068,-0.774454,-0.21855,-0.353813,1.406823,-0.008938,0.066553,-0.003237
0.6115,1260,0,167.5,175.5,0.6154,0.2691,0.0211,0,0,0,,,,,,,,,,
0.5256,1261,0,275.7,104.2,0.5296,0.0609,0.153,1,1,0,0.00533,0.6954,1.399,-1.389544,0.143248,0.058224,1.398984,-0.073764,0.092112,-0.000564
0.4171,1262,0,614.0,207.8,0.421,-0.3423,0.0464,1,1,1,8e-05,1.3874,0.3722,-0.34443,-0.290435,-0.3663,0.372159,0.055353,0.226996,-0.049978
0.5149,1263,0,371.8,218.9,0.5188,-0.0786,-0.0161,1,1,0,0.01962,0.6805,1.4139,-1.038731,-0.011302,-0.147942,1.413892,-0.041799,0.069907,-0.004383
0.1223,1264,0,272.4,184.2,0.1262,0.0073,0.1831,1,1,1,9e-05,0.4156,0.8077,0.807657,-0.327111,0.470799,-0.631601,0.104094,-0.716316,0.65892
0.1009,1265,0,328.1,307.8,0.1049,-0.0008,0.1783,1,1,1,7e-05,0.3897,0.9332,0.933216,-0.409727,0.428181,-0.657453,0.136721,-0.790599,0.710691
0.3224,1266,0,580.8,49.8,0.3264,-0.1863,0.2122,1,1,1,4e-05,0.678,0.3692,0.107885,-0.0151,-0.054087,-0.369207,-0.009811,-0.304457,-0.043171
0.458,1267,0,369.5,352.6,0.462,-0.0772,-0.2188,0,1,0,,,,,,,,,,
0.2678,1268,0,380.7,230.3,0.2718,-0.0408,0.0971,1,1,1,8e-05,0.6944,0.5042,0.504213,0.010102,0.325563,-0.352799,0.035757,-0.289503,0.277441
0.2178,1269,0,620.2,340.4,0.2218,-0.1709,0.0536,1,1,1,5e-05,0.5706,0.8726,0.872606,0.039502,0.1405,-0.476648,-0.033608,-0.338333,0.020824
0.0808,1270,0,36.1,78.3,0.0847,0.004,0.1999,1,1,1,0.0001,0.3683,0.8875,0.835485,-0.46317,0.425893,-0.678879,0.135512,-0.887542,0.762375
0.588,1271,0,550.8,128.4,0.5919,-0.3703,0.1086,0,1,0,,,,,,,,,,
0.5751,1272,0,321.1,21.7,0.5791,-0.0015,0.2615,1,1,0,0.02396,0.6819,1.5591,-1.559068,-0.013736,-0.189905,1.412456,-0.041771,0.073367,-0.00601
0.3776,1273,0,14.4,123.1,0.3816,0.2872,0.1511,0,0,0,,,,,,,,,,
0.0802,1274,0,525.0,344.1,0.0842,-0.0035,0.1956,1,1,1,5e-05,0.3686,0.9146,0.907904,-0.480322,0.392662,-0.678648,0.147815,-0.914611,0.755725
0.3574,1275,0,122.6,217.3,0.3614,0.1917,0.0632,1,1,1,0.0001,1.1641,0.5339,-0.533939,0.424106,0.492586,0.533154,-0.152403,0.288981,0.016636
0.5315,1276,0,293.8,312.9,0.5354,0.0462,-0.2078,0,1,0,,,,,,,,,,
0.0985,1277,0,223.2,280.1,0.1025,0.0081,0.1833,1,1,1,6e-05,0.3931,0.8619,0.861898,-0.406829,0.457761,-0.654072,0.130263,-0.776002,0.72991
0.5925,1278,0,503.3,68.0,0.5965,-0.2792,0.2,1,1,0,0.04508,0.6976,1.3968,-1.340489,-0.40619,-0.659814,1.396777,0.035775,0.069641,-0.001494
0.2412,1279,0,78.9,115.8,0.2452,0.1232,0.1769,1,1,1,5e-05,0.8297,0.6477,0.045398,0.089059,0.64769,-0.217519,-0.032351,-0.183349,0.392739
0.4964,1280,0,638.5,129.3,0.5003,-0.42,0.1237,1,1,0,0.02106,0.6974,1.397,-1.099343,-0.624243,-0.674404,1.396955,0.078831,0.068016,-0.003882
0.4349,1281,0,220.3,165.3,0.4388,0.1165,0.0927,1,1,1,0.0001,1.296,0.7258,-0.725756,0.28881,0.298733,0.565458,-0.108578,0.318415,-0.013521
0.1502,1282,0,327.0,81.2,0.1541,-0.0015,0.1972,1,1,1,6e-05,0.431,0.7078,0.707819,-0.242557,0.453003,-0.616239,0.066151,-0.69246,0.559044
0.3217,1283,0,604.0,216.7,0.3256,-0.2406,0.0811,1,1,1,4e-05,0.8372,0.2549,0.254871,-0.035225,-0.121943,-0.210022,-0.023563,-0.155346,-0.099739
0.1913,1284,0,273.7,327.7,0.1952,0.0211,0.0885,1,1,1,3e-05,0.6324,0.7123,0.712319,-0.093947,0.492779,-0.414829,0.100337,-0.326479,0.517746
0.2634,1285,0,141.7,255.8,0.2674,0.1207,0.0801,1,1,1,8e-05,0.9887,0.6015,0.148428,0.13632,0.601454,-0.058524,-0.010302,-0.050638,0.343348
0.6067,1286,0,367.7,81.6,0.6107,-0.0756,0.1796,1,1,0,0.04766,0.6892,1.4052,-1.395552,-0.087361,-0.396034,1.405228,-0.03413,0.070906,-0.005866
0.2565,1287,0,13.4,25.6,0.2605,0.1568,0.2205,1,1,1,4e-05,0.9052,0.6699,-0.202094,0.187833,0.669937,-0.142046,-0.09417,-0.095018,0.291849
0.5553,1288,0,208.0,306.4,0.5593,0.2062,-0.2143,0,0,0,,,,,,,,,,
0.3854,1289,0,534.3,173.9,0.3893,-0.218,0.0983,1,1,1,2e-05,0.9926,0.1282,-0.039727,-0.065078,-0.128206,-0.054628,0.002346,-0.03257,-0.059659
0.1009,1290,0,279.3,133.0,0.1049,0.0032,0.1952,1,1,1,7e-05,0.3847,0.834,0.833992,-0.398435,0.44236,-0.662471,0.11775,-0.819862,0.702349
0.3773,1291,0,513.0,208.8,0.3812,-0.1987,0.0631,1,1,1,5e-05,1.013,0.0797,0.02203,-0.039792,-0.079727,-0.034161,-0.001109,-0.022728,-0.039641
0.5473,1292,0,338.5,58.1,0.5512,-0.0254,0.2129,1,1,1,0.0001,1.0785,1.312,-1.312045,-0.011549,-0.044983,1.015893,-0.020648,0.344998,-0.019217
0.2628,1293,0,432.6,160.7,0.2667,-0.0682,0.147,1,1,1,0.0001,0.604,0.5059,0.50591,-0.012122,0.277584,-0.443193,0.013416,-0.404913,0.2359
0.4241,1294,0,46.0,310.6,0.4281,0.3685,-0.1079,0,0,0,,,,,,,,,,
0.2608,1295,0,489.6,310.5,0.2648,-0.1211,0.0366,1,1,1,9e-05,0.7077,0.634,0.633962,0.036714,0.183236,-0.339472,0.013958,-0.228598,0.120026
0.1148,1296,0,259.9,329.5,0.1188,0.0092,0.1621,1,1,1,8e-05,0.423,0.896,0.895969,-0.350394,0.473522,-0.624158,0.130405,-0.673115,0.696768
0.1338,1297,0,286.5,231.8,0.1378,0.0068,0.1686,1,1,1,6e-05,0.4376,0.8262,0.826172,-0.291582,0.474501,-0.609596,0.104793,-0.654198,0.636399
0.6181,1298,0,214.9,95.1,0.6221,0.1725,0.1581,0,1,0,,,,,,,,,,
0.6403,1299,0,0.7,72.4,0.6443,0.5336,0.1931,0,0,0,,,,,,,,,,
0.5411,1300,0,187.4,73.5,0.545,0.1829,0.1928,0,1,0,,,,,,,,,,
0.3121,1301,0,496.8,140.9,0.316,-0.1325,0.1484,1,1,1,6e-05,0.6938,0.3534,0.296211,0.015564,0.101475,-0.353405,-0.008403,-0.301638,0.061478
0.1462,1302,0,208.4,299.7,0.1502,0.0298,0.1415,1,1,1,8e-05,0.5145,0.7504,0.750439,-0.228845,0.535972,-0.532685,0.109128,-0.501992,0.64399
0.3658,1303,0,571.2,129.9,0.3698,-0.2285,0.1468,1,1,1,5e-05,0.8737,0.1735,0.001349,-0.063695,-0.149839,-0.173466,-0.000517,-0.121275,-0.081066
0.3584,1304,0,212.4,64.2,0.3624,0.0893,0.203,1,1,1,9e-05,1.017,0.4116,-0.32109,0.192782,0.411627,-0.030173,-0.064674,0.010013,0.13877
0.5273,1305,0,298.1,266.8,0.5313,0.0361,-0.1097,0,1,0,,,,,,,,,,
0.1996,1306,0,411.8,28.7,0.2036,-0.0322,0.213,1,1,1,8e-05,0.4657,0.626,0.563737,-0.11909,0.370892,-0.581454,0.018652,-0.625978,0.382402
0.4826,1307,0,114.1,18.6,0.4866,0.2356,0.2533,0,0,0,,,,,,,,,,
0.3447,1308,0,211.6,186.1,0.3487,0.0971,0.1002,1,1,1,5e-05,1.112,0.4504,-0.132299,0.203434,0.450382,0.064795,-0.047733,0.046641,0.172814
0.3722,1309,0,277.8,334.2,0.3762,0.0498,-0.0964,1,1,1,8e-05,1.3021,0.7828,-0.450448,0.248234,0.243235,0.782761,-0.070127,0.312288,-0.010206
0.3386,1310,0,88.4,32.7,0.3426,0.1734,0.225,1,1,1,7e-05,1.157,0.5309,-0.526488,0.32524,0.530895,0.109807,-0.140135,0.130555,0.090828
0.3525,1311,0,71.9,217.0,0.3564,0.2367,0.0659,0,0,0,,,,,,,,,,
0.595,1312,0,541.3,233.8,0.599,-0.404,-0.0857,0,1,0,,,,,,,,,,
0.3867,1313,0,422.3,295.2,0.3907,-0.1204,-0.0524,1,1,1,5e-05,1.3494,0.3022,-0.11546,0.026105,0.028764,0.302156,-0.003783,0.165959,0.003736
0.5675,1314,0,305.2,289.4,0.5715,0.0274,-0.1862,0,1,0,,,,,,,,,,
0.3664,1315,0,348.3,322.3,0.3704,-0.0322,-0.0732,1,1,1,8e-05,1.4174,0.3702,-0.114578,0.129946,0.169218,0.370177,-0.019748,0.193541,0.031085
0.5411,1316,0,455.2,107.2,0.5451,-0.1928,0.1473,1,1,1,9e-05,1.2313,1.0453,-1.045263,-0.217574,-0.238745,0.863118,0.038391,0.376037,-0.03625
0.5583,1317,0,40.3,234.3,0.5623,0.4748,-0.0664,0,0,0,,,,,,,,,,
0.591,1318,0,246.9,119.4,0.595,0.1169,0.1224,0,1,0,,,,,,,,,,
0.4276,1319,0,579.7,238.5,0.4316,-0.323,-0.0001,1,1,1,8e-05,1.324,0.5609,-0.4345,-0.290077,-0.329724,0.560882,0.050527,0.290425,-0.029051
0.1373,1320,0,562.9,237.3,0.1412,-0.0525,0.1655,1,1,1,6e-05,0.3852,1.1154,1.115426,-0.274792,0.329073,-0.662035,0.084574,-0.799025,0.485527
0.5498,1321,0,122.5,116.5,0.5537,0.2896,0.1329,0,0,0,,,,,,,,,,
0.5193,1322,0,568.7,266.3,0.5233,-0.403,-0.1034,0,1,0,,,,,,,,,,
0.4042,1323,0,60.5,219.5,0.4081,0.2947,0.0376,0,0,0,,,,,,,,,,
0.2437,1324,0,212.3,279.9,0.2477,0.0671,0.0753,1,1,1,8e-05,0.8397,0.5318,0.377856,0.039705,0.531781,-0.207519,0.04673,-0.159238,0.412923
0.3016,1325,0,49.9,234.6,0.3056,0.2146,0.0751,0,0,0,,,,,,,,,,
0.6176,1326,0,176.3,43.4,0.6216,0.2242,0.2362,0,0,0,,,,,,,,,,
0.6112,1327,0,444.5,336.2,0.6152,-0.2661,-0.3409,0,1,0,,,,,,,,,,
0.5959,1328,0,167.2,28.8,0.5999,0.2257,0.2547,0,0,0,,,,,,,,,,
0.2731,1329,0,404.5,104.1,0.277,-0.0509,0.1795,1,1,1,8e-05,0.6174,0.4298,0.361914,-0.006133,0.293364,-0.429786,0.007,-0.39935,0.241887
0.0929,1330,0,312.9,220.4,0.0968,0.0004,0.1916,1,1,1,8e-05,0.3787,0.8835,0.883491,-0.432598,0.423772,-0.668489,0.133056,-0.84657,0.726204
0.5765,1331,0,149.4,47.4,0.5805,0.2469,0.2281,0,0,0,,,,,,,,,,
0.4766,1332,0,298.1,270.5,0.4805,0.0322,-0.0813,1,1,0,0.04401,0.6787,1.4157,-0.948019,0.199588,-0.101745,1.415687,-0.090774,0.065062,-0.006403
0.1304,1333,0,122.5,209.1,0.1344,0.0367,0.1752,1,1,1,4e-05,0.4757,0.6778,0.660084,-0.26842,0.560739,-0.571516,0.091781,-0.588249,0.6778
0.2356,1334,0,161.8,263.0,0.2395,0.0919,0.0931,1,1,1,7e-05,0.8479,0.5896,0.314214,0.04428,0.589582,-0.199297,0.032418,-0.159469,0.435317
0.5544,1335,0,463.5,83.7,0.5584,-0.2056,0.1788,1,1,0,0.00015,0.9538,1.2336,-1.23364,-0.285413,-0.295231,1.140628,0.045528,0.275658,-0.022525
0.5723,1336,0,436.5,276.8,0.5763,-0.214,-0.1622,0,1,0,,,,,,,,,,
0.3293,1337,0,355.4,92.8,0.3333,-0.0271,0.1821,1,1,1,4e-05,0.7772,0.2751,0.064461,0.054572,0.275128,-0.269974,-0.003559,-0.22258,0.180063
0.2907,1338,0,15.8,160.3,0.2947,0.2117,0.1393,0,0,0,,,,,,,,,,
0.4351,1339,0,30.8,34.7,0.4391,0.2967,0.2322,0,0,0,,,,,,,,,,
0.2364,1340,0,35.1,140.6,0.2403,0.145,0.1651,1,1,1,6e-05,0.8819,0.6915,0.018416,0.118554,0.691548,-0.165341,-0.0466,-0.137255,0.387167
0.5462,1341,0,6.3,26.8,0.5502,0.4183,0.2519,0,0,0,,,,,,,,,,
0.4796,1342,0,472.0,96.2,0.4836,-0.186,0.1674,1,1,1,7e-05,1.2741,0.5675,-0.567453,-0.107072,-0.164891,0.226863,0.026228,0.201089,-0.05454
0.1234,1343,0,89.4,262.5,0.1274,0.0398,0.1683,1,1,1,4e-05,0.4776,0.7043,0.684637,-0.285058,0.569949,-0.569584,0.102289,-0.577677,0.704282
0.6142,1344,0,379.4,359.2,0.6181,-0.1316,-0.409,0,0,0,,,,,,,,,,
0.3357,1345,0,51.8,213.9,0.3396,0.2394,0.0771,0,0,0,,,,,,,,,,
0.3534,1346,0,32.9,253.6,0.3574,0.2867,0.025,0,0,0,,,,,,,,,,
0.1659,1347,0,400.9,48.9,0.1698,-0.021,0.2047,1,1,1,5e-05,0.4272,0.7054,0.702858,-0.201759,0.403565,-0.619988,0.04617,-0.705427,0.479306
0.2636,1348,0,456.5,333.5,0.2676,-0.1018,0.013,1,1,1,8e-05,0.7679,0.5988,0.598813,0.046058,0.206801,-0.279327,0.028872,-0.168926,0.148719
0.1628,1349,0,629.7,78.9,0.1668,-0.0801,0.1973,1,1,1,5e-05,0.3882,0.9592,0.959184,-0.17546,0.271226,-0.658977,0.019752,-0.831974,0.330997
0.6226,1350,0,466.2,92.7,0.6265,-0.2415,0.1616,0,1,0,,,,,,,,,,
0.5314,1351,0,30.2,204.5,0.5354,0.449,0.0004,0,0,0,,,,,,,,,,
0.1873,1352,0,474.3,345.5,0.1912,-0.0694,0.0822,1,1,1,7e-05,0.5018,0.9985,0.998486,-0.079586,0.336561,-0.545351,0.064952,-0.434057,0.348265
0.1373,1353,0,394.3,46.9,0.1413,-0.0132,0.2035,1,1,1,0.0001,0.4002,0.784,0.784021,-0.283472,0.415917,-0.647005,0.072974,-0.77867,0.562154
0.515,1354,0,473.7,250.4,0.519,-0.2419,-0.071,0,1,0,,,,,,,,,,
0.4791,1355,0,558.7,67.2,0.4831,-0.2836,0.2008,1,1,1,8e-05,1.3452,0.6733,-0.673256,-0.256635,-0.34635,0.29805,0.075854,0.261117,-0.067916
0.3436,1356,0,519.3,87.5,0.3475,-0.1603,0.1852,1,1,1,3e-05,0.7478,0.2994,0.076367,-0.004244,-0.001865,-0.299399,-0.00586,-0.238962,-0.005093
0.5662,1357,0,204.7,35.4,0.5701,0.1616,0.2431,0,1,0,,,,,,,,,,
0.2904,1358,0,481.4,3.9,0.2943,-0.096,0.236,1,1,1,7e-05,0.5972,0.45,0.180373,0.004792,0.162472,-0.450006,-0.010407,-0.409676,0.118764
0.1971,1359,0,523.5,345.1,0.2011,-0.0995,0.0721,1,1,1,6e-05,0.5106,0.9908,0.990829,-0.034613,0.284461,-0.536566,0.033991,-0.411054,0.246946
0.0797,1360,0,609.3,168.3,0.0837,-0.0035,0.1989,1,1,1,5e-05,0.367,0.9255,0.891135,-0.479132,0.392387,-0.680229,0.144621,-0.925519,0.753396
0.3808,1361,0,9.4,34.6,0.3848,0.2704,0.2275,0,0,0,,,,,,,,,,
0.6297,1362,0,635.7,299.0,0.6336,-0.6654,-0.2596,0,1,0,,,,,,,,,,
0.538,1363,0,595.4,322.4,0.5419,-0.499,-0.235,0,1,0,,,,,,,,,,
0.6176,1364,0,393.4,249.5,0.6215,-0.1424,-0.1324,0,1,0,,,,,,,,,,
0.3692,1365,0,414.2,31.0,0.3731,-0.0786,0.2292,1,1,1,5e-05,0.8165,0.2307,-0.16261,0.039284,0.116057,-0.230718,-0.005435,-0.157282,0.060533
0.0968,1366,0,506.2,40.7,0.1007,-0.0111,0.2015,1,1,1,5e-05,0.3729,0.9106,0.900887,-0.422628,0.385633,-0.674304,0.123331,-0.91063,0.678886
0.1423,1367,0,543.4,32.2,0.1463,-0.0422,0.2064,1,1,1,6e-05,0.3847,0.8899,0.889905,-0.264153,0.340289,-0.662527,0.05947,-0.852846,0.476776
0.5215,1368,0,330.7,203.6,0.5255,-0.0162,0.0063,1,1,0,0.02539,0.6788,1.4156,-1.103872,0.079988,-0.100568,1.415567,-0.062693,0.0698,-0.004571
0.3867,1369,0,463.9,26.8,0.3907,-0.1268,0.2343,1,1,1,4e-05,0.8479,0.2287,-0.228666,0.001527,0.002209,-0.199277,0.004118,-0.117434,-0.000112
0.5287,1370,0,440.1,356.1,0.5326,-0.223,-0.3048,0,1,0,,,,,,,,,,
0.3631,1371,0,575.8,118.1,0.3671,-0.2278,0.1579,1,1,1,6e-05,0.8536,0.1936,-0.00044,-0.062138,-0.150757,-0.193643,-0.000322,-0.136834,-0.082735
0.4059,1372,0,35.0,288.1,0.4098,0.353,-0.0572,0,0,0,,,,,,,,,,
0.5401,1373,0,446.6,359.1,0.5441,-0.2419,-0.3251,0,1,0,,,,,,,,,,
0.2536,1374,0,144.1,31.7,0.2575,0.0889,0.2173,1,1,1,5e-05,0.7528,0.5664,0.007751,0.067731,0.566394,-0.294374,-0.030709,-0.24984,0.357132
0.5304,1375,0,433.0,14.2,0.5344,-0.1439,0.2647,1,1,1,7e-05,1.2355,1.0434,-1.043387,-0.134514,-0.191005,0.501186,0.037549,0.378883,-0.065145
0.2549,1376,0,383.3,299.0,0.2589,-0.0431,0.0516,1,1,1,8e-05,0.7263,0.5951,0.595142,0.020167,0.326267,-0.320897,0.05274,-0.228762,0.282884
0.1442,1377,0,207.3,42.5,0.1482,0.0221,0.2047,1,1,1,4e-05,0.4507,0.6506,0.586667,-0.235368,0.51817,-0.596476,0.05939,-0.650602,0.600227
0.2985,1378,0,186.3,117.7,0.3025,0.0922,0.1676,1,1,1,5e-05,0.8942,0.5171,-0.027593,0.126855,0.517051,-0.152987,-0.031348,-0.120174,0.282903
0.5997,1379,0,296.1,339.5,0.6037,0.0502,-0.3381,0,1,0,,,,,,,,,,
0.3799,1380,0,59.0,62.2,0.3838,0.2326,0.2049,0,0,0,,,,,,,,,,
0.6486,1381,0,179.0,120.6,0.6525,0.2509,0.1116,0,0,0,,,,,,,,,,
0.4471,1382,0,613.6,31.2,0.4511,-0.3103,0.2367,1,1,1,5e-05,1.196,0.5941,-0.594069,-0.269995,-0.39764,0.148796,0.089397,0.189442,-0.084598
0.3968,1383,0,610.5,70.7,0.4008,-0.2756,0.1976,1,1,1,6e-05,0.97,0.2888,-0.254045,-0.153427,-0.288766,-0.077197,0.03543,-0.012707,-0.104634
0.5121,1384,0,289.3,61.6,0.5161,0.0393,0.2077,1,1,1,8e-05,1.226,1.1163,-1.116332,0.118383,0.086319,0.693614,-0.061177,0.38842,-0.038347
0.3511,1385,0,551.4,310.9,0.3551,-0.246,-0.0437,1,1,1,4e-05,1.2267,0.1795,0.043499,-0.092834,-0.150081,0.179495,0.004527,0.100597,-0.049256
0.308,1386,0,182.4,136.8,0.312,0.1009,0.1524,1,1,1,4e-05,0.9504,0.5171,-0.056958,0.152269,0.517091,-0.096812,-0.038072,-0.073094,0.260161
0.3517,1387,0,358.2,244.1,0.3556,-0.0375,0.0369,1,1,1,4e-05,1.0246,0.2259,0.106002,0.092371,0.225856,-0.022551,0.006131,-0.018489,0.125453
0.6015,1388,0,544.6,209.3,0.6054,-0.4037,-0.0398,0,1,0,,,,,,,,,,
0.1934,1389,0,553.9,82.1,0.1973,-0.0821,0.1953,1,1,1,5e-05,0.425,0.7911,0.791121,-0.111342,0.272541,-0.622213,0.00457,-0.704917,0.284093
0.2143,1390,0,369.1,264.3,0.2182,-0.0247,0.1066,1,1,1,4e-05,0.5825,0.726,0.726044,-0.07025,0.397687,-0.464702,0.06669,-0.396988,0.405231
0.2687,1391,0,591.3,145.4,0.2726,-0.1667,0.1551,1,1,1,3e-05,0.5789,0.5109,0.510888,0.012354,0.070098,-0.468329,-0.031782,-0.426531,0.012568
0.6477,1392,0,522.2,44.8,0.6516,-0.3333,0.2361,0,0,0,,,,,,,,,,
0.3443,1393,0,600.9,317.7,0.3483,-0.2937,-0.0464,1,1,1,8e-05,1.2796,0.2328,0.016577,-0.156636,-0.232803,0.232429,0.012698,0.125356,-0.059984
0.1358,1394,0,566.0,161.1,0.1397,-0.0477,0.183,1,1,1,7e-05,0.3836,1.0417,1.041714,-0.28691,0.330033,-0.663618,0.079749,-0.843671,0.493901
0.1675,1395,0,553.4,209.4,0.1714,-0.073,0.1583,1,1,1,8e-05,0.4073,1.03,1.030024,-0.169435,0.308397,-0.639884,0.040757,-0.710507,0.367344
0.2275,1396,0,162.3,214.0,0.2315,0.0821,0.1283,1,1,1,7e-05,0.7665,0.5881,0.316667,0.006551,0.588074,-0.280673,0.03178,-0.239611,0.46212
0.1035,1397,0,113.9,108.3,0.1075,0.0174,0.1968,1,1,1,4e-05,0.3997,0.7591,0.73716,-0.368722,0.496339,-0.647476,0.1043,-0.759097,0.714569
0.203,1398,0,427.1,257.7,0.207,-0.0492,0.1178,1,1,1,6e-05,0.5181,0.8331,0.833073,-0.091563,0.359545,-0.529081,0.056604,-0.476751,0.377407
0.5965,1399,0,519.3,328.7,0.6004,-0.41,-0.3064,0,1,0,,,,,,,,,,
0.0839,1400,0,425.3,160.5,0.0879,-0.0027,0.1978,1,1,1,5e-05,0.3696,0.9052,0.887049,-0.464115,0.401116,-0.677589,0.139856,-0.905228,0.742255
0.1994,1401,0,626.6,289.6,0.2033,-0.1423,0.103,1,1,1,9e-05,0.47,0.997,0.996992,-0.011585,0.206014,-0.577214,-0.025579,-0.509501,0.115008
0.6415,1402,0,512.0,20.8,0.6455,-0.3061,0.2711,0,1,0,,,,,,,,,,
0.5521,1403,0,78.7,37.2,0.5561,0.3289,0.2397,0,0,0,,,,,,,,,,
0.1823,1404,0,44.3,115.4,0.1863,0.0906,0.1853,1,1,1,8e-05,0.6506,0.6592,0.277626,-0.062251,0.659233,-0.396587,0.017707,-0.368328,0.54653
0.4093,1405,0,156.3,133.5,0.4132,0.1718,0.1351,1,1,1,7e-05,1.2156,0.7915,-0.791482,0.372558,0.382222,0.550395,-0.148318,0.322224,-0.01399
0.5887,1406,0,336.1,354.0,0.5926,-0.0338,-0.3659,0,0,0,,,,,,,,,,
0.5071,1407,0,257.9,229.1,0.511,0.0937,-0.0292,0,1,0,,,,,,,,,,
0.4865,1408,0,68.5,223.2,0.4904,0.3587,-0.0089,0,0,0,,,,,,,,,,
0.6174,1409,0,442.6,11.3,0.6213,-0.1855,0.281,0,1,0,,,,,,,,,,
0.1811,1410,0,0.6,34.4,0.185,0.0958,0.2095,1,1,1,8e-05,0.6419,0.6715,0.18739,-0.043191,0.671486,-0.405296,-0.004657,-0.378358,0.525144
0.4634,1411,0,198.0,71.5,0.4674,0.1399,0.1963,1,1,1,8e-05,1.238,1.1153,-1.115289,0.285706,0.246179,0.716098,-0.124795,0.376435,-0.028742
0.137,1412,0,554.9,303.6,0.141,-0.0549,0.1481,1,1,1,5e-05,0.3868,1.1743,1.174256,-0.263821,0.333782,-0.660407,0.091573,-0.74644,0.484591
0.5638,1413,0,215.4,46.6,0.5677,0.1474,0.2284,0,1,0,,,,,,,,,,
0.4594,1414,0,568.3,275.5,0.4634,-0.3519,-0.0776,1,1,0,0.04202,0.6962,1.3982,-0.801019,-0.399672,-0.607825,1.398248,0.006219,0.063098,0.00239
0.1044,1415,0,337.1,327.1,0.1084,-0.0019,0.1726,1,1,1,6e-05,0.3942,0.9544,0.954413,-0.398201,0.428394,-0.652957,0.137744,-0.768034,0.701648
0.432,1416,0,539.2,149.7,0.436,-0.2501,0.1121,1,1,1,4e-05,1.1771,0.3012,-0.301152,-0.144759,-0.224134,0.129869,0.026668,0.110445,-0.065858
0.1393,1417,0,436.2,151.4,0.1433,-0.0236,0.184,1,1,1,4e-05,0.4015,0.9058,0.905792,-0.285248,0.392157,-0.645658,0.085558,-0.764642,0.55087
0.3204,1418,0,438.9,182.4,0.3244,-0.0965,0.1124,1,1,1,5e-05,0.7667,0.2852,0.285161,0.032846,0.168861,-0.280519,0.004478,-0.228629,0.116263
0.1786,1419,0,553.0,323.8,0.1826,-0.0939,0.1027,1,1,1,4e-05,0.4443,1.0897,1.089652,-0.089582,0.297858,-0.602908,0.034688,-0.53566,0.291635
0.3965,1420,0,299.4,64.0,0.4005,0.0194,0.2036,1,1,1,8e-05,1.0146,0.3474,-0.347423,0.132933,0.252403,-0.032607,-0.037039,0.013988,0.079846
0.5966,1421,0,296.2,251.8,0.6006,0.0446,-0.1245,0,1,0,,,,,,,,,,
0.1975,1422,0,289.1,346.0,0.2015,0.0152,0.0711,1,1,1,3e-05,0.6577,0.7216,0.721636,-0.069777,0.474106,-0.389535,0.101567,-0.287288,0.489313
0.2621,1423,0,544.3,221.7,0.2661,-0.1448,0.1063,1,1,1,3e-05,0.6081,0.6159,0.615883,0.017775,0.139122,-0.439099,-0.016322,-0.369992,0.071881
0.5807,1424,0,61.0,197.3,0.5847,0.4411,-0.0078,0,0,0,,,,,,,,,,
0.2946,1425,0,330.4,79.0,0.2985,-0.0068,0.1932,1,1,1,5e-05,0.7056,0.3505,0.156341,0.032094,0.350459,-0.341605,4.8e-05,-0.300509,0.255102
0.5869,1426,0,630.2,251.2,0.5909,-0.5689,-0.1171,0,1,0,,,,,,,,,,
0.3933,1427,0,2.4,14.8,0.3973,0.2826,0.2447,0,0,0,,,,,,,,,,
0.445,1428,0,193.7,293.6,0.449,0.1762,-0.097,0,1,0,,,,,,,,,,
0.5349,1429,0,263.8,215.3,0.5389,0.0888,-0.0197,0,1,0,,,,,,,,,,
0.2689,1430,0,356.7,22.1,0.2729,-0.02,0.2236,1,1,1,7e-05,0.6144,0.4328,0.205157,-0.001287,0.343918,-0.432846,-0.002944,-0.402552,0.269788
0.3874,1431,0,277.3,108.5,0.3914,0.0408,0.1634,1,1,1,6e-05,1.0533,0.3059,-0.275889,0.154592,0.305918,0.006105,-0.040411,0.026625,0.105644
0.2493,1432,0,451.0,230.2,0.2532,-0.0795,0.1071,1,1,1,3e-05,0.6028,0.6485,0.648475,-0.010488,0.274559,-0.444435,0.023247,-0.379241,0.235209
0.3449,1433,0,516.5,206.4,0.3488,-0.1801,0.0802,1,1,1,3e-05,0.8719,0.187,0.187031,-0.004311,-0.0164,-0.175346,-0.008011,-0.130375,-0.019839
0.1344,1434,0,119.4,342.3,0.1384,0.0472,0.1391,1,1,1,7e-05,0.5337,0.7087,0.708731,-0.240599,0.58327,-0.513459,0.114254,-0.471838,0.690097
0.4883,1435,0,208.7,232.4,0.4922,0.1612,-0.0247,0,1,0,,,,,,,,,,
0.6311,1436,0,80.0,331.1,0.6351,0.5285,-0.3467,0,0,0,,,,,,,,,,
0.3767,1437,0,544.3,228.7,0.3807,-0.2359,0.0405,1,1,1,8e-05,1.0819,0.1471,-0.001045,-0.081251,-0.147094,0.034671,0.001774,0.023271,-0.062215
0.5825,1438,0,612.4,251.6,0.5865,-0.5319,-0.1153,0,1,0,,,,,,,,,,
0.1931,1439,0,448.2,5.4,0.197,-0.0417,0.2192,1,1,1,4e-05,0.443,0.671,0.599087,-0.129324,0.349184,-0.604202,0.015438,-0.670972,0.369628
0.4826,1440,0,401.5,302.0,0.4866,-0.1266,-0.1431,0,1,0,,,,,,,,,,
0.3853,1441,0,370.0,41.7,0.3893,-0.0445,0.2221,1,1,1,4e-05,0.8935,0.2482,-0.248165,0.068752,0.160331,-0.153697,-0.013313,-0.085304,0.069119
0.368,1442,0,220.3,199.0,0.372,0.0984,0.0779,1,1,1,9e-05,1.2331,0.4079,-0.235936,0.236407,0.40787,0.185861,-0.063042,0.125744,0.110295
0.2629,1443,0,296.4,246.3,0.2668,0.0158,0.0877,1,1,1,7e-05,0.771,0.4266,0.42172,0.024793,0.426618,-0.276249,0.045932,-0.220341,0.352343
0.1489,1444,0,506.1,2.6,0.1529,-0.0376,0.2125,1,1,1,5e-05,0.3905,0.822,0.813427,-0.243267,0.354431,-0.656715,0.050276,-0.822038,0.469354
0.452,1445,0,347.9,22.0,0.456,-0.0297,0.2461,1,1,1,7e-05,1.1386,0.6296,-0.62959,0.078513,0.082994,0.091419,-0.026041,0.144744,-0.01669
0.47,1446,0,590.3,300.3,0.474,-0.4061,-0.1294,0,1,0,,,,,,,,,,
0.4688,1447,0,584.7,260.2,0.4727,-0.3774,-0.0586,1,1,0,0.04869,0.6984,1.396,-0.827454,-0.443,-0.677035,1.395993,0.006807,0.06241,0.004949
0.4549,1448,0,2.2,68.5,0.4588,0.3553,0.1995,0,0,0,,,,,,,,,,
0.518,1449,0,503.5,348.1,0.522,-0.3291,-0.2741,0,1,0,,,,,,,,,,
0.5286,1450,0,171.3,128.3,0.5325,0.2109,0.1193,0,0,0,,,,,,,,,,
0.2492,1451,0,341.4,86.4,0.2532,-0.0111,0.191,1,1,1,9e-05,0.5996,0.4476,0.361235,-0.030653,0.389228,-0.447616,0.014437,-0.426314,0.336922
0.6413,1452,0,220.5,169.9,0.6453,0.1841,0.022,0,1,0,,,,,,,,,,
0.2851,1453,0,237.7,97.1,0.2891,0.0523,0.1825,1,1,1,5e-05,0.7775,0.4682,0.089317,0.063302,0.468245,-0.269713,-0.008037,-0.229858,0.312268
0.5019,1454,0,518.8,27.8,0.5058,-0.2403,0.2459,1,1,1,9e-05,1.3044,0.8397,-0.839667,-0.226548,-0.308121,0.346254,0.073846,0.310013,-0.069639
0.6202,1455,0,573.5,117.8,0.6241,-0.4275,0.1207,0,1,0,,,,,,,,,,
0.6268,1456,0,573.3,350.7,0.6307,-0.5679,-0.3981,0,0,0,,,,,,,,,,
0.1769,1457,0,202.8,337.8,0.1808,0.0473,0.0973,1,1,1,3e-05,0.6462,0.6607,0.660677,-0.114984,0.555093,-0.40101,0.103561,-0.320418,0.577031
0.2175,1458,0,398.5,215.4,0.2215,-0.0383,0.1322,1,1,1,5e-05,0.5465,0.7074,0.707352,-0.076318,0.369943,-0.500699,0.047946,-0.461543,0.373136
0.6025,1459,0,529.2,26.8,0.6064,-0.3124,0.2581,0,1,0,,,,,,,,,,
0.0929,1460,0,62.4,334.6,0.0969,0.0173,0.1831,1,1,1,5e-05,0.3977,0.8154,0.815364,-0.412201,0.488356,-0.649523,0.130236,-0.752563,0.761397
0.1243,1461,0,469.1,53.2,0.1283,-0.0209,0.202,1,1,1,7e-05,0.3839,0.8776,0.87762,-0.328951,0.384233,-0.663268,0.088794,-0.848795,0.578784
0.6079,1462,0,65.9,30.1,0.6118,0.3844,0.2541,0,0,0,,,,,,,,,,
0.4421,1463,0,605.0,83.2,0.446,-0.3123,0.1843,1,1,1,4e-05,1.2156,0.4857,-0.485662,-0.255924,-0.372578,0.168434,0.070992,0.172232,-0.080763
0.4169,1464,0,48.9,163.1,0.4208,0.3004,0.1005,0,0,0,,,,,,,,,,
0.1008,1465,0,511.9,320.2,0.1047,-0.0186,0.177,1,1,1,0.0001,0.3795,1.0524,1.052429,-0.421046,0.368434,-0.667661,0.142662,-0.856872,0.672059
0.2046,1466,0,342.8,291.2,0.2086,-0.0111,0.0979,1,1,1,4e-05,0.5924,0.7448,0.744803,-0.082055,0.427404,-0.454764,0.081709,-0.376147,0.44714
0.4682,1467,0,140.6,350.7,0.4721,0.2864,-0.226,0,0,0,,,,,,,,,,
0.4079,1468,0,103.2,73.2,0.4118,0.2133,0.1952,0,0,0,,,,,,,,,,
0.3848,1469,0,501.1,343.2,0.3887,-0.2254,-0.1231,1,1,1,9e-05,1.3095,0.7668,-0.374991,-0.143274,-0.158864,0.766782,0.015995,0.304882,-0.012659
0.6435,1470,0,157.3,90.7,0.6475,0.2785,0.1634,0,0,0,,,,,,,,,,
0.3461,1471,0,576.0,201.3,0.3501,-0.2344,0.0848,1,1,1,8e-05,0.8988,0.1484,0.142544,-0.050427,-0.12865,-0.148448,-0.011938,-0.107477,-0.082806
0.4804,1472,0,123.6,164.1,0.4844,0.2585,0.0807,0,0,0,,,,,,,,,,
0.2523,1473,0,142.0,125.5,0.2563,0.0981,0.1701,1,1,1,6e-05,0.8037,0.5899,0.104271,0.066898,0.589876,-0.243545,-0.01338,-0.208532,0.386656
0.1823,1474,0,37.0,237.1,0.1863,0.1062,0.1401,1,1,1,8e-05,0.7279,0.686,0.337885,-0.04491,0.685951,-0.319299,0.035971,-0.276744,0.56188
0.0781,1475,0,580.3,355.7,0.0821,-0.0022,0.1977,1,1,1,5e-05,0.3667,0.9209,0.890358,-0.484286,0.395402,-0.680518,0.147063,-0.920944,0.762865
0.3579,1476,0,517.9,104.1,0.3619,-0.1706,0.1706,1,1,1,8e-05,0.8019,0.2453,0.032571,-0.0136,-0.031053,-0.245313,-0.003419,-0.18674,-0.020683
0.442,1477,0,456.6,249.8,0.446,-0.1791,-0.025,1,1,1,0.0001,1.3462,0.5087,-0.407757,-0.08148,-0.104983,0.508663,0.006194,0.268213,-0.025645
0.552,1478,0,155.2,12.9,0.556,0.2195,0.2693,0,0,0,,,,,,,,,,
0.4651,1479,0,245.8,311.7,0.4691,0.1116,-0.1463,0,1,0,,,,,,,,,,
0.3028,1480,0,216.6,115.2,0.3068,0.0725,0.1688,1,1,1,5e-05,0.8657,0.4797,0.00379,0.108141,0.479743,-0.181507,-0.021337,-0.145577,0.278566
0.5122,1481,0,394.9,199.6,0.5162,-0.1106,0.0166,1,1,0,0.00092,0.8281,1.2663,-1.027232,-0.074581,-0.099681,1.266346,-0.01474,0.19333,-0.006097
0.2145,1482,0,507.8,115.3,0.2185,-0.0804,0.1809,1,1,1,8e-05,0.4689,0.7102,0.710153,-0.076969,0.27693,-0.578327,0.005374,-0.606338,0.267093
0.3472,1483,0,328.5,75.6,0.3512,-0.0069,0.1942,1,1,1,3e-05,0.8388,0.2844,-0.068626,0.081012,0.28445,-0.208449,-0.013368,-0.156991,0.160578
0.4032,1484,0,351.3,75.9,0.4072,-0.0305,0.1928,1,1,1,5e-05,0.9835,0.2869,-0.28695,0.085935,0.169593,-0.063685,-0.018719,-0.015987,0.060978
0.5451,1485,0,410.5,40.9,0.5491,-0.1219,0.2344,1,1,1,9e-05,1.2117,1.1301,-1.130051,-0.125094,-0.164733,0.693567,0.024582,0.402734,-0.051382
0.3849,1486,0,300.4,130.2,0.3888,0.019,0.1431,1,1,1,9e-05,1.0328,0.2805,-0.196413,0.131886,0.280514,-0.014359,-0.027341,0.002833,0.112434
0.1142,1487,0,73.8,179.5,0.1181,0.0311,0.1867,1,1,1,6e-05,0.4371,0.709,0.682593,-0.319883,0.545551,-0.610061,0.096701,-0.662979,0.708997
0.4028,1488,0,64.2,322.3,0.4067,0.3278,-0.1076,0,0,0,,,,,,,,,,
0.0845,1489,0,473.9,53.8,0.0885,-0.0038,0.2003,1,1,1,5e-05,0.3687,0.9155,0.880318,-0.460943,0.397694,-0.678494,0.136886,-0.915465,0.734846
0.1004,1490,0,295.3,111.6,0.1044,0.0019,0.1969,1,1,1,7e-05,0.3825,0.8352,0.835228,-0.400627,0.437091,-0.664673,0.117244,-0.831062,0.69962
0.0966,1491,0,111.4,212.8,0.1005,0.0147,0.1904,1,1,1,5e-05,0.3938,0.7935,0.793463,-0.400286,0.481615,-0.653385,0.120394,-0.772954,0.739205
0.2701,1492,0,603.2,3.9,0.2741,-0.1526,0.2326,1,1,1,3e-05,0.5371,0.5101,0.309919,-0.000667,0.055558,-0.510067,-0.023807,-0.484772,0.025585
0.4757,1493,0,261.3,70.2,0.4796,0.0693,0.1976,1,1,1,9e-05,1.2869,0.897,-0.896977,0.189301,0.179669,0.463185,-0.083576,0.327496,-0.035796
0.0979,1494,0,609.3,118.2,0.1018,-0.0196,0.1968,1,1,1,5e-05,0.3741,0.9756,0.975605,-0.426659,0.35726,-0.673128,0.12935,-0.932372,0.660618
0.5589,1495,0,190.5,46.8,0.5629,0.1808,0.2279,0,1,0,,,,,,,,,,
0.2035,1496,0,183.3,216.4,0.2075,0.0601,0.1384,1,1,1,9e-05,0.668,0.5707,0.44773,-0.065063,0.570667,-0.379213,0.055121,-0.33601,0.518477
0.5053,1497,0,24.2,187.8,0.5093,0.424,0.038,0,0,0,,,,,,,,,,
0.0939,1498,0,539.5,108.0,0.0979,-0.012,0.1979,1,1,1,5e-05,0.3729,0.9308,0.930848,-0.436779,0.378298,-0.674341,0.131576,-0.916089,0.689916
0.5879,1499,0,168.4,173.6,0.5919,0.2551,0.0322,0,0,0,,,,,,,,,,
0.3786,1500,0,530.2,66.0,0.3826,-0.1872,0.2017,1,1,1,3e-05,0.8445,0.2027,-0.123958,-0.041523,-0.096602,-0.202667,0.007065,-0.13244,-0.047796
0.3979,1501,0,357.5,138.1,0.4018,-0.0383,0.1326,1,1,1,5e-05,1.0186,0.1752,-0.167414,0.084122,0.175181,-0.028551,-0.012898,-0.009147,0.07384
0.6134,1502,0,596.2,38.5,0.6174,-0.4255,0.2429,0,1,0,,,,,,,,,,
0.2607,1503,0,343.7,260.6,0.2646,-0.0159,0.0781,1,1,1,8e-05,0.7334,0.5078,0.507789,0.015078,0.37279,-0.313841,0.049579,-0.244669,0.321479
0.161,1504,0,31.2,73.0,0.1649,0.0727,0.1988,1,1,1,4e-05,0.5704,0.641,0.35004,-0.127173,0.641026,-0.476771,0.02954,-0.465315,0.590278
0.4195,1505,0,310.8,174.1,0.4235,0.0104,0.0869,1,1,1,7e-05,1.2358,0.3212,-0.321173,0.144196,0.215566,0.188608,-0.036904,0.135705,0.045942
0.5444,1506,0,347.1,323.3,0.5483,-0.0498,-0.243,0,1,0,,,,,,,,,,
0.631,1507,0,534.0,228.4,0.635,-0.4153,-0.0938,0,1,0,,,,,,,,,,
0.3504,1508,0,635.1,0.7,0.3544,-0.2393,0.2482,1,1,1,5e-05,0.7649,0.2823,-0.138712,-0.083486,-0.218515,-0.282311,0.019226,-0.18486,-0.106956
0.2015,1509,0,113.9,332.5,0.2054,0.1027,0.0756,1,1,1,8e-05,0.8365,0.6398,0.411361,0.007378,0.639812,-0.210697,0.054871,-0.156565,0.506382
0.0918,1510,0,532.5,142.0,0.0958,-0.0107,0.1965,1,1,1,5e-05,0.3727,0.9333,0.933311,-0.444537,0.380475,-0.67453,0.135426,-0.913277,0.701262
0.425,1511,0,281.7,240.1,0.429,0.0474,-0.0009,1,1,1,7e-05,1.319,0.5736,-0.51908,0.211138,0.225659,0.573599,-0.067868,0.295394,-0.005656
0.6439,1512,0,322.3,60.5,0.6479,-0.0039,0.2117,0,1,0,,,,,,,,,,
0.1466,1513,0,432.3,244.0,0.1506,-0.0282,0.1583,1,1,1,8e-05,0.4171,0.9774,0.977381,-0.257132,0.392546,-0.63009,0.093353,-0.687298,0.536503
0.3603,1514,0,557.8,81.7,0.3643,-0.2021,0.189,1,1,1,7e-05,0.804,0.2432,-0.022973,-0.041714,-0.107621,-0.243234,0.000805,-0.176562,-0.06081
0.4537,1515,0,39.0,226.3,0.4576,0.3701,0.0032,0,0,0,,,,,,,,,,
0.551,1516,0,569.1,253.4,0.5549,-0.4258,-0.0991,0,1,0,,,,,,,,,,
0.1673,1517,0,206.7,337.3,0.1713,0.0414,0.1072,1,1,1,4e-05,0.6062,0.7016,0.701646,-0.147644,0.55004,-0.440956,0.108972,-0.365497,0.599553
0.5319,1518,0,13.7,264.7,0.5358,0.5095,-0.1088,0,0,0,,,,,,,,,,
0.592,1519,0,543.7,69.8,0.5959,-0.341,0.1974,0,1,0,,,,,,,,,,
0.6166,1520,0,407.0,25.0,0.6205,-0.1331,0.2621,1,1,0,0.04917,0.6934,1.5046,-1.504564,-0.208119,-0.521948,1.401034,-0.002411,0.07236,-0.005166
0.2844,1521,0,223.1,67.3,0.2884,0.0595,0.2004,1,1,1,5e-05,0.7752,0.4787,0.032013,0.07179,0.478703,-0.272046,-0.017821,-0.228493,0.305357
0.5419,1522,0,471.5,206.1,0.5459,-0.2406,-0.007,1,1,0,0.04522,0.6933,1.4011,-1.011612,-0.257354,-0.518696,1.40107,-0.013459,0.065294,-0.000744
0.1913,1523,0,368.0,315.8,0.1952,-0.0215,0.0952,1,1,1,5e-05,0.554,0.8433,0.843317,-0.104767,0.414904,-0.493249,0.089656,-0.406289,0.456038
0.1178,1524,0,280.2,189.1,0.1218,0.0056,0.184,1,1,1,0.0001,0.4083,0.8266,0.826595,-0.343179,0.462902,-0.638911,0.108592,-0.73617,0.667717
0.2299,1525,0,447.4,240.7,0.2339,-0.0695,0.111,1,1,1,4e-05,0.5622,0.7359,0.735895,-0.037969,0.307954,-0.485016,0.033726,-0.423017,0.285665
0.4607,1526,0,303.5,347.6,0.4647,0.0257,-0.2116,0,1,0,,,,,,,,,,
0.3536,1527,0,402.0,144.8,0.3576,-0.0726,0.1358,1,1,1,3e-05,0.8476,0.1996,0.077776,0.048363,0.172107,-0.199603,0.000278,-0.156924,0.107133
0.5346,1528,0,591.7,236.1,0.5386,-0.4395,-0.0567,0,1,0,,,,,,,,,,
0.1509,1529,0,423.5,24.6,0.1549,-0.0219,0.2087,1,1,1,8e-05,0.4053,0.7651,0.752068,-0.241445,0.397051,-0.641857,0.055115,-0.765136,0.506329
0.0837,1530,0,35.6,78.2,0.0877,0.0065,0.1998,1,1,1,9e-05,0.3715,0.8664,0.816806,-0.448939,0.439813,-0.675702,0.129913,-0.866398,0.756804
0.1876,1531,0,512.8,341.2,0.1916,-0.0865,0.0843,1,1,1,8e-05,0.4852,1.0284,1.028355,-0.067653,0.309566,-0.562029,0.046746,-0.454774,0.299909
0.3439,1532,0,74.8,153.7,0.3479,0.2114,0.1303,0,0,0,,,,,,,,,,
0.5547,1533,0,502.3,143.8,0.5586,-0.2779,0.0909,1,1,0,0.02921,0.6931,1.4013,-1.148703,-0.367878,-0.521389,1.401311,0.024062,0.068477,-0.003359
0.6194,1534,0,614.3,137.0,0.6233,-0.5057,0.0881,0,1,0,,,,,,,,,,
0.4722,1535,0,257.3,273.3,0.4762,0.0916,-0.0831,0,1,0,,,,,,,,,,
0.2238,1536,0,175.0,14.3,0.2278,0.0601,0.221,1,1,1,7e-05,0.6395,0.5485,0.165005,-0.01331,0.54854,-0.407734,-0.006061,-0.378666,0.42168
0.3284,1537,0,448.2,202.4,0.3324,-0.1098,0.0913,1,1,1,5e-05,0.8103,0.2678,0.267816,0.034474,0.135882,-0.23689,0.003533,-0.185467,0.087973
0.4896,1538,0,34.2,223.0,0.4936,0.4106,-0.0102,0,0,0,,,,,,,,,,
0.4837,1539,0,431.9,43.2,0.4876,-0.1313,0.2274,1,1,1,6e-05,1.2316,0.6774,-0.677427,-0.051003,-0.101952,0.184356,0.015524,0.204303,-0.053921
0.5102,1540,0,533.0,227.6,0.5142,-0.323,-0.0284,1,1,0,0.0475,0.6967,1.3977,-0.926278,-0.372579,-0.621691,1.397725,0.000128,0.063858,0.002447
0.5154,1541,0,261.1,65.0,0.5194,0.0762,0.2036,1,1,1,0.0001,1.0449,1.345,-1.345001,0.153805,0.104798,1.049456,-0.073691,0.326794,-0.006667
0.5161,1542,0,64.0,45.3,0.52,0.3251,0.2272,0,0,0,,,,,,,,,,
0.4375,1543,0,12.9,60.9,0.4415,0.3251,0.2071,0,0,0,,,,,,,,,,
0.236,1544,0,332.4,258.3,0.2399,-0.0072,0.096,1,1,1,9e-05,0.6658,0.5894,0.589424,-0.026983,0.412444,-0.381359,0.060992,-0.312231,0.386669
0.3744,1545,0,519.9,255.7,0.3784,-0.2153,0.0092,1,1,1,5e-05,1.1303,0.1067,0.010422,-0.060421,-0.106722,0.083142,0.001531,0.051351,-0.04316
0.1703,1546,0,116.1,126.4,0.1742,0.0601,0.1838,1,1,1,4e-05,0.5709,0.6024,0.427852,-0.133472,0.602403,-0.476325,0.0452,-0.462302,0.579472
0.2007,1547,0,393.2,295.8,0.2047,-0.0346,0.0984,1,1,1,5e-05,0.5511,0.8296,0.829568,-0.087082,0.387623,-0.496085,0.074986,-0.41558,0.41175
0.5386,1548,0,591.4,213.8,0.5426,-0.4316,-0.0188,0,1,0,,,,,,,,,,
0.6073,1549,0,413.6,98.5,0.6113,-0.1512,0.1534,1,1,0,0.0491,0.6926,1.4018,-1.324117,-0.189282,-0.496046,1.401844,-0.014002,0.069561,-0.003958
0.5051,1550,0,587.8,149.2,0.5091,-0.368,0.0947,1,1,0,0.01251,0.6943,1.4001,-1.080496,-0.530156,-0.550876,1.400133,0.063057,0.069506,-0.006374
0.3531,1551,0,511.4,209.4,0.357,-0.1814,0.0735,1,1,1,9e-05,0.9084,0.1477,0.14772,-0.009341,-0.026026,-0.138773,-0.006089,-0.101289,-0.021968
0.2342,1552,0,258.0,198.7,0.2382,0.0331,0.1341,1,1,1,8e-05,0.6816,0.491,0.432126,-0.028651,0.491049,-0.365646,0.045404,-0.321897,0.43312
0.0762,1553,0,139.3,212.1,0.0802,0.0001,0.1999,1,1,1,5e-05,0.3648,0.9211,0.864301,-0.485162,0.403436,-0.682425,0.144645,-0.921085,0.770876
0.1076,1554,0,534.5,346.0,0.1116,-0.0274,0.1665,1,1,1,9e-05,0.3806,1.1249,1.124916,-0.3927,0.355239,-0.666641,0.139232,-0.830641,0.634093
0.3991,1555,0,46.5,10.9,0.4031,0.2469,0.2486,0,0,0,,,,,,,,,,
0.1599,1556,0,259.4,242.5,0.1639,0.0181,0.1509,1,1,1,8e-05,0.5059,0.7321,0.732148,-0.204478,0.505199,-0.541342,0.092354,-0.526486,0.592542
0.6196,1557,0,447.6,152.7,0.6235,-0.2229,0.0603,0,1,0,,,,,,,,,,
0.3693,1558,0,441.4,210.6,0.3733,-0.122,0.0648,1,1,1,6e-05,0.9734,0.0738,0.073528,0.028559,0.068109,-0.073761,0.00081,-0.053563,0.037008
0.5318,1559,0,265.3,39.6,0.5358,0.0716,0.2351,1,1,0,0.00549,0.6951,1.5452,-1.545206,0.121253,0.032172,1.399318,-0.072315,0.091391,-0.000911
0.6292,1560,0,67.7,5.3,0.6332,0.3879,0.291,0,0,0,,,,,,,,,,
0.2735,1561,0,376.2,149.6,0.2774,-0.0355,0.1513,1,1,1,8e-05,0.6556,0.3928,0.392843,0.000122,0.327649,-0.391623,0.018344,-0.352102,0.273216
0.6084,1562,0,525.1,167.4,0.6124,-0.3566,0.0369,0,1,0,,,,,,,,,,
0.5802,1563,0,417.7,77.0,0.5842,-0.1466,0.1872,1,1,0,0.0173,0.6864,1.408,-1.369742,-0.211829,-0.322752,1.407974,0.008102,0.071227,-0.006269
0.4175,1564,0,473.2,74.7,0.4214,-0.1553,0.1936,1,1,1,7e-05,0.9725,0.2828,-0.282839,-0.030327,-0.064259,-0.074693,0.009238,-0.018149,-0.029817
0.3559,1565,0,336.8,61.6,0.3599,-0.0138,0.205,1,1,1,8e-05,0.8478,0.258,-0.119231,0.081532,0.257968,-0.199431,-0.015214,-0.142712,0.137739
0.5789,1566,0,569.3,294.6,0.5829,-0.4746,-0.2071,0,1,0,,,,,,,,,,
0.505,1567,0,625.4,359.2,0.509,-0.5395,-0.2855,0,1,0,,,,,,,,,,
0.3199,1568,0,628.4,50.3,0.3238,-0.218,0.2118,1,1,1,4e-05,0.6848,0.3624,0.100696,-0.03262,-0.126518,-0.362403,-0.0099,-0.292768,-0.089806
0.0798,1569,0,81.5,159.7,0.0838,0.0029,0.1989,1,1,1,5e-05,0.3679,0.8934,0.848177,-0.469276,0.419931,-0.679314,0.138895,-0.893362,0.76492
0.2986,1570,0,12.7,181.3,0.3026,0.2268,0.1211,0,0,0,,,,,,,,,,
0.1287,1571,0,499.0,71.5,0.1327,-0.0279,0.1995,1,1,1,7e-05,0.3842,0.9089,0.908943,-0.315432,0.368623,-0.66304,0.084759,-0.850746,0.552706
0.1571,1572,0,81.2,236.9,0.1611,0.0684,0.1544,1,1,1,4e-05,0.5934,0.6321,0.512814,-0.156858,0.628175,-0.453829,0.072228,-0.419601,0.632055
0.3423,1573,0,178.7,246.1,0.3463,0.1343,0.0403,1,1,1,8e-05,1.2949,0.48,-0.209138,0.293304,0.480045,0.280291,-0.082015,0.169419,0.108589
0.1399,1574,0,173.1,185.1,0.1438,0.0312,0.1765,1,1,1,0.0001,0.4781,0.6583,0.658319,-0.24863,0.543663,-0.569119,0.085417,-0.58729,0.646366
0.5801,1575,0,204.2,292.9,0.584,0.2204,-0.2041,0,0,0,,,,,,,,,,
0.2104,1576,0,607.5,133.8,0.2144,-0.1218,0.1737,1,1,1,4e-05,0.4478,0.81,0.810039,-0.046408,0.201112,-0.599406,-0.023201,-0.637266,0.158612
0.2489,1577,0,23.0,223.9,0.2529,0.1786,0.1115,1,1,1,8e-05,1.0596,0.7218,-0.021351,0.21267,0.72184,0.012364,-0.075734,0.00075,0.313788
0.1528,1578,0,28.0,193.3,0.1567,0.0752,0.1695,1,1,1,4e-05,0.5871,0.6511,0.450323,-0.15368,0.651109,-0.460095,0.05773,-0.434796,0.635082
0.5957,1579,0,101.7,17.6,0.5997,0.3189,0.2695,0,0,0,,,,,,,,,,
0.1383,1580,0,349.4,45.6,0.1423,-0.0053,0.2038,1,1,1,8e-05,0.4087,0.7507,0.74022,-0.276569,0.438907,-0.638496,0.07133,-0.750745,0.574977
0.4205,1581,0,600.2,27.2,0.4245,-0.2738,0.2376,1,1,1,6e-05,1.0283,0.4336,-0.433624,-0.182811,-0.317053,-0.018905,0.058458,0.061156,-0.095811
0.6154,1582,0,19.1,137.4,0.6194,0.5134,0.0882,0,0,0,,,,,,,,,,
0.0925,1583,0,234.8,160.0,0.0965,0.0046,0.1954,1,1,1,8e-05,0.3791,0.8399,0.839919,-0.4258,0.439732,-0.668091,0.126591,-0.839127,0.730594
0.6224,1584,0,45.9,206.5,0.6263,0.5106,-0.0436,0,0,0,,,,,,,,,,
0.6371,1585,0,555.0,234.2,0.6411,-0.464,-0.1097,0,1,0,,,,,,,,,,
0.3645,1586,0,276.3,344.8,0.3684,0.0509,-0.1044,1,1,1,9e-05,1.3039,0.7903,-0.431481,0.253317,0.248246,0.790253,-0.070412,0.310574,-0.01012
0.6301,1587,0,40.6,167.2,0.634,0.5055,0.0305,0,0,0,,,,,,,,,,
0.2834,1588,0,266.7,354.8,0.2873,0.0452,-0.0297,1,1,1,4e-05,1.1074,0.4062,0.26558,0.149605,0.40623,0.060234,0.02066,0.042162,0.226032
0.1938,1589,0,103.5,91.6,0.1978,0.077,0.1921,1,1,1,9e-05,0.6363,0.6183,0.278921,-0.058396,0.618321,-0.410896,0.016637,-0.38562,0.516768
0.265,1590,0,372.8,57.4,0.269,-0.0291,0.2055,1,1,1,8e-05,0.6047,0.4425,0.292436,-0.011961,0.335727,-0.442548,0.003484,-0.41756,0.275901
0.4415,1591,0,621.1,41.6,0.4455,-0.3165,0.2262,1,1,1,0.0001,1.1863,0.5542,-0.554233,-0.271041,-0.401539,0.139093,0.0866,0.176383,-0.086099
0.0967,1592,0,144.9,145.9,0.1007,0.0115,0.1952,1,1,1,6e-05,0.3881,0.797,0.790834,-0.401462,0.470242,-0.659126,0.117171,-0.797049,0.729
0.5051,1593,0,483.0,305.8,0.509,-0.2685,-0.1696,0,1,0,,,,,,,,,,
0.2382,1594,0,210.3,194.8,0.2422,0.0598,0.1347,1,1,1,7e-05,0.7364,0.5366,0.337007,-9e-06,0.536611,-0.310774,0.03383,-0.269594,0.435443
0.541,1595,0,626.8,153.8,0.545,-0.4592,0.0788,0,1,0,,,,,,,,,,
0.5811,1596,0,57.5,340.9,0.5851,0.5328,-0.3228,0,0,0,,,,,,,,,,
0.4577,1597,0,442.0,173.5,0.4617,-0.1531,0.075,1,1,1,7e-05,1.3098,0.3957,-0.395684,-0.045712,-0.073108,0.262626,0.004112,0.182089,-0.03049
0.4549,1598,0,534.9,48.0,0.4588,-0.2355,0.2207,1,1,1,6e-05,1.139,0.5327,-0.532709,-0.15709,-0.25376,0.091809,0.049398,0.137532,-0.074759
0.2062,1599,0,353.8,228.1,0.2102,-0.0154,0.1313,1,1,1,5e-05,0.5535,0.7019,0.70185,-0.098675,0.41915,-0.493741,0.063778,-0.452365,0.438277
0.3944,1600,0,585.5,183.4,0.3983,-0.2808,0.0848,1,1,1,4e-05,1.1096,0.252,-0.131502,-0.15132,-0.251969,0.062405,0.018035,0.052435,-0.085305
0.1435,1601,0,383.4,74.2,0.1475,-0.0127,0.1988,1,1,1,8e-05,0.4096,0.7784,0.778356,-0.266441,0.42072,-0.63763,0.070873,-0.748326,0.55259
0.139,1602,0,402.3,72.0,0.143,-0.0153,0.1993,1,1,1,0.0001,0.4019,0.8063,0.806282,-0.280953,0.411276,-0.645295,0.074837,-0.772285,0.557549
0.5765,1603,0,363.1,347.8,0.5805,-0.0874,-0.3359,0,1,0,,,,,,,,,,
0.1847,1604,0,323.0,256.9,0.1887,-0.0012,0.13,1,1,1,6e-05,0.5352,0.7558,0.755838,-0.142255,0.456478,-0.511993,0.083809,-0.469926,0.509213
0.5729,1605,0,147.3,204.9,0.5769,0.2921,-0.0185,0,0,0,,,,,,,,,,
0.1819,1606,0,606.3,313.7,0.1859,-0.1176,0.1048,1,1,1,4e-05,0.438,1.0987,1.09868,-0.05879,0.258681,-0.609218,0.003317,-0.54995,0.20977
0.4199,1607,0,587.2,75.0,0.4238,-0.2728,0.1933,1,1,1,6e-05,1.0538,0.348,-0.348027,-0.170742,-0.291479,0.006554,0.043878,0.055753,-0.091322
0.4758,1608,0,503.6,100.8,0.4798,-0.2236,0.1623,1,1,1,8e-05,1.287,0.5559,-0.555916,-0.153734,-0.223568,0.239829,0.038666,0.207087,-0.060325
0.4973,1609,0,330.6,235.5,0.5013,-0.0158,-0.0348,1,1,0,0.0237,0.6778,1.4166,-1.021116,0.100287,-0.071968,1.416566,-0.064816,0.069436,-0.004258
0.4284,1610,0,258.3,224.7,0.4323,0.0756,0.0186,1,1,1,9e-05,1.3014,0.6186,-0.603967,0.246789,0.255616,0.618591,-0.083444,0.313044,-0.009861
0.0997,1611,0,107.3,124.6,0.1037,0.0157,0.196,1,1,1,5e-05,0.3945,0.7739,0.75666,-0.384209,0.48813,-0.65267,0.110022,-0.773944,0.724646
0.2782,1612,0,484.5,206.4,0.2822,-0.1134,0.11,1,1,1,8e-05,0.6512,0.5168,0.516756,0.016347,0.183134,-0.395951,0.001269,-0.333304,0.129223
0.3751,1613,0,19.7,199.4,0.3791,0.3038,0.0745,0,0,0,,,,,,,,,,
0.1397,1614,0,590.3,350.5,0.1436,-0.07,0.1309,1,1,1,5e-05,0.3828,1.2517,1.251726,-0.22473,0.319039,-0.664377,0.079572,-0.704352,0.431128
0.5962,1615,0,557.2,221.3,0.6002,-0.4279,-0.061,0,1,0,,,,,,,,,,
0.5193,1616,0,478.1,239.2,0.5232,-0.2482,-0.0536,1,1,0,0.04909,0.6938,1.4006,-0.92666,-0.246742,-0.529933,1.400634,-0.020909,0.063429,0.000399
0.3436,1617,0,180.2,179.2,0.3475,0.1237,0.1071,1,1,1,0.0001,1.1617,0.4873,-0.203896,0.242126,0.487316,0.114524,-0.070159,0.08346,0.155982
0.1061,1618,0,565.4,16.7,0.11,-0.0207,0.2041,1,1,1,5e-05,0.3742,0.9245,0.924455,-0.391559,0.364445,-0.672955,0.110529,-0.923288,0.625665
0.4681,1619,0,446.8,311.4,0.4721,-0.1922,-0.1483,0,1,0,,,,,,,,,,
0.5202,1620,0,456.1,134.5,0.5242,-0.1907,0.112,1,1,1,9e-05,1.2534,0.8397,-0.839739,-0.169824,-0.200562,0.661446,0.029345,0.361004,-0.041776
0.6032,1621,0,494.8,129.5,0.6072,-0.2891,0.104,0,1,0,,,,,,,,,,
0.2907,1622,0,292.6,242.2,0.2947,0.0209,0.0747,1,1,1,6e-05,0.8639,0.4028,0.297829,0.069494,0.402779,-0.183291,0.029455,-0.142595,0.292231
0.3024,1623,0,367.1,31.0,0.3064,-0.0304,0.2225,1,1,1,5e-05,0.6813,0.3659,0.088832,0.030832,0.288645,-0.365941,-0.006961,-0.318197,0.202768
0.2545,1624,0,488.2,302.0,0.2585,-0.1147,0.0494,1,1,1,9e-05,0.6725,0.67,0.669978,0.028816,0.203979,-0.374693,0.015997,-0.264875,0.142361
0.2198,1625,0,35.1,60.8,0.2238,0.12,0.2029,1,1,1,5e-05,0.7626,0.6692,0.043282,0.058158,0.669242,-0.284628,-0.034776,-0.246062,0.427169
0.2722,1626,0,316.7,94.7,0.2762,0.002,0.185,1,1,1,7e-05,0.6709,0.393,0.250666,0.008257,0.392951,-0.376343,0.008759,-0.341912,0.309673
0.4679,1627,0,11.0,149.1,0.4718,0.3878,0.104,0,0,0,,,,,,,,,,
0.6082,1628,0,287.3,69.8,0.6122,0.0514,0.1973,0,1,0,,,,,,,,,,
0.1644,1629,0,117.9,312.6,0.1684,0.0691,0.121,1,1,1,3e-05,0.6421,0.6201,0.570608,-0.13311,0.616854,-0.405079,0.089907,-0.34417,0.620063
0.4462,1630,0,96.6,175.6,0.4501,0.2725,0.0761,0,0,0,,,,,,,,,,
0.4241,1631,0,289.9,182.9,0.428,0.0348,0.0746,1,1,1,8e-05,1.329,0.3956,-0.395645,0.176507,0.237672,0.281768,-0.051713,0.188504,0.031205
0.1408,1632,0,309.3,344.5,0.1448,0.0028,0.1318,1,1,1,4e-05,0.4689,0.9237,0.923653,-0.256379,0.468668,-0.57829,0.124474,-0.549691,0.621989
0.1685,1633,0,250.5,46.0,0.1725,0.0186,0.2056,1,1,1,8e-05,0.4813,0.5978,0.527404,-0.175046,0.502311,-0.565858,0.043339,-0.597782,0.535879
0.2629,1634,0,396.8,312.0,0.2668,-0.0555,0.0335,1,1,1,8e-05,0.7635,0.5714,0.571424,0.036993,0.29271,-0.283706,0.047365,-0.189057,0.241546
0.4756,1635,0,547.0,136.9,0.4795,-0.2868,0.1179,1,1,1,5e-05,1.3357,0.592,-0.592037,-0.25466,-0.318757,0.411209,0.058522,0.278733,-0.052416
0.0794,1636,0,91.5,109.6,0.0834,0.0024,0.1996,1,1,1,5e-05,0.3672,0.899,0.848734,-0.470874,0.417198,-0.680025,0.139077,-0.899033,0.764462
0.6091,1637,0,558.3,295.7,0.6131,-0.4816,-0.2342,0,1,0,,,,,,,,,,
0.5354,1638,0,143.8,160.6,0.5393,0.2624,0.0698,0,0,0,,,,,,,,,,
0.2572,1639,0,176.8,233.0,0.2611,0.0912,0.1008,1,1,1,7e-05,0.8786,0.5653,0.23151,0.075713,0.56532,-0.168589,0.014987,-0.137781,0.385159
0.6136,1640,0,241.2,243.1,0.6176,0.1506,-0.116,0,1,0,,,,,,,,,,
0.0915,1641,0,518.4,125.3,0.0955,-0.0096,0.1974,1,1,1,5e-05,0.3724,0.9225,0.92255,-0.444052,0.384063,-0.674829,0.134359,-0.911763,0.703505
0.4816,1642,0,620.2,122.5,0.4856,-0.3792,0.135,1,1,1,9e-05,1.2475,0.8829,-0.882855,-0.48735,-0.493176,0.827747,0.104298,0.366955,-0.034364
0.435,1643,0,36.7,4.2,0.4389,0.2824,0.26,0,0,0,,,,,,,,,,
0.4324,1644,0,553.1,155.7,0.4364,-0.2679,0.1048,1,1,1,6e-05,1.2129,0.316,-0.315992,-0.17078,-0.254738,0.165724,0.032206,0.132035,-0.067631
0.1046,1645,0,449.9,305.8,0.1085,-0.0142,0.1754,1,1,1,8e-05,0.384,1.0194,1.01941,-0.405358,0.387798,-0.663223,0.137959,-0.822853,0.672551
0.2542,1646,0,342.1,159.2,0.2581,-0.0127,0.1504,1,1,1,9e-05,0.6393,0.4375,0.437509,-0.020756,0.388033,-0.407917,0.029207,-0.371009,0.340955
0.1532,1647,0,237.2,149.6,0.1572,0.0205,0.181,1,1,1,9e-05,0.4763,0.6543,0.654338,-0.222228,0.5125,-0.570923,0.074175,-0.595538,0.59676
0.2898,1648,0,552.8,104.0,0.2938,-0.1521,0.1778,1,1,1,8e-05,0.612,0.4352,0.357011,0.007224,0.071234,-0.435236,-0.019955,-0.392623,0.032093
0.3443,1649,0,374.3,247.0,0.3483,-0.052,0.038,1,1,1,4e-05,0.9846,0.2113,0.159035,0.079538,0.211333,-0.062611,0.010248,-0.045862,0.126013
0.3525,1650,0,283.3,132.0,0.3564,0.0319,0.1475,1,1,1,9e-05,0.9485,0.3472,-0.076291,0.121939,0.347193,-0.098712,-0.019695,-0.07024,0.176165
0.5991,1651,0,149.3,7.3,0.6031,0.2486,0.2835,0,0,0,,,,,,,,,,
0.3731,1652,0,120.7,144.2,0.3771,0.1887,0.1319,1,1,1,9e-05,1.1908,0.6178,-0.617803,0.397448,0.474343,0.420479,-0.155353,0.270722,0.018252
0.2853,1653,0,215.0,154.1,0.2893,0.0708,0.1453,1,1,1,5e-05,0.8451,0.5012,0.116762,0.083738,0.501238,-0.202097,-0.003819,-0.169016,0.324278
0.3642,1654,0,290.0,276.7,0.3682,0.032,-0.0102,1,1,1,9e-05,1.2884,0.2945,-0.095765,0.182484,0.294534,0.241192,-0.028291,0.140644,0.086835
0.3596,1655,0,556.5,242.7,0.3636,-0.2384,0.0338,1,1,1,9e-05,1.0395,0.1394,0.077752,-0.070389,-0.139419,-0.007671,-0.003826,-0.005846,-0.068532
0.2377,1656,0,212.9,27.8,0.2417,0.0492,0.2174,1,1,1,7e-05,0.6493,0.5126,0.166846,-0.003566,0.512626,-0.397938,-0.004268,-0.36694,0.391786
0.1289,1657,0,398.0,177.9,0.1329,-0.0136,0.1819,1,1,1,5e-05,0.4009,0.9046,0.904629,-0.31838,0.412554,-0.646289,0.100661,-0.762905,0.601637
0.2112,1658,0,365.4,105.2,0.2151,-0.0188,0.1855,1,1,1,5e-05,0.5164,0.5617,0.561674,-0.100128,0.402374,-0.530767,0.031472,-0.537063,0.40354
0.4484,1659,0,197.6,247.3,0.4524,0.1628,-0.0253,1,1,0,0.04607,0.6725,1.4219,-1.068641,0.403391,0.066875,1.421947,-0.131598,0.066816,-0.008489
0.4093,1660,0,54.1,74.8,0.4132,0.2631,0.1936,0,0,0,,,,,,,,,,
0.4956,1661,0,55.7,274.5,0.4995,0.4094,-0.1019,0,0,0,,,,,,,,,,
0.5355,1662,0,114.7,355.1,0.5394,0.3863,-0.3098,0,0,0,,,,,,,,,,
0.2238,1663,0,74.7,320.8,0.2277,0.1418,0.0621,1,1,1,9e-05,0.9916,0.6829,0.232052,0.117426,0.682911,-0.055589,-0.002191,-0.044878,0.406875
0.3182,1664,0,303.2,50.1,0.3222,0.0118,0.2119,1,1,1,4e-05,0.7751,0.3499,-0.019623,0.070925,0.349869,-0.272142,-0.014726,-0.219672,0.215352
0.0945,1665,0,524.7,203.6,0.0985,-0.0128,0.192,1,1,1,5e-05,0.3748,0.9643,0.964252,-0.438937,0.376357,-0.672368,0.137218,-0.901199,0.692692
0.3179,1666,0,204.8,195.7,0.3218,0.0939,0.1018,1,1,1,5e-05,1.0256,0.4883,-0.008974,0.16628,0.488297,-0.021637,-0.02832,-0.019812,0.238384
0.3466,1667,0,309.1,357.6,0.3506,0.0121,-0.1039,1,1,1,6e-05,1.3718,0.5145,-0.16475,0.194428,0.230064,0.514494,-0.039796,0.242597,0.018514
0.582,1668,0,628.0,21.0,0.586,-0.4396,0.2632,0,1,0,,,,,,,,,,
0.6019,1669,0,266.5,309.2,0.6059,0.1085,-0.2617,0,1,0,,,,,,,,,,
0.2699,1670,0,346.0,37.0,0.2739,-0.0144,0.2162,1,1,1,7e-05,0.6264,0.4208,0.211857,0.000763,0.356363,-0.420824,-0.000879,-0.389695,0.27947
0.6376,1671,0,45.6,294.5,0.6415,0.5831,-0.2543,0,0,0,,,,,,,,,,
0.4959,1672,0,434.9,137.3,0.4998,-0.1526,0.1131,1,1,1,0.0001,1.3375,0.6367,-0.636684,-0.079135,-0.114967,0.408704,0.010731,0.27693,-0.043436
0.1076,1673,0,638.0,169.8,0.1116,-0.0329,0.1901,1,1,1,5e-05,0.3768,1.0595,1.059529,-0.392758,0.331139,-0.670438,0.120427,-0.930023,0.602198
0.4652,1674,0,378.9,308.2,0.4691,-0.0882,-0.1397,1,1,0,0.04828,0.6852,1.4092,-0.81348,0.033086,-0.281746,1.409204,-0.064662,0.061813,-0.003997
0.5148,1675,0,507.8,169.5,0.5188,-0.2697,0.0624,1,1,0,0.00069,0.8578,1.2366,-1.02667,-0.344695,-0.336794,1.236616,0.040268,0.208091,-0.015016
0.5492,1676,0,397.1,63.2,0.5532,-0.1071,0.2063,1,1,1,0.0001,1.2199,1.157,-1.157012,-0.109594,-0.140909,0.810248,0.014212,0.394501,-0.040518
0.3074,1677,0,221.0,242.9,0.3114,0.0814,0.0642,1,1,1,7e-05,1.0336,0.4757,0.09453,0.152693,0.475737,-0.013609,-0.008916,-0.016192,0.253348
0.1378,1678,0,589.1,135.1,0.1418,-0.0525,0.1877,1,1,1,7e-05,0.3821,1.0351,1.035115,-0.276075,0.318755,-0.665069,0.071119,-0.860431,0.471262
0.5716,1679,0,244.5,65.4,0.5756,0.1101,0.2036,0,1,0,,,,,,,,,,
0.542,1680,0,273.3,180.4,0.5459,0.0721,0.0363,0,1,0,,,,,,,,,,
0.3982,1681,0,571.4,243.0,0.4021,-0.288,0.0109,1,1,1,9e-05,1.3101,0.2629,-0.180434,-0.181598,-0.253058,0.262868,0.024538,0.157498,-0.055728
0.2583,1682,0,412.9,295.0,0.2622,-0.0641,0.0521,1,1,1,8e-05,0.7118,0.608,0.608005,0.022953,0.288011,-0.335445,0.042793,-0.24011,0.241861
0.2833,1683,0,539.0,356.8,0.2872,-0.1863,-0.0319,1,1,1,6e-05,0.922,0.4377,0.437741,0.023506,0.015879,-0.125179,-0.007729,-0.056457,-0.017779
0.3316,1684,0,510.4,296.5,0.3355,-0.1846,-0.0091,1,1,1,3e-05,1.0108,0.2269,0.226893,-0.001875,-0.018005,-0.036351,-0.003615,-0.019694,-0.018038
0.11,1685,0,508.6,19.8,0.1139,-0.018,0.2043,1,1,1,9e-05,0.3761,0.8974,0.896168,-0.376412,0.378114,-0.671071,0.104505,-0.897355,0.62112
0.2873,1686,0,23.3,309.4,0.2913,0.2418,0.0143,0,0,0,,,,,,,,,,
0.5639,1687,0,469.7,106.5,0.5678,-0.2238,0.1456,1,1,0,0.01429,0.6889,1.4055,-1.261855,-0.3171,-0.392515,1.405491,0.028405,0.070561,-0.006438
0.5942,1688,0,196.1,248.0,0.5982,0.2297,-0.1149,0,0,0,,,,,,,,,,
0.4686,1689,0,266.5,305.2,0.4726,0.0805,-0.1372,0,1,0,,,,,,,,,,
0.531,1690,0,66.8,148.3,0.5349,0.3687,0.0896,0,0,0,,,,,,,,,,
0.2107,1691,0,609.8,86.8,0.2147,-0.1173,0.1928,1,1,1,4e-05,0.4407,0.7514,0.75142,-0.051943,0.198251,-0.606495,-0.023434,-0.66368,0.164457
0.3932,1692,0,1.0,249.4,0.3972,0.3625,0.0055,0,0,0,,,,,,,,,,
0.4486,1693,0,470.0,9.8,0.4526,-0.156,0.2571,1,1,1,0.0001,1.056,0.5547,-0.554655,-0.059365,-0.123218,0.00879,0.025383,0.091882,-0.054693
0.4231,1694,0,398.4,341.3,0.4271,-0.1094,-0.16,1,1,0,0.02944,0.682,1.4124,-0.734806,0.006738,-0.192073,1.412378,-0.047395,0.065342,-0.003862
0.4975,1695,0,150.2,147.2,0.5015,0.2288,0.0993,0,0,0,,,,,,,,,,
0.421,1696,0,559.8,185.8,0.425,-0.2756,0.0722,1,1,1,6e-05,1.2367,0.2583,-0.258273,-0.173109,-0.253735,0.18948,0.028178,0.134687,-0.065139
0.3259,1697,0,618.5,235.5,0.3299,-0.2629,0.0608,1,1,1,3e-05,0.905,0.2151,0.215099,-0.062783,-0.168955,-0.142248,-0.020636,-0.100588,-0.114369
0.5938,1698,0,67.0,273.6,0.5978,0.4833,-0.1706,0,0,0,,,,,,,,,,
0.1251,1699,0,261.9,116.5,0.1291,0.0088,0.193,1,1,1,8e-05,0.415,0.752,0.751997,-0.312668,0.476642,-0.63225,0.091247,-0.724707,0.64456
0.4078,1700,0,277.3,351.4,0.4118,0.0578,-0.1617,0,1,0,,,,,,,,,,
0.3501,1701,0,283.8,1.2,0.354,0.0275,0.2478,1,1,1,5e-05,0.8623,0.3183,-0.265369,0.117769,0.318343,-0.184918,-0.035304,-0.108767,0.140572
0.2548,1702,0,191.1,77.9,0.2588,0.0686,0.195,1,1,1,6e-05,0.7317,0.5329,0.12073,0.037544,0.532934,-0.315506,-0.00809,-0.277917,0.374149
0.2385,1703,0,507.4,214.8,0.2425,-0.1048,0.1225,1,1,1,5e-05,0.5469,0.7193,0.71933,-0.017208,0.235654,-0.50032,0.004181,-0.449882,0.188984
0.4443,1704,0,535.4,198.4,0.4482,-0.268,0.0468,1,1,1,7e-05,1.39,0.3897,-0.38975,-0.193028,-0.250167,0.360264,0.033788,0.224475,-0.046604
0.3596,1705,0,249.4,297.2,0.3636,0.076,-0.0329,1,1,1,8e-05,1.3343,0.411,-0.211686,0.25392,0.341947,0.411027,-0.060392,0.219181,0.050538
0.4529,1706,0,259.8,121.9,0.4568,0.0706,0.1403,1,1,1,6e-05,1.3402,0.6875,-0.687491,0.210178,0.231594,0.395837,-0.081453,0.274201,-0.011419
0.2281,1707,0,585.2,346.4,0.2321,-0.1632,0.0382,1,1,1,4e-05,0.6175,0.81,0.809978,0.04144,0.141591,-0.429724,-0.019252,-0.285246,0.038257
0.5834,1708,0,386.1,76.5,0.5874,-0.0998,0.1878,1,1,0,0.02158,0.6851,1.4093,-1.392444,-0.136812,-0.281667,1.409347,-0.011074,0.071563,-0.005943
0.5533,1709,0,599.8,219.8,0.5573,-0.4622,-0.0368,0,1,0,,,,,,,,,,
0.5076,1710,0,51.1,245.3,0.5116,0.4138,-0.0575,0,0,0,,,,,,,,,,
0.425,1711,0,578.1,305.8,0.4289,-0.3457,-0.1006,1,1,0,0.02766,0.693,1.4014,-0.734204,-0.390323,-0.517265,1.401401,0.016424,0.06518,-0.00126
0.1895,1712,0,99.4,300.8,0.1935,0.0955,0.1049,1,1,1,8e-05,0.7585,0.6472,0.428582,-0.03976,0.647164,-0.288658,0.059746,-0.23282,0.550383
0.2229,1713,0,418.2,20.7,0.2269,-0.0407,0.2185,1,1,1,5e-05,0.4983,0.5682,0.462775,-0.073539,0.340031,-0.54893,0.006116,-0.568218,0.320854
0.1185,1714,0,91.4,280.3,0.1225,0.0361,0.1684,1,1,1,4e-05,0.4649,0.7154,0.7149,-0.304945,0.559179,-0.582329,0.108551,-0.597594,0.715419
0.1809,1715,0,100.3,282.3,0.1849,0.0859,0.121,1,1,1,9e-05,0.7034,0.6401,0.458335,-0.075658,0.640086,-0.3438,0.06563,-0.289593,0.576832
0.0982,1716,0,361.1,120.1,0.1022,-0.0028,0.1966,1,1,1,8e-05,0.3783,0.8701,0.870061,-0.413726,0.417621,-0.668864,0.122764,-0.857084,0.697737
0.3044,1717,0,559.9,110.7,0.3084,-0.1686,0.1717,1,1,1,6e-05,0.6539,0.3933,0.291185,0.004602,0.023427,-0.393302,-0.01905,-0.341601,-0.003656
0.1299,1718,0,494.8,297.2,0.1338,-0.0357,0.1558,1,1,1,5e-05,0.3926,1.1039,1.103866,-0.306013,0.364466,-0.654561,0.110934,-0.748607,0.556933
0.4379,1719,0,193.4,290.7,0.4419,0.1725,-0.0865,0,1,0,,,,,,,,,,
0.3739,1720,0,130.6,317.2,0.3778,0.2197,-0.0728,0,0,0,,,,,,,,,,
0.1409,1721,0,415.0,207.2,0.1448,-0.021,0.1709,1,1,1,9e-05,0.4114,0.9316,0.931611,-0.279569,0.403188,-0.635774,0.093837,-0.719862,0.561569
0.211,1722,0,63.1,157.9,0.215,0.1121,0.163,1,1,1,7e-05,0.7636,0.6673,0.192797,0.018609,0.667349,-0.283553,0.00039,-0.248741,0.479718
0.6341,1723,0,579.8,299.3,0.6381,-0.552,-0.2639,0,1,0,,,,,,,,,,
0.4828,1724,0,154.4,137.6,0.4868,0.2131,0.1155,0,0,0,,,,,,,,,,
0.6002,1725,0,224.3,216.4,0.6041,0.173,-0.0531,0,1,0,,,,,,,,,,
0.0914,1726,0,586.7,94.3,0.0953,-0.0124,0.1988,1,1,1,5e-05,0.3717,0.9334,0.933424,-0.445644,0.373432,-0.675536,0.134278,-0.92916,0.69589
0.1678,1727,0,438.8,253.7,0.1717,-0.0392,0.1421,1,1,1,5e-05,0.4449,0.9529,0.952898,-0.186473,0.380051,-0.602297,0.076107,-0.60819,0.467183
0.4355,1728,0,268.9,162.6,0.4395,0.0597,0.0958,1,1,1,5e-05,1.3793,0.5276,-0.527563,0.205339,0.249948,0.353134,-0.07001,0.235154,0.010895
0.1175,1729,0,565.2,316.8,0.1215,-0.0396,0.1621,1,1,1,8e-05,0.3797,1.1663,1.16626,-0.349241,0.339001,-0.667475,0.121989,-0.821826,0.573464
0.4869,1730,0,469.9,184.1,0.4909,-0.2048,0.0502,1,1,1,7e-05,1.3002,0.6225,-0.62255,-0.150257,-0.181649,0.562587,0.022383,0.314253,-0.036931
0.2417,1731,0,66.7,87.0,0.2456,0.1261,0.1911,1,1,1,5e-05,0.825,0.6508,0.001528,0.097973,0.650765,-0.222242,-0.042432,-0.184907,0.380935
0.4176,1732,0,188.0,238.8,0.4216,0.1596,0.0051,1,1,0,0.00745,0.6741,1.4203,-1.103585,0.409789,0.279647,1.420262,-0.132383,0.080247,0.003177
0.6232,1733,0,284.8,77.3,0.6271,0.0574,0.1857,0,1,0,,,,,,,,,,
0.1428,1734,0,230.5,308.4,0.1468,0.023,0.1416,1,1,1,9e-05,0.4972,0.794,0.794038,-0.244294,0.519127,-0.549991,0.113946,-0.524517,0.64543
0.516,1735,0,367.5,81.4,0.52,-0.0625,0.1833,1,1,1,7e-05,1.2773,0.8796,-0.879604,0.005173,-0.025635,0.486108,-0.015746,0.337143,-0.048323
0.6363,1736,0,442.5,6.4,0.6402,-0.191,0.2907,0,1,0,,,,,,,,,,
0.5912,1737,0,358.3,339.7,0.5951,-0.0792,-0.33,0,1,0,,,,,,,,,,
0.5264,1738,0,478.0,278.2,0.5303,-0.2639,-0.1314,0,1,0,,,,,,,,,,
0.4931,1739,0,98.9,118.5,0.4971,0.286,0.1383,0,0,0,,,,,,,,,,
0.6314,1740,0,385.8,8.2,0.6353,-0.1019,0.2874,0,1,0,,,,,,,,,,
0.3261,1741,0,639.9,44.4,0.3301,-0.2307,0.216,1,1,1,3e-05,0.7067,0.3405,0.052323,-0.047699,-0.163608,-0.340476,-0.004457,-0.265259,-0.104834
0.4825,1742,0,87.3,149.0,0.4865,0.3029,0.1005,0,0,0,,,,,,,,,,
0.1279,1743,0,106.1,333.0,0.1319,0.0442,0.1484,1,1,1,8e-05,0.5099,0.7145,0.714525,-0.264831,0.578605,-0.537283,0.113848,-0.511159,0.703858
0.3526,1744,0,485.2,304.3,0.3566,-0.1751,-0.0364,1,1,1,6e-05,1.1559,0.1087,0.094025,-0.009969,-0.02508,0.108692,0.001546,0.065144,-0.010769
0.2499,1745,0,527.6,322.8,0.2539,-0.1417,0.0359,1,1,1,0.0001,0.6761,0.6942,0.694246,0.037761,0.157353,-0.371146,0.000827,-0.247278,0.081728
0.1952,1746,0,448.2,209.7,0.1992,-0.0523,0.1455,1,1,1,8e-05,0.4768,0.8375,0.837455,-0.119603,0.351133,-0.57045,0.046353,-0.564371,0.381095
0.0917,1747,0,125.7,347.0,0.0956,0.0123,0.1833,1,1,1,6e-05,0.3911,0.8477,0.847693,-0.424547,0.46804,-0.656074,0.135174,-0.776501,0.75817
0.5499,1748,0,270.0,288.3,0.5539,0.089,-0.17,0,1,0,,,,,,,,,,
0.3663,1749,0,354.7,322.0,0.3703,-0.0395,-0.0727,1,1,1,7e-05,1.4043,0.3571,-0.103143,0.121453,0.159341,0.357095,-0.017191,0.187791,0.031229
0.3726,1750,0,191.2,328.9,0.3766,0.151,-0.0888,1,1,0,0.02182,0.6669,1.4275,-0.8725,0.434809,0.239624,1.427456,-0.131678,0.06977,-0.001594
0.1171,1751,0,184.9,218.9,0.121,0.0192,0.1798,1,1,1,7e-05,0.4274,0.7688,0.768781,-0.331441,0.506274,-0.61976,0.107898,-0.681743,0.69364
0.3564,1752,0,246.9,62.0,0.3603,0.0601,0.2046,1,1,1,0.0001,0.955,0.3741,-0.251399,0.153583,0.374101,-0.092218,-0.045396,-0.04383,0.152237
0.3534,1753,0,131.9,98.0,0.3574,0.1585,0.1761,1,1,1,7e-05,1.2006,0.5032,-0.443478,0.305807,0.503204,0.153433,-0.119003,0.137909,0.096997
0.3615,1754,0,466.2,339.9,0.3654,-0.1674,-0.0939,1,1,1,7e-05,1.4096,0.3624,-0.066061,-0.021285,-0.037985,0.362418,0.003133,0.183563,-0.009628
0.0818,1755,0,427.5,174.8,0.0857,-0.002,0.1981,1,1,1,5e-05,0.3684,0.9097,0.883457,-0.470606,0.401109,-0.678764,0.141727,-0.90966,0.750286
0.1273,1756,0,347.9,356.6,0.1313,-0.0059,0.1427,1,1,1,7e-05,0.4295,0.9957,0.995691,-0.308448,0.440396,-0.617659,0.131806,-0.630969,0.639718
0.1511,1757,0,326.1,227.8,0.155,-0.0016,0.1605,1,1,1,5e-05,0.4545,0.8285,0.828541,-0.242482,0.457215,-0.592662,0.094026,-0.615464,0.581409
0.2471,1758,0,12.9,83.1,0.251,0.1573,0.1927,1,1,1,5e-05,0.9074,0.6925,-0.109918,0.165133,0.692495,-0.139806,-0.07828,-0.105952,0.332484
0.2195,1759,0,56.4,124.9,0.2235,0.1181,0.176,1,1,1,6e-05,0.7794,0.668,0.120428,0.045315,0.667994,-0.267773,-0.016848,-0.233175,0.448384
0.3254,1760,0,11.0,44.4,0.3293,0.2221,0.216,0,0,0,,,,,,,,,,
0.6165,1761,0,569.1,110.6,0.6204,-0.4142,0.1332,0,1,0,,,,,,,,,,
0.4969,1762,0,528.2,281.8,0.5009,-0.3265,-0.1165,0,1,0,,,,,,,,,,
0.2811,1763,0,565.7,1.2,0.285,-0.1395,0.2358,1,1,1,9e-05,0.5619,0.4853,0.245302,-0.000419,0.074714,-0.485269,-0.017696,-0.450219,0.045993
0.5183,1764,0,545.8,355.0,0.5223,-0.409,-0.2905,0,1,0,,,,,,,,,,
0.1835,1765,0,288.3,80.7,0.1875,0.0102,0.1961,1,1,1,6e-05,0.4989,0.5678,0.542691,-0.148892,0.476997,-0.548332,0.042459,-0.567808,0.499151
0.1276,1766,0,15.3,182.3,0.1316,0.0522,0.1815,1,1,1,8e-05,0.4955,0.6895,0.567364,-0.248841,0.608016,-0.551672,0.078219,-0.55949,0.689468
0.646,1767,0,487.9,326.6,0.65,-0.3774,-0.3486,0,0,0,,,,,,,,,,
0.5111,1768,0,414.2,50.7,0.515,-0.1189,0.2206,1,1,1,9e-05,1.3123,0.8365,-0.836497,-0.062054,-0.110347,0.360009,0.013061,0.302101,-0.058415
0.2477,1769,0,520.9,103.1,0.2516,-0.1053,0.1827,1,1,1,5e-05,0.5219,0.555,0.555041,-0.023137,0.205875,-0.525312,-0.011227,-0.519237,0.165313
0.1608,1770,0,460.3,274.4,0.1648,-0.0439,0.139,1,1,1,6e-05,0.431,1.0141,1.014075,-0.199833,0.370817,-0.616156,0.080696,-0.626076,0.469877
0.227,1771,0,68.6,248.9,0.231,0.1359,0.1077,1,1,1,7e-05,0.9109,0.6822,0.181921,0.090622,0.682241,-0.136326,-0.007511,-0.113116,0.427096
0.2155,1772,0,518.3,15.5,0.2195,-0.0776,0.2194,1,1,1,8e-05,0.4552,0.642,0.576093,-0.074282,0.264022,-0.592025,-0.005756,-0.641967,0.251916
0.1476,1773,0,463.0,16.2,0.1515,-0.0287,0.2098,1,1,1,4e-05,0.3959,0.7985,0.791505,-0.250658,0.37743,-0.651302,0.056057,-0.79853,0.497004
0.335,1774,0,274.4,58.0,0.339,0.0345,0.2071,1,1,1,3e-05,0.8529,0.3663,-0.118184,0.106553,0.366345,-0.194331,-0.026135,-0.141265,0.193769
0.1742,1775,0,350.7,14.7,0.1782,-0.0085,0.2139,1,1,1,4e-05,0.4494,0.6583,0.584424,-0.173294,0.432299,-0.597823,0.035399,-0.658268,0.476428
0.1043,1776,0,243.0,51.8,0.1082,0.0063,0.2013,1,1,1,6e-05,0.3869,0.8106,0.780615,-0.378619,0.456869,-0.660294,0.105565,-0.810644,0.690767
0.0998,1777,0,363.4,234.3,0.1037,-0.0036,0.1869,1,1,1,8e-05,0.3831,0.9167,0.916667,-0.414348,0.416426,-0.664136,0.131214,-0.830111,0.701437
0.1011,1778,0,464.5,29.1,0.105,-0.0103,0.2026,1,1,1,9e-05,0.3746,0.8939,0.880935,-0.405399,0.394067,-0.672561,0.115967,-0.89389,0.666508
0.4579,1779,0,412.9,357.9,0.4618,-0.1458,-0.2296,0,1,0,,,,,,,,,,
0.2008,1780,0,70.8,164.5,0.2047,0.1012,0.163,1,1,1,7e-05,0.7226,0.6586,0.255733,-0.017127,0.658649,-0.32462,0.01533,-0.28922,0.511259
0.3436,1781,0,178.7,250.1,0.3476,0.1356,0.0351,1,1,1,5e-05,1.2873,0.476,-0.222938,0.300857,0.476023,0.304104,-0.085131,0.181139,0.099246
0.1729,1782,0,442.9,196.1,0.1768,-0.0401,0.1605,1,1,1,5e-05,0.4407,0.8857,0.885692,-0.181404,0.373103,-0.606488,0.061301,-0.642197,0.449081
0.1121,1783,0,423.0,312.7,0.116,-0.0144,0.1678,1,1,1,6e-05,0.3915,1.0243,1.024314,-0.376406,0.398043,-0.655663,0.133415,-0.776111,0.654823
0.4604,1784,0,493.9,286.5,0.4644,-0.2505,-0.097,1,1,0,0.0257,0.6887,1.4057,-0.809901,-0.243746,-0.385476,1.405737,-0.00634,0.066438,-0.002936
0.4169,1785,0,409.4,185.0,0.4208,-0.1015,0.0747,1,1,1,5e-05,1.1338,0.1815,-0.181491,0.032208,0.051808,0.086552,-0.005166,0.06511,0.015209
0.5026,1786,0,220.9,353.8,0.5066,0.1728,-0.2705,0,1,0,,,,,,,,,,
0.0835,1787,0,328.1,281.6,0.0875,-0.0002,0.1944,1,1,1,5e-05,0.3714,0.8885,0.888464,-0.465235,0.410352,-0.67583,0.142426,-0.885354,0.752475
0.4456,1788,0,631.4,51.3,0.4495,-0.334,0.2169,1,1,1,7e-05,1.2485,0.5831,-0.583135,-0.306501,-0.430918,0.201316,0.095687,0.212061,-0.079831
0.3859,1789,0,89.0,118.1,0.3899,0.222,0.1545,0,0,0,,,,,,,,,,
0.2357,1790,0,97.6,202.5,0.2396,0.1205,0.1312,1,1,1,7e-05,0.8607,0.6483,0.165257,0.074173,0.648273,-0.18649,-0.005687,-0.157204,0.422235
0.5766,1791,0,621.5,27.2,0.5806,-0.4282,0.2547,0,1,0,,,,,,,,,,
0.556,1792,0,233.7,14.7,0.56,0.1161,0.2677,0,1,0,,,,,,,,,,
0.3996,1793,0,65.2,8.2,0.4036,0.2298,0.2509,0,0,0,,,,,,,,,,
0.2285,1794,0,469.9,302.0,0.2325,-0.0874,0.0713,1,1,1,4e-05,0.5919,0.7941,0.794063,-0.009073,0.279285,-0.455257,0.035315,-0.348009,0.240258
0.269,1795,0,275.4,221.3,0.2729,0.0298,0.1032,1,1,1,7e-05,0.7864,0.4472,0.346004,0.034831,0.44721,-0.260755,0.03521,-0.214404,0.351968
0.236,1796,0,601.4,207.3,0.24,-0.1536,0.1282,1,1,1,6e-05,0.526,0.7439,0.743881,0.008354,0.141539,-0.521246,-0.033345,-0.476008,0.060727
0.6365,1797,0,429.2,259.6,0.6405,-0.222,-0.1677,0,1,0,,,,,,,,,,
0.4048,1798,0,245.3,308.2,0.4087,0.0946,-0.0869,1,1,0,0.01575,0.6695,1.4249,-0.892804,0.325522,0.173434,1.424924,-0.104133,0.070989,-0.001455
0.6084,1799,0,322.3,211.2,0.6124,-0.0043,-0.0467,0,1,0,,,,,,,,,,
0.4477,1800,0,484.6,332.3,0.4516,-0.243,-0.1684,0,1,0,,,,,,,,,,
0.0998,1801,0,585.9,38.4,0.1038,-0.0181,0.2019,1,1,1,5e-05,0.3732,0.936,0.936011,-0.415168,0.364784,-0.673991,0.120996,-0.931569,0.652595
0.2523,1802,0,299.0,87.2,0.2562,0.0111,0.1904,1,1,1,8e-05,0.6362,0.4296,0.295474,-0.015949,0.429557,-0.410959,0.012931,-0.383169,0.355686
0.5633,1803,0,256.5,74.1,0.5673,0.0918,0.1917,1,1,0,0.04575,0.6805,1.482,-1.482032,0.169059,-0.150567,1.413914,-0.094873,0.072695,-0.008179
0.3463,1804,0,340.0,143.3,0.3503,-0.0172,0.1389,1,1,1,4e-05,0.8742,0.277,0.045852,0.077887,0.276973,-0.173003,-0.002157,-0.136073,0.167786
0.6154,1805,0,4.4,75.7,0.6194,0.5059,0.1884,0,0,0,,,,,,,,,,
0.4501,1806,0,147.7,11.2,0.4541,0.1801,0.2561,1,1,1,9e-05,1.2345,1.3551,-1.355121,0.327008,0.25219,0.843025,-0.148884,0.379916,-0.018703
0.4694,1807,0,527.0,153.5,0.4733,-0.262,0.0979,1,1,1,5e-05,1.365,0.5195,-0.519514,-0.205639,-0.266529,0.367674,0.043087,0.249467,-0.051515
0.4749,1808,0,471.0,99.2,0.4788,-0.1833,0.1642,1,1,1,6e-05,1.2516,0.5369,-0.536904,-0.098801,-0.15513,0.204429,0.023766,0.184923,-0.052973
0.4482,1809,0,31.3,297.0,0.4522,0.4079,-0.1054,0,0,0,,,,,,,,,,
0.5856,1810,0,8.3,153.7,0.5895,0.5111,0.0673,0,0,0,,,,,,,,,,
0.437,1811,0,268.7,178.4,0.4409,0.0612,0.0757,1,1,1,0.0001,1.3556,0.5462,-0.546231,0.211564,0.245966,0.416193,-0.072547,0.258785,0.003528
0.4044,1812,0,373.8,35.2,0.4084,-0.0505,0.2291,1,1,1,5e-05,0.9456,0.3428,-0.3428,0.065484,0.122415,-0.101579,-0.013548,-0.030283,0.038972
0.1868,1813,0,626.4,113.0,0.1907,-0.1047,0.1855,1,1,1,7e-05,0.4102,0.9061,0.906139,-0.098003,0.234105,-0.63701,-0.009711,-0.737396,0.228471
0.1322,1814,0,331.9,27.5,0.1361,-0.0019,0.2061,1,1,1,9e-05,0.4041,0.7632,0.733229,-0.292049,0.446253,-0.643079,0.07461,-0.763182,0.594335
0.2897,1815,0,465.9,214.9,0.2937,-0.1073,0.098,1,1,1,7e-05,0.6972,0.4627,0.462707,0.024346,0.18323,-0.349989,0.005891,-0.285042,0.129861
0.4125,1816,0,377.6,111.8,0.4164,-0.0597,0.1571,1,1,1,7e-05,1.0222,0.2468,-0.246821,0.06311,0.118531,-0.024994,-0.011546,0.003905,0.041992
0.0812,1817,0,369.4,237.7,0.0851,-0.0009,0.1971,1,1,1,5e-05,0.3687,0.9032,0.88173,-0.472163,0.404946,-0.678501,0.142776,-0.903249,0.755787
0.6061,1818,0,448.6,183.9,0.61,-0.2266,0.0073,0,1,0,,,,,,,,,,
0.4306,1819,0,539.6,176.8,0.4345,-0.2569,0.0799,1,1,1,7e-05,1.2387,0.2903,-0.290252,-0.154793,-0.227527,0.19145,0.026045,0.139141,-0.060293
0.2321,1820,0,299.1,218.3,0.236,0.0113,0.1235,1,1,1,9e-05,0.653,0.5216,0.521552,-0.040836,0.451629,-0.394234,0.053925,-0.343964,0.419634
0.3849,1821,0,321.2,10.8,0.3889,-0.001,0.2466,1,1,1,3e-05,0.9263,0.3585,-0.358505,0.1082,0.222349,-0.120912,-0.029372,-0.042011,0.076996
0.5472,1822,0,302.3,85.0,0.5511,0.025,0.1774,1,1,0,0.00985,0.6792,1.4254,-1.42541,0.068522,-0.030722,1.415188,-0.056991,0.075509,-0.003394
0.6365,1823,0,525.9,174.4,0.6404,-0.3797,0.0147,0,1,0,,,,,,,,,,
0.4693,1824,0,296.1,175.1,0.4733,0.0309,0.0691,1,1,1,0.0001,1.2925,0.7103,-0.71027,0.163622,0.160432,0.581047,-0.063863,0.321914,-0.021584
0.614,1825,0,422.4,111.2,0.618,-0.1696,0.1324,0,1,0,,,,,,,,,,
0.1422,1826,0,579.1,22.9,0.1461,-0.0484,0.2079,1,1,1,7e-05,0.3817,0.9111,0.911081,-0.259877,0.324181,-0.665456,0.055507,-0.873561,0.457714
0.1327,1827,0,441.6,178.0,0.1367,-0.0228,0.1806,1,1,1,5e-05,0.3972,0.9423,0.94231,-0.306971,0.390586,-0.650006,0.095944,-0.775848,0.571566
0.3969,1828,0,250.1,144.3,0.4009,0.0714,0.1263,1,1,1,5e-05,1.1933,0.3455,-0.34551,0.203762,0.332169,0.146092,-0.060036,0.117955,0.079171
0.4504,1829,0,496.7,129.1,0.4543,-0.2075,0.1323,1,1,1,6e-05,1.1894,0.383,-0.38296,-0.105787,-0.166771,0.142202,0.021735,0.127581,-0.053562
0.4063,1830,0,425.0,192.8,0.4102,-0.1165,0.0693,1,1,1,8e-05,1.0969,0.1183,-0.118347,0.021995,0.038605,0.049682,-0.002268,0.037768,0.014318
0.3092,1831,0,102.5,171.2,0.3132,0.1663,0.1255,1,1,1,7e-05,1.1503,0.6023,-0.207317,0.274621,0.602333,0.103148,-0.096806,0.076386,0.190421
0.203,1832,0,328.4,174.9,0.207,-0.0035,0.1578,1,1,1,5e-05,0.5408,0.6231,0.623103,-0.112069,0.442388,-0.506418,0.0542,-0.489608,0.458065
0.5737,1833,0,276.8,32.8,0.5777,0.0613,0.2472,1,1,0,0.04071,0.682,1.5633,-1.56332,0.094342,-0.191438,1.412403,-0.076398,0.073862,-0.007521
0.5221,1834,0,561.6,331.2,0.5261,-0.4274,-0.2395,0,1,0,,,,,,,,,,
0.4944,1835,0,555.9,227.5,0.4984,-0.3446,-0.0199,1,1,0,0.03759,0.6958,1.3986,-0.914075,-0.417327,-0.600134,1.398593,0.015222,0.065232,0.000713
0.0883,1836,0,295.3,229.9,0.0922,0.0011,0.1934,1,1,1,9e-05,0.3752,0.878,0.878032,-0.446942,0.421306,-0.672023,0.136358,-0.862229,0.740174
0.0959,1837,0,365.5,121.4,0.0998,-0.0028,0.1969,1,1,1,9e-05,0.3767,0.8732,0.873196,-0.421888,0.415154,-0.670469,0.125419,-0.865155,0.704714
0.554,1838,0,282.9,284.8,0.558,0.0664,-0.1658,0,1,0,,,,,,,,,,
0.2827,1839,0,78.0,24.3,0.2867,0.1415,0.2241,1,1,1,9e-05,0.9222,0.6036,-0.238955,0.194517,0.60359,-0.125029,-0.087745,-0.074117,0.250079
0.4025,1840,0,247.8,307.2,0.4064,0.0907,-0.0834,1,1,0,0.01034,0.6706,1.4238,-0.894855,0.319505,0.195333,1.423801,-0.100232,0.073637,-0.000297
0.0813,1841,0,505.3,58.0,0.0852,-0.0028,0.2001,1,1,1,5e-05,0.3672,0.9207,0.878524,-0.471469,0.397409,-0.679973,0.140565,-0.92074,0.74781
0.4662,1842,0,609.6,7.7,0.4701,-0.3147,0.2619,1,1,1,7e-05,1.2966,0.7497,-0.749653,-0.312027,-0.427603,0.249448,0.109675,0.267862,-0.076857
0.6243,1843,0,263.3,152.3,0.6282,0.1,0.0598,0,1,0,,,,,,,,,,
0.2329,1844,0,431.8,291.7,0.2368,-0.0661,0.0751,1,1,1,3e-05,0.6147,0.7404,0.740352,-0.014795,0.31157,-0.43247,0.046945,-0.33467,0.283591
0.5389,1845,0,9.6,114.5,0.5429,0.4438,0.1372,0,0,0,,,,,,,,,,
0.2607,1846,0,159.4,78.0,0.2646,0.0883,0.1948,1,1,1,5e-05,0.7809,0.56,0.048003,0.070565,0.560018,-0.266308,-0.022085,-0.226473,0.35791
0.1412,1847,0,268.8,287.7,0.1452,0.0125,0.1493,1,1,1,4e-05,0.4704,0.8304,0.830389,-0.260259,0.492286,-0.576778,0.11171,-0.573444,0.633884
0.2006,1848,0,288.2,231.7,0.2045,0.0139,0.1325,1,1,1,4e-05,0.5858,0.6306,0.630567,-0.103724,0.479407,-0.461424,0.071429,-0.417265,0.493181
0.1997,1849,0,266.5,48.1,0.2037,0.0191,0.2067,1,1,1,4e-05,0.5347,0.5163,0.417966,-0.103366,0.486868,-0.51253,0.025474,-0.516293,0.464157
0.3139,1850,0,363.8,134.7,0.3178,-0.0329,0.1528,1,1,1,5e-05,0.7559,0.2913,0.197378,0.041973,0.288472,-0.291325,0.006414,-0.247807,0.207304
0.4259,1851,0,568.1,34.3,0.4299,-0.2479,0.2318,1,1,1,6e-05,1.0244,0.4255,-0.425517,-0.149881,-0.265412,-0.022782,0.047242,0.053099,-0.086079
0.2803,1852,0,333.3,57.5,0.2842,-0.008,0.2059,1,1,1,6e-05,0.663,0.3842,0.185421,0.015365,0.360947,-0.384166,-0.000163,-0.347514,0.273787
0.4043,1853,0,104.1,86.9,0.4083,0.213,0.1824,0,0,0,,,,,,,,,,
0.2909,1854,0,493.9,259.1,0.2949,-0.1355,0.0595,1,1,1,7e-05,0.7463,0.4789,0.478936,0.032854,0.127604,-0.300878,0.000447,-0.221475,0.07259
0.1455,1855,0,512.8,250.6,0.1495,-0.0481,0.157,1,1,1,4e-05,0.3982,1.0741,1.074064,-0.250036,0.34874,-0.649022,0.08332,-0.733701,0.485253
0.3983,1856,0,337.6,171.4,0.4023,-0.0186,0.0968,1,1,1,6e-05,1.0934,0.2053,-0.16613,0.10794,0.205344,0.046229,-0.017337,0.038728,0.078589
0.2459,1857,0,145.5,121.7,0.2498,0.0922,0.1732,1,1,1,6e-05,0.7763,0.5879,0.13401,0.048914,0.587863,-0.270934,-0.007426,-0.235392,0.402759
0.4327,1858,0,624.3,0.8,0.4366,-0.3004,0.2626,1,1,1,6e-05,1.1043,0.569,-0.569022,-0.244778,-0.388452,0.057093,0.087836,0.139877,-0.094202
0.3437,1859,0,378.5,116.5,0.3477,-0.0485,0.1621,1,1,1,4e-05,0.8121,0.2351,0.063222,0.053843,0.22327,-0.235131,-0.001594,-0.189091,0.142191
0.338,1860,0,567.3,104.2,0.342,-0.1981,0.1726,1,1,1,3e-05,0.751,0.2962,0.112339,-0.022808,-0.0733,-0.296195,-0.009808,-0.23482,-0.05454
0.0968,1861,0,86.9,265.2,0.1008,0.0177,0.1859,1,1,1,5e-05,0.4,0.7947,0.794716,-0.397289,0.492444,-0.647154,0.122898,-0.749402,0.746974
0.3434,1862,0,100.4,128.6,0.3474,0.1841,0.152,1,1,1,7e-05,1.2337,0.5467,-0.450397,0.354463,0.546721,0.234365,-0.139393,0.178241,0.08616
0.5485,1863,0,387.6,1.4,0.5525,-0.0885,0.2822,1,1,1,9e-05,1.2003,1.2911,-1.291121,-0.10892,-0.149124,0.783716,0.018828,0.41411,-0.047311
0.3353,1864,0,459.7,130.0,0.3393,-0.1137,0.1524,1,1,1,4e-05,0.7579,0.2893,0.168898,0.02281,0.113062,-0.289347,-0.003022,-0.238374,0.072701
0.3082,1865,0,195.9,352.6,0.3121,0.1176,-0.0545,1,1,1,9e-05,1.2816,0.4542,-0.079931,0.306645,0.454228,0.412278,-0.070163,0.211085,0.082364
0.2342,1866,0,35.2,272.0,0.2382,0.1658,0.0879,1,1,1,9e-05,1.0308,0.7189,0.09514,0.168674,0.718919,-0.016357,-0.044419,-0.021685,0.362442
0.0839,1867,0,255.2,332.7,0.0878,0.002,0.1922,1,1,1,0.0001,0.3733,0.8838,0.883793,-0.462262,0.419956,-0.673904,0.142514,-0.867378,0.75787
0.3764,1868,0,305.4,317.0,0.3804,0.017,-0.0749,1,1,1,6e-05,1.3555,0.5334,-0.278012,0.191997,0.219558,0.533367,-0.046979,0.258915,0.009828
0.5387,1869,0,226.6,219.0,0.5427,0.1494,-0.0281,0,1,0,,,,,,,,,,
0.5334,1870,0,154.6,356.7,0.5373,0.3105,-0.3114,0,0,0,,,,,,,,,,
0.3421,1871,0,22.8,158.2,0.3461,0.2557,0.1268,0,0,0,,,,,,,,,,
0.4461,1872,0,202.2,355.1,0.45,0.1785,-0.2106,0,1,0,,,,,,,,,,
0.3748,1873,0,563.5,44.7,0.3788,-0.2098,0.2189,1,1,1,9e-05,0.8318,0.2154,-0.15243,-0.063601,-0.149951,-0.215404,0.013069,-0.135092,-0.071613
0.2879,1874,0,306.5,261.4,0.2919,0.0104,0.0595,1,1,1,7e-05,0.8653,0.3846,0.339559,0.067213,0.384597,-0.181869,0.035444,-0.136079,0.285193
0.1324,1875,0,573.1,313.7,0.1364,-0.0553,0.1493,1,1,1,6e-05,0.382,1.2005,1.200455,-0.278172,0.328367,-0.665218,0.096074,-0.766902,0.492469
0.2664,1876,0,218.4,96.8,0.2704,0.0587,0.1843,1,1,1,6e-05,0.7462,0.5024,0.135462,0.042929,0.502435,-0.301006,-0.003415,-0.263255,0.353612
0.0854,1877,0,489.4,66.5,0.0894,-0.0047,0.2,1,1,1,5e-05,0.3692,0.9161,0.886525,-0.459034,0.395234,-0.678017,0.136673,-0.91605,0.730428
0.1111,1878,0,350.0,282.9,0.1151,-0.0039,0.1735,1,1,1,5e-05,0.3975,0.9434,0.94344,-0.375833,0.428147,-0.649669,0.128939,-0.759963,0.677327
0.0887,1879,0,534.4,57.9,0.0927,-0.0079,0.2004,1,1,1,5e-05,0.3703,0.9214,0.901434,-0.450312,0.386748,-0.676911,0.133993,-0.921433,0.712477
0.3756,1880,0,201.6,47.6,0.3796,0.1026,0.2167,1,1,1,8e-05,1.0909,0.4563,-0.456331,0.226873,0.392353,0.043709,-0.083739,0.080493,0.089698
0.2065,1881,0,496.3,205.4,0.2104,-0.0783,0.1424,1,1,1,8e-05,0.4786,0.8399,0.83987,-0.082069,0.299597,-0.568647,0.023469,-0.557619,0.296255
0.5509,1882,0,157.9,235.7,0.5549,0.2714,-0.065,0,0,0,,,,,,,,,,
0.317,1883,0,357.6,233.5,0.321,-0.0319,0.0676,1,1,1,6e-05,0.8724,0.2835,0.268643,0.067766,0.283549,-0.174779,0.020449,-0.133292,0.197936
0.5339,1884,0,403.8,348.3,0.5378,-0.1558,-0.2915,0,1,0,,,,,,,,,,
0.3567,1885,0,5.2,192.1,0.3607,0.2965,0.0897,0,0,0,,,,,,,,,,
0.3078,1886,0,54.8,296.7,0.3117,0.2333,0.0102,0,0,0,,,,,,,,,,
0.6187,1887,0,447.7,93.5,0.6227,-0.2096,0.1605,0,1,0,,,,,,,,,,
0.2648,1888,0,214.5,242.2,0.2688,0.0708,0.0898,1,1,1,7e-05,0.8694,0.5191,0.273078,0.068927,0.519051,-0.17777,0.025399,-0.142552,0.368387
0.578,1889,0,72.4,9.1,0.5819,0.3466,0.2779,0,0,0,,,,,,,,,,
0.1342,1890,0,371.0,212.8,0.1382,-0.0102,0.1727,1,1,1,9e-05,0.4144,0.8992,0.89918,-0.299663,0.427268,-0.632817,0.101884,-0.713197,0.601372
0.2814,1891,0,199.1,261.8,0.2854,0.0903,0.0634,1,1,1,8e-05,0.9892,0.5238,0.179293,0.129301,0.523757,-0.057962,0.00419,-0.048067,0.310884
0.09,1892,0,309.9,77.7,0.0939,0.0004,0.1996,1,1,1,9e-05,0.3732,0.876,0.849251,-0.43676,0.421274,-0.674047,0.127687,-0.876029,0.72624
0.5159,1893,0,91.8,320.5,0.5199,0.3927,-0.2101,0,0,0,,,,,,,,,,
0.5354,1894,0,501.3,322.1,0.5394,-0.3266,-0.232,0,1,0,,,,,,,,,,
0.6365,1895,0,197.3,209.4,0.6405,0.2353,-0.0559,0,0,0,,,,,,,,,,
0.5105,1896,0,190.2,207.8,0.5144,0.1925,0.0043,0,1,0,,,,,,,,,,
0.2967,1897,0,396.8,209.1,0.3007,-0.058,0.0995,1,1,1,6e-05,0.7464,0.3823,0.382261,0.033154,0.265442,-0.300784,0.020095,-0.245155,0.204776
0.1881,1898,0,385.2,77.8,0.1921,-0.0217,0.1969,1,1,1,9e-05,0.4649,0.6372,0.637183,-0.14857,0.402138,-0.582311,0.03638,-0.62496,0.43739
0.2738,1899,0,65.7,236.1,0.2777,0.1774,0.0894,1,1,1,7e-05,1.1482,0.674,-0.068792,0.258715,0.674042,0.10098,-0.084948,0.062132,0.247981
0.4552,1900,0,161.2,126.2,0.4592,0.1883,0.1349,1,1,0,0.00879,0.6717,1.4227,-1.411338,0.392491,0.241044,1.422694,-0.147358,0.07817,0.003091
0.4821,1901,0,169.4,325.9,0.486,0.2409,-0.1894,0,0,0,,,,,,,,,,
0.5358,1902,0,630.4,348.0,0.5398,-0.5789,-0.2928,0,1,0,,,,,,,,,,
0.292,1903,0,567.0,121.2,0.296,-0.1659,0.1663,1,1,1,8e-05,0.6264,0.4208,0.365954,0.008233,0.043919,-0.420803,-0.022892,-0.372972,0.005836
0.2876,1904,0,521.0,169.5,0.2916,-0.1392,0.1337,1,1,1,8e-05,0.6437,0.4456,0.445581,0.014975,0.117312,-0.403453,-0.013099,-0.349661,0.066647
0.1942,1905,0,55.9,112.7,0.1982,0.0963,0.1846,1,1,1,7e-05,0.6822,0.6575,0.231847,-0.031376,0.657501,-0.364953,0.008179,-0.333625,0.516182
0.5153,1906,0,249.4,252.9,0.5192,0.1115,-0.0758,0,1,0,,,,,,,,,,
0.1282,1907,0,296.9,64.6,0.1322,0.0036,0.2005,1,1,1,9e-05,0.4083,0.7476,0.740519,-0.303727,0.461402,-0.638893,0.08256,-0.747625,0.62012
0.5651,1908,0,108.6,39.7,0.5691,0.2968,0.2374,0,0,0,,,,,,,,,,
0.1183,1909,0,187.9,181.6,0.1222,0.0185,0.185,1,1,1,7e-05,0.4245,0.7493,0.74931,-0.326718,0.504823,-0.622694,0.101913,-0.692807,0.684945
0.1297,1910,0,556.7,9.2,0.1336,-0.0354,0.2083,1,1,1,8e-05,0.3791,0.9036,0.903569,-0.30569,0.346816,-0.668113,0.074514,-0.889053,0.521446
0.2382,1911,0,212.3,292.1,0.2421,0.0659,0.0706,1,1,1,8e-05,0.8333,0.5338,0.406601,0.032341,0.533757,-0.213858,0.052875,-0.161173,0.423794
0.2673,1912,0,183.0,31.8,0.2713,0.0746,0.2186,1,1,1,5e-05,0.7535,0.523,0.002082,0.069689,0.523007,-0.293716,-0.027222,-0.247374,0.3293
0.5214,1913,0,443.5,296.2,0.5254,-0.2087,-0.1639,0,1,0,,,,,,,,,,
0.4735,1914,0,482.8,11.2,0.4775,-0.1809,0.2595,1,1,1,4e-05,1.1728,0.6821,-0.68208,-0.110196,-0.189953,0.125634,0.04121,0.18481,-0.068286
0.5956,1915,0,270.9,87.2,0.5995,0.0767,0.1717,0,1,0,,,,,,,,,,
0.09,1916,0,415.8,297.8,0.0939,-0.0051,0.1885,1,1,1,0.0001,0.3758,0.9393,0.939319,-0.450995,0.399223,-0.671368,0.143359,-0.870827,0.727797
0.6055,1917,0,97.7,329.1,0.6095,0.4657,-0.3161,0,0,0,,,,,,,,,,
0.0855,1918,0,234.1,218.9,0.0895,0.0028,0.1953,1,1,1,9e-05,0.3732,0.8674,0.861115,-0.45282,0.425483,-0.673952,0.136292,-0.867384,0.750231
0.342,1919,0,371.2,45.4,0.346,-0.0393,0.2164,1,1,1,3e-05,0.7766,0.2706,-0.051261,0.055459,0.227121,-0.27057,-0.009374,-0.210419,0.136098
0.282,1920,0,23.0,274.6,0.286,0.2259,0.0517,0,0,0,,,,,,,,,,
0.6044,1921,0,595.4,28.7,0.6084,-0.4134,0.2556,0,1,0,,,,,,,,,,
0.4397,1922,0,20.6,326.1,0.4436,0.429,-0.1491,0,0,0,,,,,,,,,,
0.6019,1923,0,380.1,72.7,0.6059,-0.0936,0.1931,1,1,0,0.0397,0.6886,1.4081,-1.408124,-0.123057,-0.380798,1.405817,-0.022049,0.071253,-0.005761
0.6432,1924,0,33.3,302.7,0.6472,0.6218,-0.2804,0,0,0,,,,,,,,,,
0.5662,1925,0,229.1,240.9,0.5702,0.158,-0.0837,0,1,0,,,,,,,,,,
0.1984,1926,0,353.1,6.3,0.2023,-0.0112,0.2198,1,1,1,6e-05,0.4839,0.5946,0.478356,-0.116322,0.416662,-0.563292,0.01875,-0.594566,0.416134
0.0932,1927,0,391.5,56.8,0.0972,-0.0036,0.2005,1,1,1,9e-05,0.3733,0.8861,0.864976,-0.42916,0.409465,-0.67391,0.12515,-0.886102,0.707039
0.5919,1928,0,411.9,314.1,0.5958,-0.1839,-0.265,0,1,0,,,,,,,,,,
0.1535,1929,0,67.1,88.0,0.1575,0.0589,0.1956,1,1,1,5e-05,0.5342,0.613,0.433543,-0.167387,0.612956,-0.512957,0.044909,-0.512745,0.610747
0.1472,1930,0,373.7,302.7,0.1512,-0.0146,0.1397,1,1,1,5e-05,0.4458,0.9598,0.959767,-0.246544,0.428586,-0.60138,0.109333,-0.600257,0.571336
0.3968,1931,0,276.7,136.4,0.4008,0.0439,0.1345,1,1,1,6e-05,1.1261,0.2975,-0.292181,0.167125,0.297461,0.078918,-0.043768,0.073151,0.088863
0.3614,1932,0,408.0,206.5,0.3653,-0.0856,0.0729,1,1,1,9e-05,0.9492,0.141,0.096988,0.053054,0.140966,-0.098,0.003258,-0.073147,0.081975
0.1266,1933,0,383.6,39.7,0.1306,-0.0092,0.2039,1,1,1,5e-05,0.3929,0.803,0.798707,-0.31594,0.420998,-0.654347,0.083704,-0.803018,0.596802
0.3869,1934,0,355.7,70.7,0.3908,-0.0328,0.1977,1,1,1,4e-05,0.9245,0.2176,-0.217613,0.079955,0.186406,-0.122706,-0.015347,-0.068367,0.081844
0.1264,1935,0,480.0,290.9,0.1304,-0.0304,0.16,1,1,1,5e-05,0.3926,1.0804,1.080398,-0.321948,0.372225,-0.654553,0.115519,-0.758401,0.578716
0.3369,1936,0,51.8,15.5,0.3409,0.1963,0.2363,1,1,1,8e-05,1.2089,0.6288,-0.62878,0.379262,0.540529,0.17792,-0.168929,0.183916,0.055436
0.1897,1937,0,90.5,297.6,0.1937,0.0991,0.1064,1,1,1,8e-05,0.7648,0.6548,0.41253,-0.034922,0.654766,-0.282441,0.055801,-0.228527,0.548594
0.168,1938,0,286.2,100.8,0.172,0.0095,0.1913,1,1,1,9e-05,0.4754,0.6173,0.617265,-0.188892,0.481055,-0.571811,0.056258,-0.603924,0.538159
0.4893,1939,0,602.6,26.0,0.4933,-0.331,0.2464,1,1,1,7e-05,1.2586,0.8881,-0.888128,-0.380713,-0.459394,0.462733,0.120312,0.355821,-0.062
0.1516,1940,0,163.0,36.7,0.1556,0.034,0.2064,1,1,1,8e-05,0.4792,0.5995,0.507092,-0.200646,0.54888,-0.567961,0.048471,-0.599465,0.591366
0.4623,1941,0,243.7,234.6,0.4662,0.1037,-0.0138,1,1,0,0.02324,0.6715,1.4229,-1.078389,0.299093,0.10708,1.422861,-0.107749,0.070571,-0.003148
0.1198,1942,0,75.4,151.1,0.1238,0.0343,0.189,1,1,1,5e-05,0.4477,0.6937,0.645158,-0.296898,0.556481,-0.599506,0.087764,-0.644488,0.693732
0.6118,1943,0,119.9,83.2,0.6158,0.321,0.177,0,0,0,,,,,,,,,,
0.6399,1944,0,178.7,68.9,0.6438,0.2353,0.1985,0,0,0,,,,,,,,,,
0.6238,1945,0,443.7,155.5,0.6277,-0.2185,0.0541,0,1,0,,,,,,,,,,
0.4339,1946,0,551.0,334.8,0.4379,-0.3294,-0.1592,0,1,0,,,,,,,,,,
0.5438,1947,0,162.6,294.9,0.5478,0.2788,-0.1793,0,0,0,,,,,,,,,,
0.2934,1948,0,417.6,351.8,0.2973,-0.0865,-0.0373,1,1,1,7e-05,0.9796,0.3862,0.386243,0.072553,0.180196,-0.067584,0.026331,-0.023496,0.115657
0.2585,1949,0,249.4,317.7,0.2624,0.0502,0.0325,1,1,1,8e-05,0.9124,0.4724,0.387404,0.075143,0.472358,-0.134793,0.048328,-0.089919,0.348786
0.4521,1950,0,620.6,325.3,0.4561,-0.445,-0.1594,0,1,0,,,,,,,,,,
0.462,1951,0,579.3,53.2,0.4659,-0.291,0.2156,1,1,1,7e-05,1.2488,0.6088,-0.608773,-0.249385,-0.357218,0.201569,0.077487,0.211754,-0.076552
0.1438,1952,0,484.4,95.3,0.1478,-0.0338,0.1947,1,1,1,5e-05,0.3943,0.8932,0.893187,-0.267347,0.366125,-0.652923,0.069663,-0.800851,0.506524
0.4057,1953,0,3.3,131.6,0.4097,0.3283,0.1377,0,0,0,,,,,,,,,,
0.4871,1954,0,403.4,72.3,0.4911,-0.1015,0.195,1,1,1,9e-05,1.2846,0.661,-0.661041,-0.013969,-0.047328,0.237378,-0.000439,0.219988,-0.043747
0.4277,1955,0,181.7,315.0,0.4317,0.189,-0.1185,0,1,0,,,,,,,,,,
0.1736,1956,0,614.1,147.6,0.1776,-0.0918,0.1766,1,1,1,9e-05,0.4003,0.9914,0.991444,-0.137643,0.263892,-0.646882,0.010405,-0.758863,0.289744
0.4411,1957,0,428.5,267.4,0.445,-0.1449,-0.0514,1,1,1,8e-05,1.3116,0.6358,-0.472887,-0.04357,-0.059972,0.635785,-0.0041,0.302856,-0.02153
0.4826,1958,0,160.8,61.1,0.4866,0.1896,0.2078,1,1,0,0.02046,0.6706,1.5633,-1.563295,0.345481,0.132656,1.423781,-0.143582,0.074601,-0.001502
0.2998,1959,0,52.6,128.0,0.3038,0.1875,0.1603,1,1,1,5e-05,1.1434,0.6436,-0.292738,0.304236,0.643626,0.096243,-0.125283,0.082356,0.179426
0.53,1960,0,640.0,113.0,0.534,-0.4481,0.1406,0,1,0,,,,,,,,,,
0.3724,1961,0,367.3,190.9,0.3764,-0.047,0.0848,1,1,1,7e-05,0.9945,0.1935,0.004646,0.079541,0.19348,-0.052721,-0.001925,-0.038897,0.102053
0.4058,1962,0,446.9,316.4,0.4098,-0.1628,-0.1009,1,1,1,9e-05,1.3166,0.6824,-0.385088,-0.05475,-0.071009,0.682374,-0.000352,0.297827,-0.016683
0.1095,1963,0,278.5,28.9,0.1134,0.0039,0.2035,1,1,1,5e-05,0.3883,0.809,0.773312,-0.362289,0.452251,-0.658854,0.098741,-0.809042,0.668984
0.5153,1964,0,190.7,298.9,0.5193,0.2162,-0.1644,0,0,0,,,,,,,,,,
0.1817,1965,0,14.9,244.3,0.1856,0.1147,0.1374,1,1,1,8e-05,0.7493,0.7037,0.314198,-0.03144,0.703663,-0.297906,0.02961,-0.255767,0.557763
0.3469,1966,0,470.5,55.0,0.3509,-0.1188,0.2097,1,1,1,3e-05,0.7457,0.3015,0.004887,0.014179,0.070683,-0.3015,-0.003578,-0.237966,0.0437
0.4302,1967,0,363.3,301.3,0.4341,-0.0586,-0.0977,1,1,0,0.00014,0.9343,1.1601,-0.747938,0.065691,0.034135,1.160078,-0.03517,0.257274,-0.004926
0.3716,1968,0,248.3,343.9,0.3756,0.0855,-0.1105,1,1,0,0.00426,0.6997,1.3947,-0.799927,0.327376,0.233634,1.394721,-0.094891,0.099338,0.002599
0.4302,1969,0,217.6,83.8,0.4342,0.1087,0.1841,1,1,1,6e-05,1.3294,0.7031,-0.703126,0.258756,0.300877,0.319542,-0.103526,0.252153,-0.002038
0.4662,1970,0,184.4,327.1,0.4702,0.2088,-0.1764,0,0,0,,,,,,,,,,
0.1401,1971,0,448.3,97.3,0.1441,-0.025,0.1946,1,1,1,4e-05,0.397,0.8682,0.868177,-0.28056,0.386542,-0.650173,0.076286,-0.789001,0.537256
0.4036,1972,0,54.0,334.3,0.4076,0.347,-0.1279,0,0,0,,,,,,,,,,
0.2662,1973,0,414.8,247.7,0.2702,-0.0645,0.0846,1,1,1,8e-05,0.6832,0.5569,0.556919,0.013389,0.284819,-0.364019,0.031723,-0.289934,0.238212
0.1282,1974,0,293.7,93.9,0.1322,0.0042,0.1961,1,1,1,8e-05,0.4113,0.7554,0.755435,-0.305659,0.463362,-0.635927,0.086593,-0.73762,0.625586
0.2066,1975,0,459.3,351.5,0.2105,-0.0741,0.0577,1,1,1,4e-05,0.5711,0.8996,0.899603,-0.028953,0.316696,-0.476145,0.059339,-0.339463,0.298603
0.1973,1976,0,128.9,186.8,0.2012,0.0773,0.1547,1,1,1,9e-05,0.6748,0.6134,0.369349,-0.058829,0.613431,-0.372374,0.040111,-0.335625,0.530739
0.5741,1977,0,84.4,82.7,0.5781,0.3511,0.1794,0,0,0,,,,,,,,,,
0.2687,1978,0,635.3,117.5,0.2727,-0.1883,0.1721,1,1,1,3e-05,0.5713,0.4759,0.465202,0.01211,0.011752,-0.475879,-0.039262,-0.437019,-0.038593
0.3015,1979,0,518.5,16.8,0.3055,-0.1257,0.2306,1,1,1,6e-05,0.6153,0.4319,0.161563,0.004897,0.090627,-0.431903,-0.011116,-0.383012,0.060304
0.4461,1980,0,452.4,256.4,0.45,-0.177,-0.0377,1,1,1,8e-05,1.3158,0.6074,-0.471735,-0.088003,-0.108363,0.607385,0.005483,0.298647,-0.024251
0.4575,1981,0,48.1,132.4,0.4615,0.3265,0.127,0,0,0,,,,,,,,,,
0.3843,1982,0,625.5,181.5,0.3883,-0.3123,0.0905,1,1,1,4e-05,1.1095,0.3103,-0.123991,-0.18708,-0.310344,0.062335,0.024234,0.05399,-0.099827
0.4469,1983,0,551.5,62.3,0.4508,-0.2519,0.2058,1,1,1,5e-05,1.1303,0.4791,-0.479092,-0.169476,-0.271913,0.083128,0.049583,0.122599,-0.077966
0.4126,1984,0,152.5,152.8,0.4166,0.1812,0.1134,1,1,1,8e-05,1.1927,0.888,-0.888017,0.395526,0.371737,0.70963,-0.153958,0.346443,-0.017981
0.2215,1985,0,146.3,221.4,0.2254,0.0876,0.127,1,1,1,7e-05,0.7683,0.6046,0.320419,0.002906,0.604646,-0.278904,0.032703,-0.237395,0.475623
0.5909,1986,0,160.4,264.7,0.5949,0.2998,-0.1488,0,0,0,,,,,,,,,,
0.3206,1987,0,315.3,56.1,0.3246,0.0034,0.208,1,1,1,4e-05,0.7725,0.3332,-0.004679,0.066655,0.333198,-0.274735,-0.012197,-0.223078,0.208059
0.1627,1988,0,507.8,61.7,0.1667,-0.0477,0.2015,1,1,1,9e-05,0.4022,0.8341,0.834069,-0.204976,0.339797,-0.645011,0.041237,-0.775306,0.425034
0.4573,1989,0,562.2,265.7,0.4612,-0.3373,-0.06,1,1,0,0.02539,0.6927,1.4017,-0.824222,-0.397138,-0.510405,1.401664,0.018823,0.066397,-0.002084
0.1586,1990,0,605.7,269.3,0.1626,-0.0866,0.1424,1,1,1,9e-05,0.3935,1.1583,1.158312,-0.164972,0.291753,-0.653703,0.038014,-0.711927,0.340381
0.1333,1991,0,630.8,344.8,0.1372,-0.0719,0.1396,1,1,1,6e-05,0.3738,1.2846,1.284626,-0.246969,0.305831,-0.673442,0.080394,-0.761609,0.434843
0.2191,1992,0,418.9,84.9,0.223,-0.0424,0.1932,1,1,1,6e-05,0.5013,0.5671,0.567144,-0.084396,0.347149,-0.545872,0.017801,-0.560789,0.34061
0.3839,1993,0,467.2,5.2,0.3879,-0.126,0.2508,1,1,1,3e-05,0.8329,0.257,-0.257038,0.000857,-0.001843,-0.214327,0.005601,-0.123077,-0.002472
0.2176,1994,0,618.2,233.7,0.2216,-0.1485,0.1221,1,1,1,8e-05,0.4915,0.865,0.864961,-0.001597,0.171248,-0.555653,-0.033482,-0.512466,0.084455
0.2106,1995,0,638.8,105.1,0.2145,-0.1313,0.1856,1,1,1,4e-05,0.441,0.7842,0.78422,-0.037291,0.174667,-0.606243,-0.033034,-0.658308,0.125884
0.1814,1996,0,212.8,154.1,0.1854,0.0364,0.1724,1,1,1,4e-05,0.5542,0.5475,0.522895,-0.137943,0.539549,-0.492985,0.05663,-0.480081,0.54747
0.1075,1997,0,33.3,255.7,0.1115,0.0326,0.1799,1,1,1,6e-05,0.4368,0.7359,0.713578,-0.34033,0.54917,-0.610403,0.108497,-0.656422,0.735918
0.5738,1998,0,329.2,63.0,0.5778,-0.0135,0.2069,1,1,0,0.02235,0.6813,1.4615,-1.461523,-0.008342,-0.171461,1.413095,-0.042453,0.072632,-0.00559
0.4628,1999,0,326.0,201.3,0.4668,-0.0079,0.035,1,1,1,8e-05,1.3133,0.6009,-0.600909,0.121464,0.120829,0.546516,-0.046606,0.301133,-0.018093
