depth,row,col,u,v,tx,ty,tz,reach_ok,in_ws_box,converged,err_m,joint_margin_rad,max_joint_rad,q0,q1,q2,q3,q4,q5,q6
0.25,7,0,32.0,270.0,0.1318,0.0548,0.1637,1,1,1,7e-05,0.5164,0.7025,0.614254,-0.248967,0.612104,-0.530801,0.093544,-0.516808,0.702498
0.25,7,1,96.0,270.0,0.1485,0.0564,0.152,1,1,1,5e-05,0.5531,0.6635,0.603535,-0.204323,0.605886,-0.494092,0.090557,-0.463188,0.663478
0.25,7,2,160.0,270.0,0.1653,0.0501,0.1403,1,1,1,5e-05,0.577,0.6202,0.61548,-0.168979,0.579506,-0.470236,0.089802,-0.428319,0.620248
0.25,7,3,224.0,270.0,0.18,0.0352,0.13,1,1,1,4e-05,0.5825,0.6518,0.65179,-0.14459,0.536727,-0.464717,0.089815,-0.415437,0.57435
0.25,7,4,288.0,270.0,0.1888,0.0128,0.1238,1,1,1,5e-05,0.5644,0.7158,0.715801,-0.134289,0.484652,-0.482845,0.088525,-0.430287,0.529122
0.25,7,5,352.0,270.0,0.1888,-0.0128,0.1238,1,1,1,6e-05,0.524,0.8073,0.80733,-0.13964,0.43343,-0.523183,0.084201,-0.475611,0.489409
0.25,7,6,416.0,270.0,0.18,-0.0352,0.13,1,1,1,9e-05,0.4724,0.918,0.917958,-0.1603,0.390899,-0.574752,0.078008,-0.548137,0.461471
0.25,7,7,480.0,270.0,0.1653,-0.0501,0.1403,1,1,1,6e-05,0.4248,1.0314,1.031396,-0.195427,0.358452,-0.622374,0.074863,-0.639745,0.4516
0.25,7,8,544.0,270.0,0.1485,-0.0564,0.152,1,1,1,4e-05,0.3925,1.1267,1.126677,-0.242994,0.333871,-0.654712,0.079906,-0.738969,0.463423
0.25,7,9,608.0,270.0,0.1318,-0.0548,0.1637,1,1,1,8e-05,0.378,1.1839,1.183918,-0.301265,0.316149,-0.669205,0.095136,-0.83382,0.498815
0.25,8,0,32.0,306.0,0.1585,0.0868,0.1323,1,1,1,3e-05,0.6532,0.6683,0.497594,-0.132496,0.668315,-0.394048,0.07646,-0.340449,0.642783
0.25,8,1,96.0,306.0,0.1765,0.083,0.1168,1,1,1,0.0001,0.6894,0.64,0.500945,-0.09558,0.639994,-0.357753,0.076395,-0.29806,0.598424
0.25,8,2,160.0,306.0,0.1952,0.0708,0.1006,1,1,1,9e-05,0.7138,0.5943,0.519563,-0.064976,0.594271,-0.333389,0.078323,-0.267998,0.54969
0.25,8,3,224.0,306.0,0.2116,0.0485,0.0864,1,1,1,9e-05,0.717,0.5582,0.558162,-0.044964,0.533733,-0.330177,0.081155,-0.257254,0.499134
0.25,8,4,288.0,306.0,0.2215,0.0174,0.0779,1,1,1,9e-05,0.6909,0.623,0.622965,-0.038676,0.466734,-0.356253,0.082181,-0.272794,0.449791
0.25,8,5,352.0,306.0,0.2215,-0.0174,0.0779,1,1,1,3e-05,0.6354,0.7177,0.717723,-0.045464,0.405584,-0.411751,0.077918,-0.317974,0.404382
0.25,8,6,416.0,306.0,0.2116,-0.0485,0.0864,1,1,1,4e-05,0.5625,0.837,0.837027,-0.062143,0.359794,-0.48473,0.067216,-0.389745,0.366469
0.25,8,7,480.0,306.0,0.1952,-0.0708,0.1006,1,1,1,7e-05,0.4892,0.9681,0.968105,-0.087919,0.330338,-0.557964,0.053907,-0.48129,0.341907
0.25,8,8,544.0,306.0,0.1765,-0.083,0.1168,1,1,1,5e-05,0.4298,1.0953,1.095321,-0.12323,0.311414,-0.617406,0.044637,-0.584461,0.335326
0.25,8,9,608.0,306.0,0.1585,-0.0868,0.1323,1,1,1,9e-05,0.3911,1.203,1.20305,-0.166828,0.296921,-0.656131,0.044465,-0.690242,0.3473
0.25,9,0,32.0,342.0,0.1752,0.1103,0.1009,1,1,1,9e-05,0.77,0.6945,0.429343,-0.051251,0.694533,-0.277247,0.060712,-0.217938,0.586165
0.25,9,1,96.0,342.0,0.1944,0.1031,0.081,1,1,1,8e-05,0.8111,0.6534,0.435886,-0.015749,0.653392,-0.236121,0.061611,-0.176714,0.536084
0.25,9,2,160.0,342.0,0.214,0.0863,0.0605,1,1,1,8e-05,0.8391,0.5943,0.454035,0.012367,0.594302,-0.208069,0.065189,-0.147166,0.482998
0.25,9,3,224.0,342.0,0.231,0.0583,0.0428,1,1,1,8e-05,0.8428,0.5206,0.489236,0.027485,0.520624,-0.204386,0.07072,-0.136492,0.430769
0.25,9,4,288.0,342.0,0.2411,0.0207,0.0323,1,1,1,8e-05,0.8121,0.5498,0.549792,0.027247,0.442195,-0.235055,0.075237,-0.151165,0.382326
0.25,9,5,352.0,342.0,0.2411,-0.0207,0.0323,1,1,1,9e-05,0.7463,0.6416,0.641623,0.015739,0.37275,-0.300922,0.073912,-0.193892,0.337592
0.25,9,6,416.0,342.0,0.231,-0.0583,0.0428,1,1,1,3e-05,0.6573,0.7617,0.761728,-0.00088,0.323107,-0.389944,0.063604,-0.262417,0.296685
0.25,9,7,480.0,342.0,0.214,-0.0863,0.0605,1,1,1,4e-05,0.5645,0.8977,0.89767,-0.02069,0.295227,-0.482719,0.046382,-0.350394,0.263966
0.25,9,8,544.0,342.0,0.1944,-0.1031,0.081,1,1,1,8e-05,0.4836,1.0357,1.035669,-0.046317,0.282713,-0.563551,0.028606,-0.451055,0.245836
0.25,9,9,608.0,342.0,0.1752,-0.1103,0.1009,1,1,1,5e-05,0.423,1.1639,1.163897,-0.079708,0.276561,-0.624211,0.016807,-0.558207,0.245205
0.3,0,0,32.0,18.0,0.1529,0.059,0.2097,1,1,1,5e-05,0.5181,0.6173,0.392422,-0.168069,0.617252,-0.529053,0.033933,-0.537446,0.607259
0.3,0,1,96.0,18.0,0.1561,0.0479,0.2101,1,1,1,6e-05,0.502,0.595,0.431198,-0.177695,0.585915,-0.545173,0.038257,-0.562545,0.594972
0.3,0,2,160.0,18.0,0.1588,0.0355,0.2105,1,1,1,7e-05,0.4843,0.5917,0.476601,-0.187789,0.55145,-0.562887,0.042155,-0.591749,0.579961
0.3,0,3,224.0,18.0,0.1609,0.0218,0.2107,1,1,1,9e-05,0.4655,0.6252,0.528887,-0.197949,0.514379,-0.581704,0.045337,-0.625177,0.561924
0.3,0,4,288.0,18.0,0.162,0.0074,0.2109,1,1,1,4e-05,0.4463,0.6628,0.587936,-0.207867,0.475543,-0.600864,0.047641,-0.662823,0.540873
0.3,0,5,352.0,18.0,0.162,-0.0074,0.2109,1,1,1,5e-05,0.4281,0.7035,0.651883,-0.216415,0.436516,-0.619094,0.048673,-0.703465,0.517049
0.3,0,6,416.0,18.0,0.1609,-0.0218,0.2107,1,1,1,7e-05,0.4119,0.7462,0.718851,-0.223211,0.398685,-0.63532,0.048453,-0.746156,0.491224
0.3,0,7,480.0,18.0,0.1588,-0.0355,0.2105,1,1,1,9e-05,0.3986,0.7895,0.786311,-0.227867,0.363359,-0.648642,0.047041,-0.789527,0.464362
0.3,0,8,544.0,18.0,0.1561,-0.0479,0.2101,1,1,1,5e-05,0.3886,0.8522,0.852249,-0.23049,0.331314,-0.658606,0.044707,-0.832607,0.437487
0.3,0,9,608.0,18.0,0.1529,-0.059,0.2097,1,1,1,6e-05,0.382,0.9141,0.914122,-0.230843,0.303153,-0.665208,0.041457,-0.873727,0.411336
0.3,1,0,32.0,54.0,0.1602,0.0673,0.2031,1,1,1,4e-05,0.5495,0.632,0.367115,-0.14331,0.63204,-0.497739,0.031487,-0.493254,0.59743
0.3,1,1,96.0,54.0,0.1646,0.0552,0.2033,1,1,1,5e-05,0.5327,0.5985,0.406377,-0.152315,0.598538,-0.514499,0.036359,-0.517095,0.584167
0.3,1,2,160.0,54.0,0.1686,0.0412,0.2034,1,1,1,6e-05,0.5134,0.5677,0.453498,-0.162034,0.561119,-0.533824,0.040689,-0.545839,0.567714
0.3,1,3,224.0,54.0,0.1715,0.0256,0.2035,1,1,1,7e-05,0.4918,0.5799,0.509097,-0.172087,0.52037,-0.555356,0.044025,-0.579871,0.547605
0.3,1,4,288.0,54.0,0.1732,0.0087,0.2036,1,1,1,9e-05,0.469,0.619,0.57289,-0.181855,0.477539,-0.578168,0.045927,-0.619036,0.523724
0.3,1,5,352.0,54.0,0.1732,-0.0087,0.2036,1,1,1,4e-05,0.4463,0.6628,0.643663,-0.190811,0.434324,-0.600859,0.046216,-0.662751,0.496576
0.3,1,6,416.0,54.0,0.1715,-0.0256,0.2035,1,1,1,6e-05,0.4256,0.7181,0.718069,-0.197789,0.392917,-0.621564,0.044701,-0.709038,0.467106
0.3,1,7,480.0,54.0,0.1686,-0.0412,0.2034,1,1,1,8e-05,0.4083,0.793,0.79298,-0.202519,0.354892,-0.638933,0.041699,-0.756297,0.436743
0.3,1,8,544.0,54.0,0.1646,-0.0552,0.2033,1,1,1,4e-05,0.395,0.8656,0.86559,-0.205073,0.321152,-0.652205,0.037667,-0.803109,0.406857
0.3,1,9,608.0,54.0,0.1602,-0.0673,0.2031,1,1,1,5e-05,0.3859,0.933,0.933009,-0.205339,0.292146,-0.661277,0.032843,-0.847665,0.37838
0.3,2,0,32.0,90.0,0.1689,0.0771,0.1944,1,1,1,3e-05,0.5885,0.6476,0.338725,-0.114327,0.64759,-0.458685,0.028468,-0.442024,0.584449
0.3,2,1,96.0,90.0,0.1749,0.0641,0.1941,1,1,1,4e-05,0.572,0.6116,0.377597,-0.122137,0.611601,-0.475193,0.034133,-0.463361,0.569963
0.3,2,2,160.0,90.0,0.1804,0.0484,0.1937,1,1,1,4e-05,0.5517,0.5707,0.425558,-0.130955,0.5707,-0.495503,0.039192,-0.490431,0.551798
0.3,2,3,224.0,90.0,0.1848,0.0303,0.1934,1,1,1,5e-05,0.5276,0.5293,0.483788,-0.140492,0.525565,-0.519632,0.042938,-0.524075,0.529273
0.3,2,4,288.0,90.0,0.1872,0.0103,0.1933,1,1,1,6e-05,0.5005,0.5645,0.552358,-0.150138,0.477849,-0.546733,0.044636,-0.56445,0.502147
0.3,2,5,352.0,90.0,0.1872,-0.0103,0.1933,1,1,1,9e-05,0.4723,0.6296,0.629556,-0.159017,0.430045,-0.574921,0.043821,-0.610637,0.471004
0.3,2,6,416.0,90.0,0.1848,-0.0303,0.1934,1,1,1,4e-05,0.4454,0.7122,0.712226,-0.166468,0.384738,-0.601754,0.040634,-0.660979,0.437389
0.3,2,7,480.0,90.0,0.1804,-0.0484,0.1937,1,1,1,6e-05,0.4224,0.7953,0.795301,-0.171511,0.344134,-0.624786,0.035476,-0.712595,0.403164
0.3,2,8,544.0,90.0,0.1749,-0.0641,0.1941,1,1,1,8e-05,0.4044,0.875,0.874964,-0.174186,0.309147,-0.642765,0.029157,-0.763462,0.370145
0.3,2,9,608.0,90.0,0.1689,-0.0771,0.1944,1,1,1,4e-05,0.3917,0.9488,0.948773,-0.17489,0.279735,-0.655462,0.022409,-0.812262,0.339537
0.3,3,0,32.0,126.0,0.1787,0.0888,0.1831,1,1,1,9e-05,0.6368,0.6635,0.307497,-0.080556,0.663493,-0.41037,0.024404,-0.383256,0.567242
0.3,3,1,96.0,126.0,0.1869,0.0748,0.1817,1,1,1,0.0001,0.622,0.6245,0.34483,-0.086498,0.624522,-0.425204,0.031148,-0.400511,0.551145
0.3,3,2,160.0,126.0,0.1947,0.0574,0.1804,1,1,1,3e-05,0.6018,0.5793,0.392555,-0.094069,0.579305,-0.445439,0.03743,-0.424467,0.531002
0.3,3,3,224.0,126.0,0.201,0.0363,0.1793,1,1,1,4e-05,0.5757,0.5288,0.452115,-0.102679,0.528798,-0.471524,0.042064,-0.456263,0.505742
0.3,3,4,288.0,126.0,0.2046,0.0125,0.1787,1,1,1,4e-05,0.544,0.5245,0.524462,-0.11206,0.475211,-0.503198,0.0439,-0.496854,0.475019
0.3,3,5,352.0,126.0,0.2046,-0.0125,0.1787,1,1,1,6e-05,0.509,0.608,0.607965,-0.121224,0.422053,-0.538241,0.042091,-0.545424,0.439535
0.3,3,6,416.0,126.0,0.201,-0.0363,0.1793,1,1,1,8e-05,0.4742,0.6983,0.698333,-0.12905,0.372925,-0.572989,0.036724,-0.599506,0.401326
0.3,3,7,480.0,126.0,0.1947,-0.0574,0.1804,1,1,1,4e-05,0.4433,0.7903,0.790258,-0.134964,0.330143,-0.603886,0.028868,-0.656159,0.363143
0.3,3,8,544.0,126.0,0.1869,-0.0748,0.1817,1,1,1,6e-05,0.4187,0.8779,0.877893,-0.138403,0.294558,-0.628515,0.019747,-0.712006,0.327165
0.3,3,9,608.0,126.0,0.1787,-0.0888,0.1831,1,1,1,9e-05,0.4008,0.958,0.958049,-0.139746,0.265655,-0.64639,0.010484,-0.765212,0.294731
0.3,4,0,32.0,162.0,0.1894,0.1023,0.1685,1,1,1,8e-05,0.6951,0.679,0.274818,-0.042446,0.678973,-0.352102,0.018873,-0.317755,0.544845
0.3,4,1,96.0,162.0,0.2002,0.0874,0.1654,1,1,1,8e-05,0.6838,0.6363,0.309426,-0.045905,0.636307,-0.363369,0.026936,-0.329288,0.526573
0.3,4,2,160.0,162.0,0.2109,0.068,0.1623,1,1,1,8e-05,0.6658,0.5859,0.354798,-0.051259,0.585871,-0.381393,0.034775,-0.347879,0.503885
0.3,4,3,224.0,162.0,0.2198,0.0436,0.1597,1,1,1,9e-05,0.639,0.5287,0.413742,-0.058804,0.528694,-0.408154,0.040986,-0.376048,0.475714
0.3,4,4,288.0,162.0,0.2251,0.0151,0.1582,1,1,1,3e-05,0.6028,0.4883,0.488293,-0.0684,0.467955,-0.444372,0.043726,-0.415723,0.441509
0.3,4,5,352.0,162.0,0.2251,-0.0151,0.1582,1,1,1,4e-05,0.5598,0.5768,0.576773,-0.078385,0.408736,-0.487409,0.041358,-0.466036,0.401796
0.3,4,6,416.0,162.0,0.2198,-0.0436,0.1597,1,1,1,6e-05,0.5149,0.6746,0.674561,-0.087384,0.355808,-0.532284,0.033867,-0.524133,0.359169
0.3,4,7,480.0,162.0,0.2109,-0.068,0.1623,1,1,1,8e-05,0.4738,0.7746,0.774593,-0.094316,0.311762,-0.573381,0.022809,-0.585724,0.317127
0.3,4,8,544.0,162.0,0.2002,-0.0874,0.1654,1,1,1,4e-05,0.4401,0.8708,0.870823,-0.099073,0.276661,-0.607112,0.010366,-0.647323,0.278588
0.3,4,9,608.0,162.0,0.1894,-0.1023,0.1685,1,1,1,7e-05,0.415,0.9583,0.958324,-0.101606,0.249279,-0.632192,-0.00185,-0.705938,0.244849
0.3,5,0,32.0,198.0,0.2004,0.1172,0.1501,1,1,1,7e-05,0.7638,0.6935,0.241845,0.000114,0.693478,-0.283371,0.01109,-0.246631,0.516099
0.3,5,1,96.0,198.0,0.2142,0.1015,0.1444,1,1,1,7e-05,0.7583,0.6462,0.272579,-0.000413,0.646244,-0.28894,0.020538,-0.251079,0.49489
0.3,5,2,160.0,198.0,0.2281,0.08,0.1386,1,1,1,7e-05,0.7445,0.5893,0.31412,-0.003726,0.589302,-0.302745,0.030366,-0.262966,0.469298
0.3,5,3,224.0,198.0,0.2401,0.0519,0.1337,1,1,1,8e-05,0.7187,0.524,0.370234,-0.010743,0.524009,-0.328478,0.038897,-0.28596,0.438377
0.3,5,4,288.0,198.0,0.2472,0.0181,0.1307,1,1,1,8e-05,0.6789,0.4549,0.444042,-0.02125,0.454875,-0.368293,0.043472,-0.323003,0.401335
0.3,5,5,352.0,198.0,0.2472,-0.0181,0.1307,1,1,1,0.0001,0.6271,0.5354,0.535413,-0.033323,0.388877,-0.420086,0.041542,-0.374179,0.35848
0.3,5,6,416.0,198.0,0.2401,-0.0519,0.1337,1,1,1,4e-05,0.57,0.6396,0.639595,-0.044576,0.33231,-0.477173,0.032563,-0.436145,0.312423
0.3,5,7,480.0,198.0,0.2281,-0.08,0.1386,1,1,1,6e-05,0.5162,0.7475,0.747479,-0.053116,0.287849,-0.531024,0.018466,-0.502983,0.267166
0.3,5,8,544.0,198.0,0.2142,-0.1015,0.1444,1,1,1,9e-05,0.471,0.8515,0.851475,-0.058967,0.254565,-0.576173,0.00238,-0.570079,0.226373
0.3,5,9,608.0,198.0,0.2004,-0.1172,0.1501,1,1,1,5e-05,0.4364,0.947,0.946961,-0.062774,0.229965,-0.610768,-0.0132,-0.634681,0.191739
0.3,6,0,32.0,234.0,0.211,0.1328,0.1278,1,1,1,7e-05,0.8426,0.7064,0.210155,0.046773,0.706381,-0.204598,0.000423,-0.172106,0.480183
0.3,6,1,96.0,234.0,0.2276,0.1163,0.1186,1,1,1,7e-05,0.8447,0.6537,0.236034,0.049345,0.653659,-0.202467,0.011067,-0.168838,0.455138
0.3,6,2,160.0,234.0,0.2446,0.0927,0.1092,1,1,1,7e-05,0.8372,0.5891,0.272076,0.047625,0.589077,-0.210007,0.022954,-0.173302,0.42625
0.3,6,3,224.0,234.0,0.2595,0.0606,0.1011,1,1,1,7e-05,0.8142,0.5145,0.323073,0.039762,0.514508,-0.233013,0.034333,-0.19031,0.393198
0.3,6,4,288.0,234.0,0.2684,0.0212,0.0962,1,1,1,7e-05,0.7715,0.436,0.393975,0.025947,0.436022,-0.275741,0.041879,-0.224043,0.355228
0.3,6,5,352.0,234.0,0.2684,-0.0212,0.0962,1,1,1,8e-05,0.7106,0.4862,0.486201,0.009584,0.362757,-0.336633,0.041817,-0.275214,0.311657
0.3,6,6,416.0,234.0,0.2595,-0.0606,0.1011,1,1,1,9e-05,0.6402,0.5945,0.594503,-0.004852,0.302585,-0.406971,0.032598,-0.339773,0.263956
0.3,6,7,480.0,234.0,0.2446,-0.0927,0.1092,1,1,1,4e-05,0.5715,0.7094,0.709442,-0.015345,0.258278,-0.475672,0.01631,-0.411399,0.216547
0.3,6,8,544.0,234.0,0.2276,-0.1163,0.1186,1,1,1,6e-05,0.5128,0.821,0.820958,-0.022022,0.227704,-0.534436,-0.003082,-0.48387,0.17383
0.3,6,9,608.0,234.0,0.211,-0.1328,0.1278,1,1,1,9e-05,0.4668,0.9234,0.923409,-0.026213,0.206984,-0.580414,-0.022145,-0.553725,0.138175
0.3,7,0,32.0,270.0,0.2202,0.1483,0.1019,1,1,1,8e-05,0.9305,0.7171,0.181046,0.097183,0.717055,-0.116747,-0.013505,-0.096884,0.436717
0.3,7,1,96.0,270.0,0.2391,0.1309,0.0886,1,1,1,8e-05,0.9419,0.658,0.201156,0.102741,0.657982,-0.105316,-0.002102,-0.086215,0.406919
0.3,7,2,160.0,270.0,0.2586,0.1049,0.075,1,1,1,8e-05,0.9422,0.585,0.230097,0.101652,0.584963,-0.105027,0.011567,-0.083659,0.374482
0.3,7,3,224.0,270.0,0.2756,0.069,0.063,1,1,1,7e-05,0.9232,0.5007,0.273939,0.090827,0.500696,-0.124047,0.025947,-0.094959,0.340396
0.3,7,4,288.0,270.0,0.2858,0.0242,0.0559,1,1,1,7e-05,0.8782,0.4129,0.339993,0.070738,0.412924,-0.168982,0.03732,-0.125187,0.30425
0.3,7,5,352.0,270.0,0.2858,-0.0242,0.0559,1,1,1,7e-05,0.8082,0.4315,0.431526,0.047275,0.33259,-0.238959,0.040661,-0.17548,0.263596
0.3,7,6,416.0,270.0,0.2756,-0.069,0.063,1,1,1,8e-05,0.7238,0.5431,0.543086,0.027797,0.268751,-0.323384,0.032991,-0.241557,0.217341
0.3,7,7,480.0,270.0,0.2586,-0.1049,0.075,1,1,1,0.0001,0.6394,0.6632,0.663154,0.015395,0.224348,-0.407768,0.015951,-0.316133,0.169089
0.3,7,8,544.0,270.0,0.2391,-0.1309,0.0886,1,1,1,4e-05,0.5655,0.7814,0.781419,0.008538,0.196583,-0.481726,-0.005822,-0.392959,0.12467
0.3,7,9,608.0,270.0,0.2202,-0.1483,0.1019,1,1,1,7e-05,0.5065,0.8904,0.890433,0.004917,0.180142,-0.540684,-0.027952,-0.467449,0.08756
0.3,8,0,32.0,306.0,0.2271,0.1627,0.0731,1,1,1,0.0001,1.0263,0.7247,0.155113,0.151116,0.724747,-0.020867,-0.030706,-0.023598,0.385841
0.3,8,1,96.0,306.0,0.2475,0.1441,0.0555,1,1,1,3e-05,1.048,0.6586,0.168543,0.159086,0.658579,0.00081,-0.019086,-0.006855,0.350621
0.3,8,2,160.0,306.0,0.2685,0.1158,0.0374,1,1,1,0.0001,1.0574,0.5768,0.18843,0.157473,0.57675,0.010204,-0.004218,0.001525,0.314513
0.3,8,3,224.0,306.0,0.2866,0.0762,0.0218,1,1,1,9e-05,1.043,0.4834,0.223471,0.141125,0.483377,-0.004177,0.012978,-0.005306,0.280874
0.3,8,4,288.0,306.0,0.2974,0.0267,0.0125,1,1,1,8e-05,0.9962,0.3877,0.283761,0.111626,0.387705,-0.051044,0.028718,-0.032534,0.249778
0.3,8,5,352.0,306.0,0.2974,-0.0267,0.0125,1,1,1,7e-05,0.9172,0.3742,0.374191,0.078289,0.30152,-0.13005,0.036833,-0.081304,0.216255
0.3,8,6,416.0,306.0,0.2866,-0.0762,0.0218,1,1,1,7e-05,0.8185,0.4885,0.488456,0.051971,0.234197,-0.228712,0.03255,-0.147293,0.175147
0.3,8,7,480.0,306.0,0.2685,-0.1158,0.0374,1,1,1,8e-05,0.7178,0.6132,0.613155,0.036935,0.188972,-0.329396,0.016498,-0.223114,0.128167
0.3,8,8,544.0,306.0,0.2475,-0.1441,0.0555,1,1,1,3e-05,0.6281,0.7365,0.736528,0.030557,0.162986,-0.419083,-0.006362,-0.302196,0.082267
0.3,8,9,608.0,306.0,0.2271,-0.1627,0.0731,1,1,1,5e-05,0.5553,0.8508,0.850824,0.028642,0.150205,-0.491909,-0.030746,-0.379758,0.042974
0.3,9,0,32.0,342.0,0.2314,0.1755,0.0424,1,1,1,4e-05,1.1293,0.7285,0.132196,0.208168,0.728467,0.082059,-0.05076,0.045407,0.328339
0.3,9,1,96.0,342.0,0.2523,0.1553,0.0207,1,1,1,5e-05,1.1627,0.6544,0.136751,0.218395,0.654403,0.115504,-0.039635,0.066912,0.286978
0.3,9,2,160.0,342.0,0.2735,0.1246,-0.0014,1,1,1,5e-05,1.1814,0.564,0.14601,0.214057,0.564039,0.134225,-0.024086,0.078859,0.247848
0.3,9,3,224.0,342.0,0.2916,0.0817,-0.0202,1,1,1,4e-05,1.1718,0.4632,0.171187,0.189523,0.463244,0.124584,-0.004419,0.074745,0.21642
0.3,9,4,288.0,342.0,0.3023,0.0286,-0.0314,1,1,1,9e-05,1.1228,0.3622,0.225923,0.148164,0.362234,0.075626,0.015905,0.049677,0.193333
0.3,9,5,352.0,342.0,0.3023,-0.0286,-0.0314,1,1,1,8e-05,1.0345,0.3162,0.316241,0.103005,0.272353,-0.012747,0.029845,0.002685,0.1708
0.3,9,6,416.0,342.0,0.2916,-0.0817,-0.0202,1,1,1,7e-05,0.9216,0.4335,0.433505,0.068362,0.202215,-0.125641,0.03058,-0.061716,0.138567
0.3,9,7,480.0,342.0,0.2735,-0.1246,-0.0014,1,1,1,8e-05,0.8046,0.5623,0.562318,0.049736,0.155356,-0.242587,0.017194,-0.136629,0.095353
0.3,9,8,544.0,342.0,0.2523,-0.1553,0.0207,1,1,1,9e-05,0.6992,0.6895,0.689455,0.043711,0.12949,-0.347986,-0.005399,-0.21561,0.048714
0.3,9,9,608.0,342.0,0.2314,-0.1755,0.0424,1,1,1,4e-05,0.612,0.808,0.808041,0.044077,0.118939,-0.435196,-0.031103,-0.29447,0.006762
0.35,0,0,32.0,18.0,0.2111,0.1062,0.2174,1,1,1,6e-05,0.7015,0.6588,0.073266,0.022406,0.658766,-0.345719,-0.027687,-0.308504,0.452197
0.35,0,1,96.0,18.0,0.2185,0.0873,0.2184,1,1,1,6e-05,0.6752,0.613,0.113152,0.00538,0.612976,-0.371993,-0.01664,-0.337756,0.443202
0.35,0,2,160.0,18.0,0.2251,0.0653,0.2193,1,1,1,7e-05,0.645,0.5622,0.161728,-0.012378,0.562175,-0.402213,-0.006617,-0.372604,0.429803
0.35,0,3,224.0,18.0,0.2302,0.0406,0.2199,1,1,1,8e-05,0.6112,0.5072,0.219782,-0.029926,0.507228,-0.43595,0.001362,-0.413146,0.410689
0.35,0,4,288.0,18.0,0.233,0.0138,0.2203,1,1,1,0.0001,0.5752,0.472,0.287129,-0.045915,0.449852,-0.471994,0.006272,-0.458693,0.38491
0.35,0,5,352.0,18.0,0.233,-0.0138,0.2203,1,1,1,4e-05,0.5387,0.5085,0.362572,-0.059042,0.392456,-0.508514,0.007459,-0.507935,0.352478
0.35,0,6,416.0,18.0,0.2302,-0.0406,0.2199,1,1,1,5e-05,0.5043,0.5583,0.442529,-0.067629,0.337765,-0.542924,0.004727,-0.558261,0.314381
0.35,0,7,480.0,18.0,0.2251,-0.0653,0.2193,1,1,1,7e-05,0.4738,0.6077,0.523615,-0.071262,0.287961,-0.57337,-0.001395,-0.607698,0.272738
0.35,0,8,544.0,18.0,0.2185,-0.0873,0.2184,1,1,1,9e-05,0.4485,0.6545,0.602331,-0.070099,0.244344,-0.598683,-0.010066,-0.654549,0.229867
0.35,0,9,608.0,18.0,0.2111,-0.1062,0.2174,1,1,1,5e-05,0.4285,0.6981,0.676517,-0.065004,0.207248,-0.618654,-0.02036,-0.698111,0.187783
0.35,1,0,32.0,54.0,0.2198,0.1172,0.2054,1,1,1,5e-05,0.7478,0.6693,0.054205,0.048313,0.669273,-0.299405,-0.032326,-0.261087,0.436236
0.35,1,1,96.0,54.0,0.2291,0.0972,0.2057,1,1,1,6e-05,0.722,0.6204,0.093153,0.031035,0.620376,-0.325159,-0.019594,-0.288102,0.427237
0.35,1,2,160.0,54.0,0.2376,0.0734,0.2061,1,1,1,6e-05,0.6912,0.5655,0.141624,0.012491,0.56551,-0.356047,-0.007727,-0.321505,0.413687
0.35,1,3,224.0,54.0,0.2442,0.0459,0.2063,1,1,1,7e-05,0.6552,0.5057,0.200821,-0.006347,0.505698,-0.391983,0.001935,-0.361749,0.393943
0.35,1,4,288.0,54.0,0.2479,0.0156,0.2065,1,1,1,8e-05,0.6154,0.4431,0.270811,-0.023922,0.443117,-0.431821,0.007933,-0.408297,0.366683
0.35,1,5,352.0,54.0,0.2479,-0.0156,0.2065,1,1,1,0.0001,0.574,0.4732,0.349871,-0.038357,0.380914,-0.473218,0.009216,-0.459356,0.33169
0.35,1,6,416.0,54.0,0.2442,-0.0459,0.2063,1,1,1,4e-05,0.5339,0.5133,0.434904,-0.048262,0.32241,-0.5133,0.005649,-0.512521,0.290424
0.35,1,7,480.0,54.0,0.2376,-0.0734,0.2061,1,1,1,5e-05,0.4981,0.5646,0.520735,-0.05253,0.270202,-0.549072,-0.002083,-0.564582,0.245387
0.35,1,8,544.0,54.0,0.2291,-0.0972,0.2057,1,1,1,8e-05,0.4682,0.6137,0.603571,-0.05159,0.225533,-0.579039,-0.012698,-0.613718,0.199548
0.35,1,9,608.0,54.0,0.2198,-0.1172,0.2054,1,1,1,4e-05,0.4444,0.6809,0.680899,-0.046458,0.188458,-0.602843,-0.024934,-0.659074,0.155254
0.35,2,0,32.0,90.0,0.2291,0.1294,0.1907,1,1,1,5e-05,0.8023,0.6799,0.03374,0.078331,0.67988,-0.244929,-0.038671,-0.208332,0.415914
0.35,2,1,96.0,90.0,0.2406,0.1084,0.1899,1,1,1,5e-05,0.7781,0.6274,0.070892,0.061017,0.62741,-0.269066,-0.024074,-0.231978,0.406662
0.35,2,2,160.0,90.0,0.2514,0.0827,0.1893,1,1,1,6e-05,0.7475,0.5678,0.118282,0.041673,0.567801,-0.299697,-0.009991,-0.262775,0.392919
0.35,2,3,224.0,90.0,0.2601,0.0521,0.1887,1,1,1,6e-05,0.7099,0.5023,0.177677,0.021217,0.502275,-0.337333,0.001881,-0.301728,0.372725
0.35,2,4,288.0,90.0,0.265,0.0178,0.1884,1,1,1,7e-05,0.6661,0.4336,0.249595,0.001434,0.433635,-0.381119,0.009512,-0.348657,0.344296
0.35,2,5,352.0,90.0,0.265,-0.0178,0.1884,1,1,1,8e-05,0.6188,0.4284,0.332296,-0.015299,0.365968,-0.428362,0.011318,-0.401638,0.307108
0.35,2,6,416.0,90.0,0.2601,-0.0521,0.1887,1,1,1,3e-05,0.572,0.4752,0.421965,-0.02703,0.303472,-0.475232,0.007003,-0.457588,0.262815
0.35,2,7,480.0,90.0,0.2514,-0.0827,0.1893,1,1,1,4e-05,0.5295,0.5177,0.512628,-0.03252,0.249048,-0.517709,-0.002402,-0.512678,0.214585
0.35,2,8,544.0,90.0,0.2406,-0.1084,0.1899,1,1,1,6e-05,0.4936,0.5997,0.599709,-0.032255,0.203764,-0.553601,-0.015096,-0.564577,0.16605
0.35,2,9,608.0,90.0,0.2291,-0.1294,0.1907,1,1,1,9e-05,0.4649,0.68,0.679986,-0.027368,0.167208,-0.582257,-0.029378,-0.612018,0.119863
0.35,3,0,32.0,126.0,0.2386,0.1428,0.1728,1,1,1,5e-05,0.8661,0.6902,0.01201,0.11309,0.690241,-0.181104,-0.047205,-0.150374,0.390187
0.35,3,1,96.0,126.0,0.2527,0.121,0.1704,1,1,1,5e-05,0.845,0.6336,0.046295,0.095986,0.633645,-0.202182,-0.030683,-0.169415,0.380214
0.35,3,2,160.0,126.0,0.2663,0.0932,0.1681,1,1,1,5e-05,0.816,0.5685,0.091304,0.075735,0.568511,-0.23125,-0.014082,-0.196271,0.36612
0.35,3,3,224.0,126.0,0.2775,0.0593,0.1662,1,1,1,6e-05,0.7774,0.4963,0.149562,0.05307,0.496323,-0.269752,0.000562,-0.232712,0.345764
0.35,3,4,288.0,126.0,0.2839,0.0204,0.1651,1,1,1,6e-05,0.7297,0.4207,0.222341,0.030031,0.42071,-0.317465,0.010532,-0.279188,0.316856
0.35,3,5,352.0,126.0,0.2839,-0.0204,0.1651,1,1,1,7e-05,0.6758,0.3714,0.308112,0.009765,0.346978,-0.371439,0.013477,-0.333814,0.278314
0.35,3,6,416.0,126.0,0.2775,-0.0593,0.1662,1,1,1,8e-05,0.6207,0.4265,0.402037,-0.004772,0.28034,-0.426482,0.008768,-0.392604,0.231671
0.35,3,7,480.0,126.0,0.2663,-0.0932,0.1681,1,1,1,3e-05,0.5697,0.498,0.497982,-0.012367,0.224033,-0.47749,-0.002184,-0.451412,0.180886
0.35,3,8,544.0,126.0,0.2527,-0.121,0.1704,1,1,1,5e-05,0.5263,0.5896,0.589556,-0.013265,0.178675,-0.520889,-0.016966,-0.506708,0.130138
0.35,3,9,608.0,126.0,0.2386,-0.1428,0.1728,1,1,1,7e-05,0.4914,0.6735,0.673453,-0.009031,0.143228,-0.555799,-0.033322,-0.557158,0.082549
0.35,4,0,32.0,162.0,0.248,0.1571,0.1516,1,1,1,6e-05,0.9405,0.6998,-0.010862,0.153276,0.699809,-0.106743,-0.0584,-0.087766,0.357978
0.35,4,1,96.0,162.0,0.2648,0.1344,0.1468,1,1,1,6e-05,0.9242,0.6384,0.019239,0.136616,0.638443,-0.12301,-0.040086,-0.101043,0.346527
0.35,4,2,160.0,162.0,0.2814,0.1046,0.142,1,1,1,6e-05,0.8983,0.567,0.060219,0.115164,0.566958,-0.14887,-0.020844,-0.122663,0.331757
0.35,4,3,224.0,162.0,0.2953,0.0671,0.138,1,1,1,5e-05,0.8601,0.4872,0.11563,0.089262,0.487205,-0.187106,-0.002938,-0.155336,0.311671
0.35,4,4,288.0,162.0,0.3035,0.0232,0.1356,1,1,1,5e-05,0.8086,0.4038,0.187935,0.061292,0.403848,-0.238565,0.010179,-0.200426,0.283544
0.35,4,5,352.0,162.0,0.3035,-0.0232,0.1356,1,1,1,6e-05,0.747,0.3236,0.276137,0.035636,0.32364,-0.300203,0.015144,-0.256305,0.245332
0.35,4,6,416.0,162.0,0.2953,-0.0671,0.138,1,1,1,7e-05,0.6819,0.3747,0.374686,0.016656,0.252903,-0.365296,0.010737,-0.318308,0.197925
0.35,4,7,480.0,162.0,0.2814,-0.1046,0.142,1,1,1,9e-05,0.6206,0.4756,0.475599,0.006296,0.195037,-0.426569,-0.001382,-0.380945,0.145519
0.35,4,8,544.0,162.0,0.2648,-0.1344,0.1468,1,1,1,4e-05,0.5677,0.5724,0.572413,0.003748,0.150198,-0.479471,-0.018071,-0.440488,0.093281
0.35,4,9,608.0,162.0,0.248,-0.1571,0.1516,1,1,1,5e-05,0.525,0.6603,0.660346,0.0072,0.116416,-0.522214,-0.03642,-0.494647,0.04471
0.35,5,0,32.0,198.0,0.2566,0.1718,0.1268,1,1,1,7e-05,1.0266,0.7077,-0.034961,0.199634,0.707699,-0.020599,-0.072622,-0.0215,0.318308
0.35,5,1,96.0,198.0,0.276,0.1483,0.1188,1,1,1,6e-05,1.0171,0.6408,-0.010695,0.183571,0.640834,-0.030058,-0.052898,-0.028168,0.304324
0.35,5,2,160.0,198.0,0.2955,0.1165,0.1107,1,1,1,6e-05,0.9963,0.5622,0.024232,0.160289,0.562248,-0.050863,-0.031173,-0.043609,0.288381
0.35,5,3,224.0,198.0,0.3122,0.0753,0.1038,1,1,1,6e-05,0.9596,0.4744,0.07484,0.129504,0.474354,-0.087583,-0.009728,-0.071572,0.269189
0.35,5,4,288.0,198.0,0.322,0.0262,0.0997,1,1,1,5e-05,0.9046,0.383,0.145372,0.094167,0.38301,-0.142603,0.007342,-0.114482,0.24382
0.35,5,5,352.0,198.0,0.322,-0.0262,0.0997,1,1,1,5e-05,0.8343,0.2964,0.235649,0.060635,0.296414,-0.212939,0.015454,-0.171142,0.208695
0.35,5,6,416.0,198.0,0.3122,-0.0753,0.1038,1,1,1,6e-05,0.7572,0.3392,0.339175,0.035405,0.22187,-0.289998,0.012404,-0.236293,0.163012
0.35,5,7,480.0,198.0,0.2955,-0.1165,0.1107,1,1,1,7e-05,0.6833,0.4461,0.446082,0.021254,0.162846,-0.363889,-0.000146,-0.303269,0.11066
0.35,5,8,544.0,198.0,0.276,-0.1483,0.1188,1,1,1,9e-05,0.6191,0.548,0.548013,0.016989,0.118788,-0.428071,-0.018299,-0.367105,0.057588
0.35,5,9,608.0,198.0,0.2566,-0.1718,0.1268,1,1,1,4e-05,0.5667,0.6408,0.640837,0.019736,0.087094,-0.480528,-0.038436,-0.425711,0.008361
0.35,6,0,32.0,234.0,0.2637,0.1862,0.0987,1,1,1,8e-05,1.1261,0.7125,-0.060984,0.252966,0.712479,0.078868,-0.090023,0.047069,0.270468
0.35,6,1,96.0,234.0,0.2854,0.1619,0.0868,1,1,1,7e-05,1.1257,0.6393,-0.044767,0.237447,0.639283,0.078452,-0.069519,0.047334,0.252695
0.35,6,2,160.0,234.0,0.3073,0.128,0.0747,1,1,1,6e-05,1.1118,0.5531,-0.018358,0.21117,0.553121,0.064617,-0.045794,0.038364,0.235024
0.35,6,3,224.0,234.0,0.3262,0.0832,0.0642,1,1,1,6e-05,1.0777,0.4573,0.025554,0.173098,0.457282,0.030461,-0.020841,0.015395,0.217617
0.35,6,4,288.0,234.0,0.3375,0.029,0.058,1,1,1,5e-05,1.0189,0.3588,0.093672,0.127316,0.358763,-0.028302,0.000864,-0.024985,0.197682
0.35,6,5,352.0,234.0,0.3375,-0.029,0.058,1,1,1,5e-05,0.9385,0.2667,0.186512,0.083094,0.266737,-0.108692,0.013419,-0.081988,0.169404
0.35,6,6,416.0,234.0,0.3262,-0.0832,0.0642,1,1,1,5e-05,0.8474,0.296,0.295992,0.049727,0.189034,-0.199819,0.013145,-0.149886,0.128869
0.35,6,7,480.0,234.0,0.3073,-0.128,0.0747,1,1,1,6e-05,0.7586,0.4098,0.409839,0.030942,0.129112,-0.288635,0.00126,-0.220985,0.078705
0.35,6,8,544.0,234.0,0.2854,-0.1619,0.0868,1,1,1,8e-05,0.6808,0.518,0.518048,0.024791,0.085933,-0.36637,-0.017707,-0.289368,0.025732
0.35,6,9,608.0,234.0,0.2637,-0.1862,0.0987,1,1,1,3e-05,0.617,0.6158,0.615843,0.027226,0.056211,-0.430171,-0.039261,-0.352328,-0.024151
0.35,7,0,32.0,270.0,0.2688,0.1997,0.0678,1,1,1,6e-05,1.2412,0.7118,-0.090984,0.314036,0.711846,0.193999,-0.110435,0.116337,0.214235
0.35,7,1,96.0,270.0,0.292,0.1744,0.0516,1,1,1,4e-05,1.2525,0.6314,-0.086096,0.29852,0.631396,0.205319,-0.089935,0.123221,0.191519
0.35,7,2,160.0,270.0,0.3156,0.1384,0.0351,1,1,1,6e-05,1.2478,0.5377,-0.071409,0.267341,0.537742,0.200626,-0.064945,0.120341,0.171808
0.35,7,3,224.0,270.0,0.3359,0.0902,0.0209,1,1,1,6e-05,1.2167,0.4355,-0.03543,0.218838,0.435505,0.169506,-0.036799,0.101863,0.157458
0.35,7,4,288.0,270.0,0.3479,0.0315,0.0124,1,1,1,9e-05,1.153,0.3321,0.031192,0.15944,0.332109,0.105837,-0.010013,0.063805,0.145924
0.35,7,5,352.0,270.0,0.3479,-0.0315,0.0124,1,1,1,4e-05,1.0601,0.2367,0.12896,0.101997,0.236719,0.0129,0.008301,0.006542,0.128721
0.35,7,6,416.0,270.0,0.3359,-0.0902,0.0209,1,1,1,5e-05,0.9524,0.2462,0.246238,0.058922,0.156892,-0.094784,0.012459,-0.0634,0.097274
0.35,7,7,480.0,270.0,0.3156,-0.1384,0.0351,1,1,1,5e-05,0.8463,0.3683,0.368284,0.03474,0.096209,-0.200891,0.002629,-0.13781,0.051856
0.35,7,8,544.0,270.0,0.292,-0.1744,0.0516,1,1,1,6e-05,0.753,0.4835,0.483541,0.026592,0.053552,-0.294243,-0.016284,-0.210093,-1e-05
0.35,7,9,608.0,270.0,0.2688,-0.1997,0.0678,1,1,1,9e-05,0.6763,0.5865,0.58646,0.028987,0.025218,-0.370945,-0.038793,-0.276844,-0.050619
0.35,8,0,32.0,306.0,0.2713,0.2116,0.0349,0,0,0,,,,,,,,,,
0.35,8,1,96.0,306.0,0.2952,0.1851,0.0144,1,1,1,0.0001,1.2221,0.6137,-0.141826,0.366103,0.61369,0.356092,-0.113461,0.196852,0.122339
0.35,8,2,160.0,306.0,0.3193,0.1471,-0.0065,1,1,1,6e-05,1.2614,0.514,-0.142587,0.32677,0.513961,0.363193,-0.087814,0.19893,0.101518
0.35,8,3,224.0,306.0,0.34,0.0958,-0.0243,1,1,1,9e-05,1.3239,0.4089,-0.113436,0.264333,0.408921,0.334123,-0.056896,0.183828,0.091987
0.35,8,4,288.0,306.0,0.3522,0.0335,-0.0348,1,1,1,7e-05,1.3086,0.3046,-0.043526,0.188987,0.3046,0.261433,-0.024977,0.147173,0.091164
0.35,8,5,352.0,306.0,0.3522,-0.0335,-0.0348,1,1,1,6e-05,1.1997,0.2083,0.062703,0.117307,0.208349,0.152457,-5.4e-05,0.090104,0.08795
0.35,8,6,416.0,306.0,0.34,-0.0958,-0.0243,1,1,1,4e-05,1.0718,0.191,0.191025,0.063623,0.127746,0.024563,0.01015,0.018765,0.069271
0.35,8,7,480.0,306.0,0.3193,-0.1471,-0.0065,1,1,1,5e-05,0.9458,0.3229,0.322865,0.033368,0.066403,-0.101365,0.003915,-0.057678,0.031362
0.35,8,8,544.0,306.0,0.2952,-0.1851,0.0144,1,1,1,6e-05,0.8349,0.446,0.445985,0.022895,0.023693,-0.212294,-0.013932,-0.1326,-0.018119
0.35,8,9,608.0,306.0,0.2713,-0.2116,0.0349,1,1,1,7e-05,0.7436,0.5548,0.55481,0.025265,-0.003957,-0.303589,-0.036932,-0.202355,-0.069333
0.35,9,0,32.0,342.0,0.2712,0.2215,0.0011,0,0,0,,,,,,,,,,
0.35,9,1,96.0,342.0,0.2948,0.1936,-0.0235,1,1,1,9e-05,1.1501,0.5812,-0.230941,0.438138,0.58116,0.546829,-0.138281,0.264548,0.050515
0.35,9,2,160.0,342.0,0.3185,0.1535,-0.0482,1,1,1,7e-05,1.2024,0.5708,-0.251264,0.385848,0.479479,0.570769,-0.111678,0.26976,0.032719
0.35,9,3,224.0,342.0,0.3385,0.0998,-0.069,1,1,1,7e-05,1.2812,0.5405,-0.223548,0.306965,0.377169,0.540461,-0.078515,0.258166,0.029183
0.35,9,4,288.0,342.0,0.3502,0.0348,-0.0812,1,1,1,9e-05,1.373,0.4474,-0.138567,0.215217,0.276779,0.447434,-0.042449,0.222945,0.037856
0.35,9,5,352.0,342.0,0.3502,-0.0348,-0.0812,1,1,1,6e-05,1.3582,0.311,-0.012851,0.129501,0.18307,0.310969,-0.010981,0.164947,0.048919
0.35,9,6,416.0,342.0,0.3385,-0.0998,-0.069,1,1,1,8e-05,1.2052,0.158,0.130458,0.065296,0.10287,0.157987,0.006298,0.093198,0.04498
0.35,9,7,480.0,342.0,0.3185,-0.1535,-0.0482,1,1,1,5e-05,1.0561,0.2746,0.274552,0.028455,0.041123,0.00892,0.00515,0.015943,0.017238
0.35,9,8,544.0,342.0,0.2948,-0.1936,-0.0235,1,1,1,6e-05,0.9257,0.4065,0.406475,0.015072,-0.002183,-0.121488,-0.010511,-0.059971,-0.028236
0.35,9,9,608.0,342.0,0.2712,-0.2215,0.0011,1,1,1,7e-05,0.8185,0.5216,0.521639,0.017087,-0.030002,-0.228749,-0.033439,-0.131265,-0.079637
0.4,0,0,32.0,18.0,0.2617,0.1472,0.2241,1,1,1,4e-05,0.8822,0.6528,-0.187194,0.172136,0.652785,-0.164982,-0.085876,-0.114919,0.297852
0.4,0,1,96.0,18.0,0.2732,0.1217,0.2256,1,1,1,4e-05,0.847,0.5957,-0.149647,0.142391,0.595692,-0.20016,-0.065389,-0.147527,0.29697
0.4,0,2,160.0,18.0,0.2835,0.0916,0.227,1,1,1,4e-05,0.8068,0.5322,-0.102737,0.111194,0.532163,-0.240423,-0.045624,-0.186628,0.291623
0.4,0,3,224.0,18.0,0.2916,0.0571,0.2281,1,1,1,4e-05,0.7619,0.4633,-0.045671,0.080032,0.463254,-0.285293,-0.028315,-0.23218,0.27951
0.4,0,4,288.0,18.0,0.296,0.0194,0.2287,1,1,1,5e-05,0.7139,0.3911,0.021191,0.051028,0.391111,-0.333278,-0.015323,-0.282999,0.258504
0.4,0,5,352.0,18.0,0.296,-0.0194,0.2287,1,1,1,5e-05,0.6653,0.3819,0.095879,0.026579,0.318804,-0.38187,-0.008003,-0.336641,0.227652
0.4,0,6,416.0,18.0,0.2916,-0.0571,0.2281,1,1,1,6e-05,0.6191,0.4281,0.174931,0.008655,0.249689,-0.428113,-0.006653,-0.38996,0.187932
0.4,0,7,480.0,18.0,0.2835,-0.0916,0.227,1,1,1,8e-05,0.5777,0.4695,0.254215,-0.001862,0.186547,-0.469522,-0.010487,-0.440083,0.142074
0.4,0,8,544.0,18.0,0.2732,-0.1217,0.2256,1,1,1,3e-05,0.5424,0.5048,0.330423,-0.005393,0.131061,-0.504841,-0.01812,-0.485393,0.093551
0.4,0,9,608.0,18.0,0.2617,-0.1472,0.2241,1,1,1,4e-05,0.5136,0.5336,0.400342,-0.002973,0.083576,-0.533613,-0.028082,-0.524779,0.045247
0.4,1,0,32.0,54.0,0.2709,0.16,0.2073,1,1,1,3e-05,0.9436,0.6609,-0.205283,0.20334,0.660934,-0.103645,-0.095109,-0.064736,0.275053
0.4,1,1,96.0,54.0,0.2846,0.1334,0.2079,1,1,1,4e-05,0.9088,0.6002,-0.169253,0.171555,0.600248,-0.138353,-0.072427,-0.094858,0.274818
0.4,1,2,160.0,54.0,0.2973,0.1012,0.2084,1,1,1,4e-05,0.8677,0.5321,-0.122923,0.137308,0.532071,-0.17948,-0.049949,-0.132352,0.27056
0.4,1,3,224.0,54.0,0.3074,0.0635,0.2087,1,1,1,4e-05,0.8203,0.4576,-0.065044,0.102212,0.457644,-0.226911,-0.029785,-0.177601,0.259606
0.4,1,4,288.0,54.0,0.3131,0.0217,0.209,1,1,1,4e-05,0.768,0.3796,0.004259,0.068821,0.379633,-0.27921,-0.014402,-0.229601,0.239205
0.4,1,5,352.0,54.0,0.3131,-0.0217,0.209,1,1,1,5e-05,0.7138,0.3334,0.0828,0.040199,0.301876,-0.333431,-0.005728,-0.285641,0.207851
0.4,1,6,416.0,54.0,0.3074,-0.0635,0.2087,1,1,1,6e-05,0.6614,0.3858,0.166419,0.018921,0.228448,-0.385794,-0.004262,-0.341924,0.166485
0.4,1,7,480.0,54.0,0.2973,-0.1012,0.2084,1,1,1,7e-05,0.6142,0.433,0.250122,0.006123,0.162493,-0.433003,-0.008959,-0.394917,0.118362
0.4,1,8,544.0,54.0,0.2846,-0.1334,0.2079,1,1,1,9e-05,0.574,0.4732,0.329588,0.00133,0.105579,-0.473211,-0.017943,-0.442403,0.067591
0.4,1,9,608.0,54.0,0.2709,-0.16,0.2073,1,1,1,4e-05,0.541,0.5062,0.402494,0.003013,0.057901,-0.506211,-0.029369,-0.483869,0.017691
0.4,2,0,32.0,90.0,0.2801,0.1737,0.1875,1,1,1,0.0001,1.0163,0.668,-0.226583,0.24059,0.667964,-0.030868,-0.106672,-0.009152,0.246549
0.4,2,1,96.0,90.0,0.2964,0.1461,0.1865,1,1,1,3e-05,0.9829,0.6034,-0.19293,0.206363,0.603411,-0.06431,-0.081809,-0.035895,0.246628
0.4,2,2,160.0,90.0,0.3119,0.1118,0.1855,1,1,1,4e-05,0.9417,0.5301,-0.148239,0.168424,0.530124,-0.105535,-0.056415,-0.070697,0.243446
0.4,2,3,224.0,90.0,0.3244,0.0707,0.1847,1,1,1,4e-05,0.8919,0.4496,-0.090354,0.12827,0.449635,-0.155251,-0.032917,-0.114719,0.234192
0.4,2,4,288.0,90.0,0.3315,0.0243,0.1843,1,1,1,4e-05,0.8349,0.3653,-0.018952,0.089023,0.365256,-0.212265,-0.014504,-0.167354,0.215413
0.4,2,5,352.0,90.0,0.3315,-0.0243,0.1843,1,1,1,4e-05,0.774,0.2818,0.063615,0.054708,0.281764,-0.27318,-0.0039,-0.225729,0.184745
0.4,2,6,416.0,90.0,0.3244,-0.0707,0.1847,1,1,1,5e-05,0.7141,0.3331,0.152337,0.028816,0.204046,-0.333134,-0.001962,-0.285322,0.14278
0.4,2,7,480.0,90.0,0.3119,-0.1118,0.1855,1,1,1,6e-05,0.6595,0.3877,0.241113,0.012874,0.135569,-0.387686,-0.007385,-0.34177,0.093195
0.4,2,8,544.0,90.0,0.2964,-0.1461,0.1865,1,1,1,8e-05,0.6129,0.4343,0.324835,0.00623,0.077709,-0.434299,-0.017712,-0.392346,0.040844
0.4,2,9,608.0,90.0,0.2801,-0.1737,0.1875,1,1,1,0.0001,0.5747,0.4725,0.400466,0.006977,0.030136,-0.472457,-0.030555,-0.436141,-0.010281
0.4,3,0,32.0,126.0,0.289,0.1882,0.1642,1,1,1,4e-05,1.1026,0.6728,-0.251744,0.284591,0.672835,0.055372,-0.120802,0.051295,0.211481
0.4,3,1,96.0,126.0,0.3081,0.1597,0.161,1,1,1,6e-05,1.0723,0.6039,-0.222502,0.248086,0.603942,0.025087,-0.094083,0.029431,0.210953
0.4,3,2,160.0,126.0,0.3266,0.1233,0.1578,1,1,1,8e-05,1.032,0.5252,-0.180928,0.205529,0.525214,-0.015185,-0.065763,-0.001475,0.208641
0.4,3,3,224.0,126.0,0.3418,0.0786,0.1552,1,1,1,0.0001,0.9804,0.4384,-0.124073,0.158704,0.438371,-0.066804,-0.03854,-0.043206,0.201729
0.4,3,4,288.0,126.0,0.3506,0.0271,0.1537,1,1,1,3e-05,0.9179,0.3475,-0.050549,0.111416,0.347536,-0.129292,-0.016358,-0.095988,0.186181
0.4,3,5,352.0,126.0,0.3506,-0.0271,0.1537,1,1,1,4e-05,0.8489,0.2584,0.036518,0.069395,0.258372,-0.198306,-0.003032,-0.156575,0.158154
0.4,3,6,416.0,126.0,0.3418,-0.0786,0.1552,1,1,1,4e-05,0.7794,0.2678,0.131286,0.037332,0.176687,-0.267793,-2.2e-05,-0.219855,0.117376
0.4,3,7,480.0,126.0,0.3266,-0.1233,0.1578,1,1,1,5e-05,0.7155,0.3317,0.226188,0.017288,0.106172,-0.331717,-0.005833,-0.280447,0.067636
0.4,3,8,544.0,126.0,0.3081,-0.1597,0.161,1,1,1,6e-05,0.6606,0.3866,0.315098,0.008328,0.047881,-0.38655,-0.017351,-0.334926,0.01455
0.4,3,9,608.0,126.0,0.289,-0.1882,0.1642,1,1,1,8e-05,0.6157,0.4315,0.394648,0.007944,0.000948,-0.431498,-0.031579,-0.382129,-0.037219
0.4,4,0,32.0,162.0,0.297,0.2029,0.1375,0,0,0,,,,,,,,,,
0.4,4,1,96.0,162.0,0.3188,0.1737,0.1312,1,1,1,7e-05,1.1805,0.6001,-0.260309,0.29737,0.600078,0.133317,-0.109599,0.100114,0.166792
0.4,4,2,160.0,162.0,0.3403,0.1352,0.125,1,1,1,6e-05,1.1423,0.516,-0.223439,0.248729,0.516025,0.095101,-0.078621,0.074119,0.165009
0.4,4,3,224.0,162.0,0.3584,0.0868,0.1198,1,1,1,7e-05,1.0894,0.423,-0.168911,0.193225,0.423047,0.042207,-0.047532,0.035915,0.161057
0.4,4,4,288.0,162.0,0.369,0.03,0.1167,1,1,1,6e-05,1.0208,0.3262,-0.093454,0.13547,0.326209,-0.026385,-0.020892,-0.016079,0.150679
0.4,4,5,352.0,162.0,0.369,-0.03,0.1167,1,1,1,9e-05,0.9417,0.232,-0.000752,0.083332,0.232044,-0.105493,-0.003816,-0.078681,0.128137
0.4,4,6,416.0,162.0,0.3584,-0.0868,0.1198,1,1,1,3e-05,0.8599,0.1873,0.101989,0.043332,0.147181,-0.187334,0.001214,-0.146153,0.091275
0.4,4,7,480.0,162.0,0.3403,-0.1352,0.125,1,1,1,4e-05,0.7839,0.2633,0.204597,0.018268,0.075278,-0.263266,-0.004364,-0.21156,0.04324
0.4,4,8,544.0,162.0,0.3188,-0.1737,0.1312,1,1,1,5e-05,0.7186,0.3286,0.29999,0.006662,0.01707,-0.328614,-0.016746,-0.270753,-0.009539
0.4,4,9,608.0,162.0,0.297,-0.2029,0.1375,1,1,1,7e-05,0.665,0.3844,0.384444,0.005149,-0.028861,-0.382205,-0.03221,-0.322181,-0.061478
0.4,5,0,32.0,198.0,0.3036,0.2175,0.1073,0,0,0,,,,,,,,,,
0.4,5,1,96.0,198.0,0.3278,0.1875,0.0973,1,1,1,5e-05,1.2321,0.5879,-0.314444,0.356074,0.587865,0.268947,-0.128635,0.175829,0.113096
0.4,5,2,160.0,198.0,0.352,0.147,0.0873,1,1,1,7e-05,1.281,0.4997,-0.283899,0.298938,0.499663,0.233799,-0.09555,0.15556,0.111543
0.4,5,3,224.0,198.0,0.3727,0.0949,0.0787,1,1,1,8e-05,1.225,0.4027,-0.230133,0.231188,0.402684,0.177826,-0.060615,0.120911,0.111756
0.4,5,4,288.0,198.0,0.3848,0.0329,0.0737,1,1,1,6e-05,1.1478,0.3017,-0.15054,0.159946,0.3017,0.100642,-0.028933,0.070036,0.108976
0.4,5,5,352.0,198.0,0.3848,-0.0329,0.0737,1,1,1,7e-05,1.0556,0.204,-0.04977,0.095366,0.203978,0.008357,-0.006938,0.005699,0.095369
0.4,5,6,416.0,198.0,0.3727,-0.0949,0.0787,1,1,1,7e-05,0.958,0.1169,0.063138,0.045953,0.116937,-0.089199,0.00141,-0.065904,0.065757
0.4,5,7,480.0,198.0,0.352,-0.147,0.0873,1,1,1,3e-05,0.8665,0.1807,0.175903,0.015106,0.044418,-0.180718,-0.002961,-0.136735,0.021833
0.4,5,8,544.0,198.0,0.3278,-0.1875,0.0973,1,1,1,4e-05,0.7878,0.2794,0.279411,0.000675,-0.013321,-0.259397,-0.015665,-0.201237,-0.029453
0.4,5,9,608.0,198.0,0.3036,-0.2175,0.1073,1,1,1,6e-05,0.7234,0.3699,0.369936,-0.001836,-0.058083,-0.323827,-0.032131,-0.25751,-0.081191
0.4,6,0,32.0,234.0,0.3082,0.2312,0.0742,0,0,0,,,,,,,,,,
0.4,6,1,96.0,234.0,0.3342,0.2004,0.0598,0,0,0,,,,,,,,,,
0.4,6,2,160.0,234.0,0.3604,0.1579,0.0454,1,1,1,8e-05,1.2342,0.473,-0.376121,0.354046,0.473046,0.415278,-0.115793,0.239288,0.051332
0.4,6,3,224.0,234.0,0.3829,0.1023,0.033,1,1,1,7e-05,1.317,0.3758,-0.319923,0.271242,0.375794,0.353472,-0.077669,0.209714,0.055796
0.4,6,4,288.0,234.0,0.3962,0.0356,0.0257,1,1,1,9e-05,1.3079,0.2743,-0.229173,0.183816,0.274313,0.26066,-0.040845,0.160133,0.062219
0.4,6,5,352.0,234.0,0.3962,-0.0356,0.0257,1,1,1,5e-05,1.1946,0.1758,-0.113087,0.104856,0.17575,0.147412,-0.012831,0.093386,0.060956
0.4,6,6,416.0,234.0,0.3829,-0.1023,0.033,1,1,1,8e-05,1.0759,0.0879,0.014079,0.044954,0.087853,0.028742,0.000363,0.017707,0.042212
0.4,6,7,480.0,234.0,0.3604,-0.1579,0.0454,1,1,1,8e-05,0.9646,0.1396,0.139569,0.007802,0.015279,-0.08259,-0.001488,-0.058435,0.005045
0.4,6,8,544.0,234.0,0.3342,-0.2004,0.0598,1,1,1,4e-05,0.869,0.2534,0.253404,-0.009546,-0.041754,-0.178174,-0.013748,-0.128559,-0.043405
0.4,6,9,608.0,234.0,0.3082,-0.2312,0.0742,1,1,1,5e-05,0.7913,0.3513,0.351307,-0.012913,-0.085417,-0.255949,-0.030895,-0.189905,-0.094651
0.4,7,0,32.0,270.0,0.3103,0.2436,0.0388,0,0,0,,,,,,,,,,
0.4,7,1,96.0,270.0,0.3373,0.2117,0.0198,0,0,0,,,,,,,,,,
0.4,7,2,160.0,270.0,0.3646,0.1672,0.0008,1,1,1,9e-05,1.1793,0.6814,-0.535421,0.408921,0.43401,0.681445,-0.13479,0.312157,-0.000213
0.4,7,3,224.0,270.0,0.3879,0.1085,-0.0156,1,1,1,0.0001,1.2786,0.5998,-0.461616,0.30958,0.342432,0.59981,-0.095395,0.293977,0.004573
0.4,7,4,288.0,270.0,0.4017,0.0378,-0.0253,1,1,1,6e-05,1.3646,0.4713,-0.342098,0.205291,0.244945,0.471315,-0.055254,0.2498,0.015965
0.4,7,5,352.0,270.0,0.4017,-0.0378,-0.0253,1,1,1,7e-05,1.3675,0.3203,-0.196989,0.111658,0.148492,0.320252,-0.021324,0.181319,0.026706
0.4,7,6,416.0,270.0,0.3879,-0.1085,-0.0156,1,1,1,6e-05,1.2161,0.1689,-0.046245,0.040948,0.0616,0.168864,-0.001929,0.100753,0.021677
0.4,7,7,480.0,270.0,0.3646,-0.1672,0.0008,1,1,1,9e-05,1.0791,0.0956,0.095599,-0.002861,-0.010587,0.031943,0.000237,0.01984,-0.00607
0.4,7,8,544.0,270.0,0.3373,-0.2117,0.0198,1,1,1,3e-05,0.9627,0.222,0.221951,-0.023295,-0.066965,-0.08455,-0.010584,-0.055441,-0.050219
0.4,7,9,608.0,270.0,0.3103,-0.2436,0.0388,1,1,1,4e-05,0.8687,0.3287,0.328685,-0.0275,-0.109789,-0.178473,-0.027988,-0.121571,-0.100633
0.4,8,0,32.0,306.0,0.3096,0.2539,0.0019,0,0,0,,,,,,,,,,
0.4,8,1,96.0,306.0,0.3367,0.2208,-0.0215,0,0,0,,,,,,,,,,
0.4,8,2,160.0,306.0,0.3639,0.1744,-0.0449,1,1,0,0.00155,0.7733,1.3211,-0.90432,0.472237,0.373045,1.321121,-0.139769,0.156165,0.010545
0.4,8,3,224.0,306.0,0.387,0.1132,-0.0649,1,1,1,0.0001,0.9917,1.1027,-0.758701,0.349213,0.297911,1.102708,-0.10303,0.276926,0.000943
0.4,8,4,288.0,306.0,0.4007,0.0394,-0.0766,1,1,1,9e-05,1.2939,0.7964,-0.529365,0.223236,0.213191,0.79641,-0.067031,0.320566,-0.012038
0.4,8,5,352.0,306.0,0.4007,-0.0394,-0.0766,1,1,1,7e-05,1.3497,0.5458,-0.313956,0.115524,0.122807,0.54578,-0.031002,0.264686,-0.002722
0.4,8,6,416.0,306.0,0.387,-0.1132,-0.0649,1,1,1,6e-05,1.385,0.3378,-0.123064,0.034736,0.038582,0.33775,-0.005327,0.180546,0.004521
0.4,8,7,480.0,306.0,0.3639,-0.1744,-0.0449,1,1,1,9e-05,1.2108,0.1636,0.043669,-0.015585,-0.032306,0.163585,0.002296,0.094395,-0.011477
0.4,8,8,544.0,306.0,0.3367,-0.2208,-0.0215,1,1,1,7e-05,1.0691,0.1845,0.184539,-0.039551,-0.088294,0.021944,-0.005886,0.01538,-0.049655
0.4,8,9,608.0,306.0,0.3096,-0.2539,0.0019,1,1,1,4e-05,0.9557,0.302,0.302035,-0.044724,-0.130565,-0.091486,-0.022973,-0.054868,-0.098635
0.4,9,0,32.0,342.0,0.3061,0.262,-0.0353,0,0,0,,,,,,,,,,
0.4,9,1,96.0,342.0,0.3324,0.2275,-0.0627,0,0,0,,,,,,,,,,
0.4,9,2,160.0,342.0,0.3586,0.1793,-0.0899,1,1,0,0.02664,0.6659,1.4285,-0.857153,0.491047,0.264529,1.428464,-0.14588,0.068736,-0.00241
0.4,9,3,224.0,342.0,0.3805,0.1161,-0.1127,1,1,0,0.02235,0.6688,1.4256,-0.822794,0.377319,0.18626,1.425612,-0.116315,0.069111,-0.002416
0.4,9,4,288.0,342.0,0.3934,0.0403,-0.1261,1,1,0,0.01002,0.6729,1.4215,-0.791895,0.247676,0.134388,1.421533,-0.080658,0.073243,-0.001465
0.4,9,5,352.0,342.0,0.3934,-0.0403,-0.1261,1,1,1,0.0001,1.18,0.9144,-0.516016,0.115767,0.094957,0.914412,-0.038538,0.315499,-0.01281
0.4,9,6,416.0,342.0,0.3805,-0.1161,-0.1127,1,1,1,0.0001,1.3608,0.5488,-0.225344,0.026797,0.018569,0.54875,-0.009459,0.25359,-0.008352
0.4,9,7,480.0,342.0,0.3586,-0.1793,-0.0899,1,1,1,8e-05,1.364,0.3168,-0.020466,-0.029506,-0.050214,0.316773,0.004508,0.163618,-0.012371
0.4,9,8,544.0,342.0,0.3324,-0.2275,-0.0627,1,1,1,5e-05,1.1886,0.1414,0.140964,-0.057078,-0.105504,0.141408,0.0003,0.081086,-0.042488
0.4,9,9,608.0,342.0,0.3061,-0.262,-0.0353,1,1,1,4e-05,1.0521,0.2711,0.271101,-0.063638,-0.147573,0.004938,-0.015652,0.007995,-0.08897
0.45,0,0,32.0,18.0,0.3087,0.1853,0.2304,1,1,1,6e-05,1.0903,0.6108,-0.451798,0.316357,0.610786,0.043083,-0.145307,0.078183,0.140832
0.45,0,1,96.0,18.0,0.3241,0.1538,0.2324,1,1,1,8e-05,1.0402,0.5484,-0.412946,0.266039,0.548374,-0.006981,-0.115102,0.040786,0.14978
0.45,0,2,160.0,18.0,0.338,0.1161,0.2342,1,1,1,5e-05,0.9854,0.4777,-0.363852,0.21409,0.477704,-0.061817,-0.084518,-0.003733,0.155654
0.45,0,3,224.0,18.0,0.3489,0.0726,0.2357,1,1,1,8e-05,0.9269,0.3998,-0.304514,0.162688,0.399815,-0.120334,-0.056,-0.054931,0.155269
0.45,0,4,288.0,18.0,0.355,0.0247,0.2365,1,1,1,5e-05,0.8657,0.3175,-0.234768,0.114028,0.317468,-0.181508,-0.032287,-0.111831,0.145556
0.45,0,5,352.0,18.0,0.355,-0.0247,0.2365,1,1,1,8e-05,0.8055,0.2417,-0.158211,0.071472,0.233841,-0.241717,-0.015623,-0.170714,0.124038
0.45,0,6,416.0,18.0,0.3489,-0.0726,0.2357,1,1,1,0.0001,0.7493,0.2979,-0.078515,0.037304,0.152786,-0.297877,-0.006671,-0.227796,0.091052
0.45,0,7,480.0,18.0,0.338,-0.1161,0.2342,1,1,1,3e-05,0.6996,0.3476,0.000472,0.012584,0.077601,-0.347619,-0.004512,-0.279942,0.049504
0.45,0,8,544.0,18.0,0.3241,-0.1538,0.2324,1,1,1,4e-05,0.6579,0.3893,0.074448,-0.002999,0.01012,-0.389347,-0.007294,-0.324843,0.003351
0.45,0,9,608.0,18.0,0.3087,-0.1853,0.2304,1,1,1,5e-05,0.6239,0.4233,0.141518,-0.01093,-0.04885,-0.423329,-0.013124,-0.362282,-0.043589
0.45,1,0,32.0,54.0,0.318,0.1995,0.2092,1,1,1,7e-05,1.1778,0.6107,-0.482635,0.357256,0.610673,0.130614,-0.15902,0.132795,0.111496
0.45,1,1,96.0,54.0,0.336,0.1668,0.2098,1,1,1,9e-05,1.1258,0.5464,-0.444318,0.301465,0.546418,0.078611,-0.126742,0.097852,0.121366
0.45,1,2,160.0,54.0,0.3527,0.127,0.2105,1,1,1,4e-05,1.0676,0.4726,-0.394265,0.242847,0.472572,0.020426,-0.093166,0.054757,0.129276
0.45,1,3,224.0,54.0,0.366,0.0799,0.211,1,1,1,9e-05,1.0034,0.3906,-0.331045,0.18352,0.390595,-0.043848,-0.061042,0.002904,0.132052
0.45,1,4,288.0,54.0,0.3735,0.0273,0.2113,1,1,1,6e-05,0.9362,0.303,-0.25727,0.127471,0.30296,-0.110957,-0.033996,-0.055343,0.125158
0.45,1,5,352.0,54.0,0.3735,-0.0273,0.2113,1,1,1,5e-05,0.8685,0.2145,-0.174335,0.077892,0.214497,-0.178748,-0.014955,-0.117451,0.105806
0.45,1,6,416.0,54.0,0.366,-0.0799,0.211,1,1,1,8e-05,0.8048,0.2424,-0.087999,0.038187,0.129487,-0.242411,-0.005035,-0.17824,0.073544
0.45,1,7,480.0,54.0,0.3527,-0.127,0.2105,1,1,1,0.0001,0.7485,0.2987,-0.003277,0.009678,0.051585,-0.298729,-0.003101,-0.233717,0.031535
0.45,1,8,544.0,54.0,0.336,-0.1668,0.2098,1,1,1,4e-05,0.7009,0.3463,0.07611,-0.00819,-0.017104,-0.346324,-0.006831,-0.281837,-0.015403
0.45,1,9,608.0,54.0,0.318,-0.1995,0.2092,1,1,1,5e-05,0.6623,0.3849,0.146968,-0.017284,-0.076308,-0.384883,-0.013817,-0.321718,-0.063053
0.45,2,0,32.0,90.0,0.3269,0.2144,0.1845,0,0,0,,,,,,,,,,
0.45,2,1,96.0,90.0,0.3477,0.1808,0.1832,1,1,1,5e-05,1.2333,0.5391,-0.48879,0.343952,0.539128,0.186104,-0.140932,0.161813,0.08641
0.45,2,2,160.0,90.0,0.3675,0.1387,0.182,1,1,1,5e-05,1.1708,0.4633,-0.43705,0.276882,0.463278,0.123588,-0.104441,0.121156,0.096294
0.45,2,3,224.0,90.0,0.3836,0.0879,0.181,1,1,1,6e-05,1.1003,0.3776,-0.370119,0.208137,0.377641,0.053107,-0.068486,0.070173,0.102566
0.45,2,4,288.0,90.0,0.3928,0.0302,0.1804,1,1,1,5e-05,1.0243,0.2893,-0.28932,0.142141,0.285685,-0.022941,-0.037417,0.010124,0.100291
0.45,2,5,352.0,90.0,0.3928,-0.0302,0.1804,1,1,1,4e-05,0.9471,0.1989,-0.198895,0.083905,0.192656,-0.100103,-0.01531,-0.055001,0.08483
0.45,2,6,416.0,90.0,0.3836,-0.0879,0.181,1,1,1,5e-05,0.8735,0.1737,-0.104091,0.03736,0.104238,-0.173671,-0.003875,-0.120094,0.055055
0.45,2,7,480.0,90.0,0.3675,-0.1387,0.182,1,1,1,8e-05,0.8082,0.239,-0.01169,0.004286,0.024315,-0.238952,-0.001877,-0.179915,0.013974
0.45,2,8,544.0,90.0,0.3477,-0.1808,0.1832,1,1,1,3e-05,0.7531,0.2941,0.073891,-0.016164,-0.045097,-0.294082,-0.006407,-0.231881,-0.032923
0.45,2,9,608.0,90.0,0.3269,-0.2144,0.1845,1,1,1,4e-05,0.7084,0.3388,0.14944,-0.026465,-0.104032,-0.338757,-0.014497,-0.275048,-0.08072
0.45,3,0,32.0,126.0,0.3351,0.2296,0.1563,0,0,0,,,,,,,,,,
0.45,3,1,96.0,126.0,0.3587,0.1952,0.1523,1,1,1,6e-05,1.1947,0.5556,-0.555637,0.393456,0.523149,0.325714,-0.157518,0.231459,0.045433
0.45,3,2,160.0,126.0,0.3817,0.1509,0.1484,1,1,1,0.0001,1.272,0.5003,-0.500325,0.316205,0.44759,0.257142,-0.11856,0.195225,0.056588
0.45,3,3,224.0,126.0,0.4008,0.0963,0.1451,1,1,1,9e-05,1.2247,0.4268,-0.426779,0.235772,0.360215,0.17748,-0.078796,0.146372,0.0666
0.45,3,4,288.0,126.0,0.4118,0.0332,0.1432,1,1,1,8e-05,1.1366,0.3364,-0.336444,0.15778,0.265104,0.089421,-0.043207,0.085479,0.070266
0.45,3,5,352.0,126.0,0.4118,-0.0332,0.1432,1,1,1,7e-05,1.0457,0.2345,-0.234526,0.088825,0.168765,-0.001506,-0.017142,0.016741,0.061256
0.45,3,6,416.0,126.0,0.4008,-0.0963,0.1451,1,1,1,6e-05,0.9591,0.1291,-0.12911,0.034177,0.077658,-0.088132,-0.003373,-0.052976,0.036278
0.45,3,7,480.0,126.0,0.3817,-0.1509,0.1484,1,1,1,5e-05,0.8815,0.1657,-0.026569,-0.004124,-0.003433,-0.16572,-0.000753,-0.118212,-0.002028
0.45,3,8,544.0,126.0,0.3587,-0.1952,0.1523,1,1,1,8e-05,0.8164,0.2308,0.066563,-0.02741,-0.073008,-0.230796,-0.005772,-0.174865,-0.04781
0.45,3,9,608.0,126.0,0.3351,-0.2296,0.1563,1,1,1,3e-05,0.7634,0.2838,0.148288,-0.038803,-0.131141,-0.283819,-0.014849,-0.222442,-0.095173
0.45,4,0,32.0,162.0,0.3418,0.2448,0.1246,0,0,0,,,,,,,,,,
0.45,4,1,96.0,162.0,0.3682,0.2096,0.117,0,0,0,,,,,,,,,,
0.45,4,2,160.0,162.0,0.3942,0.1632,0.1095,1,1,1,6e-05,1.229,0.6019,-0.601859,0.359217,0.422571,0.44164,-0.134525,0.274246,0.013855
0.45,4,3,224.0,162.0,0.4161,0.1048,0.1032,1,1,1,0.0001,1.3229,0.5133,-0.513349,0.265263,0.337065,0.344603,-0.091786,0.230521,0.025942
0.45,4,4,288.0,162.0,0.4289,0.0363,0.0995,1,1,1,6e-05,1.2836,0.4061,-0.406103,0.173329,0.241261,0.236388,-0.051708,0.170142,0.035808
0.45,4,5,352.0,162.0,0.4289,-0.0363,0.0995,1,1,1,0.0001,1.1714,0.2865,-0.286485,0.092029,0.14331,0.12421,-0.020867,0.097724,0.035491
0.45,4,6,416.0,162.0,0.4161,-0.1048,0.1032,1,1,1,7e-05,1.0649,0.1647,-0.164725,0.028195,0.051027,0.017669,-0.003658,0.022002,0.018359
0.45,4,7,480.0,162.0,0.3942,-0.1632,0.1095,1,1,1,4e-05,0.9709,0.0763,-0.049626,-0.015859,-0.030555,-0.076316,0.000453,-0.04921,-0.015046
0.45,4,8,544.0,162.0,0.3682,-0.2096,0.117,1,1,1,6e-05,0.892,0.1552,0.05374,-0.042005,-0.099593,-0.155175,-0.004575,-0.111838,-0.058407
0.45,4,9,608.0,162.0,0.3418,-0.2448,0.1246,1,1,1,0.0001,0.8284,0.2188,0.14247,-0.054478,-0.156758,-0.218794,-0.014375,-0.164375,-0.104888
0.45,5,0,32.0,198.0,0.3466,0.2593,0.0895,0,0,0,,,,,,,,,,
0.45,5,1,96.0,198.0,0.3752,0.2233,0.0777,0,0,0,,,,,,,,,,
0.45,5,2,160.0,198.0,0.4037,0.1749,0.0658,1,1,1,8e-05,1.1866,0.7851,-0.785128,0.401626,0.386927,0.736369,-0.146509,0.337377,-0.012964
0.45,5,3,224.0,198.0,0.428,0.1128,0.0558,1,1,1,8e-05,1.2942,0.6582,-0.658152,0.294029,0.307445,0.593722,-0.104448,0.314735,-0.009084
0.45,5,4,288.0,198.0,0.4423,0.0392,0.0499,1,1,1,6e-05,1.3532,0.5131,-0.513126,0.187199,0.214543,0.439383,-0.062022,0.261199,0.001255
0.45,5,5,352.0,198.0,0.4423,-0.0392,0.0499,1,1,1,8e-05,1.3355,0.3623,-0.362275,0.092755,0.117215,0.288281,-0.026511,0.186298,0.009183
0.45,5,6,416.0,198.0,0.428,-0.1128,0.0558,1,1,1,4e-05,1.1979,0.2163,-0.216328,0.019161,0.025083,0.150746,-0.00476,0.104154,0.002248
0.45,5,7,480.0,198.0,0.4037,-0.1749,0.0658,1,1,1,6e-05,1.0792,0.0824,-0.08241,-0.030781,-0.055813,0.031961,0.001998,0.025286,-0.023673
0.45,5,8,544.0,198.0,0.3752,-0.2233,0.0777,1,1,1,0.0001,0.9821,0.124,0.033528,-0.059908,-0.123984,-0.065076,-0.002293,-0.043813,-0.063265
0.45,5,9,608.0,198.0,0.3466,-0.2593,0.0895,1,1,1,8e-05,0.904,0.1798,0.131889,-0.073132,-0.179831,-0.14315,-0.012539,-0.102473,-0.108386
0.45,6,0,32.0,234.0,0.349,0.2726,0.0517,0,0,0,,,,,,,,,,
0.45,6,1,96.0,234.0,0.379,0.2357,0.0351,0,0,0,,,,,,,,,,
0.45,6,2,160.0,234.0,0.4092,0.1854,0.0185,1,1,0,0.0072,0.6741,1.4203,-1.133465,0.457326,0.317532,1.420338,-0.147999,0.08136,0.004586
0.45,6,3,224.0,234.0,0.435,0.1199,0.0043,1,1,0,0.00022,0.9109,1.1835,-0.990941,0.327586,0.262348,1.18348,-0.10619,0.245309,0.005907
0.45,6,4,288.0,234.0,0.4502,0.0417,-0.0041,1,1,1,9e-05,1.2764,0.7764,-0.705546,0.197842,0.183773,0.776383,-0.069481,0.33805,-0.01635
0.45,6,5,352.0,234.0,0.4502,-0.0417,-0.0041,1,1,1,7e-05,1.3363,0.517,-0.478897,0.090003,0.090942,0.516974,-0.033055,0.278135,-0.013077
0.45,6,6,416.0,234.0,0.435,-0.1199,0.0043,1,1,1,9e-05,1.3672,0.32,-0.289285,0.007107,0.000921,0.319994,-0.00657,0.190273,-0.010645
0.45,6,7,480.0,234.0,0.4092,-0.1854,0.0185,1,1,1,9e-05,1.2111,0.1639,-0.128631,-0.048646,-0.078528,0.163877,0.004115,0.103406,-0.027061
0.45,6,8,544.0,234.0,0.379,-0.2357,0.0351,1,1,1,8e-05,1.0876,0.1452,0.00564,-0.08039,-0.145186,0.040425,0.001496,0.026454,-0.061297
0.45,6,9,608.0,234.0,0.349,-0.2726,0.0517,1,1,1,6e-05,0.9915,0.1998,0.115202,-0.094482,-0.199849,-0.055714,-0.008711,-0.038205,-0.104602
0.45,7,0,32.0,270.0,0.3485,0.284,0.012,0,0,0,,,,,,,,,,
0.45,7,1,96.0,270.0,0.3791,0.2461,-0.0094,0,0,0,,,,,,,,,,
0.45,7,2,160.0,270.0,0.4099,0.1938,-0.031,1,1,0,0.03564,0.6682,1.4262,-1.034525,0.477604,0.192394,1.426241,-0.147872,0.068429,-0.005392
0.45,7,3,224.0,270.0,0.4361,0.1255,-0.0493,1,1,0,0.0278,0.6705,1.4239,-0.99735,0.356742,0.134394,1.423919,-0.118757,0.069232,-0.003796
0.45,7,4,288.0,270.0,0.4515,0.0437,-0.0601,1,1,0,0.01283,0.6727,1.4217,-0.961853,0.218096,0.09318,1.421683,-0.081615,0.07194,-0.002127
0.45,7,5,352.0,270.0,0.4515,-0.0437,-0.0601,1,1,1,0.0001,1.1522,0.9422,-0.708111,0.081012,0.059389,0.942152,-0.037285,0.328089,-0.013601
0.45,7,6,416.0,270.0,0.4361,-0.1255,-0.0493,1,1,1,9e-05,1.338,0.5509,-0.400413,-0.008725,-0.021866,0.55091,-0.008828,0.276461,-0.018484
0.45,7,7,480.0,270.0,0.4099,-0.1938,-0.031,1,1,1,7e-05,1.374,0.3268,-0.193444,-0.069127,-0.09838,0.326794,0.006754,0.182463,-0.025198
0.45,7,8,544.0,270.0,0.3791,-0.2461,-0.0094,1,1,1,6e-05,1.2128,0.1656,-0.03408,-0.103387,-0.163246,0.165624,0.007086,0.097758,-0.052381
0.45,7,9,608.0,270.0,0.3485,-0.284,0.012,1,1,1,6e-05,1.092,0.2166,0.091065,-0.118093,-0.216557,0.044802,-0.00244,0.026558,-0.093077
0.45,8,0,32.0,306.0,0.345,0.2931,-0.0286,0,0,0,,,,,,,,,,
0.45,8,1,96.0,306.0,0.3753,0.254,-0.0547,0,0,0,,,,,,,,,,
0.45,8,2,160.0,306.0,0.4054,0.1999,-0.0807,0,1,0,0.06257,,1.4219,,,,,,,
0.45,8,3,224.0,306.0,0.4309,0.1294,-0.1027,0,1,0,0.05619,,1.4192,,,,,,,
0.45,8,4,288.0,306.0,0.4459,0.045,-0.1157,1,1,0,0.04218,0.677,1.4174,-0.866326,0.238495,-0.055337,1.417361,-0.095652,0.064424,-0.006307
0.45,8,5,352.0,306.0,0.4459,-0.045,-0.1157,1,1,0,0.02018,0.6774,1.417,-0.836912,0.090636,-0.060684,1.41695,-0.05799,0.068732,-0.003877
0.45,8,6,416.0,306.0,0.4309,-0.1294,-0.1027,1,1,1,9e-05,1.1162,0.9782,-0.620344,-0.033851,-0.050154,0.978243,-0.011966,0.31629,-0.013226
0.45,8,7,480.0,306.0,0.4054,-0.1999,-0.0807,1,1,1,6e-05,1.3551,0.5385,-0.288597,-0.092553,-0.115955,0.538456,0.009272,0.259297,-0.019457
0.45,8,8,544.0,306.0,0.3753,-0.254,-0.0547,1,1,1,5e-05,1.3619,0.3147,-0.088479,-0.128223,-0.17808,0.3147,0.014145,0.167423,-0.03766
0.45,8,9,608.0,306.0,0.345,-0.2931,-0.0286,1,1,1,7e-05,1.2067,0.2299,0.058593,-0.14321,-0.229865,0.159457,0.006319,0.089454,-0.074307
0.45,9,0,32.0,342.0,0.3387,0.2997,-0.0692,0,0,0,,,,,,,,,,
0.45,9,1,96.0,342.0,0.3676,0.2592,-0.0993,0,0,0,,,,,,,,,,
0.45,9,2,160.0,342.0,0.3962,0.2036,-0.129,0,0,0,,,,,,,,,,
0.45,9,3,224.0,342.0,0.4201,0.1314,-0.1539,0,1,0,0.08209,,1.4145,,,,,,,
0.45,9,4,288.0,342.0,0.434,0.0456,-0.1684,0,1,0,0.06893,,1.4124,,,,,,,
0.45,9,5,352.0,342.0,0.434,-0.0456,-0.1684,1,1,0,0.0474,0.6824,1.412,-0.750864,0.113216,-0.20442,1.411997,-0.076451,0.061193,-0.004981
0.45,9,6,416.0,342.0,0.4201,-0.1314,-0.1539,1,1,0,0.01925,0.6811,1.4133,-0.727789,-0.032655,-0.165576,1.413303,-0.034427,0.067814,-0.004022
0.45,9,7,480.0,342.0,0.3962,-0.2036,-0.129,1,1,1,9e-05,1.2173,0.8771,-0.458173,-0.123293,-0.135576,0.877145,0.009312,0.314985,-0.012689
0.45,9,8,544.0,342.0,0.3676,-0.2592,-0.0993,1,1,1,9e-05,1.3808,0.4982,-0.164942,-0.154757,-0.190287,0.49823,0.021532,0.233619,-0.020362
0.45,9,9,608.0,342.0,0.3387,-0.2997,-0.0692,1,1,1,6e-05,1.3399,0.2927,0.013833,-0.169795,-0.240246,0.292676,0.017146,0.149813,-0.050025
0.5,0,0,32.0,18.0,0.3537,0.2217,0.2363,0,0,0,,,,,,,,,,
0.5,0,1,96.0,18.0,0.3727,0.1844,0.2389,1,1,1,9e-05,1.2147,0.7407,-0.74075,0.373526,0.456444,0.255537,-0.163756,0.236688,0.013029
0.5,0,2,160.0,18.0,0.3902,0.1396,0.2412,1,1,1,7e-05,1.2155,0.6685,-0.668507,0.295167,0.393956,0.168344,-0.123659,0.186947,0.02829
0.5,0,3,224.0,18.0,0.4039,0.0875,0.243,1,1,1,7e-05,1.1291,0.5885,-0.588531,0.218872,0.318619,0.081901,-0.084013,0.128599,0.040312
0.5,0,4,288.0,18.0,0.4116,0.0298,0.244,1,1,1,8e-05,1.0458,0.5025,-0.502533,0.147729,0.23416,-0.001381,-0.048689,0.064502,0.044614
0.5,0,5,352.0,18.0,0.4116,-0.0298,0.244,1,1,1,0.0001,0.9685,0.4134,-0.413385,0.084615,0.145476,-0.078745,-0.021082,-0.001108,0.037345
0.5,0,6,416.0,18.0,0.4039,-0.0875,0.243,1,1,1,3e-05,0.8999,0.3251,-0.325068,0.031723,0.057371,-0.14725,-0.002664,-0.063311,0.017317
0.5,0,7,480.0,18.0,0.3902,-0.1396,0.2412,1,1,1,9e-05,0.8419,0.2409,-0.240874,-0.010001,-0.026114,-0.205303,0.007345,-0.118461,-0.013228
0.5,0,8,544.0,18.0,0.3727,-0.1844,0.2389,1,1,1,4e-05,0.7939,0.2533,-0.162387,-0.040781,-0.102187,-0.253304,0.011001,-0.165361,-0.050072
0.5,0,9,608.0,18.0,0.3537,-0.2217,0.2363,1,1,1,6e-05,0.7559,0.2913,-0.09235,-0.062153,-0.169926,-0.291287,0.010598,-0.203232,-0.089208
0.5,1,0,32.0,54.0,0.3629,0.2371,0.2109,0,0,0,,,,,,,,,,
0.5,1,1,96.0,54.0,0.3849,0.1987,0.2117,1,1,1,7e-05,1.1802,0.8198,-0.819845,0.407953,0.439319,0.398922,-0.176683,0.294263,-0.010516
0.5,1,2,160.0,54.0,0.4055,0.1515,0.2125,1,1,1,6e-05,1.2669,0.7328,-0.732757,0.321341,0.380287,0.295458,-0.13481,0.249077,0.003821
0.5,1,3,224.0,54.0,0.422,0.0955,0.2131,1,1,1,8e-05,1.2404,0.6386,-0.638583,0.235503,0.305065,0.193234,-0.092071,0.191434,0.017576
0.5,1,4,288.0,54.0,0.4313,0.0327,0.2135,1,1,1,6e-05,1.1427,0.5393,-0.539314,0.15487,0.218215,0.095466,-0.053101,0.12518,0.025436
0.5,1,5,352.0,54.0,0.4313,-0.0327,0.2135,1,1,1,7e-05,1.0523,0.4378,-0.437782,0.083396,0.126204,0.005052,-0.022402,0.055547,0.022038
0.5,1,6,416.0,54.0,0.422,-0.0955,0.2131,1,1,1,8e-05,0.9722,0.338,-0.337992,0.024025,0.035227,-0.075007,-0.002212,-0.011589,0.004939
0.5,1,7,480.0,54.0,0.4055,-0.1515,0.2125,1,1,1,6e-05,0.9045,0.244,-0.243988,-0.021985,-0.050115,-0.14267,0.008214,-0.071518,-0.024022
0.5,1,8,544.0,54.0,0.3849,-0.1987,0.2117,1,1,1,7e-05,0.8498,0.1974,-0.159021,-0.055324,-0.127229,-0.19745,0.011455,-0.121752,-0.06031
0.5,1,9,608.0,54.0,0.3629,-0.2371,0.2109,1,1,1,5e-05,0.8058,0.2414,-0.083321,-0.077654,-0.194849,-0.241366,0.010227,-0.162856,-0.099157
0.5,2,0,32.0,90.0,0.3714,0.253,0.1818,0,0,0,,,,,,,,,,
0.5,2,1,96.0,90.0,0.3965,0.2137,0.1802,0,0,0,,,,,,,,,,
0.5,2,2,160.0,90.0,0.4204,0.1642,0.1787,1,1,1,7e-05,1.2396,0.8346,-0.834558,0.348622,0.360321,0.474668,-0.145732,0.314723,-0.01817
0.5,2,3,224.0,90.0,0.44,0.1042,0.1775,1,1,1,8e-05,1.3353,0.7159,-0.715915,0.252914,0.287375,0.344905,-0.101253,0.262827,-0.006576
0.5,2,4,288.0,90.0,0.4512,0.0358,0.1768,1,1,1,8e-05,1.2703,0.5953,-0.595283,0.161644,0.199668,0.223133,-0.058938,0.195974,0.00383
0.5,2,5,352.0,90.0,0.4512,-0.0358,0.1768,1,1,1,6e-05,1.1599,0.4757,-0.475727,0.08064,0.105275,0.11273,-0.02475,0.122261,0.005273
0.5,2,6,416.0,90.0,0.44,-0.1042,0.1775,1,1,1,6e-05,1.0634,0.3609,-0.360867,0.013952,0.012107,0.016203,-0.002196,0.04958,-0.007252
0.5,2,7,480.0,90.0,0.4204,-0.1642,0.1787,1,1,1,7e-05,0.9824,0.2546,-0.25462,-0.036808,-0.074432,-0.06477,0.009123,-0.016008,-0.033144
0.5,2,8,544.0,90.0,0.3965,-0.2137,0.1802,1,1,1,6e-05,0.9169,0.1598,-0.159795,-0.072516,-0.151592,-0.130306,0.012164,-0.071513,-0.067728
0.5,2,9,608.0,90.0,0.3714,-0.253,0.1818,1,1,1,3e-05,0.8652,0.2188,-0.07781,-0.09585,-0.218784,-0.18195,0.010281,-0.11649,-0.105771
0.5,3,0,32.0,126.0,0.3787,0.269,0.1489,0,0,0,,,,,,,,,,
0.5,3,1,96.0,126.0,0.4068,0.2288,0.1441,0,0,0,,,,,,,,,,
0.5,3,2,160.0,126.0,0.4341,0.1771,0.1394,1,1,1,9e-05,1.2131,1.0188,-1.018779,0.375067,0.332765,0.774216,-0.150335,0.358068,-0.019074
0.5,3,3,224.0,126.0,0.4567,0.1131,0.1355,1,1,1,8e-05,1.2784,0.8457,-0.845712,0.269438,0.264742,0.574063,-0.108855,0.336042,-0.023562
0.5,3,4,288.0,126.0,0.4698,0.039,0.1333,1,1,1,6e-05,1.3381,0.6847,-0.684728,0.166884,0.178207,0.402385,-0.065479,0.276327,-0.017123
0.5,3,5,352.0,126.0,0.4698,-0.039,0.1333,1,1,1,9e-05,1.3028,0.5348,-0.534808,0.075577,0.082976,0.255581,-0.028108,0.199488,-0.011801
0.5,3,6,416.0,126.0,0.4567,-0.1131,0.1355,1,1,1,6e-05,1.1799,0.3977,-0.397737,0.001015,-0.011306,0.132711,-0.002606,0.120414,-0.018253
0.5,3,7,480.0,126.0,0.4341,-0.1771,0.1394,1,1,1,5e-05,1.0792,0.2749,-0.274912,-0.054734,-0.098184,0.031993,0.010273,0.047887,-0.039322
0.5,3,8,544.0,126.0,0.4068,-0.2288,0.1441,1,1,1,5e-05,0.9988,0.1749,-0.167936,-0.092921,-0.174902,-0.048444,0.013586,-0.013925,-0.071086
0.5,3,9,608.0,126.0,0.3787,-0.269,0.1489,1,1,1,4e-05,0.9358,0.241,-0.07729,-0.116931,-0.241045,-0.11136,0.011247,-0.064243,-0.107711
0.5,4,0,32.0,162.0,0.3842,0.2845,0.1124,0,0,0,,,,,,,,,,
0.5,4,1,96.0,162.0,0.4149,0.2436,0.1035,0,0,0,,,,,,,,,,
0.5,4,2,160.0,162.0,0.4452,0.1898,0.0948,1,1,0,0.00905,0.6703,1.4241,-1.322739,0.418947,0.26652,1.424116,-0.149458,0.077422,0.003266
0.5,4,3,224.0,162.0,0.4707,0.1218,0.0874,1,1,1,0.0001,1.006,1.1328,-1.132835,0.287893,0.230076,1.088354,-0.105965,0.296528,0.001511
0.5,4,4,288.0,162.0,0.4857,0.0422,0.0831,1,1,1,0.0001,1.2624,0.8461,-0.846126,0.168659,0.152684,0.696531,-0.069268,0.351987,-0.025004
0.5,4,5,352.0,162.0,0.4857,-0.0422,0.0831,1,1,1,9e-05,1.3288,0.6317,-0.631709,0.066765,0.059222,0.459118,-0.031766,0.285656,-0.025643
0.5,4,6,416.0,162.0,0.4707,-0.1218,0.0874,1,1,1,9e-05,1.333,0.4562,-0.456178,-0.015462,-0.034515,0.285834,-0.003318,0.200466,-0.026665
0.5,4,7,480.0,162.0,0.4452,-0.1898,0.0948,1,1,1,5e-05,1.2005,0.3089,-0.308886,-0.076039,-0.120677,0.153347,0.011916,0.11964,-0.041318
0.5,4,8,544.0,162.0,0.4149,-0.2436,0.1035,1,1,1,4e-05,1.0981,0.1962,-0.185309,-0.116478,-0.196236,0.050909,0.016145,0.050068,-0.068973
0.5,4,9,608.0,162.0,0.3842,-0.2845,0.1124,1,1,1,7e-05,1.0189,0.2609,-0.082781,-0.140718,-0.260895,-0.028288,0.013649,-0.007142,-0.103674
0.5,5,0,32.0,198.0,0.3874,0.299,0.0726,0,0,0,,,,,,,,,,
0.5,5,1,96.0,198.0,0.4201,0.2573,0.0591,0,0,0,,,,,,,,,,
0.5,5,2,160.0,198.0,0.4527,0.2014,0.0455,0,0,0,,,,,,,,,,
0.5,5,3,224.0,198.0,0.4805,0.1298,0.034,1,1,0,0.02583,0.6714,1.423,-1.187432,0.321072,0.108854,1.422979,-0.11795,0.071132,-0.003502
0.5,5,4,288.0,198.0,0.4968,0.045,0.0273,1,1,0,0.0081,0.6787,1.4157,-1.146536,0.177512,0.080015,1.41575,-0.076348,0.077871,-0.001459
0.5,5,5,352.0,198.0,0.4968,-0.045,0.0273,1,1,1,0.0001,1.2616,0.8245,-0.822858,0.050082,0.03059,0.824481,-0.033145,0.352843,-0.022577
0.5,5,6,416.0,198.0,0.4805,-0.1298,0.034,1,1,1,7e-05,1.3272,0.5539,-0.553898,-0.037279,-0.057864,0.503003,-0.004062,0.287241,-0.030037
0.5,5,7,480.0,198.0,0.4527,-0.2014,0.0455,1,1,1,9e-05,1.3565,0.3635,-0.363454,-0.101225,-0.14155,0.309281,0.014162,0.197944,-0.038237
0.5,5,8,544.0,198.0,0.4201,-0.2573,0.0591,1,1,1,5e-05,1.2196,0.2156,-0.215556,-0.143329,-0.215164,0.172427,0.020199,0.119345,-0.060491
0.5,5,9,608.0,198.0,0.3874,-0.299,0.0726,1,1,1,0.0001,1.1177,0.2781,-0.097423,-0.167576,-0.278081,0.070454,0.018074,0.054349,-0.092663
0.5,6,0,32.0,234.0,0.3877,0.3118,0.0304,0,0,0,,,,,,,,,,
0.5,6,1,96.0,234.0,0.4216,0.2692,0.0117,0,0,0,,,,,,,,,,
0.5,6,2,160.0,234.0,0.4555,0.2114,-0.007,0,0,0,,,,,,,,,,
0.5,6,3,224.0,234.0,0.4845,0.1366,-0.023,0,1,0,0.05655,,1.418,,,,,,,
0.5,6,4,288.0,234.0,0.5016,0.0475,-0.0324,1,1,0,0.03978,0.6777,1.4167,-1.04913,0.202616,-0.073617,1.41665,-0.091629,0.06723,-0.006149
0.5,6,5,352.0,234.0,0.5016,-0.0475,-0.0324,1,1,0,0.01676,0.6782,1.4162,-1.012815,0.046927,-0.079468,1.416209,-0.051022,0.070469,-0.003995
0.5,6,6,416.0,234.0,0.4845,-0.1366,-0.023,1,1,1,0.0001,1.1833,0.9111,-0.757209,-0.072272,-0.087176,0.91111,-0.005196,0.339912,-0.01958
0.5,6,7,480.0,234.0,0.4555,-0.2114,-0.007,1,1,1,8e-05,1.3344,0.5247,-0.454823,-0.132166,-0.161425,0.524688,0.01656,0.280052,-0.030091
0.5,6,8,544.0,234.0,0.4216,-0.2692,0.0117,1,1,1,8e-05,1.3714,0.3242,-0.264543,-0.173791,-0.231588,0.324204,0.025684,0.192281,-0.045813
0.5,6,9,608.0,234.0,0.3877,-0.3118,0.0304,1,1,1,4e-05,1.2358,0.2924,-0.124263,-0.197534,-0.29238,0.188585,0.024792,0.118913,-0.074416
0.5,7,0,32.0,270.0,0.3849,0.3224,-0.0135,0,0,0,,,,,,,,,,
0.5,7,1,96.0,270.0,0.4189,0.2788,-0.0373,0,0,0,,,,,,,,,,
0.5,7,2,160.0,270.0,0.453,0.2192,-0.0612,0,0,0,,,,,,,,,,
0.5,7,3,224.0,270.0,0.482,0.1417,-0.0815,0,1,0,0.08635,,1.4127,,,,,,,
0.5,7,4,288.0,270.0,0.4991,0.0492,-0.0934,0,1,0,0.07062,,1.4111,,,,,,,
0.5,7,5,352.0,270.0,0.4991,-0.0492,-0.0934,1,1,0,0.04771,0.6837,1.4107,-0.918513,0.073068,-0.240841,1.410668,-0.070942,0.063644,-0.005071
0.5,7,6,416.0,270.0,0.482,-0.1417,-0.0815,1,1,0,0.01967,0.6827,1.4117,-0.886861,-0.082459,-0.21026,1.411742,-0.029003,0.068663,-0.004189
0.5,7,7,480.0,270.0,0.453,-0.2192,-0.0612,1,1,1,9e-05,1.1798,0.9146,-0.643152,-0.178147,-0.186298,0.914623,0.015933,0.330584,-0.017501
0.5,7,8,544.0,270.0,0.4189,-0.2788,-0.0373,1,1,1,6e-05,1.3477,0.5262,-0.34561,-0.209368,-0.246231,0.526216,0.031502,0.266715,-0.027443
0.5,7,9,608.0,270.0,0.3849,-0.3224,-0.0135,1,1,1,7e-05,1.379,0.3318,-0.167396,-0.230459,-0.303808,0.331778,0.033449,0.184711,-0.050177
0.5,8,0,32.0,306.0,0.3789,0.3305,-0.0578,0,0,0,,,,,,,,,,
0.5,8,1,96.0,306.0,0.4121,0.2857,-0.0865,0,0,0,,,,,,,,,,
0.5,8,2,160.0,306.0,0.4451,0.2243,-0.115,0,0,0,,,,,,,,,,
0.5,8,3,224.0,306.0,0.473,0.1449,-0.139,0,1,0,0.11429,,1.4079,,,,,,,
0.5,8,4,288.0,306.0,0.4893,0.0503,-0.1531,0,1,0,0.09956,,1.4059,,,,,,,
0.5,8,5,352.0,306.0,0.4893,-0.0503,-0.1531,0,1,0,0.07699,,1.4053,,,,,,,
0.5,8,6,416.0,306.0,0.473,-0.1449,-0.139,1,1,0,0.04853,0.688,1.4064,-0.800995,-0.054206,-0.361172,1.406384,-0.051351,0.061475,-0.002445
0.5,8,7,480.0,306.0,0.4451,-0.2243,-0.115,1,1,0,0.01753,0.6856,1.4088,-0.774906,-0.198743,-0.297713,1.408752,-0.008139,0.068102,-0.004147
0.5,8,8,544.0,306.0,0.4121,-0.2857,-0.0865,1,1,1,9e-05,1.2369,0.8575,-0.502169,-0.257116,-0.263385,0.85752,0.033346,0.322696,-0.013361
0.5,8,9,608.0,306.0,0.3789,-0.3305,-0.0578,1,1,1,8e-05,1.3639,0.5149,-0.237191,-0.267303,-0.313063,0.51494,0.042581,0.250505,-0.023987
0.5,9,0,32.0,342.0,0.3698,0.3359,-0.1016,0,0,0,,,,,,,,,,
0.5,9,1,96.0,342.0,0.4014,0.2897,-0.1344,0,0,0,,,,,,,,,,
0.5,9,2,160.0,342.0,0.4323,0.2268,-0.1666,0,0,0,,,,,,,,,,
0.5,9,3,224.0,342.0,0.4582,0.1461,-0.1935,0,1,0,0.13968,,1.4043,,,,,,,
0.5,9,4,288.0,342.0,0.4732,0.0506,-0.2092,0,1,0,0.12585,,1.402,,,,,,,
0.5,9,5,352.0,342.0,0.4732,-0.0506,-0.2092,0,1,0,0.10383,,1.401,,,,,,,
0.5,9,6,416.0,342.0,0.4582,-0.1461,-0.1935,0,1,0,0.07539,,1.4017,,,,,,,
0.5,9,7,480.0,342.0,0.4323,-0.2268,-0.1666,1,1,0,0.0438,0.6904,1.404,-0.698447,-0.168121,-0.431278,1.403997,-0.029017,0.060996,-0.000603
0.5,9,8,544.0,342.0,0.4014,-0.2897,-0.1344,1,1,0,0.01224,0.6878,1.4066,-0.677927,-0.296218,-0.348268,1.406564,0.012193,0.069052,-0.004922
0.5,9,9,608.0,342.0,0.3698,-0.3359,-0.1016,1,1,1,0.0001,1.3071,0.7863,-0.362002,-0.312173,-0.322844,0.786285,0.047989,0.307339,-0.006424
0.55,0,0,32.0,18.0,0.3972,0.2569,0.2421,0,0,0,,,,,,,,,,
0.55,0,1,96.0,18.0,0.4199,0.2142,0.2451,0,0,0,,,,,,,,,,
0.55,0,2,160.0,18.0,0.4409,0.1624,0.2479,1,1,1,0.0001,1.2491,1.0931,-1.093135,0.322131,0.286301,0.55183,-0.147954,0.36533,-0.040233
0.55,0,3,224.0,18.0,0.4574,0.1019,0.2501,1,1,1,9e-05,1.2978,0.9442,-0.944226,0.232777,0.225049,0.384606,-0.105182,0.316668,-0.039113
0.55,0,4,288.0,18.0,0.4666,0.0348,0.2513,1,1,1,7e-05,1.2936,0.8108,-0.810784,0.146444,0.146535,0.246384,-0.061891,0.250304,-0.032509
0.55,0,5,352.0,18.0,0.4666,-0.0348,0.2513,1,1,1,4e-05,1.1798,0.6896,-0.689606,0.067709,0.058375,0.132557,-0.024131,0.178726,-0.029482
0.55,0,6,416.0,18.0,0.4574,-0.1019,0.2501,1,1,1,4e-05,1.0872,0.5793,-0.579327,-0.00064,-0.032078,0.040029,0.004477,0.110263,-0.035603
0.55,0,7,480.0,18.0,0.4409,-0.1624,0.2479,1,1,1,6e-05,1.0135,0.4797,-0.479693,-0.057276,-0.119416,-0.03366,0.023562,0.049941,-0.051633
0.55,0,8,544.0,18.0,0.4199,-0.2142,0.2451,1,1,1,3e-05,0.9563,0.391,-0.39097,-0.102244,-0.200388,-0.090921,0.034953,-6.1e-05,-0.074933
0.55,0,9,608.0,18.0,0.3972,-0.2569,0.2421,1,1,1,5e-05,0.9122,0.3125,-0.312508,-0.136457,-0.273296,-0.13503,0.041045,-0.040177,-0.101872
0.55,1,0,32.0,54.0,0.4063,0.2735,0.2125,0,0,0,,,,,,,,,,
0.55,1,1,96.0,54.0,0.4323,0.2296,0.2135,0,0,0,,,,,,,,,,
0.55,1,2,160.0,54.0,0.4567,0.1754,0.2145,1,1,1,9e-05,1.2252,1.2778,-1.277761,0.334374,0.267031,0.869155,-0.144854,0.368667,-0.014999
0.55,1,3,224.0,54.0,0.4762,0.1107,0.2152,1,1,1,0.0001,1.2445,1.0594,-1.05937,0.237801,0.209714,0.597351,-0.107829,0.369931,-0.037853
0.55,1,4,288.0,54.0,0.4873,0.0379,0.2157,1,1,1,8e-05,1.3012,0.8834,-0.883421,0.143841,0.131083,0.403413,-0.065284,0.313219,-0.040235
0.55,1,5,352.0,54.0,0.4873,-0.0379,0.2157,1,1,1,6e-05,1.3024,0.7338,-0.733753,0.057819,0.04084,0.255154,-0.025859,0.239498,-0.037753
0.55,1,6,416.0,54.0,0.4762,-0.1107,0.2152,1,1,1,9e-05,1.1868,0.6031,-0.603121,-0.016353,-0.05184,0.139555,0.004528,0.165558,-0.041435
0.55,1,7,480.0,54.0,0.4567,-0.1754,0.2145,1,1,1,4e-05,1.0975,0.4893,-0.489253,-0.077033,-0.140726,0.050343,0.024537,0.099862,-0.054974
0.55,1,8,544.0,54.0,0.4323,-0.2296,0.2135,1,1,1,5e-05,1.0287,0.3897,-0.389668,-0.124068,-0.222164,-0.018504,0.036002,0.044916,-0.076516
0.55,1,9,608.0,54.0,0.4063,-0.2735,0.2125,1,1,1,9e-05,0.9761,0.3035,-0.303509,-0.158912,-0.29478,-0.071115,0.041701,0.000818,-0.102351
0.55,2,0,32.0,90.0,0.4144,0.2903,0.1791,0,0,0,,,,,,,,,,
0.55,2,1,96.0,90.0,0.4436,0.2455,0.1772,0,0,0,,,,,,,,,,
0.55,2,2,160.0,90.0,0.4716,0.1888,0.1755,1,1,0,0.01158,0.6696,1.4988,-1.498792,0.368168,0.202125,1.424829,-0.146073,0.075569,0.001624
0.55,2,3,224.0,90.0,0.4944,0.1199,0.1741,1,1,1,0.0001,1.033,1.3039,-1.303932,0.24289,0.183906,1.061389,-0.101409,0.315909,-0.001138
0.55,2,4,288.0,90.0,0.5076,0.0412,0.1732,1,1,1,0.0001,1.2413,1.014,-1.014045,0.137361,0.111898,0.657105,-0.065651,0.373096,-0.03624
0.55,2,5,352.0,90.0,0.5076,-0.0412,0.1732,1,1,1,9e-05,1.3048,0.8088,-0.808776,0.044019,0.021402,0.429708,-0.027219,0.309625,-0.04265
0.55,2,6,416.0,90.0,0.4944,-0.1199,0.1741,1,1,1,5e-05,1.3198,0.6459,-0.645929,-0.035932,-0.072493,0.272565,0.004569,0.231309,-0.045145
0.55,2,7,480.0,90.0,0.4716,-0.1888,0.1755,1,1,1,9e-05,1.2042,0.5104,-0.510374,-0.100288,-0.161848,0.157004,0.025778,0.158579,-0.055364
0.55,2,8,544.0,90.0,0.4436,-0.2455,0.1772,1,1,1,4e-05,1.1183,0.3967,-0.396684,-0.149296,-0.243086,0.071086,0.037656,0.097559,-0.074243
0.55,2,9,608.0,90.0,0.4144,-0.2903,0.1791,1,1,1,5e-05,1.0533,0.3149,-0.300597,-0.18454,-0.31488,0.006115,0.043184,0.048261,-0.098422
0.55,3,0,32.0,126.0,0.4209,0.3069,0.1417,0,0,0,,,,,,,,,,
0.55,3,1,96.0,126.0,0.4531,0.2613,0.1361,0,0,0,,,,,,,,,,
0.55,3,2,160.0,126.0,0.4846,0.2024,0.1308,0,0,0,,,,,,,,,,
0.55,3,3,224.0,126.0,0.5107,0.1293,0.1263,1,1,0,0.02238,0.6725,1.4219,-1.374861,0.273256,0.079391,1.421874,-0.113455,0.072931,-0.003088
0.55,3,4,288.0,126.0,0.5259,0.0446,0.1237,1,1,0,0.00277,0.7387,1.3557,-1.313049,0.129975,0.062477,1.355712,-0.066558,0.128036,0.000775
0.55,3,5,352.0,126.0,0.5259,-0.0446,0.1237,1,1,1,8e-05,1.2423,0.9553,-0.955348,0.021968,-0.002567,0.729052,-0.026357,0.3721,-0.034396
0.55,3,6,416.0,126.0,0.5107,-0.1293,0.1263,1,1,1,6e-05,1.3084,0.7222,-0.722171,-0.061481,-0.094318,0.462625,0.004876,0.306067,-0.044244
0.55,3,7,480.0,126.0,0.4846,-0.2024,0.1308,1,1,1,6e-05,1.3452,0.5512,-0.55122,-0.128405,-0.182686,0.298014,0.027432,0.226767,-0.051616
0.55,3,8,544.0,126.0,0.4531,-0.2613,0.1361,1,1,1,9e-05,1.2303,0.4157,-0.415711,-0.178414,-0.262615,0.18309,0.040181,0.157707,-0.067
0.55,3,9,608.0,126.0,0.4209,-0.3069,0.1417,1,1,1,0.0001,1.1466,0.333,-0.305802,-0.213495,-0.332973,0.099358,0.045864,0.101688,-0.088979
0.55,4,0,32.0,162.0,0.4252,0.3228,0.1006,0,0,0,,,,,,,,,,
0.55,4,1,96.0,162.0,0.46,0.2764,0.0905,0,0,0,,,,,,,,,,
0.55,4,2,160.0,162.0,0.4945,0.2153,0.0806,0,0,0,,,,,,,,,,
0.55,4,3,224.0,162.0,0.5235,0.1382,0.0722,0,1,0,0.05206,,1.4173,,,,,,,
0.55,4,4,288.0,162.0,0.5404,0.0478,0.0674,1,1,0,0.0328,0.6779,1.4165,-1.240578,0.156634,-0.076538,1.416462,-0.083798,0.070416,-0.005535
0.55,4,5,352.0,162.0,0.5404,-0.0478,0.0674,1,1,0,0.0096,0.6812,1.4132,-1.198793,-0.000839,-0.083961,1.413161,-0.03884,0.074597,-0.004112
0.55,4,6,416.0,162.0,0.5235,-0.1382,0.0722,1,1,1,0.0001,1.2499,0.8813,-0.88129,-0.100881,-0.121373,0.802834,0.005402,0.364516,-0.031061
0.55,4,7,480.0,162.0,0.4945,-0.2153,0.0806,1,1,1,8e-05,1.3124,0.6269,-0.626888,-0.163964,-0.203634,0.497857,0.029235,0.302056,-0.042593
0.55,4,8,544.0,162.0,0.46,-0.2764,0.0905,1,1,1,7e-05,1.3758,0.4548,-0.454766,-0.212846,-0.280647,0.328622,0.043621,0.225328,-0.054203
0.55,4,9,608.0,162.0,0.4252,-0.3228,0.1006,1,1,1,0.0001,1.2616,0.3488,-0.323859,-0.246647,-0.348769,0.214422,0.050047,0.161109,-0.073324
0.55,5,0,32.0,198.0,0.4267,0.3372,0.0563,0,0,0,,,,,,,,,,
0.55,5,1,96.0,198.0,0.4634,0.2901,0.0411,0,0,0,,,,,,,,,,
0.55,5,2,160.0,198.0,0.5,0.227,0.0259,0,0,0,,,,,,,,,,
0.55,5,3,224.0,198.0,0.5311,0.1463,0.0131,0,1,0,0.08277,,1.412,,,,,,,
0.55,5,4,288.0,198.0,0.5494,0.0507,0.0055,0,1,0,0.06433,,1.4109,,,,,,,
0.55,5,5,352.0,198.0,0.5494,-0.0507,0.0055,1,1,0,0.04079,0.6838,1.4106,-1.104011,0.025633,-0.242255,1.410596,-0.059232,0.06747,-0.005192
0.55,5,6,416.0,198.0,0.5311,-0.1463,0.0131,1,1,0,0.01434,0.6834,1.411,-1.064858,-0.134239,-0.225558,1.411008,-0.015908,0.070617,-0.004933
0.55,5,7,480.0,198.0,0.5,-0.227,0.0259,1,1,1,9e-05,1.2298,0.8646,-0.793064,-0.218402,-0.230078,0.864614,0.028496,0.351536,-0.026123
0.55,5,8,544.0,198.0,0.4634,-0.2901,0.0411,1,1,1,6e-05,1.3169,0.5319,-0.529031,-0.255336,-0.297734,0.531878,0.047035,0.297505,-0.036965
0.55,5,9,608.0,198.0,0.4267,-0.3372,0.0563,1,1,1,8e-05,1.3888,0.3621,-0.361554,-0.284982,-0.362148,0.360761,0.05549,0.225589,-0.051995
0.55,6,0,32.0,234.0,0.4251,0.3497,0.0098,0,0,0,,,,,,,,,,
0.55,6,1,96.0,234.0,0.4627,0.3016,-0.011,0,0,0,,,,,,,,,,
0.55,6,2,160.0,234.0,0.5003,0.2366,-0.0317,0,0,0,,,,,,,,,,
0.55,6,3,224.0,234.0,0.5323,0.1528,-0.0494,0,1,0,0.11349,,1.4067,,,,,,,
0.55,6,4,288.0,234.0,0.5512,0.0531,-0.0598,0,1,0,0.09605,,1.4052,,,,,,,
0.55,6,5,352.0,234.0,0.5512,-0.0531,-0.0598,0,1,0,0.07242,,1.4048,,,,,,,
0.55,6,6,416.0,234.0,0.5323,-0.1528,-0.0494,1,1,0,0.0448,0.6888,1.4056,-0.972983,-0.106416,-0.384913,1.405575,-0.039511,0.064838,-0.002846
0.55,6,7,480.0,234.0,0.5003,-0.2366,-0.0317,1,1,0,0.01632,0.6871,1.4073,-0.937972,-0.256393,-0.340629,1.407282,0.002376,0.069127,-0.004648
0.55,6,8,544.0,234.0,0.4627,-0.3016,-0.011,1,1,1,9e-05,1.1914,0.903,-0.694459,-0.318836,-0.31981,0.902958,0.045298,0.337833,-0.020549
0.55,6,9,608.0,234.0,0.4251,-0.3497,0.0098,1,1,1,8e-05,1.3222,0.5612,-0.433599,-0.33106,-0.373811,0.561227,0.06059,0.292237,-0.028547
0.55,7,0,32.0,270.0,0.42,0.3596,-0.0381,0,0,0,,,,,,,,,,
0.55,7,1,96.0,270.0,0.4575,0.3105,-0.0643,0,0,0,,,,,,,,,,
0.55,7,2,160.0,270.0,0.4948,0.2437,-0.0904,0,0,0,,,,,,,,,,
0.55,7,3,224.0,270.0,0.5265,0.1574,-0.1126,0,1,0,0.14314,,1.4023,,,,,,,
0.55,7,4,288.0,270.0,0.5451,0.0547,-0.1257,0,1,0,0.12679,,1.4005,,,,,,,
0.55,7,5,352.0,270.0,0.5451,-0.0547,-0.1257,0,1,0,0.10333,,1.3996,,,,,,,
0.55,7,6,416.0,270.0,0.5265,-0.1574,-0.1126,0,1,0,0.07492,,1.4002,,,,,,,
0.55,7,7,480.0,270.0,0.4948,-0.2437,-0.0904,1,1,0,0.04486,0.6923,1.4021,-0.852985,-0.226382,-0.486588,1.402113,-0.022266,0.063072,-0.000194
0.55,7,8,544.0,270.0,0.4575,-0.3105,-0.0643,1,1,0,0.01606,0.6898,1.4046,-0.823421,-0.35924,-0.423451,1.404552,0.018289,0.068299,-0.004325
0.55,7,9,608.0,270.0,0.42,-0.3596,-0.0381,1,1,1,9e-05,1.1767,0.9177,-0.5924,-0.397449,-0.389566,0.917719,0.058765,0.326773,-0.014766
0.55,8,0,32.0,306.0,0.4116,0.3668,-0.0861,0,0,0,,,,,,,,,,
0.55,8,1,96.0,306.0,0.4478,0.3164,-0.1173,0,0,0,,,,,,,,,,
0.55,8,2,160.0,306.0,0.4837,0.248,-0.1482,0,0,0,,,,,,,,,,
0.55,8,3,224.0,306.0,0.5138,0.1599,-0.1742,0,1,0,0.17978,,1.4381,,,,,,,
0.55,8,4,288.0,306.0,0.5315,0.0555,-0.1895,0,1,0,0.15962,,1.3494,,,,,,,
0.55,8,5,352.0,306.0,0.5315,-0.0555,-0.1895,0,1,0,0.13248,,1.396,,,,,,,
0.55,8,6,416.0,306.0,0.5138,-0.1599,-0.1742,0,1,0,0.10371,,1.3961,,,,,,,
0.55,8,7,480.0,306.0,0.4837,-0.248,-0.1482,0,1,0,0.07257,,1.3976,,,,,,,
0.55,8,8,544.0,306.0,0.4478,-0.3164,-0.1173,1,1,0,0.04216,0.6944,1.4,-0.746769,-0.32707,-0.5511,1.400042,-0.004746,0.062212,0.001521
0.55,8,9,608.0,306.0,0.4116,-0.3668,-0.0861,1,1,0,0.01441,0.6917,1.4027,-0.72297,-0.441365,-0.479655,1.402678,0.033164,0.068006,-0.004447
0.55,9,0,32.0,342.0,0.4001,0.371,-0.1331,0,0,0,,,,,,,,,,
0.55,9,1,96.0,342.0,0.4342,0.3192,-0.1686,0,0,0,,,,,,,,,,
0.55,9,2,160.0,342.0,0.4675,0.2495,-0.2033,0,0,0,,,,,,,,,,
0.55,9,3,224.0,342.0,0.4953,0.1604,-0.2321,0,1,0,0.21401,,1.5166,,,,,,,
0.55,9,4,288.0,342.0,0.5113,0.0555,-0.2489,0,1,0,0.20023,,1.4441,,,,,,,
0.55,9,5,352.0,342.0,0.5113,-0.0555,-0.2489,0,1,0,0.16642,,1.314,,,,,,,
0.55,9,6,416.0,342.0,0.4953,-0.1604,-0.2321,0,1,0,0.13044,,1.3935,,,,,,,
0.55,9,7,480.0,342.0,0.4675,-0.2495,-0.2033,0,1,0,0.09878,,1.3943,,,,,,,
0.55,9,8,544.0,342.0,0.4342,-0.3192,-0.1686,0,1,0,0.06728,,1.3963,,,,,,,
0.55,9,9,608.0,342.0,0.4001,-0.371,-0.1331,1,1,0,0.03806,0.6955,1.3989,-0.654845,-0.407719,-0.590166,1.398901,0.013546,0.06201,0.002031
0.6,0,0,32.0,18.0,0.4398,0.2914,0.2478,0,0,0,,,,,,,,,,
0.6,0,1,96.0,18.0,0.4662,0.2433,0.2513,0,0,0,,,,,,,,,,
0.6,0,2,160.0,18.0,0.4905,0.1847,0.2545,0,1,0,0.01857,,1.6524,,,,,,,
0.6,0,3,224.0,18.0,0.5098,0.1161,0.2571,1,1,0,0.00088,0.8283,1.5624,-1.562378,0.191293,0.113661,1.266054,-0.092565,0.199395,0.005815
0.6,0,4,288.0,18.0,0.5206,0.0397,0.2585,1,1,1,8e-05,1.2097,1.2403,-1.240317,0.097547,0.057938,0.718582,-0.056029,0.404741,-0.041091
0.6,0,5,352.0,18.0,0.5206,-0.0397,0.2585,1,1,1,7e-05,1.2524,1.029,-1.029047,0.014842,-0.026215,0.466849,-0.018177,0.362061,-0.059235
0.6,0,6,416.0,18.0,0.5098,-0.1161,0.2571,1,1,1,6e-05,1.3201,0.8698,-0.869774,-0.060764,-0.116607,0.30723,0.017093,0.294345,-0.064035
0.6,0,7,480.0,18.0,0.4905,-0.1847,0.2545,1,1,1,8e-05,1.244,0.7408,-0.7408,-0.127028,-0.205318,0.196765,0.044757,0.230097,-0.069279
0.6,0,8,544.0,18.0,0.4662,-0.2433,0.2513,1,1,1,9e-05,1.1653,0.6328,-0.632827,-0.182859,-0.288232,0.118146,0.064476,0.1761,-0.078735
0.6,0,9,608.0,18.0,0.4398,-0.2914,0.2478,1,1,1,5e-05,1.1088,0.541,-0.54099,-0.228367,-0.363512,0.061599,0.077962,0.133084,-0.091705
0.6,1,0,32.0,54.0,0.4488,0.309,0.2142,0,0,0,,,,,,,,,,
0.6,1,1,96.0,54.0,0.4786,0.2598,0.2153,0,0,0,,,,,,,,,,
0.6,1,2,160.0,54.0,0.5067,0.1987,0.2164,0,1,0,0.04162,,1.58,,,,,,,
0.6,1,3,224.0,54.0,0.5293,0.1255,0.2173,1,1,0,0.02317,0.6746,1.545,-1.545029,0.219879,0.02067,1.41981,-0.106085,0.074117,-0.003853
0.6,1,4,288.0,54.0,0.5421,0.043,0.2178,1,1,0,0.00268,0.7436,1.4842,-1.484183,0.081662,0.015069,1.350782,-0.057423,0.131149,-0.00034
0.6,1,5,352.0,54.0,0.5421,-0.043,0.2178,1,1,1,0.0001,1.2163,1.1493,-1.149292,-0.011884,-0.046028,0.735153,-0.015393,0.39817,-0.042582
0.6,1,6,416.0,54.0,0.5293,-0.1255,0.2173,1,1,1,7e-05,1.2645,0.9302,-0.930173,-0.089027,-0.135919,0.476905,0.01832,0.349964,-0.058352
0.6,1,7,480.0,54.0,0.5067,-0.1987,0.2164,1,1,1,6e-05,1.3315,0.7707,-0.770692,-0.156906,-0.22505,0.323654,0.046174,0.282954,-0.06431
0.6,1,8,544.0,54.0,0.4786,-0.2598,0.2153,1,1,1,8e-05,1.2681,0.6441,-0.644077,-0.21358,-0.307791,0.220939,0.066134,0.223747,-0.072239
0.6,1,9,608.0,54.0,0.4488,-0.309,0.2142,1,1,1,0.0001,1.196,0.5398,-0.539835,-0.25894,-0.382317,0.148815,0.079572,0.175873,-0.083666
0.6,2,0,32.0,90.0,0.4564,0.3267,0.1764,0,0,0,,,,,,,,,,
0.6,2,1,96.0,90.0,0.4896,0.2765,0.1744,0,0,0,,,,,,,,,,
0.6,2,2,160.0,90.0,0.5215,0.2129,0.1724,0,0,0,,,,,,,,,,
0.6,2,3,224.0,90.0,0.5476,0.1353,0.1707,1,1,0,0.04914,0.6785,1.4635,-1.463456,0.251509,-0.099002,1.415861,-0.114039,0.072291,-0.009187
0.6,2,4,288.0,90.0,0.5626,0.0466,0.1698,1,1,0,0.02838,0.6788,1.4237,-1.423728,0.106577,-0.101162,1.415552,-0.073703,0.07253,-0.005491
0.6,2,5,352.0,90.0,0.5626,-0.0466,0.1698,1,1,0,0.00587,0.6965,1.3979,-1.376257,-0.046356,-0.10929,1.397925,-0.025505,0.087363,-0.004548
0.6,2,6,416.0,90.0,0.5476,-0.1353,0.1707,1,1,1,9e-05,1.2265,1.0579,-1.05786,-0.131631,-0.160827,0.776556,0.019638,0.387886,-0.041033
0.6,2,7,480.0,90.0,0.5215,-0.2129,0.1724,1,1,1,9e-05,1.2724,0.8318,-0.831815,-0.19545,-0.246065,0.507253,0.047418,0.342037,-0.054538
0.6,2,8,544.0,90.0,0.4896,-0.2765,0.1744,1,1,1,7e-05,1.3353,0.6738,-0.673815,-0.250638,-0.32691,0.357687,0.067919,0.279123,-0.061499
0.6,2,9,608.0,90.0,0.4564,-0.3267,0.1764,1,1,1,5e-05,1.3069,0.5513,-0.551329,-0.294747,-0.399715,0.259698,0.081684,0.225674,-0.071042
0.6,3,0,32.0,126.0,0.462,0.3439,0.1346,0,0,0,,,,,,,,,,
0.6,3,1,96.0,126.0,0.4984,0.293,0.1284,0,0,0,,,,,,,,,,
0.6,3,2,160.0,126.0,0.5339,0.227,0.1223,0,0,0,,,,,,,,,,
0.6,3,3,224.0,126.0,0.5634,0.1451,0.1173,0,1,0,0.07743,,1.4111,,,,,,,
0.6,3,4,288.0,126.0,0.5805,0.0501,0.1143,0,1,0,0.05692,,1.4107,,,,,,,
0.6,3,5,352.0,126.0,0.5805,-0.0501,0.1143,1,1,0,0.03367,0.684,1.4104,-1.29247,-0.023035,-0.247204,1.410437,-0.044707,0.070455,-0.00558
0.6,3,6,416.0,126.0,0.5634,-0.1451,0.1173,1,1,0,0.00972,0.6866,1.4078,-1.248092,-0.181096,-0.245206,1.407845,0.000547,0.073723,-0.005981
0.6,3,7,480.0,126.0,0.5339,-0.227,0.1223,1,1,1,9e-05,1.2423,0.972,-0.971978,-0.254903,-0.273346,0.846649,0.045909,0.372113,-0.035611
0.6,3,8,544.0,126.0,0.4984,-0.293,0.1284,1,1,1,9e-05,1.2759,0.7387,-0.738655,-0.298276,-0.346261,0.556492,0.068871,0.338526,-0.0465
0.6,3,9,608.0,126.0,0.462,-0.3439,0.1346,1,1,1,6e-05,1.333,0.583,-0.583045,-0.33747,-0.41545,0.405856,0.083887,0.281425,-0.053983
0.6,4,0,32.0,162.0,0.4651,0.3601,0.0891,0,0,0,,,,,,,,,,
0.6,4,1,96.0,162.0,0.504,0.3084,0.0779,0,0,0,,,,,,,,,,
0.6,4,2,160.0,162.0,0.5425,0.2403,0.0668,0,0,0,,,,,,,,,,
0.6,4,3,224.0,162.0,0.5749,0.1542,0.0574,0,1,0,0.10746,,1.406,,,,,,,
0.6,4,4,288.0,162.0,0.5938,0.0534,0.052,0,1,0,0.08754,,1.4053,,,,,,,
0.6,4,5,352.0,162.0,0.5938,-0.0534,0.052,0,1,0,0.06374,,1.4049,,,,,,,
0.6,4,6,416.0,162.0,0.5749,-0.1542,0.0574,1,1,0,0.03827,0.6891,1.4053,-1.157818,-0.1574,-0.39432,1.405331,-0.021945,0.068154,-0.003915
0.6,4,7,480.0,162.0,0.5425,-0.2403,0.0668,1,1,0,0.01362,0.6884,1.406,-1.115636,-0.308141,-0.373915,1.40596,0.01931,0.070281,-0.00579
0.6,4,8,544.0,162.0,0.504,-0.3084,0.0779,1,1,1,0.0001,1.1468,0.9476,-0.897908,-0.373994,-0.373035,0.947561,0.063081,0.344657,-0.027955
0.6,4,9,608.0,162.0,0.4651,-0.3601,0.0891,1,1,1,9e-05,1.2769,0.6545,-0.654545,-0.39228,-0.430448,0.620057,0.084316,0.337516,-0.035062
0.6,5,0,32.0,198.0,0.465,0.3745,0.0404,0,0,0,,,,,,,,,,
0.6,5,1,96.0,198.0,0.5057,0.322,0.0236,0,0,0,,,,,,,,,,
0.6,5,2,160.0,198.0,0.5461,0.2519,0.0068,0,0,0,,,,,,,,,,
0.6,5,3,224.0,198.0,0.5804,0.1623,-0.0074,0,1,0,0.13838,,1.4012,,,,,,,
0.6,5,4,288.0,198.0,0.6006,0.0563,-0.0158,0,1,0,0.11933,,1.4001,,,,,,,
0.6,5,5,352.0,198.0,0.6006,-0.0563,-0.0158,0,1,0,0.09523,,1.3994,,,,,,,
0.6,5,6,416.0,198.0,0.5804,-0.1623,-0.0074,0,1,0,0.06837,,1.3999,,,,,,,
0.6,5,7,480.0,198.0,0.5461,-0.2519,0.0068,1,1,0,0.04161,0.6933,1.4011,-1.026874,-0.282626,-0.518933,1.401119,-0.006058,0.065993,-0.001092
0.6,5,8,544.0,198.0,0.5057,-0.322,0.0236,1,1,0,0.01711,0.6917,1.4027,-0.988767,-0.417183,-0.481884,1.402723,0.032349,0.068687,-0.00467
0.6,5,9,608.0,198.0,0.465,-0.3745,0.0404,1,1,1,0.0001,1.0086,1.0858,-0.841728,-0.483752,-0.456434,1.085792,0.072343,0.289651,-0.02136
0.6,6,0,32.0,234.0,0.4615,0.3866,-0.0103,0,0,0,,,,,,,,,,
0.6,6,1,96.0,234.0,0.5028,0.3332,-0.0331,0,0,0,,,,,,,,,,
0.6,6,2,160.0,234.0,0.544,0.2612,-0.0558,0,0,0,,,,,,,,,,
0.6,6,3,224.0,234.0,0.579,0.1685,-0.0751,0,1,0,0.17684,,1.4439,,,,,,,
0.6,6,4,288.0,234.0,0.5996,0.0585,-0.0865,0,1,0,0.15346,,1.3485,,,,,,,
0.6,6,5,352.0,234.0,0.5996,-0.0585,-0.0865,0,1,0,0.12703,,1.395,,,,,,,
0.6,6,6,416.0,234.0,0.579,-0.1685,-0.0751,0,1,0,0.09905,,1.3951,,,,,,,
0.6,6,7,480.0,234.0,0.544,-0.2612,-0.0558,0,1,0,0.07038,,1.3963,,,,,,,
0.6,6,8,544.0,234.0,0.5028,-0.3332,-0.0331,1,1,0,0.04359,0.6963,1.3981,-0.905257,-0.38914,-0.611767,1.398105,0.005345,0.064191,0.001917
0.6,6,9,608.0,234.0,0.4615,-0.3866,-0.0103,1,1,0,0.01998,0.6943,1.4001,-0.872671,-0.504572,-0.565527,1.400079,0.042278,0.067439,-0.003204
0.6,7,0,32.0,270.0,0.4544,0.396,-0.0621,0,0,0,,,,,,,,,,
0.6,7,1,96.0,270.0,0.4951,0.3415,-0.0906,0,0,0,,,,,,,,,,
0.6,7,2,160.0,270.0,0.5356,0.2677,-0.119,0,0,0,,,,,,,,,,
0.6,7,3,224.0,270.0,0.57,0.1727,-0.1431,0,1,0,0.21916,,1.4458,,,,,,,
0.6,7,4,288.0,270.0,0.5901,0.0599,-0.1572,0,1,0,0.20034,,1.3162,,,,,,,
0.6,7,5,352.0,270.0,0.5901,-0.0599,-0.1572,0,1,0,0.16458,,1.3081,,,,,,,
0.6,7,6,416.0,270.0,0.57,-0.1727,-0.1431,0,1,0,0.12927,,1.3918,,,,,,,
0.6,7,7,480.0,270.0,0.5356,-0.2677,-0.119,0,1,0,0.09907,,1.3926,,,,,,,
0.6,7,8,544.0,270.0,0.4951,-0.3415,-0.0906,0,1,0,0.07027,,1.3942,,,,,,,
0.6,7,9,608.0,270.0,0.4544,-0.396,-0.0621,1,1,0,0.04448,0.6983,1.3961,-0.796226,-0.47422,-0.676734,1.396095,0.015349,0.062775,0.004435
0.6,8,0,32.0,306.0,0.4437,0.4022,-0.1137,0,0,0,,,,,,,,,,
0.6,8,1,96.0,306.0,0.4828,0.3465,-0.1474,0,0,0,,,,,,,,,,
0.6,8,2,160.0,306.0,0.5214,0.2712,-0.1808,0,0,0,,,,,,,,,,
0.6,8,3,224.0,306.0,0.5538,0.1747,-0.2087,0,1,0,0.25608,,1.5205,,,,,,,
0.6,8,4,288.0,306.0,0.5728,0.0606,-0.2251,0,1,0,0.2473,,1.9567,,,,,,,
0.6,8,5,352.0,306.0,0.5728,-0.0606,-0.2251,0,1,0,0.20333,,1.2562,,,,,,,
0.6,8,6,416.0,306.0,0.5538,-0.1747,-0.2087,0,1,0,0.16497,,1.2914,,,,,,,
0.6,8,7,480.0,306.0,0.5214,-0.2712,-0.1808,0,1,0,0.12686,,1.3902,,,,,,,
0.6,8,8,544.0,306.0,0.4828,-0.3465,-0.1474,0,1,0,0.09648,,1.3913,,,,,,,
0.6,8,9,608.0,306.0,0.4437,-0.4022,-0.1137,0,1,0,0.06884,,1.3929,,,,,,,
0.6,9,0,32.0,342.0,0.4298,0.4053,-0.164,0,0,0,,,,,,,,,,
0.6,9,1,96.0,342.0,0.4663,0.3482,-0.202,0,0,0,,,,,,,,,,
0.6,9,2,160.0,342.0,0.502,0.2717,-0.2392,0,0,0,,,,,,,,,,
0.6,9,3,224.0,342.0,0.5317,0.1745,-0.27,0,1,0,0.30965,,1.5125,,,,,,,
0.6,9,4,288.0,342.0,0.5488,0.0604,-0.2879,0,1,0,0.28184,,2.2448,,,,,,,
0.6,9,5,352.0,342.0,0.5488,-0.0604,-0.2879,0,1,0,0.24386,,1.2702,,,,,,,
0.6,9,6,416.0,342.0,0.5317,-0.1745,-0.27,0,1,0,0.20105,,1.2426,,,,,,,
0.6,9,7,480.0,342.0,0.502,-0.2717,-0.2392,0,1,0,0.15844,,1.2969,,,,,,,
0.6,9,8,544.0,342.0,0.4663,-0.3482,-0.202,0,1,0,0.12164,,1.3895,,,,,,,
0.6,9,9,608.0,342.0,0.4298,-0.4053,-0.164,0,1,0,0.09257,,1.3906,,,,,,,
0.65,0,0,32.0,18.0,0.4817,0.3254,0.2533,0,0,0,,,,,,,,,,
0.65,0,1,96.0,18.0,0.5117,0.272,0.2573,0,0,0,,,,,,,,,,
0.65,0,2,160.0,18.0,0.5394,0.2068,0.261,0,0,0,,,,,,,,,,
0.65,0,3,224.0,18.0,0.5615,0.13,0.2639,0,1,0,0.05252,,1.6248,,,,,,,
0.65,0,4,288.0,18.0,0.5738,0.0444,0.2655,0,1,0,0.03148,,1.5872,,,,,,,
0.65,0,5,352.0,18.0,0.5738,-0.0444,0.2655,1,1,0,0.01023,0.6837,1.5459,-1.545889,-0.086928,-0.176024,1.41068,-0.016044,0.07468,-0.005759
0.65,0,6,416.0,18.0,0.5615,-0.13,0.2639,1,1,1,9e-05,1.1732,1.3184,-1.318369,-0.18075,-0.212058,0.921242,0.035848,0.383805,-0.03809
0.65,0,7,480.0,18.0,0.5394,-0.2068,0.261,1,1,1,0.0001,1.2132,1.0904,-1.090446,-0.2393,-0.293052,0.60592,0.069093,0.401231,-0.06126
0.65,0,8,544.0,18.0,0.5117,-0.272,0.2573,1,1,1,0.0001,1.2565,0.9348,-0.934756,-0.296819,-0.373432,0.448197,0.095859,0.357888,-0.066711
0.65,0,9,608.0,18.0,0.4817,-0.3254,0.2533,1,1,1,5e-05,1.2988,0.8152,-0.815202,-0.348802,-0.447239,0.352375,0.116627,0.315582,-0.068895
0.65,1,0,32.0,54.0,0.4905,0.344,0.2158,0,0,0,,,,,,,,,,
0.65,1,1,96.0,54.0,0.5241,0.2895,0.2171,0,0,0,,,,,,,,,,
0.65,1,2,160.0,54.0,0.5559,0.2216,0.2183,0,0,0,,,,,,,,,,
0.65,1,3,224.0,54.0,0.5815,0.1401,0.2193,0,1,0,0.07642,,1.5511,,,,,,,
0.65,1,4,288.0,54.0,0.5961,0.0481,0.2198,0,1,0,0.05505,,1.5115,,,,,,,
0.65,1,5,352.0,54.0,0.5961,-0.0481,0.2198,1,1,0,0.03284,0.6854,1.4693,-1.469309,-0.066788,-0.288696,1.409018,-0.031802,0.072293,-0.006296
0.65,1,6,416.0,54.0,0.5815,-0.1401,0.2193,1,1,0,0.01155,0.6866,1.4246,-1.424635,-0.218509,-0.297014,1.407774,0.01465,0.072488,-0.006824
0.65,1,7,480.0,54.0,0.5559,-0.2216,0.2183,1,1,1,0.0001,1.1138,1.2262,-1.226214,-0.306815,-0.324043,0.980623,0.063985,0.355489,-0.036154
0.65,1,8,544.0,54.0,0.5241,-0.2895,0.2171,1,1,1,8e-05,1.2234,0.9998,-0.99977,-0.350908,-0.395164,0.659044,0.09423,0.390993,-0.053021
0.65,1,9,608.0,54.0,0.4905,-0.344,0.2158,1,1,1,7e-05,1.259,0.8473,-0.847338,-0.396749,-0.465262,0.505705,0.115915,0.355467,-0.055918
0.65,2,0,32.0,90.0,0.4976,0.3625,0.1739,0,0,0,,,,,,,,,,
0.65,2,1,96.0,90.0,0.5348,0.3071,0.1715,0,0,0,,,,,,,,,,
0.65,2,2,160.0,90.0,0.5706,0.2366,0.1693,0,0,0,,,,,,,,,,
0.65,2,3,224.0,90.0,0.5999,0.1504,0.1675,0,1,0,0.10287,,1.4711,,,,,,,
0.65,2,4,288.0,90.0,0.6168,0.0518,0.1664,0,1,0,0.08147,,1.4299,,,,,,,
0.65,2,5,352.0,90.0,0.6168,-0.0518,0.1664,0,1,0,0.0584,,1.4043,,,,,,,
0.65,2,6,416.0,90.0,0.5999,-0.1504,0.1675,1,1,0,0.03563,0.69,1.4044,-1.341605,-0.200391,-0.423966,1.404409,-0.00448,0.070369,-0.005003
0.65,2,7,480.0,90.0,0.5706,-0.2366,0.1693,1,1,0,0.01492,0.6899,1.4045,-1.295859,-0.347648,-0.424817,1.404536,0.036897,0.070406,-0.006638
0.65,2,8,544.0,90.0,0.5348,-0.3071,0.1715,1,1,0,0.00017,0.9519,1.1665,-1.166515,-0.44235,-0.432574,1.142462,0.079643,0.268617,-0.026633
0.65,2,9,608.0,90.0,0.4976,-0.3625,0.1739,1,1,1,9e-05,1.2347,0.9277,-0.927696,-0.463059,-0.484954,0.754299,0.110748,0.379694,-0.041465
0.65,3,0,32.0,126.0,0.5024,0.3803,0.1277,0,0,0,,,,,,,,,,
0.65,3,1,96.0,126.0,0.5428,0.3241,0.1208,0,0,0,,,,,,,,,,
0.65,3,2,160.0,126.0,0.5822,0.2512,0.114,0,0,0,,,,,,,,,,
0.65,3,3,224.0,126.0,0.6151,0.1606,0.1084,0,1,0,0.13158,,1.4004,,,,,,,
0.65,3,4,288.0,126.0,0.6342,0.0554,0.1052,0,1,0,0.11047,,1.3998,,,,,,,
0.65,3,5,352.0,126.0,0.6342,-0.0554,0.1052,0,1,0,0.08668,,1.3994,,,,,,,
0.65,3,6,416.0,126.0,0.6151,-0.1606,0.1084,0,1,0,0.06237,,1.3995,,,,,,,
0.65,3,7,480.0,126.0,0.5822,-0.2512,0.114,1,1,0,0.03968,0.6944,1.4,-1.209725,-0.329262,-0.555468,1.400041,0.013875,0.068366,-0.002324
0.65,3,8,544.0,126.0,0.5428,-0.3241,0.1208,1,1,0,0.01988,0.6936,1.4008,-1.165516,-0.462746,-0.544771,1.400814,0.050354,0.068959,-0.005029
0.65,3,9,608.0,126.0,0.5024,-0.3803,0.1277,1,1,0,0.00346,0.7411,1.3533,-1.109265,-0.569363,-0.53728,1.353284,0.08297,0.109572,-0.012558
0.65,4,0,32.0,162.0,0.5042,0.3967,0.0778,0,0,0,,,,,,,,,,
0.65,4,1,96.0,162.0,0.5472,0.3398,0.0654,0,0,0,,,,,,,,,,
0.65,4,2,160.0,162.0,0.5896,0.2647,0.0532,0,0,0,,,,,,,,,,
0.65,4,3,224.0,162.0,0.6253,0.17,0.0429,0,1,0,0.16661,,1.448,,,,,,,
0.65,4,4,288.0,162.0,0.6462,0.0588,0.0369,0,1,0,0.14145,,1.3948,,,,,,,
0.65,4,5,352.0,162.0,0.6462,-0.0588,0.0369,0,1,0,0.11715,,1.3947,,,,,,,
0.65,4,6,416.0,162.0,0.6253,-0.17,0.0429,0,1,0,0.09133,,1.3948,,,,,,,
0.65,4,7,480.0,162.0,0.5896,-0.2647,0.0532,0,1,0,0.06652,,1.3955,,,,,,,
0.65,4,8,544.0,162.0,0.5472,-0.3398,0.0654,1,1,0,0.04442,0.6979,1.3965,-1.080019,-0.442248,-0.666509,1.396474,0.023025,0.066389,0.001471
0.65,4,9,608.0,162.0,0.5042,-0.3967,0.0778,1,1,0,0.02565,0.6968,1.3976,-1.039785,-0.557416,-0.646458,1.397567,0.056885,0.067591,-0.002272
0.65,5,0,32.0,198.0,0.5027,0.4111,0.0248,0,0,0,,,,,,,,,,
0.65,5,1,96.0,198.0,0.5472,0.3534,0.0064,0,0,0,,,,,,,,,,
0.65,5,2,160.0,198.0,0.5914,0.2764,-0.0119,0,0,0,,,,,,,,,,
0.65,5,3,224.0,198.0,0.6289,0.178,-0.0275,0,1,0,0.21034,,1.3776,,,,,,,
0.65,5,4,288.0,198.0,0.651,0.0617,-0.0366,0,0,0,,,,,,,,,,
0.65,5,5,352.0,198.0,0.651,-0.0617,-0.0366,0,0,0,,,,,,,,,,
0.65,5,6,416.0,198.0,0.6289,-0.178,-0.0275,0,1,0,0.12175,,1.391,,,,,,,
0.65,5,7,480.0,198.0,0.5914,-0.2764,-0.0119,0,1,0,0.09485,,1.3916,,,,,,,
0.65,5,8,544.0,198.0,0.5472,-0.3534,0.0064,0,1,0,0.07035,,1.3927,,,,,,,
0.65,5,9,608.0,198.0,0.5027,-0.4111,0.0248,1,1,0,0.04922,0.7005,1.3939,-0.957866,-0.534046,-0.750951,1.393854,0.025648,0.0645,0.00576
0.65,6,0,32.0,234.0,0.4973,0.4229,-0.0301,0,0,0,,,,,,,,,,
0.65,6,1,96.0,234.0,0.5422,0.3643,-0.0548,0,0,0,,,,,,,,,,
0.65,6,2,160.0,234.0,0.5869,0.2854,-0.0795,0,0,0,,,,,,,,,,
0.65,6,3,224.0,234.0,0.6248,0.184,-0.1004,0,1,0,0.25329,,1.4568,,,,,,,
0.65,6,4,288.0,234.0,0.6472,0.0639,-0.1127,0,1,0,0.22809,,1.4306,,,,,,,
0.65,6,5,352.0,234.0,0.6472,-0.0639,-0.1127,0,1,0,0.19504,,1.2582,,,,,,,
0.65,6,6,416.0,234.0,0.6248,-0.184,-0.1004,0,1,0,0.15733,,1.3045,,,,,,,
0.65,6,7,480.0,234.0,0.5869,-0.2854,-0.0795,0,1,0,0.12387,,1.3888,,,,,,,
0.65,6,8,544.0,234.0,0.5422,-0.3643,-0.0548,0,1,0,0.0971,,1.3897,,,,,,,
0.65,6,9,608.0,234.0,0.4973,-0.4229,-0.0301,0,1,0,0.07361,,1.3908,,,,,,,
0.65,7,0,32.0,270.0,0.4881,0.4317,-0.0858,0,0,0,,,,,,,,,,
0.65,7,1,96.0,270.0,0.5321,0.3719,-0.1165,0,0,0,,,,,,,,,,
0.65,7,2,160.0,270.0,0.5758,0.2913,-0.1471,0,0,0,,,,,,,,,,
0.65,7,3,224.0,270.0,0.6127,0.1878,-0.173,0,1,0,0.29312,,1.5073,,,,,,,
0.65,7,4,288.0,270.0,0.6344,0.0652,-0.1882,0,1,0,0.29085,,2.1516,,,,,,,
0.65,7,5,352.0,270.0,0.6344,-0.0652,-0.1882,0,1,0,0.24028,,1.2544,,,,,,,
0.65,7,6,416.0,270.0,0.6127,-0.1878,-0.173,0,1,0,0.19823,,1.2444,,,,,,,
0.65,7,7,480.0,270.0,0.5758,-0.2913,-0.1471,0,1,0,0.15755,,1.2997,,,,,,,
0.65,7,8,544.0,270.0,0.5321,-0.3719,-0.1165,0,1,0,0.12397,,1.3878,,,,,,,
0.65,7,9,608.0,270.0,0.4881,-0.4317,-0.0858,0,1,0,0.09831,,1.3887,,,,,,,
0.65,8,0,32.0,306.0,0.4752,0.4371,-0.1409,0,0,0,,,,,,,,,,
0.65,8,1,96.0,306.0,0.5172,0.376,-0.1771,0,0,0,,,,,,,,,,
0.65,8,2,160.0,306.0,0.5585,0.294,-0.2128,0,0,0,,,,,,,,,,
0.65,8,3,224.0,306.0,0.5932,0.1892,-0.2427,0,1,0,0.3623,,1.4722,,,,,,,
0.65,8,4,288.0,306.0,0.6134,0.0656,-0.2602,0,1,0,0.33549,,2.2883,,,,,,,
0.65,8,5,352.0,306.0,0.6134,-0.0656,-0.2602,0,1,0,0.27919,,1.3337,,,,,,,
0.65,8,6,416.0,306.0,0.5932,-0.1892,-0.2427,0,1,0,0.23965,,1.2257,,,,,,,
0.65,8,7,480.0,306.0,0.5585,-0.294,-0.2128,0,1,0,0.19529,,1.2557,,,,,,,
0.65,8,8,544.0,306.0,0.5172,-0.376,-0.1771,0,1,0,0.1545,,1.3043,,,,,,,
0.65,8,9,608.0,306.0,0.4752,-0.4371,-0.1409,0,1,0,0.12281,,1.3874,,,,,,,
0.65,9,0,32.0,342.0,0.459,0.4392,-0.1944,0,0,0,,,,,,,,,,
0.65,9,1,96.0,342.0,0.498,0.3768,-0.235,0,0,0,,,,,,,,,,
0.65,9,2,160.0,342.0,0.5361,0.2936,-0.2746,0,0,0,,,,,,,,,,
0.65,9,3,224.0,342.0,0.5676,0.1883,-0.3074,0,1,0,0.40916,,1.4828,,,,,,,
0.65,9,4,288.0,342.0,0.5858,0.0651,-0.3264,0,1,0,0.37581,,1.4804,,,,,,,
0.65,9,5,352.0,342.0,0.5858,-0.0651,-0.3264,0,1,0,0.31766,,1.5519,,,,,,,
0.65,9,6,416.0,342.0,0.5676,-0.1883,-0.3074,0,1,0,0.28137,,1.2388,,,,,,,
0.65,9,7,480.0,342.0,0.5361,-0.2936,-0.2746,0,1,0,0.23247,,1.2465,,,,,,,
0.65,9,8,544.0,342.0,0.498,-0.3768,-0.235,0,1,0,0.1888,,1.2686,,,,,,,
0.65,9,9,608.0,342.0,0.459,-0.4392,-0.1944,0,1,0,0.14977,,1.3149,,,,,,,
0.7,0,0,32.0,18.0,0.5231,0.3589,0.2588,0,0,0,,,,,,,,,,
0.7,0,1,96.0,18.0,0.5566,0.3003,0.2633,0,0,0,,,,,,,,,,
0.7,0,2,160.0,18.0,0.5878,0.2285,0.2674,0,0,0,,,,,,,,,,
0.7,0,3,224.0,18.0,0.6125,0.1438,0.2707,0,1,0,0.1048,,1.6371,,,,,,,
0.7,0,4,288.0,18.0,0.6264,0.0492,0.2725,0,1,0,0.08317,,1.5979,,,,,,,
0.7,0,5,352.0,18.0,0.6264,-0.0492,0.2725,0,1,0,0.06146,,1.5564,,,,,,,
0.7,0,6,416.0,18.0,0.6125,-0.1438,0.2707,1,1,0,0.04127,0.6924,1.5125,-1.512488,-0.231837,-0.495741,1.402008,0.007251,0.072276,-0.005534
0.7,0,7,480.0,18.0,0.5878,-0.2285,0.2674,1,1,0,0.0238,0.6925,1.467,-1.467042,-0.372362,-0.511396,1.401878,0.048742,0.070832,-0.006431
0.7,0,8,544.0,18.0,0.5566,-0.3003,0.2633,1,1,0,0.00951,0.696,1.42,-1.420046,-0.498555,-0.529784,1.398428,0.085024,0.072274,-0.009147
0.7,0,9,608.0,18.0,0.5231,-0.3589,0.2588,1,1,0,0.00036,0.9118,1.3073,-1.30729,-0.574547,-0.553484,1.182561,0.121834,0.239185,-0.030849
0.7,1,0,32.0,54.0,0.5316,0.3785,0.2174,0,0,0,,,,,,,,,,
0.7,1,1,96.0,54.0,0.569,0.3188,0.2188,0,0,0,,,,,,,,,,
0.7,1,2,160.0,54.0,0.6045,0.2442,0.2202,0,0,0,,,,,,,,,,
0.7,1,3,224.0,54.0,0.6331,0.1545,0.2213,0,1,0,0.12914,,1.565,,,,,,,
0.7,1,4,288.0,54.0,0.6493,0.053,0.2219,0,1,0,0.1072,,1.5238,,,,,,,
0.7,1,5,352.0,54.0,0.6493,-0.053,0.2219,0,1,0,0.08453,,1.4806,,,,,,,
0.7,1,6,416.0,54.0,0.6331,-0.1545,0.2213,0,1,0,0.06296,,1.4355,,,,,,,
0.7,1,7,480.0,54.0,0.6045,-0.2442,0.2202,1,1,0,0.04395,0.6964,1.398,-1.389146,-0.361527,-0.619473,1.398037,0.030277,0.070348,-0.002785
0.7,1,8,544.0,54.0,0.569,-0.3188,0.2188,1,1,0,0.02816,0.6963,1.3981,-1.342614,-0.491631,-0.629593,1.398134,0.065422,0.069549,-0.004325
0.7,1,9,608.0,54.0,0.5316,-0.3785,0.2174,1,1,0,0.01554,0.6963,1.3981,-1.296767,-0.604084,-0.640733,1.398079,0.095899,0.068908,-0.007011
0.7,2,0,32.0,90.0,0.5382,0.3978,0.1713,0,0,0,,,,,,,,,,
0.7,2,1,96.0,90.0,0.5793,0.3371,0.1687,0,0,0,,,,,,,,,,
0.7,2,2,160.0,90.0,0.619,0.2599,0.1663,0,0,0,,,,,,,,,,
0.7,2,3,224.0,90.0,0.6515,0.1654,0.1642,0,0,0,,,,,,,,,,
0.7,2,4,288.0,90.0,0.6702,0.0569,0.1631,0,0,0,,,,,,,,,,
0.7,2,5,352.0,90.0,0.6702,-0.0569,0.1631,0,0,0,,,,,,,,,,
0.7,2,6,416.0,90.0,0.6515,-0.1654,0.1642,0,0,0,,,,,,,,,,
0.7,2,7,480.0,90.0,0.619,-0.2599,0.1663,0,1,0,0.06669,,1.3942,,,,,,,
0.7,2,8,544.0,90.0,0.5793,-0.3371,0.1687,1,1,0,0.04908,0.6999,1.3945,-1.260922,-0.480188,-0.733935,1.394484,0.041077,0.068485,0.00147
0.7,2,9,608.0,90.0,0.5382,-0.3978,0.1713,1,1,0,0.03475,0.6996,1.3948,-1.215883,-0.594233,-0.735837,1.394831,0.07125,0.068295,-0.000601
0.7,3,0,32.0,126.0,0.5422,0.4161,0.1209,0,0,0,,,,,,,,,,
0.7,3,1,96.0,126.0,0.5866,0.3547,0.1133,0,0,0,,,,,,,,,,
0.7,3,2,160.0,126.0,0.63,0.2751,0.1059,0,0,0,,,,,,,,,,
0.7,3,3,224.0,126.0,0.6661,0.1759,0.0997,0,0,0,,,,,,,,,,
0.7,3,4,288.0,126.0,0.6871,0.0607,0.0961,0,0,0,,,,,,,,,,
0.7,3,5,352.0,126.0,0.6871,-0.0607,0.0961,0,0,0,,,,,,,,,,
0.7,3,6,416.0,126.0,0.6661,-0.1759,0.0997,0,0,0,,,,,,,,,,
0.7,3,7,480.0,126.0,0.63,-0.2751,0.1059,0,1,0,0.09185,,1.3907,,,,,,,
0.7,3,8,544.0,126.0,0.5866,-0.3547,0.1133,0,1,0,0.07214,,1.3912,,,,,,,
0.7,3,9,608.0,126.0,0.5422,-0.4161,0.1209,0,1,0,0.05579,,1.3917,,,,,,,
0.7,4,0,32.0,162.0,0.5429,0.4328,0.0667,0,0,0,,,,,,,,,,
0.7,4,1,96.0,162.0,0.5897,0.3707,0.0532,0,0,0,,,,,,,,,,
0.7,4,2,160.0,162.0,0.636,0.2889,0.0398,0,0,0,,,,,,,,,,
0.7,4,3,224.0,162.0,0.675,0.1855,0.0286,0,0,0,,,,,,,,,,
0.7,4,4,288.0,162.0,0.6979,0.0642,0.022,0,0,0,,,,,,,,,,
0.7,4,5,352.0,162.0,0.6979,-0.0642,0.022,0,0,0,,,,,,,,,,
0.7,4,6,416.0,162.0,0.675,-0.1855,0.0286,0,0,0,,,,,,,,,,
0.7,4,7,480.0,162.0,0.636,-0.2889,0.0398,0,1,0,0.11907,,1.3878,,,,,,,
0.7,4,8,544.0,162.0,0.5897,-0.3707,0.0532,0,1,0,0.09702,,1.3884,,,,,,,
0.7,4,9,608.0,162.0,0.5429,-0.4328,0.0667,0,1,0,0.07842,,1.3891,,,,,,,
0.7,5,0,32.0,198.0,0.5398,0.4472,0.0095,0,0,0,,,,,,,,,,
0.7,5,1,96.0,198.0,0.588,0.3844,-0.0105,0,0,0,,,,,,,,,,
0.7,5,2,160.0,198.0,0.636,0.3005,-0.0304,0,0,0,,,,,,,,,,
0.7,5,3,224.0,198.0,0.6767,0.1935,-0.0473,0,0,0,,,,,,,,,,
0.7,5,4,288.0,198.0,0.7006,0.0671,-0.0572,0,0,0,,,,,,,,,,
0.7,5,5,352.0,198.0,0.7006,-0.0671,-0.0572,0,0,0,,,,,,,,,,
0.7,5,6,416.0,198.0,0.6767,-0.1935,-0.0473,0,0,0,,,,,,,,,,
0.7,5,7,480.0,198.0,0.636,-0.3005,-0.0304,0,1,0,0.15049,,1.3189,,,,,,,
0.7,5,8,544.0,198.0,0.588,-0.3844,-0.0105,0,1,0,0.12326,,1.3865,,,,,,,
0.7,5,9,608.0,198.0,0.5398,-0.4472,0.0095,0,1,0,0.10228,,1.3872,,,,,,,
0.7,6,0,32.0,234.0,0.5327,0.4587,-0.0496,0,0,0,,,,,,,,,,
0.7,6,1,96.0,234.0,0.581,0.3949,-0.0762,0,0,0,,,,,,,,,,
0.7,6,2,160.0,234.0,0.6292,0.3092,-0.1028,0,0,0,,,,,,,,,,
0.7,6,3,224.0,234.0,0.67,0.1993,-0.1253,0,0,0,,,,,,,,,,
0.7,6,4,288.0,234.0,0.6941,0.0691,-0.1386,0,0,0,,,,,,,,,,
0.7,6,5,352.0,234.0,0.6941,-0.0691,-0.1386,0,0,0,,,,,,,,,,
0.7,6,6,416.0,234.0,0.67,-0.1993,-0.1253,0,0,0,,,,,,,,,,
0.7,6,7,480.0,234.0,0.6292,-0.3092,-0.1028,0,1,0,0.18989,,1.2985,,,,,,,
0.7,6,8,544.0,234.0,0.581,-0.3949,-0.0762,0,1,0,0.15401,,1.3078,,,,,,,
0.7,6,9,608.0,234.0,0.5327,-0.4587,-0.0496,0,1,0,0.1269,,1.3859,,,,,,,
0.7,7,0,32.0,270.0,0.5214,0.4669,-0.1091,0,0,0,,,,,,,,,,
0.7,7,1,96.0,270.0,0.5686,0.4019,-0.1421,0,0,0,,,,,,,,,,
0.7,7,2,160.0,270.0,0.6154,0.3146,-0.1749,0,0,0,,,,,,,,,,
0.7,7,3,224.0,270.0,0.6549,0.2027,-0.2026,0,0,0,,,,,,,,,,
0.7,7,4,288.0,270.0,0.6781,0.0703,-0.2188,0,0,0,,,,,,,,,,
0.7,7,5,352.0,270.0,0.6781,-0.0703,-0.2188,0,0,0,,,,,,,,,,
0.7,7,6,416.0,270.0,0.6549,-0.2027,-0.2026,0,0,0,,,,,,,,,,
0.7,7,7,480.0,270.0,0.6154,-0.3146,-0.1749,0,1,0,0.23043,,1.3267,,,,,,,
0.7,7,8,544.0,270.0,0.5686,-0.4019,-0.1421,0,1,0,0.19082,,1.3079,,,,,,,
0.7,7,9,608.0,270.0,0.5214,-0.4669,-0.1091,0,1,0,0.15629,,1.3016,,,,,,,
0.7,8,0,32.0,306.0,0.5063,0.4715,-0.1678,0,0,0,,,,,,,,,,
0.7,8,1,96.0,306.0,0.5511,0.4053,-0.2064,0,0,0,,,,,,,,,,
0.7,8,2,160.0,306.0,0.5952,0.3166,-0.2445,0,0,0,,,,,,,,,,
0.7,8,3,224.0,306.0,0.6321,0.2035,-0.2763,0,0,0,,,,,,,,,,
0.7,8,4,288.0,306.0,0.6537,0.0705,-0.2949,0,0,0,,,,,,,,,,
0.7,8,5,352.0,306.0,0.6537,-0.0705,-0.2949,0,0,0,,,,,,,,,,
0.7,8,6,416.0,306.0,0.6321,-0.2035,-0.2763,0,1,0,0.31787,,1.2337,,,,,,,
0.7,8,7,480.0,306.0,0.5952,-0.3166,-0.2445,0,1,0,0.27172,,1.2137,,,,,,,
0.7,8,8,544.0,306.0,0.5511,-0.4053,-0.2064,0,1,0,0.22791,,1.3577,,,,,,,
0.7,8,9,608.0,306.0,0.5063,-0.4715,-0.1678,0,1,0,0.19016,,1.2685,,,,,,,
0.7,9,0,32.0,342.0,0.4878,0.4726,-0.2244,0,0,0,,,,,,,,,,
0.7,9,1,96.0,342.0,0.5293,0.405,-0.2676,0,0,0,,,,,,,,,,
0.7,9,2,160.0,342.0,0.5697,0.3153,-0.3096,0,0,0,,,,,,,,,,
0.7,9,3,224.0,342.0,0.6031,0.2021,-0.3443,0,0,0,,,,,,,,,,
0.7,9,4,288.0,342.0,0.6224,0.0698,-0.3644,0,0,0,,,,,,,,,,
0.7,9,5,352.0,342.0,0.6224,-0.0698,-0.3644,0,0,0,,,,,,,,,,
0.7,9,6,416.0,342.0,0.6031,-0.2021,-0.3443,0,1,0,0.35074,,1.2426,,,,,,,
0.7,9,7,480.0,342.0,0.5697,-0.3153,-0.3096,0,1,0,0.31039,,1.2156,,,,,,,
0.7,9,8,544.0,342.0,0.5293,-0.405,-0.2676,0,1,0,0.26517,,1.3433,,,,,,,
0.7,9,9,608.0,342.0,0.4878,-0.4726,-0.2244,0,1,0,0.22372,,1.3134,,,,,,,
0.75,0,0,32.0,18.0,0.5641,0.3921,0.2643,0,0,0,,,,,,,,,,
0.75,0,1,96.0,18.0,0.6011,0.3283,0.2692,0,0,0,,,,,,,,,,
0.75,0,2,160.0,18.0,0.6356,0.25,0.2738,0,0,0,,,,,,,,,,
0.75,0,3,224.0,18.0,0.6631,0.1574,0.2774,0,0,0,,,,,,,,,,
0.75,0,4,288.0,18.0,0.6785,0.0539,0.2794,0,0,0,,,,,,,,,,
0.75,0,5,352.0,18.0,0.6785,-0.0539,0.2794,0,0,0,,,,,,,,,,
0.75,0,6,416.0,18.0,0.6631,-0.1574,0.2774,0,0,0,,,,,,,,,,
0.75,0,7,480.0,18.0,0.6356,-0.25,0.2738,0,1,0,0.07467,,1.4832,,,,,,,
0.75,0,8,544.0,18.0,0.6011,-0.3283,0.2692,0,1,0,0.06055,,1.4368,,,,,,,
0.75,0,9,608.0,18.0,0.5641,-0.3921,0.2643,1,1,0,0.04958,0.7027,1.3917,-1.390627,-0.613571,-0.838623,1.391708,0.076694,0.070329,0.002725
0.75,1,0,32.0,54.0,0.5724,0.4126,0.2189,0,0,0,,,,,,,,,,
0.75,1,1,96.0,54.0,0.6135,0.3478,0.2205,0,0,0,,,,,,,,,,
0.75,1,2,160.0,54.0,0.6526,0.2666,0.222,0,0,0,,,,,,,,,,
0.75,1,3,224.0,54.0,0.6841,0.1688,0.2232,0,0,0,,,,,,,,,,
0.75,1,4,288.0,54.0,0.7021,0.0579,0.2239,0,0,0,,,,,,,,,,
0.75,1,5,352.0,54.0,0.7021,-0.0579,0.2239,0,0,0,,,,,,,,,,
0.75,1,6,416.0,54.0,0.6841,-0.1688,0.2232,0,0,0,,,,,,,,,,
0.75,1,7,480.0,54.0,0.6526,-0.2666,0.222,0,0,0,,,,,,,,,,
0.75,1,8,544.0,54.0,0.6135,-0.3478,0.2205,0,1,0,0.07956,,1.3893,,,,,,,
0.75,1,9,608.0,54.0,0.5724,-0.4126,0.2189,0,1,0,0.06719,,1.3894,,,,,,,
0.75,2,0,32.0,90.0,0.5784,0.4327,0.1688,0,0,0,,,,,,,,,,
0.75,2,1,96.0,90.0,0.6235,0.3669,0.166,0,0,0,,,,,,,,,,
0.75,2,2,160.0,90.0,0.6669,0.283,0.1633,0,0,0,,,,,,,,,,
0.75,2,3,224.0,90.0,0.7025,0.1801,0.161,0,0,0,,,,,,,,,,
0.75,2,4,288.0,90.0,0.7231,0.062,0.1598,0,0,0,,,,,,,,,,
0.75,2,5,352.0,90.0,0.7231,-0.062,0.1598,0,0,0,,,,,,,,,,
0.75,2,6,416.0,90.0,0.7025,-0.1801,0.161,0,0,0,,,,,,,,,,
0.75,2,7,480.0,90.0,0.6669,-0.283,0.1633,0,0,0,,,,,,,,,,
0.75,2,8,544.0,90.0,0.6235,-0.3669,0.166,0,1,0,0.10083,,1.3871,,,,,,,
0.75,2,9,608.0,90.0,0.5784,-0.4327,0.1688,0,1,0,0.08673,,1.3874,,,,,,,
0.75,3,0,32.0,126.0,0.5815,0.4516,0.1142,0,0,0,,,,,,,,,,
0.75,3,1,96.0,126.0,0.6299,0.3851,0.1059,0,0,0,,,,,,,,,,
0.75,3,2,160.0,126.0,0.6771,0.2987,0.0978,0,0,0,,,,,,,,,,
0.75,3,3,224.0,126.0,0.7165,0.191,0.0911,0,0,0,,,,,,,,,,
0.75,3,4,288.0,126.0,0.7395,0.066,0.0871,0,0,0,,,,,,,,,,
0.75,3,5,352.0,126.0,0.7395,-0.066,0.0871,0,0,0,,,,,,,,,,
0.75,3,6,416.0,126.0,0.7165,-0.191,0.0911,0,0,0,,,,,,,,,,
0.75,3,7,480.0,126.0,0.6771,-0.2987,0.0978,0,0,0,,,,,,,,,,
0.75,3,8,544.0,126.0,0.6299,-0.3851,0.1059,0,1,0,0.12422,,1.3854,,,,,,,
0.75,3,9,608.0,126.0,0.5815,-0.4516,0.1142,0,1,0,0.10809,,1.3858,,,,,,,
0.75,4,0,32.0,162.0,0.5811,0.4685,0.0557,0,0,0,,,,,,,,,,
0.75,4,1,96.0,162.0,0.6318,0.4013,0.041,0,0,0,,,,,,,,,,
0.75,4,2,160.0,162.0,0.682,0.3127,0.0266,0,0,0,,,,,,,,,,
0.75,4,3,224.0,162.0,0.7242,0.2008,0.0144,0,0,0,,,,,,,,,,
0.75,4,4,288.0,162.0,0.749,0.0695,0.0073,0,0,0,,,,,,,,,,
0.75,4,5,352.0,162.0,0.749,-0.0695,0.0073,0,0,0,,,,,,,,,,
0.75,4,6,416.0,162.0,0.7242,-0.2008,0.0144,0,0,0,,,,,,,,,,
0.75,4,7,480.0,162.0,0.682,-0.3127,0.0266,0,0,0,,,,,,,,,,
0.75,4,8,544.0,162.0,0.6318,-0.4013,0.041,0,1,0,0.15256,,1.314,,,,,,,
0.75,4,9,608.0,162.0,0.5811,-0.4685,0.0557,0,1,0,0.131,,1.3848,,,,,,,
0.75,5,0,32.0,198.0,0.5765,0.4829,-0.0058,0,0,0,,,,,,,,,,
0.75,5,1,96.0,198.0,0.6285,0.4149,-0.0273,0,0,0,,,,,,,,,,
0.75,5,2,160.0,198.0,0.6802,0.3243,-0.0487,0,0,0,,,,,,,,,,
0.75,5,3,224.0,198.0,0.724,0.2088,-0.0669,0,0,0,,,,,,,,,,
0.75,5,4,288.0,198.0,0.7497,0.0724,-0.0775,0,0,0,,,,,,,,,,
0.75,5,5,352.0,198.0,0.7497,-0.0724,-0.0775,0,0,0,,,,,,,,,,
0.75,5,6,416.0,198.0,0.724,-0.2088,-0.0669,0,0,0,,,,,,,,,,
0.75,5,7,480.0,198.0,0.6802,-0.3243,-0.0487,0,0,0,,,,,,,,,,
0.75,5,8,544.0,198.0,0.6285,-0.4149,-0.0273,0,1,0,0.18863,,1.3017,,,,,,,
0.75,5,9,608.0,198.0,0.5765,-0.4829,-0.0058,0,1,0,0.16042,,1.2956,,,,,,,
0.75,6,0,32.0,234.0,0.5676,0.4941,-0.0688,0,0,0,,,,,,,,,,
0.75,6,1,96.0,234.0,0.6195,0.4252,-0.0974,0,0,0,,,,,,,,,,
0.75,6,2,160.0,234.0,0.6711,0.3328,-0.1259,0,0,0,,,,,,,,,,
0.75,6,3,224.0,234.0,0.7148,0.2144,-0.15,0,0,0,,,,,,,,,,
0.75,6,4,288.0,234.0,0.7405,0.0744,-0.1642,0,0,0,,,,,,,,,,
0.75,6,5,352.0,234.0,0.7405,-0.0744,-0.1642,0,0,0,,,,,,,,,,
0.75,6,6,416.0,234.0,0.7148,-0.2144,-0.15,0,0,0,,,,,,,,,,
0.75,6,7,480.0,234.0,0.6711,-0.3328,-0.1259,0,0,0,,,,,,,,,,
0.75,6,8,544.0,234.0,0.6195,-0.4252,-0.0974,0,1,0,0.22656,,1.3231,,,,,,,
0.75,6,9,608.0,234.0,0.5676,-0.4941,-0.0688,0,1,0,0.19474,,1.2495,,,,,,,
0.75,7,0,32.0,270.0,0.5544,0.5017,-0.1322,0,0,0,,,,,,,,,,
0.75,7,1,96.0,270.0,0.6047,0.4317,-0.1674,0,0,0,,,,,,,,,,
0.75,7,2,160.0,270.0,0.6547,0.3377,-0.2024,0,0,0,,,,,,,,,,
0.75,7,3,224.0,270.0,0.6967,0.2174,-0.2318,0,0,0,,,,,,,,,,
0.75,7,4,288.0,270.0,0.7214,0.0754,-0.2491,0,0,0,,,,,,,,,,
0.75,7,5,352.0,270.0,0.7214,-0.0754,-0.2491,0,0,0,,,,,,,,,,
0.75,7,6,416.0,270.0,0.6967,-0.2174,-0.2318,0,0,0,,,,,,,,,,
0.75,7,7,480.0,270.0,0.6547,-0.3377,-0.2024,0,0,0,,,,,,,,,,
0.75,7,8,544.0,270.0,0.6047,-0.4317,-0.1674,0,1,0,0.2665,,1.3021,,,,,,,
0.75,7,9,608.0,270.0,0.5544,-0.5017,-0.1322,0,1,0,0.23002,,1.2435,,,,,,,
0.75,8,0,32.0,306.0,0.5371,0.5056,-0.1943,0,0,0,,,,,,,,,,
0.75,8,1,96.0,306.0,0.5848,0.4342,-0.2354,0,0,0,,,,,,,,,,
0.75,8,2,160.0,306.0,0.6316,0.3389,-0.2758,0,0,0,,,,,,,,,,
0.75,8,3,224.0,306.0,0.6707,0.2178,-0.3096,0,0,0,,,,,,,,,,
0.75,8,4,288.0,306.0,0.6935,0.0754,-0.3292,0,0,0,,,,,,,,,,
0.75,8,5,352.0,306.0,0.6935,-0.0754,-0.3292,0,0,0,,,,,,,,,,
0.75,8,6,416.0,306.0,0.6707,-0.2178,-0.3096,0,0,0,,,,,,,,,,
0.75,8,7,480.0,306.0,0.6316,-0.3389,-0.2758,0,1,0,0.34399,,1.2082,,,,,,,
0.75,8,8,544.0,306.0,0.5848,-0.4342,-0.2354,0,1,0,0.30751,,1.2991,,,,,,,
0.75,8,9,608.0,306.0,0.5371,-0.5056,-0.1943,0,1,0,0.26614,,1.3469,,,,,,,
0.75,9,0,32.0,342.0,0.5164,0.5057,-0.2541,0,0,0,,,,,,,,,,
0.75,9,1,96.0,342.0,0.5604,0.433,-0.2999,0,0,0,,,,,,,,,,
0.75,9,2,160.0,342.0,0.6031,0.3368,-0.3443,0,0,0,,,,,,,,,,
0.75,9,3,224.0,342.0,0.6383,0.2157,-0.381,0,0,0,,,,,,,,,,
0.75,9,4,288.0,342.0,0.6587,0.0745,-0.4022,0,0,0,,,,,,,,,,
0.75,9,5,352.0,342.0,0.6587,-0.0745,-0.4022,0,0,0,,,,,,,,,,
0.75,9,6,416.0,342.0,0.6383,-0.2157,-0.381,0,0,0,,,,,,,,,,
0.75,9,7,480.0,342.0,0.6031,-0.3368,-0.3443,0,1,0,0.40033,,1.2667,,,,,,,
0.75,9,8,544.0,342.0,0.5604,-0.433,-0.2999,0,1,0,0.34312,,1.708,,,,,,,
0.75,9,9,608.0,342.0,0.5164,-0.5057,-0.2541,0,1,0,0.29612,,1.7861,,,,,,,
0.8,0,0,32.0,18.0,0.6048,0.4251,0.2697,0,0,0,,,,,,,,,,
0.8,0,1,96.0,18.0,0.6453,0.3562,0.275,0,0,0,,,,,,,,,,
0.8,0,2,160.0,18.0,0.6832,0.2714,0.2801,0,0,0,,,,,,,,,,
0.8,0,3,224.0,18.0,0.7133,0.171,0.2841,0,0,0,,,,,,,,,,
0.8,0,4,288.0,18.0,0.7302,0.0585,0.2863,0,0,0,,,,,,,,,,
0.8,0,5,352.0,18.0,0.7302,-0.0585,0.2863,0,0,0,,,,,,,,,,
0.8,0,6,416.0,18.0,0.7133,-0.171,0.2841,0,0,0,,,,,,,,,,
0.8,0,7,480.0,18.0,0.6832,-0.2714,0.2801,0,0,0,,,,,,,,,,
0.8,0,8,544.0,18.0,0.6453,-0.3562,0.275,0,1,0,0.11161,,1.4545,,,,,,,
0.8,0,9,608.0,18.0,0.6048,-0.4251,0.2697,0,1,0,0.10093,,1.4071,,,,,,,
0.8,1,0,32.0,54.0,0.6128,0.4465,0.2205,0,0,0,,,,,,,,,,
0.8,1,1,96.0,54.0,0.6577,0.3765,0.2222,0,0,0,,,,,,,,,,
0.8,1,2,160.0,54.0,0.7003,0.2888,0.2239,0,0,0,,,,,,,,,,
0.8,1,3,224.0,54.0,0.7348,0.1829,0.2252,0,0,0,,,,,,,,,,
0.8,1,4,288.0,54.0,0.7544,0.0628,0.2259,0,0,0,,,,,,,,,,
0.8,1,5,352.0,54.0,0.7544,-0.0628,0.2259,0,0,0,,,,,,,,,,
0.8,1,6,416.0,54.0,0.7348,-0.1829,0.2252,0,0,0,,,,,,,,,,
0.8,1,7,480.0,54.0,0.7003,-0.2888,0.2239,0,0,0,,,,,,,,,,
0.8,1,8,544.0,54.0,0.6577,-0.3765,0.2222,0,0,0,,,,,,,,,,
0.8,1,9,608.0,54.0,0.6128,-0.4465,0.2205,0,1,0,0.11882,,1.3845,,,,,,,
0.8,2,0,32.0,90.0,0.6183,0.4673,0.1663,0,0,0,,,,,,,,,,
0.8,2,1,96.0,90.0,0.6672,0.3965,0.1632,0,0,0,,,,,,,,,,
0.8,2,2,160.0,90.0,0.7144,0.3059,0.1603,0,0,0,,,,,,,,,,
0.8,2,3,224.0,90.0,0.7532,0.1948,0.1579,0,0,0,,,,,,,,,,
0.8,2,4,288.0,90.0,0.7755,0.0671,0.1565,0,0,0,,,,,,,,,,
0.8,2,5,352.0,90.0,0.7755,-0.0671,0.1565,0,0,0,,,,,,,,,,
0.8,2,6,416.0,90.0,0.7532,-0.1948,0.1579,0,0,0,,,,,,,,,,
0.8,2,7,480.0,90.0,0.7144,-0.3059,0.1603,0,0,0,,,,,,,,,,
0.8,2,8,544.0,90.0,0.6672,-0.3965,0.1632,0,0,0,,,,,,,,,,
0.8,2,9,608.0,90.0,0.6183,-0.4673,0.1663,0,1,0,0.13864,,1.3834,,,,,,,
0.8,3,0,32.0,126.0,0.6206,0.4867,0.1075,0,0,0,,,,,,,,,,
0.8,3,1,96.0,126.0,0.6728,0.4151,0.0985,0,0,0,,,,,,,,,,
0.8,3,2,160.0,126.0,0.7239,0.3221,0.0898,0,0,0,,,,,,,,,,
0.8,3,3,224.0,126.0,0.7665,0.206,0.0825,0,0,0,,,,,,,,,,
0.8,3,4,288.0,126.0,0.7914,0.0712,0.0783,0,0,0,,,,,,,,,,
0.8,3,5,352.0,126.0,0.7914,-0.0712,0.0783,0,0,0,,,,,,,,,,
0.8,3,6,416.0,126.0,0.7665,-0.206,0.0825,0,0,0,,,,,,,,,,
0.8,3,7,480.0,126.0,0.7239,-0.3221,0.0898,0,0,0,,,,,,,,,,
0.8,3,8,544.0,126.0,0.6728,-0.4151,0.0985,0,0,0,,,,,,,,,,
0.8,3,9,608.0,126.0,0.6206,-0.4867,0.1075,0,1,0,0.16712,,1.2865,,,,,,,
0.8,4,0,32.0,162.0,0.6189,0.5039,0.0448,0,0,0,,,,,,,,,,
0.8,4,1,96.0,162.0,0.6735,0.4317,0.029,0,0,0,,,,,,,,,,
0.8,4,2,160.0,162.0,0.7275,0.3364,0.0135,0,0,0,,,,,,,,,,
0.8,4,3,224.0,162.0,0.773,0.216,0.0004,0,0,0,,,,,,,,,,
0.8,4,4,288.0,162.0,0.7996,0.0748,-0.0073,0,0,0,,,,,,,,,,
0.8,4,5,352.0,162.0,0.7996,-0.0748,-0.0073,0,0,0,,,,,,,,,,
0.8,4,6,416.0,162.0,0.773,-0.216,0.0004,0,0,0,,,,,,,,,,
0.8,4,7,480.0,162.0,0.7275,-0.3364,0.0135,0,0,0,,,,,,,,,,
0.8,4,8,544.0,162.0,0.6735,-0.4317,0.029,0,0,0,,,,,,,,,,
0.8,4,9,608.0,162.0,0.6189,-0.5039,0.0448,0,1,0,0.19932,,1.252,,,,,,,
0.8,5,0,32.0,198.0,0.6129,0.5183,-0.0208,0,0,0,,,,,,,,,,
0.8,5,1,96.0,198.0,0.6686,0.4453,-0.0439,0,0,0,,,,,,,,,,
0.8,5,2,160.0,198.0,0.724,0.348,-0.0669,0,0,0,,,,,,,,,,
0.8,5,3,224.0,198.0,0.7708,0.224,-0.0863,0,0,0,,,,,,,,,,
0.8,5,4,288.0,198.0,0.7984,0.0776,-0.0977,0,0,0,,,,,,,,,,
0.8,5,5,352.0,198.0,0.7984,-0.0776,-0.0977,0,0,0,,,,,,,,,,
0.8,5,6,416.0,198.0,0.7708,-0.224,-0.0863,0,0,0,,,,,,,,,,
0.8,5,7,480.0,198.0,0.724,-0.348,-0.0669,0,0,0,,,,,,,,,,
0.8,5,8,544.0,198.0,0.6686,-0.4453,-0.0439,0,0,0,,,,,,,,,,
0.8,5,9,608.0,198.0,0.6129,-0.5183,-0.0208,0,1,0,0.23366,,1.2328,,,,,,,
0.8,6,0,32.0,234.0,0.6023,0.5293,-0.0879,0,0,0,,,,,,,,,,
0.8,6,1,96.0,234.0,0.6576,0.4552,-0.1184,0,0,0,,,,,,,,,,
0.8,6,2,160.0,234.0,0.7126,0.3562,-0.1488,0,0,0,,,,,,,,,,
0.8,6,3,224.0,234.0,0.7592,0.2294,-0.1744,0,0,0,,,,,,,,,,
0.8,6,4,288.0,234.0,0.7866,0.0796,-0.1895,0,0,0,,,,,,,,,,
0.8,6,5,352.0,234.0,0.7866,-0.0796,-0.1895,0,0,0,,,,,,,,,,
0.8,6,6,416.0,234.0,0.7592,-0.2294,-0.1744,0,0,0,,,,,,,,,,
0.8,6,7,480.0,234.0,0.7126,-0.3562,-0.1488,0,0,0,,,,,,,,,,
0.8,6,8,544.0,234.0,0.6576,-0.4552,-0.1184,0,0,0,,,,,,,,,,
0.8,6,9,608.0,234.0,0.6023,-0.5293,-0.0879,0,1,0,0.2688,,1.2112,,,,,,,
0.8,7,0,32.0,270.0,0.5871,0.5363,-0.155,0,0,0,,,,,,,,,,
0.8,7,1,96.0,270.0,0.6406,0.4611,-0.1925,0,0,0,,,,,,,,,,
0.8,7,2,160.0,270.0,0.6936,0.3605,-0.2296,0,0,0,,,,,,,,,,
0.8,7,3,224.0,270.0,0.7382,0.2321,-0.2609,0,0,0,,,,,,,,,,
0.8,7,4,288.0,270.0,0.7644,0.0804,-0.2792,0,0,0,,,,,,,,,,
0.8,7,5,352.0,270.0,0.7644,-0.0804,-0.2792,0,0,0,,,,,,,,,,
0.8,7,6,416.0,270.0,0.7382,-0.2321,-0.2609,0,0,0,,,,,,,,,,
0.8,7,7,480.0,270.0,0.6936,-0.3605,-0.2296,0,0,0,,,,,,,,,,
0.8,7,8,544.0,270.0,0.6406,-0.4611,-0.1925,0,1,0,0.3423,,1.5489,,,,,,,
0.8,7,9,608.0,270.0,0.5871,-0.5363,-0.155,0,1,0,0.31085,,1.4357,,,,,,,
0.8,8,0,32.0,306.0,0.5677,0.5394,-0.2207,0,0,0,,,,,,,,,,
0.8,8,1,96.0,306.0,0.6181,0.4629,-0.2642,0,0,0,,,,,,,,,,
0.8,8,2,160.0,306.0,0.6677,0.3611,-0.3069,0,0,0,,,,,,,,,,
0.8,8,3,224.0,306.0,0.709,0.2319,-0.3426,0,0,0,,,,,,,,,,
0.8,8,4,288.0,306.0,0.7331,0.0802,-0.3633,0,0,0,,,,,,,,,,
0.8,8,5,352.0,306.0,0.7331,-0.0802,-0.3633,0,0,0,,,,,,,,,,
0.8,8,6,416.0,306.0,0.709,-0.2319,-0.3426,0,0,0,,,,,,,,,,
0.8,8,7,480.0,306.0,0.6677,-0.3611,-0.3069,0,0,0,,,,,,,,,,
0.8,8,8,544.0,306.0,0.6181,-0.4629,-0.2642,0,1,0,0.38755,,1.5723,,,,,,,
0.8,8,9,608.0,306.0,0.5677,-0.5394,-0.2207,0,1,0,0.33846,,1.2432,,,,,,,
0.8,9,0,32.0,342.0,0.5448,0.5386,-0.2837,0,0,0,,,,,,,,,,
0.8,9,1,96.0,342.0,0.5912,0.4607,-0.3319,0,0,0,,,,,,,,,,
0.8,9,2,160.0,342.0,0.6362,0.3581,-0.3788,0,0,0,,,,,,,,,,
0.8,9,3,224.0,342.0,0.6733,0.2292,-0.4174,0,0,0,,,,,,,,,,
0.8,9,4,288.0,342.0,0.6947,0.0792,-0.4397,0,0,0,,,,,,,,,,
0.8,9,5,352.0,342.0,0.6947,-0.0792,-0.4397,0,0,0,,,,,,,,,,
0.8,9,6,416.0,342.0,0.6733,-0.2292,-0.4174,0,0,0,,,,,,,,,,
0.8,9,7,480.0,342.0,0.6362,-0.3581,-0.3788,0,0,0,,,,,,,,,,
0.8,9,8,544.0,342.0,0.5912,-0.4607,-0.3319,0,1,0,0.39697,,3.7568,,,,,,,
0.8,9,9,608.0,342.0,0.5448,-0.5386,-0.2837,0,1,0,0.35983,,1.5847,,,,,,,
