idx,depth,u,v,tx,ty,tz,state,final_ok
0,0.5977,10.6,292.8,0.6016,0.6096,-0.218,outside workspace box,0
1,0.3762,388.2,262.6,0.3801,-0.0746,-0.0007,model / self-contact,0
2,0.4878,548.7,12.1,0.4918,-0.2634,0.2608,reachable,1
3,0.3749,112.4,310.7,0.3788,0.2397,-0.0645,outside workspace box,0
4,0.4383,79.5,241.4,0.4423,0.3092,-0.0105,outside workspace box,0
5,0.6483,393.8,138.1,0.6523,-0.1338,0.0801,outside workspace box,0
6,0.4403,627.7,246.8,0.4442,-0.4004,-0.0196,model / self-contact,0
7,0.1311,440.6,140.0,0.135,-0.021,0.1881,model / self-contact,0
8,0.2361,461.8,189.1,0.2401,-0.0759,0.1388,reachable,1
9,0.6104,310.9,320.2,0.6144,0.0189,-0.2975,IK fails,0
10,0.2431,229.0,205.8,0.2471,0.0518,0.126,hits pocket,0
11,0.285,380.4,121.6,0.2889,-0.0392,0.1671,hits pocket,0
12,0.4239,569.8,81.8,0.4279,-0.2598,0.1865,reachable,1
13,0.5223,53.8,299.8,0.5262,0.4526,-0.1719,outside workspace box,0
14,0.0851,153.2,315.5,0.0891,0.0059,0.1917,model / self-contact,0
15,0.3202,215.1,54.1,0.3242,0.0745,0.2093,hits pocket,0
16,0.0812,509.6,83.0,0.0852,-0.0029,0.1998,model / self-contact,0
17,0.1045,258.9,71.5,0.1084,0.0051,0.1997,model / self-contact,0
18,0.4532,371.4,107.5,0.4572,-0.0595,0.1568,reachable,1
19,0.2691,127.7,339.2,0.273,0.1488,0.002,hits pocket,0
20,0.6063,67.5,226.5,0.6103,0.467,-0.0767,outside workspace box,0
21,0.3499,281.8,343.7,0.3539,0.0421,-0.0874,hits pocket,0
22,0.6471,272.1,223.3,0.651,0.095,-0.0908,outside workspace box,0
23,0.5046,607.3,165.6,0.5086,-0.4014,0.0713,model / self-contact,0
24,0.5215,318.4,190.6,0.5254,0.0025,0.0274,model / self-contact,0
25,0.4767,265.4,264.4,0.4806,0.0798,-0.0709,IK fails,0
26,0.4874,596.5,41.4,0.4914,-0.327,0.2297,reachable,1
27,0.6243,552.7,353.2,0.6283,-0.5212,-0.403,outside workspace box,0
28,0.584,95.2,350.1,0.5879,0.4645,-0.3502,outside workspace box,0
29,0.1894,526.3,172.8,0.1934,-0.0768,0.1632,reachable,1
30,0.2097,513.2,332.5,0.2136,-0.1026,0.0674,hits pocket,0
31,0.6086,344.9,159.4,0.6126,-0.043,0.0513,IK fails,0
32,0.4186,25.9,263.5,0.4226,0.3671,-0.0304,outside workspace box,0
33,0.6075,485.1,184.6,0.6114,-0.2919,0.0054,IK fails,0
34,0.09,42.3,302.9,0.094,0.0148,0.1882,model / self-contact,0
35,0.6296,220.4,154.9,0.6336,0.1778,0.0537,IK fails,0
36,0.195,359.8,93.2,0.199,-0.0143,0.1914,model / self-contact,0
37,0.1247,568.4,81.3,0.1287,-0.0361,0.1982,model / self-contact,0
38,0.3825,184.5,211.0,0.3864,0.1423,0.0583,hits pocket,0
39,0.2231,518.2,201.8,0.227,-0.0988,0.137,reachable,1
40,0.4259,264.3,294.5,0.4299,0.0738,-0.0831,model / self-contact,0
41,0.3816,613.8,133.0,0.3855,-0.2827,0.141,reachable,1
42,0.1373,380.1,305.4,0.1412,-0.0141,0.1473,model / self-contact,0
43,0.5479,526.5,149.5,0.5518,-0.3122,0.0836,model / self-contact,0
44,0.0972,6.4,131.4,0.1011,0.0208,0.196,model / self-contact,0
45,0.4716,417.7,98.6,0.4756,-0.1175,0.1653,reachable,1
46,0.5689,604.0,45.7,0.5728,-0.4041,0.23,IK fails,0
47,0.3079,38.1,137.1,0.3118,0.2067,0.1522,outside workspace box,0
48,0.5154,312.9,351.5,0.5194,0.0128,-0.2792,IK fails,0
49,0.5679,197.7,97.1,0.5718,0.1827,0.1589,IK fails,0
50,0.2566,564.0,183.9,0.2605,-0.1465,0.1344,reachable,1
51,0.1596,636.7,113.7,0.1636,-0.0817,0.1889,model / self-contact,0
52,0.4507,563.3,292.4,0.4547,-0.3441,-0.0997,model / self-contact,0
53,0.4989,613.4,333.3,0.5029,-0.4935,-0.2212,IK fails,0
54,0.1347,550.8,89.0,0.1387,-0.0408,0.1965,model / self-contact,0
55,0.1502,428.8,257.3,0.1542,-0.0292,0.1521,model / self-contact,0
56,0.3868,253.2,327.7,0.3908,0.082,-0.1008,model / self-contact,0
57,0.3656,370.1,69.9,0.3696,-0.0429,0.1985,hits pocket,0
58,0.6392,335.0,32.0,0.6431,-0.0241,0.2545,IK fails,0
59,0.5136,365.7,2.3,0.5175,-0.0554,0.2752,reachable,1
60,0.2418,626.1,212.4,0.2458,-0.1742,0.1225,reachable,1
61,0.1671,120.0,242.1,0.171,0.0647,0.1469,hits pocket,0
62,0.6275,369.7,216.8,0.6314,-0.0946,-0.0672,IK fails,0
63,0.4965,46.2,180.0,0.5004,0.381,0.0529,outside workspace box,0
64,0.0877,113.4,139.7,0.0917,0.0077,0.1975,model / self-contact,0
65,0.2871,464.6,31.6,0.291,-0.0869,0.2207,reachable,1
66,0.5976,559.1,170.0,0.6015,-0.4083,0.0355,IK fails,0
67,0.1264,490.2,329.5,0.1304,-0.034,0.1508,model / self-contact,0
68,0.5713,47.1,25.3,0.5753,0.3828,0.2565,outside workspace box,0
69,0.1481,405.8,178.8,0.1521,-0.0205,0.1751,model / self-contact,0
70,0.4765,431.2,114.5,0.4805,-0.1376,0.1457,reachable,1
71,0.5238,294.6,182.7,0.5278,0.0377,0.039,model / self-contact,0
72,0.1683,59.4,208.4,0.1723,0.0822,0.1582,hits pocket,0
73,0.6432,517.2,176.0,0.6472,-0.3687,0.0094,IK fails,0
74,0.5306,117.1,346.7,0.5345,0.3734,-0.2841,outside workspace box,0
75,0.4117,308.0,292.9,0.4157,0.0152,-0.0691,hits pocket,0
76,0.0892,419.3,328.9,0.0931,-0.0052,0.1872,model / self-contact,0
77,0.2453,534.4,137.5,0.2493,-0.1148,0.1649,reachable,1
78,0.3413,636.2,281.2,0.3453,-0.3123,0.0012,reachable,1
79,0.1021,270.5,315.9,0.106,0.005,0.1763,model / self-contact,0
80,0.5295,453.4,284.1,0.5335,-0.226,-0.1456,IK fails,0
81,0.1852,206.3,286.8,0.1892,0.0465,0.1155,hits pocket,0
82,0.3748,231.9,150.3,0.3788,0.0844,0.1256,hits pocket,0
83,0.1334,476.4,306.7,0.1373,-0.0345,0.1504,model / self-contact,0
84,0.6391,450.4,295.6,0.6431,-0.2783,-0.2584,IK fails,0
85,0.6378,540.0,152.7,0.6418,-0.3974,0.0557,IK fails,0
86,0.5021,623.4,181.3,0.506,-0.4285,0.0489,IK fails,0
87,0.5683,584.9,171.4,0.5722,-0.4276,0.0424,IK fails,0
88,0.5106,449.0,105.8,0.5146,-0.1717,0.1525,reachable,1
89,0.2848,365.2,33.8,0.2888,-0.027,0.2192,hits pocket,0
90,0.3071,47.2,171.4,0.3111,0.2068,0.126,outside workspace box,0
91,0.1236,271.2,211.1,0.1276,0.008,0.178,model / self-contact,0
92,0.5443,597.6,246.3,0.5482,-0.464,-0.0812,IK fails,0
93,0.5456,455.4,204.8,0.5495,-0.2163,-0.0064,model / self-contact,0
94,0.6482,340.6,292.8,0.6522,-0.0445,-0.2584,outside workspace box,0
95,0.285,224.4,61.6,0.289,0.0586,0.2037,hits pocket,0
96,0.403,482.0,158.1,0.407,-0.1712,0.1101,reachable,1
97,0.218,81.5,261.4,0.222,0.1231,0.1058,hits pocket,0
98,0.3886,122.0,310.7,0.3926,0.2391,-0.0766,outside workspace box,0
99,0.1016,310.1,323.6,0.1056,0.001,0.1758,model / self-contact,0
100,0.1552,445.5,118.1,0.1592,-0.0308,0.1884,model / self-contact,0
101,0.2479,431.9,130.6,0.2519,-0.0604,0.1681,reachable,1
102,0.3573,604.0,71.7,0.3613,-0.2364,0.1971,reachable,1
103,0.5801,15.4,58.8,0.584,0.4489,0.2128,outside workspace box,0
104,0.1835,505.1,200.5,0.1874,-0.0674,0.1545,reachable,1
105,0.4778,357.0,4.4,0.4818,-0.0412,0.267,reachable,1
106,0.4168,458.7,232.6,0.4208,-0.1661,0.0141,reachable,1
107,0.3946,47.2,88.7,0.3986,0.2616,0.1813,outside workspace box,0
108,0.6042,252.3,357.1,0.6082,0.1469,-0.3919,outside workspace box,0
109,0.4677,97.3,212.4,0.4717,0.2994,0.0168,outside workspace box,0
110,0.4796,87.4,112.5,0.4835,0.2894,0.1477,outside workspace box,0
111,0.1934,576.7,123.0,0.1973,-0.0939,0.181,reachable,1
112,0.336,525.9,210.6,0.3399,-0.1834,0.0802,reachable,1
113,0.6353,371.2,68.8,0.6393,-0.0845,0.1988,IK fails,0
114,0.2868,68.8,162.8,0.2908,0.172,0.1388,hits pocket,0
115,0.4362,148.7,269.6,0.4402,0.2265,-0.0515,outside workspace box,0
116,0.2616,464.5,29.8,0.2656,-0.0763,0.219,reachable,1
117,0.1475,124.2,340.2,0.1515,0.0562,0.1263,hits pocket,0
118,0.2848,545.3,296.0,0.2887,-0.1783,0.0297,reachable,1
119,0.4584,298.7,296.6,0.4624,0.0308,-0.1132,model / self-contact,0
120,0.4648,535.6,272.7,0.4687,-0.3089,-0.0768,model / self-contact,0
121,0.1574,584.3,296.2,0.1614,-0.0816,0.1335,model / self-contact,0
122,0.3055,478.9,31.2,0.3095,-0.1038,0.2227,reachable,1
123,0.6127,253.9,72.8,0.6167,0.1051,0.1928,IK fails,0
124,0.2438,60.7,1.8,0.2477,0.1205,0.2291,hits pocket,0
125,0.5484,634.1,95.3,0.5524,-0.4496,0.1631,IK fails,0
126,0.625,110.8,211.1,0.629,0.3937,-0.0541,outside workspace box,0
127,0.3947,458.6,353.0,0.3987,-0.1803,-0.15,model / self-contact,0
128,0.5169,629.3,301.3,0.5209,-0.5207,-0.1707,IK fails,0
129,0.2638,568.6,227.3,0.2678,-0.163,0.1014,reachable,1
130,0.5165,338.1,81.5,0.5205,-0.0238,0.1832,reachable,1
131,0.3715,108.9,207.8,0.3755,0.2131,0.0669,outside workspace box,0
132,0.1159,430.0,273.8,0.1199,-0.0162,0.1714,model / self-contact,0
133,0.4185,400.0,149.0,0.4225,-0.0877,0.1161,reachable,1
134,0.4897,444.2,210.8,0.4937,-0.176,0.009,reachable,1
135,0.2221,332.8,166.6,0.226,-0.0061,0.1556,hits pocket,0
136,0.4674,146.7,250.3,0.4714,0.2433,-0.0416,outside workspace box,0
137,0.4527,125.1,349.9,0.4567,0.2985,-0.2075,outside workspace box,0
138,0.3419,340.0,302.8,0.3459,-0.0203,-0.0254,model / self-contact,0
139,0.1437,304.6,93.0,0.1476,0.0031,0.1952,model / self-contact,0
140,0.4567,455.4,303.9,0.4606,-0.1974,-0.1246,model / self-contact,0
141,0.388,236.0,207.3,0.392,0.0894,0.06,hits pocket,0
142,0.1489,599.4,139.6,0.1528,-0.0645,0.1844,model / self-contact,0
143,0.079,561.2,322.1,0.0829,-0.0028,0.1973,model / self-contact,0
144,0.5233,126.9,229.1,0.5273,0.3022,-0.0379,outside workspace box,0
145,0.1206,388.3,69.0,0.1245,-0.009,0.1999,model / self-contact,0
146,0.1802,323.8,293.6,0.1842,-0.0015,0.1161,hits pocket,0
147,0.1651,48.1,198.4,0.1691,0.0818,0.163,hits pocket,0
148,0.5427,43.2,278.4,0.5467,0.4794,-0.1438,outside workspace box,0
149,0.2163,254.9,105.9,0.2202,0.0279,0.1847,hits pocket,0
150,0.3667,231.0,207.7,0.3707,0.0883,0.0692,hits pocket,0
151,0.4555,227.4,229.5,0.4594,0.1229,-0.0024,model / self-contact,0
152,0.4243,357.3,139.4,0.4283,-0.0412,0.1256,hits pocket,0
153,0.2319,378.8,122.5,0.2359,-0.0286,0.175,hits pocket,0
154,0.4165,349.3,220.4,0.4204,-0.0345,0.0303,hits pocket,0
155,0.6415,245.0,203.7,0.6454,0.1441,-0.0461,IK fails,0
156,0.0988,273.9,303.5,0.1028,0.004,0.1806,model / self-contact,0
157,0.2071,560.1,339.0,0.2111,-0.1262,0.0656,reachable,1
158,0.1596,7.7,173.9,0.1636,0.0858,0.1725,hits pocket,0
159,0.6264,621.8,323.2,0.6304,-0.6521,-0.3203,IK fails,0
160,0.5496,386.5,185.5,0.5536,-0.1049,0.0251,model / self-contact,0
161,0.6106,417.5,89.5,0.6145,-0.157,0.1674,IK fails,0
162,0.3506,281.4,278.5,0.3545,0.0393,-0.0024,hits pocket,0
163,0.3946,117.3,106.5,0.3986,0.1979,0.1645,model / self-contact,0
164,0.3103,91.5,4.9,0.3143,0.1488,0.2387,hits pocket,0
165,0.2445,487.8,221.1,0.2484,-0.098,0.1156,reachable,1
166,0.6497,459.0,174.4,0.6537,-0.2625,0.0104,outside workspace box,0
167,0.2057,496.7,299.0,0.2097,-0.0872,0.0924,hits pocket,0
168,0.3094,97.5,71.7,0.3133,0.1537,0.1976,hits pocket,0
169,0.518,327.8,70.1,0.5219,-0.0102,0.1975,reachable,1
170,0.3548,555.8,113.8,0.3588,-0.203,0.1628,reachable,1
171,0.1385,380.4,260.1,0.1424,-0.0137,0.1589,model / self-contact,0
172,0.3909,179.8,263.1,0.3949,0.1608,-0.0111,model / self-contact,0
173,0.294,576.0,161.2,0.2979,-0.181,0.1378,reachable,1
174,0.4405,196.2,83.3,0.4444,0.1351,0.1842,model / self-contact,0
175,0.2124,169.4,310.4,0.2163,0.0793,0.0795,hits pocket,0
176,0.4271,431.0,204.5,0.431,-0.1325,0.0461,reachable,1
177,0.1399,573.1,61.2,0.1438,-0.0473,0.2012,model / self-contact,0
178,0.3705,78.0,27.5,0.3745,0.2022,0.2319,outside workspace box,0
179,0.1799,239.7,170.4,0.1839,0.0273,0.1671,hits pocket,0
180,0.2191,227.8,80.2,0.2231,0.0394,0.1951,hits pocket,0
181,0.2815,593.2,150.2,0.2855,-0.18,0.1489,reachable,1
182,0.4462,391.2,239.1,0.4501,-0.0932,-0.0116,reachable,1
183,0.4916,54.2,209.5,0.4955,0.3778,0.0102,outside workspace box,0
184,0.1283,509.2,211.9,0.1323,-0.0339,0.1756,model / self-contact,0
185,0.6065,53.6,116.3,0.6105,0.4374,0.1251,outside workspace box,0
186,0.3258,302.5,322.4,0.3298,0.0172,-0.0352,hits pocket,0
187,0.4752,483.3,174.6,0.4792,-0.2145,0.0677,reachable,1
188,0.2094,203.0,320.4,0.2134,0.061,0.0757,hits pocket,0
189,0.456,4.0,259.6,0.4599,0.4355,-0.0492,outside workspace box,0
190,0.4018,420.4,247.5,0.4057,-0.1169,0.0028,reachable,1
191,0.277,117.0,151.5,0.281,0.131,0.1491,hits pocket,0
192,0.4242,76.1,153.7,0.4281,0.2732,0.1094,outside workspace box,0
193,0.1886,241.6,255.1,0.1925,0.0318,0.1283,hits pocket,0
194,0.4512,92.0,269.6,0.4552,0.3139,-0.0621,outside workspace box,0
195,0.4482,274.8,49.2,0.4522,0.0487,0.2191,model / self-contact,0
196,0.4636,480.0,59.0,0.4675,-0.1813,0.2096,reachable,1
197,0.5009,227.6,329.4,0.5049,0.1554,-0.215,IK fails,0
198,0.4892,118.3,87.1,0.4932,0.2505,0.1776,outside workspace box,0
199,0.1835,336.7,167.2,0.1875,-0.0059,0.1672,hits pocket,0
200,0.1984,484.1,42.2,0.2024,-0.0578,0.2086,reachable,1
201,0.5761,516.1,162.4,0.5801,-0.3185,0.0553,IK fails,0
202,0.1624,385.1,284.2,0.1664,-0.021,0.1341,hits pocket,0
203,0.3465,202.4,135.6,0.3505,0.1005,0.1455,hits pocket,0
204,0.1539,302.4,296.1,0.1579,0.0052,0.1364,hits pocket,0
205,0.0953,545.0,320.1,0.0993,-0.0169,0.1821,model / self-contact,0
206,0.2904,6.0,105.4,0.2944,0.2061,0.1768,outside workspace box,0
207,0.5188,621.1,25.7,0.5227,-0.3776,0.2501,model / self-contact,0
208,0.2696,304.3,46.8,0.2736,0.0088,0.2112,hits pocket,0
209,0.2266,243.8,87.7,0.2306,0.0345,0.1916,hits pocket,0
210,0.3253,268.7,346.4,0.3293,0.0517,-0.0651,hits pocket,0
211,0.0897,608.1,11.0,0.0936,-0.011,0.202,model / self-contact,0
212,0.1821,17.8,239.7,0.1861,0.1136,0.1391,hits pocket,0
213,0.2491,368.9,286.3,0.253,-0.0317,0.0664,hits pocket,0
214,0.3355,157.2,261.1,0.3395,0.1535,0.0281,hits pocket,0
215,0.4923,95.5,31.5,0.4963,0.2662,0.2409,outside workspace box,0
216,0.3561,550.7,320.5,0.36,-0.2527,-0.0611,model / self-contact,0
217,0.3221,98.2,81.2,0.3261,0.1631,0.1908,hits pocket,0
218,0.2145,545.2,234.1,0.2185,-0.1097,0.1236,reachable,1
219,0.6397,483.8,156.8,0.6436,-0.2981,0.0475,IK fails,0
220,0.3494,459.7,143.5,0.3534,-0.1215,0.138,reachable,1
221,0.1698,127.2,334.6,0.1737,0.072,0.106,hits pocket,0
222,0.5651,359.4,215.0,0.569,-0.0664,-0.0337,IK fails,0
223,0.3643,298.7,298.8,0.3683,0.0234,-0.0389,hits pocket,0
224,0.5973,612.1,258.0,0.6012,-0.551,-0.1383,IK fails,0
225,0.1234,603.1,288.8,0.1274,-0.0504,0.1629,model / self-contact,0
226,0.2127,79.6,221.8,0.2167,0.114,0.1311,hits pocket,0
227,0.5073,246.5,62.6,0.5113,0.093,0.2065,model / self-contact,0
228,0.3601,546.9,47.8,0.3641,-0.1864,0.2157,reachable,1
229,0.329,252.8,284.4,0.333,0.0635,0.0069,hits pocket,0
230,0.6369,467.7,203.8,0.6409,-0.2817,-0.0444,IK fails,0
231,0.2993,268.6,355.6,0.3032,0.047,-0.0483,hits pocket,0
232,0.213,116.9,281.5,0.217,0.1036,0.0972,hits pocket,0
233,0.1698,362.1,232.6,0.1738,-0.0139,0.1488,model / self-contact,0
234,0.5404,22.0,355.3,0.5444,0.5669,-0.3159,outside workspace box,0
235,0.2049,79.2,305.3,0.2088,0.119,0.0893,hits pocket,0
236,0.5044,158.3,278.1,0.5084,0.257,-0.1151,outside workspace box,0
237,0.4986,541.4,49.2,0.5025,-0.271,0.2217,reachable,1
238,0.4906,300.7,117.3,0.4945,0.0248,0.1402,reachable,1
239,0.1429,540.9,116.1,0.1468,-0.0457,0.1906,model / self-contact,0
240,0.2239,634.7,330.9,0.2279,-0.1845,0.0545,reachable,1
241,0.5975,521.2,32.3,0.6015,-0.2991,0.2501,IK fails,0
242,0.2274,495.8,70.9,0.2314,-0.0787,0.1988,reachable,1
243,0.4917,381.2,128.1,0.4957,-0.0796,0.1262,reachable,1
244,0.4161,379.1,74.5,0.42,-0.0597,0.1938,reachable,1
245,0.1467,9.0,40.2,0.1507,0.0631,0.2053,hits pocket,0
246,0.6079,226.4,4.3,0.6119,0.1383,0.2888,IK fails,0
247,0.2754,153.3,97.4,0.2793,0.1009,0.1832,hits pocket,0
248,0.3087,602.1,126.7,0.3126,-0.2053,0.1597,reachable,1
249,0.2689,191.0,351.4,0.2729,0.1014,-0.0103,hits pocket,0
250,0.48,53.5,236.9,0.4839,0.3801,-0.0273,outside workspace box,0
251,0.2956,238.2,76.1,0.2995,0.0534,0.195,hits pocket,0
252,0.5651,281.0,358.3,0.569,0.0784,-0.3511,outside workspace box,0
253,0.4627,397.4,69.8,0.4667,-0.0884,0.198,reachable,1
254,0.2777,485.8,27.1,0.2817,-0.0948,0.2221,reachable,1
255,0.4418,209.2,205.4,0.4458,0.138,0.0385,model / self-contact,0
256,0.6453,116.1,169.1,0.6493,0.3798,0.0223,outside workspace box,0
257,0.2506,10.1,133.6,0.2545,0.1704,0.166,hits pocket,0
258,0.313,259.6,312.9,0.3169,0.0555,-0.0122,hits pocket,0
259,0.3048,565.2,207.2,0.3087,-0.1914,0.0975,reachable,1
260,0.4365,161.5,296.5,0.4405,0.2168,-0.095,outside workspace box,0
261,0.1253,135.8,46.8,0.1292,0.0262,0.2028,model / self-contact,0
262,0.5422,581.8,145.2,0.5461,-0.3893,0.0916,IK fails,0
263,0.51,361.0,68.9,0.514,-0.0526,0.199,reachable,1
264,0.226,306.8,197.7,0.23,0.0067,0.138,hits pocket,0
265,0.5357,292.2,16.5,0.5397,0.0359,0.2628,model / self-contact,0
266,0.3474,580.8,271.0,0.3513,-0.2602,0.0089,reachable,1
267,0.4496,540.0,1.4,0.4535,-0.2276,0.2651,reachable,1
268,0.5639,491.1,117.6,0.5679,-0.2588,0.1292,model / self-contact,0
269,0.2306,0.1,227.6,0.2346,0.1727,0.1187,hits pocket,0
270,0.1759,402.3,90.5,0.1798,-0.0248,0.1936,reachable,1
271,0.1624,400.7,178.9,0.1663,-0.0231,0.1701,model / self-contact,0
272,0.3797,567.2,317.7,0.3837,-0.2926,-0.0789,model / self-contact,0
273,0.5309,451.9,162.5,0.5348,-0.1949,0.0682,reachable,1
274,0.1959,533.7,275.1,0.1998,-0.0946,0.1134,reachable,1
275,0.2968,15.7,237.0,0.3007,0.2372,0.0757,outside workspace box,0
276,0.3703,572.3,309.5,0.3742,-0.2864,-0.0587,model / self-contact,0
277,0.4756,241.6,256.7,0.4796,0.1133,-0.0572,IK fails,0
278,0.3964,436.7,303.3,0.4004,-0.143,-0.0722,model / self-contact,0
279,0.5834,330.3,186.1,0.5873,-0.0174,0.0115,IK fails,0
280,0.3529,234.7,303.1,0.3569,0.0903,-0.0351,hits pocket,0
281,0.2247,54.6,161.6,0.2287,0.1281,0.1574,hits pocket,0
282,0.1577,337.8,307.2,0.1616,-0.0056,0.1291,hits pocket,0
283,0.5119,304.1,209.7,0.5159,0.0236,0.0005,model / self-contact,0
284,0.603,602.2,198.2,0.6069,-0.5024,-0.0188,IK fails,0
285,0.5082,215.4,275.2,0.5122,0.1671,-0.1123,IK fails,0
286,0.2817,352.8,62.6,0.2857,-0.0198,0.2031,hits pocket,0
287,0.4368,186.1,348.1,0.4407,0.1959,-0.1868,IK fails,0
288,0.3074,581.8,106.6,0.3113,-0.1856,0.1742,reachable,1
289,0.3239,363.1,127.7,0.3279,-0.0335,0.1563,hits pocket,0
290,0.2539,383.6,10.2,0.2578,-0.0316,0.2271,hits pocket,0
291,0.4148,0.1,173.7,0.4188,0.3563,0.0889,outside workspace box,0
292,0.5324,59.5,87.2,0.5364,0.3573,0.1752,outside workspace box,0
293,0.5385,537.8,139.6,0.5425,-0.3194,0.1009,model / self-contact,0
294,0.3773,177.4,254.2,0.3812,0.1548,0.0092,hits pocket,0
295,0.4583,104.0,105.8,0.4623,0.2529,0.1583,outside workspace box,0
296,0.5106,452.0,245.1,0.5145,-0.2044,-0.0589,model / self-contact,0
297,0.5632,50.9,38.1,0.5672,0.3757,0.2394,outside workspace box,0
298,0.3521,228.4,204.6,0.3561,0.0861,0.0789,hits pocket,0
299,0.5119,401.1,27.7,0.5158,-0.1003,0.247,reachable,1
300,0.2913,79.0,245.3,0.2952,0.185,0.0716,hits pocket,0
301,0.2726,315.0,241.8,0.2766,0.0035,0.0855,hits pocket,0
302,0.3636,29.5,347.1,0.3676,0.3385,-0.1069,outside workspace box,0
303,0.5418,475.0,191.3,0.5458,-0.242,0.0183,model / self-contact,0
304,0.4351,361.4,44.2,0.4391,-0.0428,0.2233,hits pocket,0
305,0.4586,110.6,296.5,0.4626,0.3041,-0.1131,outside workspace box,0
306,0.1851,601.5,226.5,0.1891,-0.1071,0.1431,reachable,1
307,0.4771,356.6,277.8,0.4811,-0.0544,-0.0945,model / self-contact,0
308,0.6112,219.1,235.9,0.6151,0.1905,-0.0991,IK fails,0
309,0.5965,438.3,132.2,0.6004,-0.1937,0.1007,IK fails,0
310,0.1141,529.7,307.9,0.1181,-0.0307,0.1668,model / self-contact,0
311,0.2149,186.1,284.4,0.2188,0.0695,0.094,hits pocket,0
312,0.5296,47.2,246.0,0.5335,0.4415,-0.0719,outside workspace box,0
313,0.3859,410.7,124.1,0.3898,-0.0877,0.1488,model / self-contact,0
314,0.5641,13.8,202.6,0.568,0.5073,-0.0104,outside workspace box,0
315,0.1489,50.0,138.0,0.1529,0.0623,0.1848,hits pocket,0
316,0.5467,243.2,4.7,0.5506,0.1004,0.2781,IK fails,0
317,0.4111,317.6,156.9,0.415,0.0026,0.1092,hits pocket,0
318,0.2105,544.0,104.9,0.2145,-0.0922,0.1857,reachable,1
319,0.0897,31.7,95.9,0.0937,0.012,0.1989,model / self-contact,0
320,0.1603,26.6,199.0,0.1643,0.0836,0.1648,hits pocket,0
321,0.1392,47.5,330.0,0.1432,0.0682,0.1381,hits pocket,0
322,0.4502,60.7,349.4,0.4541,0.3943,-0.2039,outside workspace box,0
323,0.0922,464.5,202.8,0.0962,-0.0079,0.193,model / self-contact,0
324,0.2855,538.8,150.5,0.2894,-0.147,0.1477,reachable,1
325,0.3633,86.6,40.8,0.3673,0.1927,0.2212,hits pocket,0
326,0.4179,364.0,186.7,0.4218,-0.0502,0.0722,hits pocket,0
327,0.2775,561.7,181.5,0.2814,-0.1615,0.1284,reachable,1
328,0.3865,164.2,110.5,0.3904,0.1488,0.1617,hits pocket,0
329,0.25,120.4,32.6,0.254,0.099,0.2166,hits pocket,0
330,0.4473,438.0,212.7,0.4512,-0.1504,0.026,reachable,1
331,0.2278,290.9,39.5,0.2317,0.0127,0.2117,hits pocket,0
332,0.1962,327.0,179.0,0.2002,-0.0028,0.1584,hits pocket,0
333,0.5573,528.2,156.0,0.5612,-0.3232,0.0711,model / self-contact,0
334,0.1171,169.9,339.1,0.1211,0.0247,0.1579,model / self-contact,0
335,0.1918,492.3,7.3,0.1958,-0.0555,0.2185,reachable,1
336,0.6095,557.2,126.0,0.6134,-0.3955,0.1086,IK fails,0
337,0.2877,594.8,288.1,0.2916,-0.2184,0.035,reachable,1
338,0.1257,549.3,164.6,0.1297,-0.0371,0.1853,model / self-contact,0
339,0.1313,545.3,293.8,0.1353,-0.0471,0.1554,model / self-contact,0
340,0.4962,554.6,186.8,0.5001,-0.3287,0.0428,model / self-contact,0
341,0.559,171.6,77.6,0.5629,0.2133,0.187,outside workspace box,0
342,0.2695,384.1,53.2,0.2735,-0.0361,0.2079,hits pocket,0
343,0.2521,549.8,168.6,0.2561,-0.1323,0.1453,reachable,1
344,0.3226,218.2,296.9,0.3265,0.0953,-0.0022,hits pocket,0
345,0.5039,606.9,112.4,0.5078,-0.3785,0.1447,reachable,1
346,0.5721,83.1,93.3,0.576,0.3554,0.1641,outside workspace box,0
347,0.1142,206.4,174.1,0.1182,0.0143,0.1874,model / self-contact,0
348,0.135,362.7,34.6,0.1389,-0.0072,0.2053,model / self-contact,0
349,0.0868,512.6,87.8,0.0907,-0.0062,0.1994,model / self-contact,0
350,0.0817,385.2,52.7,0.0857,-0.0011,0.2002,model / self-contact,0
351,0.5693,531.6,143.0,0.5732,-0.332,0.0889,IK fails,0
352,0.1009,476.2,72.3,0.1048,-0.0115,0.1997,model / self-contact,0
353,0.2646,109.7,178.0,0.2686,0.1311,0.1353,hits pocket,0
354,0.3828,532.5,168.9,0.3868,-0.2132,0.1044,reachable,1
355,0.4634,248.0,271.8,0.4673,0.1027,-0.0741,IK fails,0
356,0.2892,438.9,277.8,0.2931,-0.0939,0.0436,model / self-contact,0
357,0.2573,76.2,294.5,0.2613,0.1673,0.0534,hits pocket,0
358,0.4711,442.7,355.8,0.475,-0.1987,-0.2399,IK fails,0
359,0.4122,580.3,4.8,0.4162,-0.2431,0.2557,reachable,1
360,0.6261,62.3,314.1,0.6301,0.5501,-0.2958,outside workspace box,0
361,0.5497,21.9,48.0,0.5536,0.4085,0.2259,outside workspace box,0
362,0.5039,439.6,353.4,0.5079,-0.2091,-0.2709,IK fails,0
363,0.114,501.6,138.2,0.118,-0.0218,0.192,model / self-contact,0
364,0.4135,350.0,133.2,0.4175,-0.0319,0.1346,hits pocket,0
365,0.3739,10.7,59.4,0.3779,0.2695,0.2071,outside workspace box,0
366,0.4318,390.3,29.6,0.4358,-0.0712,0.2367,reachable,1
367,0.3628,538.4,103.2,0.3668,-0.1913,0.1709,reachable,1
368,0.174,579.9,253.1,0.178,-0.0917,0.1384,reachable,1
369,0.5445,618.6,123.1,0.5485,-0.436,0.124,IK fails,0
370,0.6026,289.6,284.3,0.6065,0.0598,-0.2018,IK fails,0
371,0.2438,577.7,289.7,0.2477,-0.1627,0.068,reachable,1
372,0.2061,584.1,55.2,0.2101,-0.1001,0.2046,reachable,1
373,0.0802,413.7,269.3,0.0842,-0.0014,0.1971,model / self-contact,0
374,0.5583,172.1,132.9,0.5623,0.2246,0.107,outside workspace box,0
375,0.2508,1.2,320.4,0.2548,0.218,0.0371,outside workspace box,0
376,0.087,394.6,336.9,0.0909,-0.0033,0.1889,model / self-contact,0
377,0.4713,349.0,80.0,0.4753,-0.0342,0.1866,hits pocket,0
378,0.5659,523.4,88.6,0.5699,-0.2999,0.1713,model / self-contact,0
379,0.1288,113.5,172.8,0.1327,0.0358,0.1829,model / self-contact,0
380,0.4672,196.8,134.7,0.4711,0.152,0.1223,model / self-contact,0
381,0.4408,202.8,190.7,0.4448,0.1432,0.0585,model / self-contact,0
382,0.0838,502.9,105.7,0.0878,-0.0044,0.1992,model / self-contact,0
383,0.5766,151.7,196.5,0.5806,0.284,-0.0048,outside workspace box,0
384,0.2584,318.7,119.1,0.2624,0.0007,0.1727,hits pocket,0
385,0.103,614.0,58.8,0.107,-0.0232,0.2007,model / self-contact,0
386,0.2118,195.3,231.4,0.2157,0.0594,0.1266,hits pocket,0
387,0.3129,451.7,250.2,0.3169,-0.1119,0.0539,model / self-contact,0
388,0.4239,534.2,116.6,0.4279,-0.2307,0.1506,reachable,1
389,0.2583,345.6,25.8,0.2623,-0.0132,0.2206,hits pocket,0
390,0.5202,360.4,351.4,0.5242,-0.0731,-0.2841,IK fails,0
391,0.212,307.8,70.7,0.2159,0.0049,0.199,hits pocket,0
392,0.3045,27.2,209.4,0.3085,0.2289,0.0957,outside workspace box,0
393,0.3001,421.5,191.3,0.304,-0.0762,0.1126,model / self-contact,0
394,0.6398,225.3,14.6,0.6437,0.1497,0.2796,IK fails,0
395,0.1792,48.1,9.2,0.1831,0.0782,0.216,hits pocket,0
396,0.141,87.2,286.0,0.1449,0.0566,0.15,hits pocket,0
397,0.6089,217.6,4.8,0.6129,0.1517,0.2884,IK fails,0
398,0.6272,205.5,303.4,0.6311,0.2416,-0.2688,outside workspace box,0
399,0.3453,465.6,93.9,0.3492,-0.1186,0.1801,reachable,1
400,0.5465,500.9,251.5,0.5505,-0.3057,-0.0927,IK fails,0
401,0.2679,348.5,236.7,0.2719,-0.0193,0.0922,hits pocket,0
402,0.4201,501.7,2.6,0.424,-0.1733,0.2589,reachable,1
403,0.4053,380.6,38.0,0.4093,-0.0571,0.2267,reachable,1
404,0.4537,485.0,193.0,0.4576,-0.2093,0.0504,reachable,1
405,0.606,453.5,74.1,0.6099,-0.21,0.1909,model / self-contact,0
406,0.1119,209.6,210.1,0.1159,0.0136,0.1835,model / self-contact,0
407,0.3271,637.7,235.5,0.331,-0.2811,0.0601,reachable,1
408,0.194,362.3,9.8,0.198,-0.0139,0.2181,reachable,1
409,0.135,623.8,29.2,0.139,-0.0509,0.2061,model / self-contact,0
410,0.5617,366.8,278.6,0.5657,-0.0843,-0.1583,IK fails,0
411,0.2586,551.2,273.7,0.2626,-0.1557,0.0693,reachable,1
412,0.1333,372.2,292.7,0.1373,-0.0113,0.1541,model / self-contact,0
413,0.2362,52.1,165.1,0.2402,0.1398,0.1522,hits pocket,0
414,0.2738,2.4,186.1,0.2777,0.2093,0.1265,outside workspace box,0
415,0.4476,565.2,120.3,0.4516,-0.2832,0.143,reachable,1
416,0.3306,363.6,107.9,0.3345,-0.034,0.1706,hits pocket,0
417,0.1029,235.3,85.5,0.1068,0.0068,0.1987,model / self-contact,0
418,0.1,33.4,80.2,0.104,0.0205,0.1992,model / self-contact,0
419,0.274,96.4,45.0,0.2779,0.1277,0.2124,hits pocket,0
420,0.2833,400.6,198.6,0.2873,-0.0565,0.1137,hits pocket,0
421,0.2878,469.3,337.3,0.2918,-0.1265,-0.0153,model / self-contact,0
422,0.1907,240.2,185.1,0.1946,0.0305,0.1578,hits pocket,0
423,0.4562,111.3,139.9,0.4602,0.2516,0.1181,outside workspace box,0
424,0.5349,9.5,49.8,0.5388,0.413,0.2228,outside workspace box,0
425,0.0833,212.6,201.3,0.0873,0.0026,0.1969,model / self-contact,0
426,0.1744,352.5,10.0,0.1783,-0.0089,0.215,model / self-contact,0
427,0.1252,286.7,188.6,0.1291,0.0055,0.1813,model / self-contact,0
428,0.4735,293.8,281.0,0.4774,0.0388,-0.0973,IK fails,0
429,0.5294,236.2,178.6,0.5334,0.1256,0.0435,IK fails,0
430,0.6314,168.4,50.5,0.6354,0.2441,0.2266,outside workspace box,0
431,0.3363,558.7,314.7,0.3403,-0.2413,-0.0353,model / self-contact,0
432,0.5241,22.6,267.5,0.5281,0.4878,-0.1088,outside workspace box,0
433,0.5377,617.7,12.9,0.5416,-0.3847,0.2672,model / self-contact,0
434,0.5903,215.6,240.0,0.5943,0.1903,-0.0958,IK fails,0
435,0.4814,73.4,173.0,0.4853,0.3284,0.0679,outside workspace box,0
436,0.6323,593.0,305.0,0.6363,-0.5823,-0.2773,IK fails,0
437,0.4037,282.5,146.3,0.4076,0.0393,0.1227,hits pocket,0
438,0.4052,442.8,325.0,0.4092,-0.1591,-0.1143,model / self-contact,0
439,0.5128,579.8,149.6,0.5168,-0.3637,0.0921,model / self-contact,0
440,0.4743,638.8,28.4,0.4783,-0.3606,0.2423,reachable,1
441,0.5737,578.0,322.0,0.5776,-0.5033,-0.2676,IK fails,0
442,0.3549,178.4,146.3,0.3588,0.1261,0.1342,hits pocket,0
443,0.4463,620.6,95.6,0.4503,-0.3373,0.1708,reachable,1
444,0.5722,486.3,52.8,0.5762,-0.2398,0.2207,model / self-contact,0
445,0.5838,323.3,344.3,0.5878,-0.0069,-0.3344,IK fails,0
446,0.5508,606.4,65.8,0.5547,-0.4001,0.2029,model / self-contact,0
447,0.4397,552.2,341.0,0.4437,-0.3394,-0.1766,IK fails,0
448,0.1447,235.9,211.3,0.1487,0.0198,0.1682,hits pocket,0
449,0.2537,637.6,260.0,0.2577,-0.2047,0.0832,reachable,1
450,0.2499,588.1,256.5,0.2538,-0.1684,0.0883,reachable,1
451,0.242,594.8,116.8,0.2459,-0.1412,0.1763,reachable,1
452,0.1148,19.0,252.3,0.1188,0.0419,0.1758,model / self-contact,0
453,0.631,31.2,236.2,0.635,0.5655,-0.1108,outside workspace box,0
454,0.1872,41.1,273.5,0.1912,0.1144,0.1205,hits pocket,0
455,0.1665,551.2,4.4,0.1704,-0.0581,0.2151,model / self-contact,0
456,0.129,624.1,207.1,0.133,-0.055,0.1763,model / self-contact,0
457,0.3107,3.0,147.3,0.3146,0.2377,0.1439,outside workspace box,0
458,0.1424,341.0,245.1,0.1463,-0.005,0.1605,model / self-contact,0
459,0.6479,203.8,19.1,0.6519,0.1872,0.2743,outside workspace box,0
460,0.2212,271.3,244.3,0.2251,0.0252,0.114,hits pocket,0
461,0.105,440.5,356.3,0.1089,-0.0143,0.1677,model / self-contact,0
462,0.4318,105.8,288.6,0.4358,0.2864,-0.0784,outside workspace box,0
463,0.3068,606.6,131.3,0.3108,-0.2079,0.1567,reachable,1
464,0.1625,183.3,289.6,0.1665,0.0445,0.132,hits pocket,0
465,0.598,243.1,237.4,0.602,0.1419,-0.0948,IK fails,0
466,0.5684,520.2,30.6,0.5724,-0.2806,0.2495,model / self-contact,0
467,0.3823,506.4,169.5,0.3862,-0.1869,0.104,reachable,1
468,0.2422,283.7,20.0,0.2461,0.017,0.2212,hits pocket,0
469,0.1089,584.4,215.5,0.1129,-0.0299,0.1842,model / self-contact,0
470,0.5367,352.9,222.6,0.5407,-0.0527,-0.0335,IK fails,0
471,0.632,372.2,72.5,0.6359,-0.086,0.193,IK fails,0
472,0.4626,189.6,261.1,0.4666,0.1831,-0.056,IK fails,0
473,0.2826,590.9,275.4,0.2866,-0.2069,0.0505,reachable,1
474,0.3939,33.5,8.3,0.3978,0.2538,0.2499,outside workspace box,0
475,0.2416,504.0,25.3,0.2455,-0.0862,0.2189,reachable,1
476,0.4378,242.7,323.8,0.4418,0.1099,-0.1431,IK fails,0
477,0.4623,259.0,331.9,0.4662,0.0935,-0.182,IK fails,0
478,0.3751,430.2,256.4,0.3791,-0.1191,0.0079,model / self-contact,0
479,0.3931,299.2,350.1,0.3971,0.0268,-0.1434,hits pocket,0
480,0.1654,260.0,33.7,0.1693,0.0153,0.2083,model / self-contact,0
481,0.1808,49.8,244.4,0.1848,0.1008,0.1379,hits pocket,0
482,0.2881,424.7,75.5,0.2921,-0.066,0.1955,reachable,1
483,0.5151,208.6,88.7,0.519,0.1473,0.1741,model / self-contact,0
484,0.1632,194.4,329.3,0.1672,0.0433,0.1149,hits pocket,0
485,0.2276,572.8,55.3,0.2315,-0.1116,0.2053,reachable,1
486,0.553,629.6,17.0,0.5569,-0.4149,0.2645,IK fails,0
487,0.6249,104.8,186.9,0.6289,0.3941,-0.0054,outside workspace box,0
488,0.3549,76.1,135.7,0.3589,0.2148,0.1437,outside workspace box,0
489,0.1992,417.4,121.0,0.2032,-0.0373,0.1808,reachable,1
490,0.6387,581.0,2.9,0.6427,-0.4074,0.2959,IK fails,0
491,0.489,95.6,83.2,0.4929,0.2775,0.1823,outside workspace box,0
492,0.5854,142.5,74.9,0.5894,0.2685,0.1902,outside workspace box,0
493,0.5937,293.7,276.3,0.5977,0.0505,-0.1766,IK fails,0
494,0.4582,251.6,332.6,0.4622,0.1039,-0.1794,IK fails,0
495,0.3153,387.1,162.2,0.3192,-0.0521,0.1309,hits pocket,0
496,0.3411,207.4,100.4,0.345,0.0909,0.1753,hits pocket,0
497,0.0942,260.9,94.4,0.0982,0.0033,0.1986,model / self-contact,0
498,0.2516,622.9,206.2,0.2555,-0.1812,0.122,reachable,1
499,0.5515,537.8,175.3,0.5555,-0.3411,0.0413,IK fails,0
500,0.1912,105.5,52.4,0.1951,0.0718,0.2049,hits pocket,0
501,0.2468,550.5,275.3,0.2508,-0.1455,0.0765,reachable,1
502,0.2828,597.5,309.7,0.2868,-0.2214,0.0179,reachable,1
503,0.4738,383.9,354.5,0.4777,-0.104,-0.2402,IK fails,0
504,0.5848,126.6,215.5,0.5887,0.339,-0.044,outside workspace box,0
505,0.4972,340.7,168.3,0.5012,-0.0285,0.0697,reachable,1
506,0.5571,488.2,346.0,0.5611,-0.3273,-0.3106,IK fails,0
507,0.4912,522.7,170.5,0.4952,-0.2758,0.0684,reachable,1
508,0.3321,222.8,301.2,0.3361,0.095,-0.0151,hits pocket,0
509,0.3667,71.1,12.1,0.3707,0.2024,0.2429,outside workspace box,0
510,0.2274,159.0,229.9,0.2314,0.0854,0.119,hits pocket,0
511,0.2935,283.9,50.9,0.2975,0.0228,0.2102,hits pocket,0
512,0.1113,363.9,191.0,0.1153,-0.0052,0.1863,model / self-contact,0
513,0.1393,550.4,257.0,0.1433,-0.0527,0.1592,model / self-contact,0
514,0.2961,70.6,62.4,0.3001,0.1611,0.2034,hits pocket,0
515,0.4266,156.7,82.3,0.4305,0.1712,0.1858,model / self-contact,0
516,0.5987,76.4,76.7,0.6026,0.3787,0.1873,outside workspace box,0
517,0.5951,75.3,80.2,0.5991,0.3791,0.1822,outside workspace box,0
518,0.6317,499.9,161.4,0.6357,-0.3243,0.0411,IK fails,0
519,0.172,209.2,213.7,0.176,0.0365,0.1546,hits pocket,0
520,0.4825,293.9,88.3,0.4864,0.0319,0.1766,model / self-contact,0
521,0.5882,117.9,319.0,0.5921,0.4041,-0.2736,outside workspace box,0
522,0.2314,491.9,318.9,0.2354,-0.1043,0.0563,hits pocket,0
523,0.3961,33.1,327.0,0.4001,0.3622,-0.1087,outside workspace box,0
524,0.2429,28.1,279.3,0.2469,0.1809,0.0764,hits pocket,0
525,0.4116,609.3,354.5,0.4155,-0.3972,-0.1712,IK fails,0
526,0.2148,581.0,128.5,0.2188,-0.1135,0.1752,reachable,1
527,0.2354,223.2,3.1,0.2394,0.0428,0.2271,hits pocket,0
528,0.3645,299.3,130.3,0.3684,0.0187,0.1467,hits pocket,0
529,0.1767,18.9,341.6,0.1806,0.1219,0.0955,hits pocket,0
530,0.4526,53.8,218.2,0.4566,0.3463,0.0156,outside workspace box,0
531,0.1427,205.4,329.6,0.1467,0.0303,0.1348,hits pocket,0
532,0.3195,110.1,303.7,0.3234,0.1957,-0.0074,hits pocket,0
533,0.3353,358.3,276.4,0.3393,-0.0367,0.0112,model / self-contact,0
534,0.3437,569.9,80.6,0.3477,-0.1998,0.1905,reachable,1
535,0.418,108.7,85.7,0.422,0.2168,0.1829,outside workspace box,0
536,0.6472,286.9,97.1,0.6511,0.0573,0.1524,outside workspace box,0
537,0.4648,370.2,318.8,0.4687,-0.0762,-0.1593,IK fails,0
538,0.6198,58.5,176.7,0.6238,0.4691,0.016,outside workspace box,0
539,0.5075,340.1,50.9,0.5114,-0.0251,0.2202,reachable,1
540,0.4464,497.9,264.4,0.4504,-0.2404,-0.0505,model / self-contact,0
541,0.2542,544.6,154.9,0.2582,-0.1289,0.1529,reachable,1
542,0.6315,573.2,30.9,0.6354,-0.4003,0.2554,IK fails,0
543,0.5311,114.2,120.4,0.5351,0.2911,0.1301,outside workspace box,0
544,0.4393,79.9,134.2,0.4433,0.2749,0.1284,outside workspace box,0
545,0.2266,211.6,304.2,0.2306,0.0626,0.0714,hits pocket,0
546,0.1158,377.5,126.9,0.1198,-0.0072,0.1931,model / self-contact,0
547,0.2402,178.2,293.8,0.2441,0.088,0.0677,hits pocket,0
548,0.5995,221.0,319.9,0.6034,0.2026,-0.2864,outside workspace box,0
549,0.2055,367.4,39.7,0.2095,-0.0176,0.2099,model / self-contact,0
550,0.6069,506.6,136.5,0.6109,-0.313,0.0915,IK fails,0
551,0.4433,242.7,355.3,0.4473,0.1163,-0.2081,IK fails,0
552,0.5302,178.4,197.0,0.5342,0.2169,0.0135,outside workspace box,0
553,0.2998,158.8,106.3,0.3038,0.1105,0.1752,hits pocket,0
554,0.4383,232.2,338.2,0.4423,0.1273,-0.1699,IK fails,0
555,0.2912,377.5,340.8,0.2951,-0.0497,-0.0226,model / self-contact,0
556,0.5503,439.2,60.7,0.5543,-0.1655,0.2096,reachable,1
557,0.4555,94.0,293.2,0.4594,0.324,-0.1047,outside workspace box,0
558,0.4261,3.2,274.2,0.43,0.4094,-0.0515,outside workspace box,0
559,0.3031,606.7,335.0,0.307,-0.2595,-0.0281,model / self-contact,0
560,0.2881,71.1,151.0,0.2921,0.1694,0.1467,hits pocket,0
561,0.2457,320.0,89.7,0.2497,-0.0,0.1895,hits pocket,0
562,0.2176,41.0,270.9,0.2216,0.1452,0.1003,hits pocket,0
563,0.5548,435.7,99.6,0.5588,-0.1686,0.1565,reachable,1
564,0.5186,152.5,43.4,0.5226,0.2136,0.2296,outside workspace box,0
565,0.3926,146.0,62.8,0.3965,0.1617,0.2045,model / self-contact,0
566,0.1013,274.2,149.5,0.1052,0.0037,0.1938,model / self-contact,0
567,0.2077,468.3,132.7,0.2117,-0.0615,0.1747,reachable,1
568,0.4262,608.7,8.1,0.4301,-0.2817,0.2552,reachable,1
569,0.2375,11.4,137.5,0.2415,0.1577,0.1665,hits pocket,0
570,0.3931,51.4,281.9,0.3971,0.3173,-0.0386,outside workspace box,0
571,0.1164,49.5,351.8,0.1204,0.0446,0.1559,hits pocket,0
572,0.2935,314.9,11.0,0.2975,0.0031,0.2327,hits pocket,0
573,0.4565,314.6,308.3,0.4605,0.0079,-0.1323,IK fails,0
574,0.0771,225.5,66.3,0.0811,0.0003,0.2,model / self-contact,0
575,0.1555,210.2,22.6,0.1595,0.0246,0.2096,model / self-contact,0
576,0.2744,416.5,72.6,0.2783,-0.0567,0.1975,reachable,1
577,0.5545,4.5,328.6,0.5585,0.5967,-0.2652,outside workspace box,0
578,0.3451,60.6,246.4,0.349,0.2492,0.0382,outside workspace box,0
579,0.1581,526.0,64.3,0.162,-0.0497,0.2008,model / self-contact,0
580,0.311,610.6,75.0,0.315,-0.2027,0.1954,reachable,1
581,0.2483,107.0,117.0,0.2522,0.1136,0.1753,hits pocket,0
582,0.6241,388.9,190.5,0.628,-0.1265,-0.0122,IK fails,0
583,0.228,517.0,267.6,0.232,-0.1097,0.0951,hits pocket,0
584,0.226,193.8,164.7,0.23,0.0616,0.1554,hits pocket,0
585,0.2775,118.9,70.8,0.2814,0.1198,0.1984,hits pocket,0
586,0.413,215.2,338.8,0.417,0.1415,-0.1451,IK fails,0
587,0.3804,533.6,157.4,0.3844,-0.21,0.117,reachable,1
588,0.1296,174.5,156.0,0.1336,0.0251,0.1857,model / self-contact,0
589,0.1093,634.6,197.9,0.1133,-0.0353,0.1862,model / self-contact,0
590,0.4311,545.0,154.8,0.4351,-0.2574,0.1062,reachable,1
591,0.3488,100.6,142.4,0.3528,0.1903,0.1391,hits pocket,0
592,0.3475,318.2,295.1,0.3514,0.0018,-0.0204,hits pocket,0
593,0.2346,193.6,96.4,0.2386,0.0608,0.1871,hits pocket,0
594,0.2123,127.5,208.1,0.2163,0.0896,0.1384,hits pocket,0
595,0.1081,212.4,93.1,0.112,0.0104,0.1977,model / self-contact,0
596,0.5536,115.5,91.6,0.5576,0.2949,0.1679,outside workspace box,0
597,0.496,141.6,298.2,0.4999,0.2849,-0.147,outside workspace box,0
598,0.1191,623.5,271.3,0.123,-0.048,0.1696,model / self-contact,0
599,0.3162,601.6,303.2,0.3201,-0.2588,-0.0039,reachable,1
600,0.1806,277.5,11.1,0.1845,0.0124,0.2157,hits pocket,0
601,0.645,457.5,39.8,0.649,-0.2246,0.2435,IK fails,0
602,0.2277,13.9,356.8,0.2317,0.1906,0.0303,hits pocket,0
603,0.2237,295.0,196.4,0.2277,0.0125,0.1397,hits pocket,0
604,0.5441,141.1,18.2,0.548,0.2355,0.2619,outside workspace box,0
605,0.5659,622.3,45.2,0.5699,-0.4273,0.2304,IK fails,0
606,0.2827,461.1,270.1,0.2866,-0.1071,0.0552,reachable,1
607,0.6273,36.8,248.6,0.6312,0.5587,-0.1362,outside workspace box,0
608,0.372,421.6,84.3,0.376,-0.0901,0.1864,model / self-contact,0
609,0.4537,77.9,258.4,0.4577,0.3312,-0.0459,outside workspace box,0
610,0.0862,285.9,3.1,0.0902,0.001,0.2017,model / self-contact,0
611,0.3951,436.5,249.3,0.3991,-0.1331,0.0044,reachable,1
612,0.1133,145.7,238.7,0.1173,0.023,0.1788,model / self-contact,0
613,0.2633,401.7,206.0,0.2673,-0.0521,0.1169,hits pocket,0
614,0.1586,140.3,260.8,0.1626,0.0539,0.1454,hits pocket,0
615,0.4464,100.7,227.8,0.4503,0.2837,0.0049,outside workspace box,0
616,0.1092,65.3,94.4,0.1131,0.0255,0.1975,model / self-contact,0
617,0.2606,584.9,3.0,0.2646,-0.1356,0.2314,reachable,1
618,0.5941,100.4,168.1,0.5981,0.3719,0.04,outside workspace box,0
619,0.162,452.7,129.7,0.166,-0.0358,0.1843,model / self-contact,0
620,0.4822,451.2,195.1,0.4861,-0.1794,0.036,reachable,1
621,0.2419,28.7,62.3,0.2459,0.1417,0.2026,hits pocket,0
622,0.3873,298.6,205.0,0.3912,0.0227,0.063,hits pocket,0
623,0.3005,347.5,203.8,0.3044,-0.021,0.1022,hits pocket,0
624,0.1231,178.4,186.5,0.1271,0.0222,0.1824,model / self-contact,0
625,0.0825,479.5,343.1,0.0864,-0.0041,0.1933,model / self-contact,0
626,0.2518,500.7,80.6,0.2558,-0.0949,0.1938,reachable,1
627,0.3873,21.5,348.9,0.3912,0.3773,-0.135,outside workspace box,0
628,0.6364,52.2,115.8,0.6403,0.4642,0.1219,outside workspace box,0
629,0.2177,38.4,330.4,0.2217,0.1581,0.0609,hits pocket,0
630,0.5877,49.8,224.9,0.5917,0.4813,-0.0638,outside workspace box,0
631,0.2074,234.5,124.8,0.2114,0.0351,0.178,hits pocket,0
632,0.3532,199.2,24.3,0.3571,0.0947,0.2323,hits pocket,0
633,0.4834,218.6,59.8,0.4874,0.1209,0.2092,model / self-contact,0
634,0.1313,571.7,290.6,0.1353,-0.0524,0.1563,model / self-contact,0
635,0.5988,584.7,147.2,0.6027,-0.4422,0.0752,IK fails,0
636,0.108,53.5,354.2,0.112,0.0349,0.1646,model / self-contact,0
637,0.5043,477.1,257.2,0.5083,-0.2433,-0.0765,model / self-contact,0
638,0.3577,156.6,269.3,0.3617,0.1689,0.0037,hits pocket,0
639,0.2181,30.1,35.1,0.2221,0.1177,0.2126,hits pocket,0
640,0.2144,542.4,153.2,0.2184,-0.099,0.1642,reachable,1
641,0.2348,342.3,118.9,0.2388,-0.011,0.1763,hits pocket,0
642,0.1494,126.8,126.5,0.1534,0.0443,0.1873,hits pocket,0
643,0.2168,138.3,172.2,0.2208,0.084,0.1545,hits pocket,0
644,0.4388,564.7,21.0,0.4427,-0.2503,0.2454,reachable,1
645,0.3405,551.0,331.5,0.3445,-0.2425,-0.061,model / self-contact,0
646,0.3288,258.0,12.8,0.3327,0.0439,0.2368,hits pocket,0
647,0.147,415.9,121.8,0.151,-0.0212,0.1888,model / self-contact,0
648,0.3848,301.2,58.4,0.3887,0.017,0.2081,hits pocket,0
649,0.1477,292.5,358.1,0.1517,0.0081,0.1193,hits pocket,0
650,0.3011,406.5,71.8,0.305,-0.0577,0.1976,model / self-contact,0
651,0.2664,478.4,179.0,0.2704,-0.0997,0.134,reachable,1
652,0.2795,569.0,314.0,0.2835,-0.1966,0.0167,reachable,1
653,0.162,60.6,123.4,0.1659,0.0695,0.186,hits pocket,0
654,0.3531,476.7,229.9,0.357,-0.152,0.0518,reachable,1
655,0.2071,337.6,155.4,0.2111,-0.0074,0.1651,hits pocket,0
656,0.3891,569.6,123.5,0.393,-0.2436,0.1489,reachable,1
657,0.5541,83.6,18.9,0.5581,0.3182,0.2624,outside workspace box,0
658,0.4441,82.5,48.7,0.4481,0.2531,0.2194,outside workspace box,0
659,0.0948,137.5,281.1,0.0988,0.0127,0.186,model / self-contact,0
660,0.5702,20.0,136.5,0.5741,0.4686,0.099,outside workspace box,0
661,0.3393,86.1,1.9,0.3432,0.1706,0.2455,hits pocket,0
662,0.1879,287.3,157.7,0.1919,0.0118,0.1694,hits pocket,0
663,0.3223,454.6,306.6,0.3263,-0.1274,-0.0132,model / self-contact,0
664,0.0961,592.6,258.0,0.1,-0.0198,0.187,model / self-contact,0
665,0.427,601.9,141.4,0.4309,-0.3142,0.1227,reachable,1
666,0.1823,112.3,187.6,0.1862,0.0737,0.1599,hits pocket,0
667,0.6481,419.1,110.1,0.6521,-0.1743,0.1301,outside workspace box,0
668,0.1601,69.7,203.0,0.1641,0.0715,0.1636,hits pocket,0
669,0.3508,189.1,309.7,0.3547,0.1388,-0.0418,hits pocket,0
670,0.3165,57.0,262.3,0.3204,0.2301,0.0396,outside workspace box,0
671,0.3173,52.9,174.4,0.3213,0.2121,0.1202,outside workspace box,0
672,0.4105,373.6,156.4,0.4145,-0.0579,0.1099,hits pocket,0
673,0.3846,450.5,356.2,0.3885,-0.1651,-0.1442,model / self-contact,0
674,0.5983,282.0,256.3,0.6023,0.0717,-0.1354,IK fails,0
675,0.6364,14.7,13.0,0.6404,0.4789,0.2815,outside workspace box,0
676,0.4462,349.4,18.6,0.4502,-0.0307,0.2485,hits pocket,0
677,0.2916,61.8,38.2,0.2956,0.1596,0.2174,hits pocket,0
678,0.5623,424.8,295.2,0.5663,-0.193,-0.1951,IK fails,0
679,0.1337,247.5,352.9,0.1376,0.0171,0.1367,hits pocket,0
680,0.4749,429.3,83.4,0.4789,-0.1305,0.1827,reachable,1
681,0.0768,300.4,10.9,0.0808,0.0,0.2001,model / self-contact,0
682,0.4628,189.4,35.1,0.4668,0.1444,0.2344,model / self-contact,0
683,0.45,294.9,231.8,0.4539,0.033,-0.003,model / self-contact,0
684,0.4597,30.4,149.3,0.4637,0.3559,0.1057,outside workspace box,0
685,0.2796,578.0,340.6,0.2836,-0.2109,-0.0103,reachable,1
686,0.0771,368.9,336.2,0.0811,-0.0002,0.1989,model / self-contact,0
687,0.5596,624.8,163.7,0.5636,-0.4794,0.0579,IK fails,0
688,0.5147,107.4,336.9,0.5186,0.3727,-0.245,outside workspace box,0
689,0.313,417.9,62.3,0.3169,-0.068,0.2037,model / self-contact,0
690,0.5857,374.8,144.7,0.5897,-0.0891,0.0824,model / self-contact,0
691,0.5752,352.5,32.1,0.5792,-0.0462,0.2483,model / self-contact,0
692,0.4357,199.2,61.8,0.4397,0.1273,0.2062,model / self-contact,0
693,0.3424,517.1,104.5,0.3464,-0.1606,0.1719,reachable,1
694,0.2738,619.5,159.1,0.2778,-0.1918,0.1449,reachable,1
695,0.4359,352.3,254.5,0.4399,-0.0419,-0.0284,hits pocket,0
696,0.3251,21.2,338.3,0.3291,0.2979,-0.0544,outside workspace box,0
697,0.1485,450.7,215.5,0.1525,-0.0326,0.1652,model / self-contact,0
698,0.4536,636.6,283.4,0.4576,-0.4463,-0.0865,IK fails,0
699,0.1038,172.6,68.9,0.1077,0.0121,0.1999,model / self-contact,0
700,0.3025,356.9,76.0,0.3065,-0.0248,0.1949,hits pocket,0
701,0.2405,487.1,218.4,0.2445,-0.095,0.1193,reachable,1
702,0.1684,59.4,110.9,0.1723,0.0741,0.1885,hits pocket,0
703,0.2653,349.0,152.1,0.2692,-0.0176,0.1518,hits pocket,0
704,0.3057,247.3,146.9,0.3097,0.0534,0.1454,hits pocket,0
705,0.3675,209.4,273.5,0.3715,0.1189,-0.0085,hits pocket,0
706,0.185,7.2,147.8,0.189,0.109,0.1737,hits pocket,0
707,0.496,381.1,302.2,0.5,-0.098,-0.1547,IK fails,0
708,0.3293,78.7,180.2,0.3333,0.2024,0.1112,outside workspace box,0
709,0.462,281.3,132.9,0.466,0.047,0.1256,model / self-contact,0
710,0.4361,77.9,18.0,0.44,0.2452,0.2478,outside workspace box,0
711,0.6032,128.3,129.1,0.6072,0.3169,0.1046,outside workspace box,0
712,0.2935,90.8,305.9,0.2974,0.1913,0.0125,hits pocket,0
713,0.4146,122.7,354.6,0.4186,0.2733,-0.1747,outside workspace box,0
714,0.2723,142.2,274.8,0.2763,0.1289,0.0585,hits pocket,0
715,0.1481,340.6,128.4,0.1521,-0.0047,0.1871,model / self-contact,0
716,0.2064,529.9,254.4,0.2103,-0.0986,0.1174,reachable,1
717,0.5569,337.7,4.6,0.5609,-0.0237,0.28,reachable,1
718,0.5844,142.3,110.8,0.5883,0.278,0.1368,outside workspace box,0
719,0.0831,125.8,243.5,0.0871,0.0049,0.1958,model / self-contact,0
720,0.39,366.2,277.2,0.3939,-0.0537,-0.0297,model / self-contact,0
721,0.3023,636.6,212.7,0.3062,-0.2459,0.0939,reachable,1
722,0.4821,189.4,228.1,0.4861,0.1853,-0.0144,IK fails,0
723,0.4627,261.1,342.2,0.4667,0.0917,-0.2027,IK fails,0
724,0.6401,390.2,104.3,0.6441,-0.121,0.1409,IK fails,0
725,0.3258,155.2,177.7,0.3297,0.1359,0.1146,hits pocket,0
726,0.4777,300.9,129.9,0.4817,0.0241,0.1264,reachable,1
727,0.4502,284.5,359.8,0.4541,0.0547,-0.2248,IK fails,0
728,0.5283,390.2,160.9,0.5323,-0.103,0.0714,reachable,1
729,0.5387,41.9,222.3,0.5427,0.4466,-0.0339,outside workspace box,0
730,0.2316,232.4,162.2,0.2356,0.0442,0.1551,hits pocket,0
731,0.1694,26.8,188.0,0.1734,0.0914,0.1647,hits pocket,0
732,0.3825,142.7,157.8,0.3864,0.1756,0.1161,hits pocket,0
733,0.5706,475.2,72.0,0.5745,-0.2272,0.1944,model / self-contact,0
734,0.1286,542.5,208.4,0.1325,-0.0399,0.1762,model / self-contact,0
735,0.6301,277.4,23.6,0.634,0.0667,0.2656,IK fails,0
736,0.3652,98.0,316.2,0.3691,0.2497,-0.0635,outside workspace box,0
737,0.389,202.3,28.9,0.3929,0.1046,0.2328,hits pocket,0
738,0.0987,251.8,42.7,0.1026,0.0044,0.2016,model / self-contact,0
739,0.2103,300.7,48.9,0.2142,0.0075,0.207,hits pocket,0
740,0.484,627.7,254.5,0.4879,-0.4524,-0.0588,IK fails,0
741,0.5894,624.9,66.5,0.5933,-0.461,0.2022,IK fails,0
742,0.2157,52.5,244.0,0.2197,0.133,0.1174,hits pocket,0
743,0.3652,538.1,325.7,0.3691,-0.2484,-0.0769,model / self-contact,0
744,0.6143,250.2,128.5,0.6183,0.1178,0.1037,IK fails,0
745,0.4554,549.9,314.2,0.4594,-0.3384,-0.142,IK fails,0
746,0.6029,11.9,156.4,0.6069,0.5239,0.0581,outside workspace box,0
747,0.5946,58.2,130.7,0.5986,0.4265,0.1037,outside workspace box,0
748,0.2246,180.0,280.7,0.2285,0.0774,0.0891,hits pocket,0
749,0.5788,269.8,64.6,0.5828,0.0742,0.2048,IK fails,0
750,0.583,597.5,231.0,0.5869,-0.4933,-0.0735,IK fails,0
751,0.5514,236.5,358.9,0.5553,0.1633,-0.3371,IK fails,0
752,0.5906,463.9,24.6,0.5946,-0.2096,0.2596,model / self-contact,0
753,0.3377,533.5,123.6,0.3417,-0.1742,0.1572,reachable,1
754,0.2876,48.8,107.6,0.2915,0.176,0.1757,hits pocket,0
755,0.5868,242.3,277.6,0.5908,0.1471,-0.1746,IK fails,0
756,0.5936,269.2,58.8,0.5975,0.0768,0.2132,IK fails,0
757,0.3606,91.9,219.0,0.3646,0.2245,0.0598,outside workspace box,0
758,0.417,255.9,52.3,0.421,0.0635,0.2147,hits pocket,0
759,0.6183,591.8,87.0,0.6223,-0.4429,0.1708,IK fails,0
760,0.3603,334.8,256.0,0.3642,-0.0152,0.0179,hits pocket,0
761,0.2589,29.5,161.4,0.2628,0.1723,0.1477,hits pocket,0
762,0.3429,458.4,144.6,0.3468,-0.1178,0.1385,reachable,1
763,0.2334,86.5,258.9,0.2374,0.1332,0.0972,hits pocket,0
764,0.4359,488.7,246.2,0.4399,-0.2167,-0.016,reachable,1
765,0.4212,8.9,293.9,0.4252,0.4061,-0.0784,outside workspace box,0
766,0.1761,388.2,300.9,0.1801,-0.026,0.1161,hits pocket,0
767,0.5479,379.9,350.6,0.5518,-0.115,-0.3123,IK fails,0
768,0.0956,588.7,188.5,0.0996,-0.0176,0.1926,model / self-contact,0
769,0.2219,424.0,298.1,0.2259,-0.0577,0.0795,hits pocket,0
770,0.158,294.7,102.0,0.162,0.0063,0.192,model / self-contact,0
771,0.3723,545.8,244.3,0.3763,-0.2382,0.0244,reachable,1
772,0.4545,530.3,88.5,0.4585,-0.2395,0.1779,reachable,1
773,0.4709,607.8,290.8,0.4748,-0.4281,-0.1128,IK fails,0
774,0.2656,549.0,121.4,0.2696,-0.1351,0.1703,reachable,1
775,0.5673,6.2,249.8,0.5713,0.5527,-0.1023,outside workspace box,0
776,0.5449,268.9,318.3,0.5488,0.0935,-0.2321,IK fails,0
777,0.5228,491.0,130.9,0.5268,-0.24,0.1167,reachable,1
778,0.136,392.8,343.1,0.14,-0.0176,0.1373,model / self-contact,0
779,0.2021,509.2,158.0,0.2061,-0.0771,0.1654,reachable,1
780,0.5871,552.3,137.3,0.5911,-0.3756,0.0942,IK fails,0
781,0.269,200.8,239.3,0.273,0.0815,0.0895,hits pocket,0
782,0.5153,214.4,232.8,0.5193,0.1629,-0.0401,IK fails,0
783,0.1925,90.4,30.4,0.1965,0.0761,0.2118,hits pocket,0
784,0.604,93.6,87.5,0.608,0.3594,0.1708,outside workspace box,0
785,0.5939,580.1,222.5,0.5978,-0.4677,-0.0621,IK fails,0
786,0.2694,187.3,33.9,0.2734,0.0733,0.2178,hits pocket,0
787,0.575,562.9,10.2,0.5789,-0.3385,0.2761,model / self-contact,0
788,0.3663,292.9,268.0,0.3702,0.0288,-0.0007,hits pocket,0
789,0.1266,57.8,264.2,0.1305,0.0483,0.1659,hits pocket,0
790,0.4372,604.8,184.2,0.4412,-0.3421,0.0682,reachable,1
791,0.5404,9.3,49.4,0.5444,0.418,0.2236,outside workspace box,0
792,0.102,37.2,15.1,0.1059,0.0206,0.2036,model / self-contact,0
793,0.4491,111.6,270.2,0.453,0.2856,-0.0616,outside workspace box,0
794,0.0889,506.1,274.3,0.0928,-0.0088,0.1908,model / self-contact,0
795,0.3713,158.2,334.3,0.3752,0.1902,-0.0956,model / self-contact,0
796,0.6061,450.6,351.7,0.6101,-0.2821,-0.3787,outside workspace box,0
797,0.3714,593.2,147.7,0.3754,-0.2581,0.1289,reachable,1
798,0.3707,43.0,17.2,0.3747,0.2294,0.2397,outside workspace box,0
799,0.1996,147.2,126.8,0.2036,0.0668,0.1785,hits pocket,0
800,0.1882,298.8,333.8,0.1921,0.0095,0.088,hits pocket,0
801,0.4323,52.2,343.2,0.4362,0.3845,-0.1729,outside workspace box,0
802,0.1081,237.0,181.0,0.1121,0.0088,0.1886,model / self-contact,0
803,0.14,199.1,13.9,0.144,0.0217,0.2092,model / self-contact,0
804,0.2441,303.6,29.7,0.248,0.0078,0.2173,hits pocket,0
805,0.1871,379.0,310.4,0.1911,-0.0253,0.1019,hits pocket,0
806,0.2218,232.2,99.8,0.2258,0.0389,0.1867,hits pocket,0
807,0.5357,614.5,155.9,0.5396,-0.4366,0.077,IK fails,0
808,0.3305,95.8,166.1,0.3345,0.1861,0.1231,hits pocket,0
809,0.2854,398.3,242.2,0.2894,-0.0582,0.0777,hits pocket,0
810,0.2723,126.9,340.1,0.2762,0.1521,-0.0023,hits pocket,0
811,0.1741,80.0,195.0,0.1781,0.0793,0.1604,hits pocket,0
812,0.41,512.5,248.7,0.4139,-0.2301,-0.0038,reachable,1
813,0.3813,9.9,152.1,0.3853,0.3041,0.1221,outside workspace box,0
814,0.6114,488.8,122.7,0.6153,-0.2816,0.1138,IK fails,0
815,0.3116,285.7,31.0,0.3156,0.023,0.2234,hits pocket,0
816,0.2435,538.3,67.7,0.2475,-0.1078,0.2001,reachable,1
817,0.2533,625.6,26.4,0.2573,-0.1536,0.2197,reachable,1
818,0.3791,281.2,173.3,0.383,0.0386,0.101,hits pocket,0
819,0.3505,216.8,7.7,0.3545,0.0789,0.2436,hits pocket,0
820,0.2941,556.2,30.3,0.298,-0.1465,0.2221,reachable,1
821,0.493,584.4,298.9,0.4969,-0.4195,-0.1458,IK fails,0
822,0.3115,454.8,2.8,0.3154,-0.088,0.2402,reachable,1
823,0.2612,569.3,260.0,0.2651,-0.1674,0.0783,reachable,1
824,0.5682,358.8,222.9,0.5721,-0.0663,-0.05,IK fails,0
825,0.4921,351.1,307.6,0.4961,-0.0498,-0.162,IK fails,0
826,0.3594,637.9,122.8,0.3634,-0.2807,0.1543,reachable,1
827,0.3735,403.9,5.4,0.3775,-0.0693,0.2489,reachable,1
828,0.4194,300.8,100.3,0.4233,0.02,0.1681,hits pocket,0
829,0.5938,461.6,241.3,0.5978,-0.2602,-0.1005,IK fails,0
830,0.1577,297.6,256.3,0.1617,0.0066,0.1476,model / self-contact,0
831,0.5276,417.8,47.5,0.5315,-0.1278,0.2252,reachable,1
832,0.605,519.7,50.1,0.6089,-0.3062,0.2259,IK fails,0
833,0.569,313.0,328.8,0.573,0.0136,-0.2798,IK fails,0
834,0.5789,226.2,262.4,0.5829,0.1717,-0.1358,IK fails,0
835,0.5234,639.3,91.2,0.5274,-0.4311,0.1704,model / self-contact,0
836,0.2185,247.7,24.5,0.2224,0.0291,0.2165,hits pocket,0
837,0.3772,101.9,260.0,0.3811,0.2383,0.002,outside workspace box,0
838,0.1465,97.3,217.7,0.1505,0.0542,0.1656,hits pocket,0
839,0.5051,366.1,123.8,0.5091,-0.0617,0.1295,reachable,1
840,0.2611,315.9,296.6,0.2651,0.0029,0.0485,hits pocket,0
841,0.4662,259.2,98.3,0.4702,0.0721,0.1661,model / self-contact,0
842,0.4003,593.8,25.4,0.4043,-0.2514,0.2369,reachable,1
843,0.3361,341.8,303.2,0.34,-0.0216,-0.0209,model / self-contact,0
844,0.4201,403.7,107.3,0.424,-0.0883,0.1609,reachable,1
845,0.453,525.2,42.7,0.457,-0.2227,0.2259,reachable,1
846,0.3631,75.1,281.1,0.3671,0.2617,-0.0149,outside workspace box,0
847,0.3389,389.0,143.6,0.3429,-0.0578,0.1403,hits pocket,0
848,0.198,113.5,295.1,0.2019,0.0953,0.101,hits pocket,0
849,0.2275,385.5,246.7,0.2314,-0.0354,0.1088,hits pocket,0
850,0.1355,77.2,57.2,0.1395,0.0422,0.2018,model / self-contact,0
851,0.1387,305.6,123.7,0.1427,0.0028,0.1897,model / self-contact,0
852,0.2876,201.6,92.8,0.2916,0.0757,0.185,hits pocket,0
853,0.3838,151.4,121.7,0.3877,0.1615,0.1514,hits pocket,0
854,0.2029,43.1,24.6,0.2069,0.0994,0.2147,hits pocket,0
855,0.2325,282.1,189.7,0.2364,0.0199,0.1399,hits pocket,0
856,0.2211,18.4,318.8,0.225,0.1707,0.066,hits pocket,0
857,0.1357,320.4,34.8,0.1397,-0.0001,0.2053,model / self-contact,0
858,0.4169,431.5,85.8,0.4209,-0.114,0.1828,reachable,1
859,0.59,336.1,191.4,0.5939,-0.0277,-0.0007,IK fails,0
860,0.4108,302.7,329.0,0.4148,0.0229,-0.1261,model / self-contact,0
861,0.4306,475.1,169.6,0.4346,-0.18,0.0887,reachable,1
862,0.4686,575.4,212.4,0.4726,-0.3441,0.0164,reachable,1
863,0.6217,124.1,28.3,0.6257,0.3035,0.2581,outside workspace box,0
864,0.2946,117.2,112.8,0.2985,0.1367,0.1715,hits pocket,0
865,0.1443,522.9,106.8,0.1483,-0.0425,0.1923,model / self-contact,0
866,0.0764,273.6,297.1,0.0804,0.0001,0.1997,model / self-contact,0
867,0.3299,341.5,253.5,0.3339,-0.0197,0.04,hits pocket,0
868,0.4742,558.4,137.2,0.4781,-0.3002,0.1177,reachable,1
869,0.4304,108.0,49.1,0.4344,0.2176,0.2183,outside workspace box,0
870,0.42,275.2,194.4,0.4239,0.0518,0.062,hits pocket,0
871,0.5546,180.0,175.9,0.5586,0.2208,0.0393,outside workspace box,0
872,0.5469,57.9,205.6,0.5509,0.4204,-0.0084,outside workspace box,0
873,0.1711,13.3,257.6,0.1751,0.1055,0.1385,hits pocket,0
874,0.2547,212.7,1.4,0.2586,0.0531,0.2311,hits pocket,0
875,0.6001,534.6,28.9,0.6041,-0.3195,0.255,IK fails,0
876,0.221,275.2,178.0,0.225,0.0214,0.1503,hits pocket,0
877,0.5175,598.6,71.3,0.5214,-0.3639,0.196,reachable,1
878,0.457,336.9,113.5,0.461,-0.0198,0.1495,hits pocket,0
879,0.0872,507.5,316.3,0.0912,-0.0082,0.1898,model / self-contact,0
880,0.2474,11.8,97.7,0.2514,0.1604,0.1854,hits pocket,0
881,0.2186,171.6,68.0,0.2226,0.0624,0.2,hits pocket,0
882,0.4021,467.8,129.3,0.4061,-0.1512,0.1408,reachable,1
883,0.4499,352.8,293.8,0.4538,-0.0464,-0.1012,model / self-contact,0
884,0.0798,525.9,199.0,0.0837,-0.0026,0.1984,model / self-contact,0
885,0.1749,232.2,99.3,0.1788,0.0264,0.1911,hits pocket,0
886,0.5146,415.9,298.2,0.5186,-0.16,-0.1624,IK fails,0
887,0.2267,196.0,163.4,0.2307,0.0608,0.1559,hits pocket,0
888,0.6435,234.7,161.8,0.6475,0.1571,0.0369,IK fails,0
889,0.5995,51.7,147.1,0.6035,0.4489,0.0751,outside workspace box,0
890,0.5042,370.2,129.2,0.5081,-0.0674,0.1225,reachable,1
891,0.5968,627.9,270.0,0.6007,-0.5888,-0.1647,IK fails,0
892,0.131,361.0,108.3,0.135,-0.0069,0.1936,model / self-contact,0
893,0.5273,603.3,70.0,0.5312,-0.3778,0.1975,model / self-contact,0
894,0.2342,380.1,146.4,0.2382,-0.0304,0.1626,hits pocket,0
895,0.3878,10.4,326.1,0.3918,0.3803,-0.0993,outside workspace box,0
896,0.5852,491.8,237.4,0.5892,-0.309,-0.0876,IK fails,0
897,0.472,66.1,249.2,0.476,0.3601,-0.0426,outside workspace box,0
898,0.3141,301.4,69.5,0.318,0.0131,0.199,hits pocket,0
899,0.6424,12.3,258.9,0.6464,0.6315,-0.1697,outside workspace box,0
900,0.4784,543.7,178.2,0.4824,-0.2975,0.0616,reachable,1
901,0.2795,205.4,124.2,0.2835,0.0728,0.1663,hits pocket,0
902,0.4114,498.6,127.5,0.4154,-0.1875,0.1411,reachable,1
903,0.4693,508.1,334.9,0.4732,-0.2949,-0.1948,IK fails,0
904,0.2839,344.4,293.6,0.2879,-0.0192,0.0326,hits pocket,0
905,0.0848,298.7,307.8,0.0887,0.0007,0.1924,model / self-contact,0
906,0.6326,536.1,281.3,0.6366,-0.4478,-0.2171,IK fails,0
907,0.5861,185.1,213.1,0.59,0.2364,-0.0399,outside workspace box,0
908,0.5394,14.8,296.4,0.5434,0.5366,-0.1789,outside workspace box,0
909,0.6242,416.4,208.2,0.6281,-0.1805,-0.0477,IK fails,0
910,0.2682,253.0,140.8,0.2721,0.0409,0.1581,hits pocket,0
911,0.3136,322.4,253.7,0.3176,-0.002,0.05,hits pocket,0
912,0.3797,277.2,67.8,0.3837,0.0383,0.2002,hits pocket,0
913,0.6379,136.5,224.0,0.6419,0.3586,-0.0877,outside workspace box,0
914,0.6455,285.1,54.8,0.6495,0.0579,0.2206,IK fails,0
915,0.5741,249.7,179.9,0.5781,0.116,0.0258,IK fails,0
916,0.5678,453.4,167.5,0.5717,-0.2142,0.0491,model / self-contact,0
917,0.4412,159.0,65.4,0.4451,0.173,0.2026,model / self-contact,0
918,0.5008,244.5,192.5,0.5047,0.1076,0.0324,model / self-contact,0
919,0.1382,302.1,338.3,0.1422,0.0045,0.1365,hits pocket,0
920,0.1208,537.0,284.0,0.1248,-0.0363,0.1659,model / self-contact,0
921,0.2989,352.8,282.2,0.3028,-0.0272,0.032,hits pocket,0
922,0.5669,310.5,268.4,0.5709,0.017,-0.1403,IK fails,0
923,0.5374,251.9,301.4,0.5414,0.1199,-0.1879,IK fails,0
924,0.5443,75.9,240.8,0.5482,0.4053,-0.0708,outside workspace box,0
925,0.1793,535.7,150.5,0.1833,-0.0715,0.1742,reachable,1
926,0.2501,109.3,306.9,0.2541,0.141,0.0491,hits pocket,0
927,0.1804,515.7,219.0,0.1843,-0.0706,0.1486,model / self-contact,0
928,0.5721,268.6,290.4,0.576,0.096,-0.1922,IK fails,0
929,0.0844,225.8,281.0,0.0883,0.0029,0.1938,model / self-contact,0
930,0.6275,338.4,49.8,0.6314,-0.0294,0.2274,IK fails,0
931,0.6268,447.0,127.6,0.6308,-0.219,0.1029,IK fails,0
932,0.2351,64.1,161.7,0.2391,0.1321,0.1543,hits pocket,0
933,0.3666,635.2,31.8,0.3705,-0.2609,0.2282,reachable,1
934,0.3324,142.6,250.4,0.3363,0.1631,0.0417,hits pocket,0
935,0.5068,545.9,257.8,0.5107,-0.3521,-0.0792,IK fails,0
936,0.2818,201.4,56.3,0.2857,0.0712,0.2066,hits pocket,0
937,0.4186,24.0,87.7,0.4225,0.3049,0.1809,outside workspace box,0
938,0.388,129.2,13.9,0.392,0.1668,0.2446,model / self-contact,0
939,0.6039,499.5,68.1,0.6078,-0.2795,0.1999,IK fails,0
940,0.4298,218.7,190.9,0.4337,0.1201,0.0625,model / self-contact,0
941,0.1121,351.0,209.7,0.116,-0.0038,0.1835,model / self-contact,0
942,0.1349,320.2,269.9,0.1388,-0.0,0.1588,model / self-contact,0
943,0.518,594.4,22.8,0.522,-0.3426,0.2532,reachable,1
944,0.5597,247.7,105.7,0.5637,0.1072,0.1473,IK fails,0
945,0.2787,525.4,218.5,0.2827,-0.1439,0.1005,reachable,1
946,0.29,505.3,54.2,0.2939,-0.1154,0.2081,reachable,1
947,0.2919,269.6,57.2,0.2959,0.0318,0.2064,hits pocket,0
948,0.139,235.3,51.6,0.1429,0.0155,0.2028,model / self-contact,0
949,0.1243,617.9,24.8,0.1283,-0.0407,0.2056,model / self-contact,0
950,0.2512,618.7,342.1,0.2552,-0.2106,0.0176,reachable,1
951,0.3129,65.8,219.1,0.3168,0.2082,0.0832,outside workspace box,0
952,0.5169,609.3,46.2,0.5209,-0.3684,0.2262,reachable,1
953,0.2303,15.9,74.8,0.2343,0.1393,0.1971,hits pocket,0
954,0.1542,105.2,286.2,0.1581,0.0628,0.1397,hits pocket,0
955,0.5156,294.9,46.6,0.5196,0.0319,0.2257,model / self-contact,0
956,0.1578,429.6,17.6,0.1617,-0.0252,0.2109,model / self-contact,0
957,0.2313,399.8,152.1,0.2352,-0.0398,0.1604,hits pocket,0
958,0.3317,403.0,318.3,0.3357,-0.0828,-0.0357,model / self-contact,0
959,0.4077,142.9,192.2,0.4117,0.1971,0.0695,model / self-contact,0
960,0.3754,134.1,263.6,0.3794,0.2028,-0.0014,outside workspace box,0
961,0.3132,420.3,163.1,0.3172,-0.0773,0.1308,model / self-contact,0
962,0.1684,134.5,321.0,0.1724,0.0671,0.1137,hits pocket,0
963,0.6338,159.6,130.9,0.6378,0.2811,0.096,outside workspace box,0
964,0.5537,353.2,52.6,0.5577,-0.0461,0.2202,reachable,1
965,0.4894,185.8,7.5,0.4933,0.1545,0.2657,IK fails,0
966,0.232,295.6,68.7,0.2359,0.0112,0.1997,hits pocket,0
967,0.2181,119.9,282.3,0.2221,0.106,0.0929,hits pocket,0
968,0.3932,618.2,189.0,0.3972,-0.3162,0.0789,reachable,1
969,0.5674,504.2,245.0,0.5713,-0.3226,-0.0926,IK fails,0
970,0.3785,81.5,178.4,0.3824,0.2384,0.0958,outside workspace box,0
971,0.3224,69.9,263.7,0.3264,0.2246,0.0341,outside workspace box,0
972,0.4751,396.9,310.8,0.479,-0.1186,-0.1533,IK fails,0
973,0.3184,493.5,105.4,0.3223,-0.1287,0.1738,reachable,1
974,0.3327,590.8,140.0,0.3367,-0.2205,0.1446,reachable,1
975,0.1857,83.3,240.9,0.1897,0.0921,0.1365,hits pocket,0
976,0.1561,105.3,313.0,0.1601,0.0666,0.1282,hits pocket,0
977,0.3403,377.1,95.8,0.3443,-0.0458,0.179,hits pocket,0
978,0.5107,587.1,278.7,0.5146,-0.4309,-0.1207,IK fails,0
979,0.5125,59.2,38.5,0.5165,0.3263,0.2348,outside workspace box,0
980,0.2753,306.3,304.8,0.2793,0.0105,0.0292,hits pocket,0
981,0.2906,402.7,96.3,0.2946,-0.0538,0.1826,hits pocket,0
982,0.282,318.9,62.9,0.286,0.0007,0.2029,hits pocket,0
983,0.5055,227.7,86.7,0.5095,0.1191,0.1773,model / self-contact,0
984,0.3945,388.2,156.0,0.3985,-0.07,0.1147,model / self-contact,0
985,0.1828,286.4,119.6,0.1868,0.0112,0.1839,hits pocket,0
986,0.1109,447.6,4.8,0.1149,-0.0124,0.2058,model / self-contact,0
987,0.2223,363.0,104.1,0.2263,-0.0193,0.1848,hits pocket,0
988,0.3692,492.0,357.0,0.3732,-0.207,-0.1283,model / self-contact,0
989,0.5035,1.7,216.5,0.5075,0.4693,-0.0066,outside workspace box,0
990,0.1751,116.1,87.5,0.179,0.0607,0.1945,hits pocket,0
991,0.5315,501.9,335.2,0.5355,-0.3304,-0.2581,IK fails,0
992,0.3775,245.7,281.2,0.3814,0.0834,-0.0258,hits pocket,0
993,0.1303,262.2,164.3,0.1342,0.0102,0.184,model / self-contact,0
994,0.1751,621.9,296.5,0.1791,-0.1135,0.1189,reachable,1
995,0.1071,412.7,37.9,0.1111,-0.0083,0.2025,model / self-contact,0
996,0.2414,93.8,205.3,0.2454,0.1274,0.127,hits pocket,0
997,0.5637,535.3,218.8,0.5676,-0.363,-0.04,IK fails,0
998,0.2449,616.5,40.7,0.2488,-0.1438,0.2125,reachable,1
999,0.1935,256.1,131.7,0.1975,0.0236,0.1778,hits pocket,0
1000,0.4726,452.6,64.4,0.4766,-0.1546,0.2039,reachable,1
1001,0.4439,248.8,190.7,0.4478,0.0877,0.0572,model / self-contact,0
1002,0.3296,414.9,86.7,0.3336,-0.0723,0.1866,model / self-contact,0
1003,0.4275,215.6,352.5,0.4314,0.1498,-0.185,IK fails,0
1004,0.1939,51.0,292.4,0.1978,0.1197,0.1058,hits pocket,0
1005,0.1225,411.0,342.4,0.1265,-0.017,0.1515,model / self-contact,0
1006,0.5811,597.9,68.3,0.5851,-0.4141,0.1996,IK fails,0
1007,0.2636,466.3,295.6,0.2675,-0.104,0.0473,reachable,1
1008,0.4209,185.4,213.0,0.4249,0.1594,0.0379,model / self-contact,0
1009,0.2929,550.3,43.8,0.2969,-0.1439,0.2143,reachable,1
1010,0.2082,144.0,128.5,0.2121,0.0729,0.1763,hits pocket,0
1011,0.6469,76.7,109.9,0.6509,0.4271,0.1305,outside workspace box,0
1012,0.5301,443.0,212.4,0.5341,-0.1917,-0.0125,model / self-contact,0
1013,0.3598,412.1,167.1,0.3638,-0.0853,0.1134,model / self-contact,0
1014,0.2643,31.0,267.7,0.2683,0.1993,0.07,hits pocket,0
1015,0.459,533.2,148.6,0.463,-0.2614,0.1068,reachable,1
1016,0.3615,279.1,56.0,0.3655,0.034,0.2095,hits pocket,0
1017,0.1647,617.5,88.5,0.1687,-0.0794,0.1948,model / self-contact,0
1018,0.3565,539.6,136.9,0.3604,-0.1947,0.1424,reachable,1
1019,0.5342,359.6,209.4,0.5381,-0.0621,-0.0091,model / self-contact,0
1020,0.0997,261.0,182.3,0.1037,0.0046,0.1915,model / self-contact,0
1021,0.2502,561.0,242.3,0.2542,-0.1492,0.0982,reachable,1
1022,0.1549,113.6,190.5,0.1588,0.0545,0.1695,hits pocket,0
1023,0.3439,234.0,197.8,0.3479,0.0778,0.0892,hits pocket,0
1024,0.1792,355.0,359.5,0.1832,-0.0149,0.0831,hits pocket,0
1025,0.5358,285.0,19.3,0.5397,0.0453,0.2595,model / self-contact,0
1026,0.4446,374.8,333.4,0.4486,-0.0803,-0.1672,IK fails,0
1027,0.3208,304.7,190.7,0.3248,0.0125,0.105,hits pocket,0
1028,0.3002,213.6,217.6,0.3041,0.0823,0.0907,hits pocket,0
1029,0.2527,525.1,312.6,0.2567,-0.1404,0.042,reachable,1
1030,0.196,442.7,155.1,0.2,-0.0475,0.1682,reachable,1
1031,0.4462,633.2,85.7,0.4501,-0.348,0.1814,reachable,1
1032,0.103,488.0,250.2,0.107,-0.0163,0.1834,model / self-contact,0
1033,0.2031,183.1,246.0,0.2071,0.0621,0.1238,hits pocket,0
1034,0.3813,619.7,159.2,0.3853,-0.2962,0.115,reachable,1
1035,0.3293,322.4,155.3,0.3332,-0.002,0.1327,hits pocket,0
1036,0.6319,587.0,8.4,0.6358,-0.4137,0.2871,IK fails,0
1037,0.4656,73.3,155.0,0.4695,0.3096,0.0969,outside workspace box,0
1038,0.3441,512.2,236.9,0.3481,-0.1819,0.0491,reachable,1
1039,0.1984,569.8,156.5,0.2024,-0.0987,0.167,reachable,1
1040,0.1306,499.7,203.2,0.1345,-0.0333,0.1764,model / self-contact,0
1041,0.3748,211.1,32.1,0.3787,0.0927,0.2288,hits pocket,0
1042,0.3833,96.0,257.7,0.3873,0.2491,0.0009,outside workspace box,0
1043,0.4797,621.5,4.2,0.4836,-0.3379,0.2675,reachable,1
1044,0.4269,130.4,12.4,0.4309,0.1862,0.2515,model / self-contact,0
1045,0.3544,349.3,108.9,0.3584,-0.025,0.167,hits pocket,0
1046,0.3961,35.3,153.8,0.4001,0.2933,0.1166,outside workspace box,0
1047,0.5283,559.8,305.0,0.5323,-0.416,-0.188,IK fails,0
1048,0.3194,590.1,150.5,0.3234,-0.2108,0.1392,reachable,1
1049,0.3555,5.9,164.6,0.3594,0.2858,0.117,outside workspace box,0
1050,0.0994,355.3,343.3,0.1033,-0.0033,0.1756,model / self-contact,0
1051,0.5462,198.8,153.3,0.5502,0.1834,0.0781,IK fails,0
1052,0.1114,418.0,289.7,0.1154,-0.013,0.1721,model / self-contact,0
1053,0.6041,211.9,6.5,0.6081,0.1588,0.2854,IK fails,0
1054,0.3529,460.2,129.7,0.3569,-0.1218,0.1494,reachable,1
1055,0.6009,6.2,282.1,0.6048,0.6137,-0.1952,outside workspace box,0
1056,0.3575,164.6,252.6,0.3614,0.1573,0.0236,hits pocket,0
1057,0.3651,426.7,206.1,0.3691,-0.1052,0.0716,model / self-contact,0
1058,0.103,378.1,38.5,0.107,-0.0045,0.2022,model / self-contact,0
1059,0.277,200.5,32.0,0.281,0.0685,0.2195,hits pocket,0
1060,0.4733,52.2,59.8,0.4773,0.3113,0.209,outside workspace box,0
1061,0.2595,15.5,212.0,0.2635,0.1917,0.1144,hits pocket,0
1062,0.1195,481.1,288.4,0.1234,-0.0263,0.1661,model / self-contact,0
1063,0.4325,255.8,127.6,0.4365,0.0716,0.1372,hits pocket,0
1064,0.5495,207.4,232.8,0.5535,0.1874,-0.0588,IK fails,0
1065,0.54,215.0,211.9,0.5439,0.1671,-0.0162,IK fails,0
1066,0.6347,629.3,312.6,0.6386,-0.6692,-0.2995,IK fails,0
1067,0.4083,632.4,23.2,0.4123,-0.2934,0.2397,reachable,1
1068,0.1397,7.4,33.7,0.1437,0.0568,0.2059,hits pocket,0
1069,0.4341,628.6,240.3,0.438,-0.3916,-0.0063,reachable,1
1070,0.528,31.9,156.6,0.532,0.4203,0.078,outside workspace box,0
1071,0.2688,288.3,11.8,0.2728,0.0171,0.2286,hits pocket,0
1072,0.5676,19.1,95.9,0.5716,0.4485,0.1607,outside workspace box,0
1073,0.3801,451.9,95.9,0.384,-0.1216,0.1758,reachable,1
1074,0.3163,256.9,252.8,0.3203,0.0545,0.0492,hits pocket,0
1075,0.564,558.6,333.8,0.5679,-0.4633,-0.2873,IK fails,0
1076,0.5928,82.2,101.6,0.5967,0.3747,0.1501,outside workspace box,0
1077,0.2909,220.4,157.8,0.2948,0.0692,0.1411,hits pocket,0
1078,0.617,18.3,88.2,0.621,0.491,0.169,outside workspace box,0
1079,0.0798,581.8,46.8,0.0838,-0.0029,0.2002,model / self-contact,0
1080,0.2286,455.5,63.4,0.2326,-0.0607,0.2019,reachable,1
1081,0.1431,639.3,317.9,0.1471,-0.0835,0.1383,model / self-contact,0
1082,0.0855,237.9,146.6,0.0895,0.0025,0.1978,model / self-contact,0
1083,0.5403,313.1,68.9,0.5442,0.0094,0.1988,model / self-contact,0
1084,0.1835,567.8,223.4,0.1875,-0.0926,0.1452,reachable,1
1085,0.6046,333.5,151.8,0.6086,-0.0229,0.0657,IK fails,0
1086,0.206,597.5,194.7,0.2099,-0.1214,0.1477,reachable,1
1087,0.3174,159.2,70.2,0.3214,0.1147,0.1985,hits pocket,0
1088,0.4781,462.7,12.2,0.482,-0.1604,0.2592,reachable,1
1089,0.6497,202.4,130.1,0.6537,0.2118,0.0944,outside workspace box,0
1090,0.2847,118.8,270.8,0.2886,0.1543,0.0532,hits pocket,0
1091,0.1695,555.6,288.5,0.1735,-0.0827,0.1269,model / self-contact,0
1092,0.6445,6.5,355.9,0.6485,0.7306,-0.4332,outside workspace box,0
1093,0.5127,156.4,89.8,0.5167,0.2153,0.1729,outside workspace box,0
1094,0.4899,514.8,158.0,0.4938,-0.2606,0.0864,reachable,1
1095,0.3186,611.2,289.6,0.3225,-0.2657,0.0092,reachable,1
1096,0.0871,554.0,116.2,0.091,-0.008,0.1984,model / self-contact,0
1097,0.2012,4.4,286.2,0.2051,0.148,0.1034,hits pocket,0
1098,0.125,329.4,43.6,0.129,-0.0013,0.2032,model / self-contact,0
1099,0.2669,365.1,263.0,0.2709,-0.0314,0.072,hits pocket,0
1100,0.2958,137.2,168.6,0.2998,0.1314,0.1318,hits pocket,0
1101,0.4324,316.2,336.2,0.4363,0.0054,-0.1601,IK fails,0
1102,0.3439,387.6,278.1,0.3479,-0.0671,0.003,model / self-contact,0
1103,0.5454,619.2,231.0,0.5494,-0.4925,-0.0532,IK fails,0
1104,0.1125,492.5,318.6,0.1164,-0.0245,0.1664,model / self-contact,0
1105,0.2258,204.8,215.2,0.2298,0.0594,0.1283,hits pocket,0
1106,0.4539,379.1,324.4,0.4579,-0.0879,-0.1595,IK fails,0
1107,0.6341,39.5,44.3,0.6381,0.4514,0.236,outside workspace box,0
1108,0.642,45.1,303.3,0.6459,0.5954,-0.281,outside workspace box,0
1109,0.5348,103.8,253.5,0.5388,0.3571,-0.0891,outside workspace box,0
1110,0.4993,608.9,303.5,0.5032,-0.4681,-0.1601,IK fails,0
1111,0.1047,493.0,280.1,0.1086,-0.0184,0.1787,model / self-contact,0
1112,0.4927,216.2,307.9,0.4967,0.1665,-0.1631,IK fails,0
1113,0.4412,609.0,302.9,0.4452,-0.4037,-0.1096,IK fails,0
1114,0.3103,341.3,38.8,0.3143,-0.0143,0.2185,hits pocket,0
1115,0.6286,615.6,16.7,0.6325,-0.4589,0.2751,IK fails,0
1116,0.1278,60.0,275.6,0.1318,0.0498,0.1625,hits pocket,0
1117,0.2631,202.4,110.3,0.267,0.0676,0.1771,hits pocket,0
1118,0.5728,549.6,65.1,0.5768,-0.3355,0.204,model / self-contact,0
1119,0.5769,240.0,25.8,0.5808,0.1135,0.2566,IK fails,0
1120,0.4424,491.0,161.0,0.4463,-0.2031,0.0957,reachable,1
1121,0.379,433.4,144.0,0.3829,-0.1095,0.1308,model / self-contact,0
1122,0.472,258.4,172.4,0.476,0.0801,0.0718,model / self-contact,0
1123,0.5131,265.6,145.5,0.517,0.0758,0.0981,model / self-contact,0
1124,0.3066,187.0,124.5,0.3106,0.0957,0.1616,hits pocket,0
1125,0.2901,145.8,313.6,0.2941,0.1446,0.0076,hits pocket,0
1126,0.1842,210.1,22.4,0.1881,0.0336,0.2131,hits pocket,0
1127,0.6328,386.4,17.4,0.6368,-0.1039,0.2748,IK fails,0
1128,0.0802,637.3,50.8,0.0842,-0.0038,0.2002,model / self-contact,0
1129,0.1492,268.7,95.7,0.1531,0.0114,0.1942,model / self-contact,0
1130,0.5761,65.9,175.6,0.5801,0.4188,0.0326,outside workspace box,0
1131,0.2881,631.0,122.0,0.292,-0.2053,0.1664,reachable,1
1132,0.5933,418.0,138.3,0.5972,-0.1606,0.0914,model / self-contact,0
1133,0.4454,507.6,212.7,0.4493,-0.2379,0.0268,reachable,1
1134,0.2606,456.2,237.9,0.2645,-0.0888,0.0954,reachable,1
1135,0.2202,346.1,106.4,0.2242,-0.0115,0.184,hits pocket,0
1136,0.5545,431.4,153.8,0.5584,-0.1715,0.0752,model / self-contact,0
1137,0.569,140.8,93.9,0.573,0.2673,0.1635,outside workspace box,0
1138,0.1294,229.2,350.0,0.1333,0.0197,0.1423,model / self-contact,0
1139,0.372,548.6,198.9,0.376,-0.2287,0.0764,reachable,1
1140,0.5153,341.4,65.7,0.5193,-0.0277,0.2028,reachable,1
1141,0.435,258.3,225.5,0.439,0.0772,0.0141,model / self-contact,0
1142,0.3723,555.3,333.6,0.3763,-0.2775,-0.0956,model / self-contact,0
1143,0.6495,131.9,189.1,0.6534,0.3608,-0.0193,outside workspace box,0
1144,0.4942,187.0,85.1,0.4981,0.1669,0.1797,model / self-contact,0
1145,0.4777,569.9,70.3,0.4817,-0.2968,0.1974,reachable,1
1146,0.5809,610.2,202.9,0.5849,-0.4976,-0.0182,IK fails,0
1147,0.1311,437.9,240.4,0.1351,-0.023,0.1682,model / self-contact,0
1148,0.2731,144.8,86.4,0.277,0.1037,0.1897,hits pocket,0
1149,0.5406,81.8,70.1,0.5445,0.3271,0.1972,outside workspace box,0
1150,0.1519,168.2,21.2,0.1558,0.0325,0.2095,hits pocket,0
1151,0.2489,158.1,55.5,0.2528,0.0815,0.2059,hits pocket,0
1152,0.2971,189.6,281.7,0.301,0.1074,0.0339,hits pocket,0
1153,0.252,485.0,257.6,0.256,-0.105,0.0861,reachable,1
1154,0.445,159.6,347.5,0.4489,0.2398,-0.1946,outside workspace box,0
1155,0.081,395.2,313.5,0.085,-0.0015,0.1955,model / self-contact,0
1156,0.5442,357.7,22.3,0.5482,-0.0499,0.257,reachable,1
1157,0.2468,495.3,53.7,0.2508,-0.0871,0.2067,reachable,1
1158,0.3689,174.5,177.2,0.3729,0.1406,0.1004,hits pocket,0
1159,0.1664,177.1,255.7,0.1704,0.0466,0.1422,hits pocket,0
1160,0.1463,32.2,290.8,0.1503,0.0762,0.1443,hits pocket,0
1161,0.2613,610.4,244.8,0.2652,-0.1917,0.0899,reachable,1
1162,0.1645,160.2,155.3,0.1684,0.0456,0.1765,hits pocket,0
1163,0.5378,305.4,267.9,0.5418,0.0247,-0.1191,IK fails,0
1164,0.4856,182.9,299.0,0.4895,0.2137,-0.1399,outside workspace box,0
1165,0.3679,452.1,167.9,0.3718,-0.126,0.1101,reachable,1
1166,0.4434,81.9,308.5,0.4474,0.337,-0.1213,outside workspace box,0
1167,0.3049,236.5,143.1,0.3089,0.0608,0.1484,hits pocket,0
1168,0.1876,267.6,61.8,0.1916,0.0171,0.2019,hits pocket,0
1169,0.0771,105.1,260.3,0.0811,0.0008,0.1993,model / self-contact,0
1170,0.1369,276.5,15.5,0.1408,0.0074,0.2084,model / self-contact,0
1171,0.1624,258.3,86.2,0.1664,0.016,0.1955,model / self-contact,0
1172,0.1668,290.8,129.0,0.1707,0.0083,0.1836,model / self-contact,0
1173,0.408,178.8,51.1,0.4119,0.136,0.2153,model / self-contact,0
1174,0.3939,280.5,193.3,0.3979,0.0422,0.0736,hits pocket,0
1175,0.3856,555.0,125.2,0.3896,-0.2272,0.1478,reachable,1
1176,0.2905,191.1,105.5,0.2944,0.0846,0.1767,hits pocket,0
1177,0.3039,225.7,247.6,0.3078,0.0768,0.0619,hits pocket,0
1178,0.3042,32.0,0.1,0.3081,0.1817,0.2405,hits pocket,0
1179,0.2545,262.3,214.6,0.2584,0.0354,0.1151,hits pocket,0
1180,0.4876,557.3,220.2,0.4915,-0.3382,-0.0048,model / self-contact,0
1181,0.2931,96.3,85.9,0.2971,0.1458,0.189,hits pocket,0
1182,0.5189,391.2,63.9,0.5228,-0.0926,0.205,reachable,1
1183,0.4483,208.8,270.2,0.4523,0.152,-0.061,IK fails,0
1184,0.5291,57.4,242.5,0.5331,0.4228,-0.0651,outside workspace box,0
1185,0.3745,229.4,210.7,0.3785,0.0926,0.0623,hits pocket,0
1186,0.3136,20.0,11.2,0.3176,0.1992,0.2356,hits pocket,0
1187,0.5478,561.8,25.7,0.5517,-0.3231,0.2533,model / self-contact,0
1188,0.2638,343.1,317.8,0.2678,-0.0169,0.0274,hits pocket,0
1189,0.1439,522.2,200.5,0.1479,-0.0465,0.1713,model / self-contact,0
1190,0.2326,128.7,349.3,0.2366,0.1217,0.0311,hits pocket,0
1191,0.3997,27.8,158.8,0.4036,0.306,0.1103,outside workspace box,0
1192,0.1636,442.3,0.2,0.1676,-0.0296,0.2155,model / self-contact,0
1193,0.4328,3.8,75.2,0.4368,0.3351,0.1928,outside workspace box,0
1194,0.5075,195.5,70.0,0.5115,0.1588,0.1976,model / self-contact,0
1195,0.5321,341.4,229.6,0.536,-0.0341,-0.0435,IK fails,0
1196,0.4481,152.1,21.2,0.4521,0.1762,0.2463,model / self-contact,0
1197,0.5353,509.4,186.4,0.5392,-0.29,0.0289,model / self-contact,0
1198,0.3662,231.2,257.5,0.3701,0.0932,0.0123,hits pocket,0
1199,0.1236,209.6,241.4,0.1276,0.0186,0.1724,model / self-contact,0
1200,0.4799,318.0,249.6,0.4838,0.0029,-0.0481,model / self-contact,0
1201,0.1152,77.0,267.6,0.1192,0.0348,0.173,model / self-contact,0
1202,0.1933,510.3,237.9,0.1972,-0.0789,0.1336,reachable,1
1203,0.08,364.5,331.1,0.084,-0.0007,0.1961,model / self-contact,0
1204,0.4246,455.8,243.9,0.4286,-0.1685,-0.006,reachable,1
1205,0.363,246.5,309.7,0.367,0.0813,-0.0526,hits pocket,0
1206,0.3637,174.8,83.1,0.3677,0.1251,0.1877,hits pocket,0
1207,0.1011,520.9,15.3,0.1051,-0.0141,0.2035,model / self-contact,0
1208,0.4521,307.9,278.5,0.456,0.0169,-0.0773,model / self-contact,0
1209,0.177,411.4,287.5,0.181,-0.0346,0.1215,hits pocket,0
1210,0.538,353.0,150.8,0.542,-0.049,0.0841,model / self-contact,0
1211,0.3887,618.8,297.4,0.3926,-0.3549,-0.0572,model / self-contact,0
1212,0.3976,588.1,39.7,0.4016,-0.2475,0.2247,reachable,1
1213,0.408,571.7,233.8,0.412,-0.294,0.0172,reachable,1
1214,0.1262,324.9,31.3,0.1302,-0.0007,0.205,model / self-contact,0
1215,0.53,481.9,86.7,0.534,-0.2208,0.176,reachable,1
1216,0.3161,60.4,277.7,0.32,0.231,0.0239,outside workspace box,0
1217,0.5004,514.5,5.3,0.5043,-0.2294,0.2698,reachable,1
1218,0.2009,263.2,349.0,0.2049,0.0288,0.0655,hits pocket,0
1219,0.4735,260.0,239.5,0.4774,0.0845,-0.0279,model / self-contact,0
1220,0.6121,440.2,299.3,0.6161,-0.2454,-0.2456,IK fails,0
1221,0.498,462.5,184.8,0.5019,-0.2001,0.0451,reachable,1
1222,0.5085,628.1,1.4,0.5125,-0.3691,0.2753,reachable,1
1223,0.1796,276.9,246.2,0.1836,0.016,0.1378,hits pocket,0
1224,0.5063,146.4,278.2,0.5103,0.277,-0.1167,outside workspace box,0
1225,0.313,424.9,15.8,0.3169,-0.0698,0.2327,model / self-contact,0
1226,0.1711,167.9,22.2,0.1751,0.0408,0.2116,hits pocket,0
1227,0.5631,406.4,113.7,0.5671,-0.1299,0.1352,model / self-contact,0
1228,0.5735,456.7,83.4,0.5775,-0.2036,0.1783,model / self-contact,0
1229,0.3885,37.5,131.3,0.3924,0.2775,0.1414,outside workspace box,0
1230,0.4823,367.9,32.4,0.4862,-0.0555,0.2389,reachable,1
1231,0.4086,606.8,259.8,0.4125,-0.346,-0.0183,reachable,1
1232,0.3616,173.9,212.0,0.3655,0.1431,0.0669,hits pocket,0
1233,0.3808,78.8,124.3,0.3848,0.2294,0.1495,outside workspace box,0
1234,0.5485,336.2,49.4,0.5525,-0.0222,0.224,reachable,1
1235,0.4332,548.5,309.0,0.4372,-0.3146,-0.1132,model / self-contact,0
1236,0.3486,488.2,284.5,0.3525,-0.1714,-0.0081,reachable,1
1237,0.4593,105.6,141.0,0.4632,0.2609,0.1162,outside workspace box,0
1238,0.1198,473.8,40.1,0.1238,-0.0193,0.2033,model / self-contact,0
1239,0.1341,214.7,353.8,0.1381,0.025,0.136,hits pocket,0
1240,0.4973,28.0,72.8,0.5012,0.3645,0.1943,outside workspace box,0
1241,0.0957,603.0,12.5,0.0997,-0.0156,0.2029,model / self-contact,0
1242,0.1389,483.5,156.5,0.1428,-0.0332,0.183,model / self-contact,0
1243,0.3249,523.2,42.3,0.3288,-0.1455,0.2173,reachable,1
1244,0.3162,146.7,307.2,0.3202,0.1601,-0.0086,hits pocket,0
1245,0.1315,603.5,242.6,0.1354,-0.0559,0.1675,model / self-contact,0
1246,0.134,308.0,300.4,0.1379,0.0026,0.1516,model / self-contact,0
1247,0.2105,501.0,359.6,0.2144,-0.1002,0.0476,hits pocket,0
1248,0.1138,117.1,233.3,0.1177,0.0269,0.1793,model / self-contact,0
1249,0.393,506.7,64.8,0.3969,-0.1739,0.2029,reachable,1
1250,0.4675,17.7,69.5,0.4715,0.3495,0.1983,outside workspace box,0
1251,0.1641,389.8,50.9,0.168,-0.0178,0.2041,model / self-contact,0
1252,0.2081,470.0,359.6,0.2121,-0.0816,0.0502,hits pocket,0
1253,0.3329,507.6,20.3,0.3368,-0.1358,0.2326,reachable,1
1254,0.2597,591.6,215.1,0.2636,-0.1717,0.1122,reachable,1
1255,0.353,460.4,205.1,0.3569,-0.1324,0.078,reachable,1
1256,0.315,520.0,280.7,0.3189,-0.1778,0.0215,reachable,1
1257,0.2527,428.1,211.9,0.2566,-0.0655,0.1177,hits pocket,0
1258,0.2442,115.2,199.2,0.2482,0.1165,0.1296,hits pocket,0
1259,0.4459,488.8,304.0,0.4498,-0.2391,-0.1156,model / self-contact,0
1260,0.6115,167.5,175.5,0.6154,0.2691,0.0211,outside workspace box,0
1261,0.5256,275.7,104.2,0.5296,0.0609,0.153,model / self-contact,0
1262,0.4171,614.0,207.8,0.421,-0.3423,0.0464,reachable,1
1263,0.5149,371.8,218.9,0.5188,-0.0786,-0.0161,model / self-contact,0
1264,0.1223,272.4,184.2,0.1262,0.0073,0.1831,model / self-contact,0
1265,0.1009,328.1,307.8,0.1049,-0.0008,0.1783,model / self-contact,0
1266,0.3224,580.8,49.8,0.3264,-0.1863,0.2122,reachable,1
1267,0.458,369.5,352.6,0.462,-0.0772,-0.2188,IK fails,0
1268,0.2678,380.7,230.3,0.2718,-0.0408,0.0971,hits pocket,0
1269,0.2178,620.2,340.4,0.2218,-0.1709,0.0536,reachable,1
1270,0.0808,36.1,78.3,0.0847,0.004,0.1999,model / self-contact,0
1271,0.588,550.8,128.4,0.5919,-0.3703,0.1086,IK fails,0
1272,0.5751,321.1,21.7,0.5791,-0.0015,0.2615,model / self-contact,0
1273,0.3776,14.4,123.1,0.3816,0.2872,0.1511,outside workspace box,0
1274,0.0802,525.0,344.1,0.0842,-0.0035,0.1956,model / self-contact,0
1275,0.3574,122.6,217.3,0.3614,0.1917,0.0632,hits pocket,0
1276,0.5315,293.8,312.9,0.5354,0.0462,-0.2078,IK fails,0
1277,0.0985,223.2,280.1,0.1025,0.0081,0.1833,model / self-contact,0
1278,0.5925,503.3,68.0,0.5965,-0.2792,0.2,model / self-contact,0
1279,0.2412,78.9,115.8,0.2452,0.1232,0.1769,hits pocket,0
1280,0.4964,638.5,129.3,0.5003,-0.42,0.1237,model / self-contact,0
1281,0.4349,220.3,165.3,0.4388,0.1165,0.0927,model / self-contact,0
1282,0.1502,327.0,81.2,0.1541,-0.0015,0.1972,model / self-contact,0
1283,0.3217,604.0,216.7,0.3256,-0.2406,0.0811,reachable,1
1284,0.1913,273.7,327.7,0.1952,0.0211,0.0885,hits pocket,0
1285,0.2634,141.7,255.8,0.2674,0.1207,0.0801,hits pocket,0
1286,0.6067,367.7,81.6,0.6107,-0.0756,0.1796,model / self-contact,0
1287,0.2565,13.4,25.6,0.2605,0.1568,0.2205,hits pocket,0
1288,0.5553,208.0,306.4,0.5593,0.2062,-0.2143,outside workspace box,0
1289,0.3854,534.3,173.9,0.3893,-0.218,0.0983,reachable,1
1290,0.1009,279.3,133.0,0.1049,0.0032,0.1952,model / self-contact,0
1291,0.3773,513.0,208.8,0.3812,-0.1987,0.0631,reachable,1
1292,0.5473,338.5,58.1,0.5512,-0.0254,0.2129,reachable,1
1293,0.2628,432.6,160.7,0.2667,-0.0682,0.147,reachable,1
1294,0.4241,46.0,310.6,0.4281,0.3685,-0.1079,outside workspace box,0
1295,0.2608,489.6,310.5,0.2648,-0.1211,0.0366,reachable,1
1296,0.1148,259.9,329.5,0.1188,0.0092,0.1621,model / self-contact,0
1297,0.1338,286.5,231.8,0.1378,0.0068,0.1686,model / self-contact,0
1298,0.6181,214.9,95.1,0.6221,0.1725,0.1581,IK fails,0
1299,0.6403,0.7,72.4,0.6443,0.5336,0.1931,outside workspace box,0
1300,0.5411,187.4,73.5,0.545,0.1829,0.1928,IK fails,0
1301,0.3121,496.8,140.9,0.316,-0.1325,0.1484,reachable,1
1302,0.1462,208.4,299.7,0.1502,0.0298,0.1415,hits pocket,0
1303,0.3658,571.2,129.9,0.3698,-0.2285,0.1468,reachable,1
1304,0.3584,212.4,64.2,0.3624,0.0893,0.203,hits pocket,0
1305,0.5273,298.1,266.8,0.5313,0.0361,-0.1097,IK fails,0
1306,0.1996,411.8,28.7,0.2036,-0.0322,0.213,reachable,1
1307,0.4826,114.1,18.6,0.4866,0.2356,0.2533,outside workspace box,0
1308,0.3447,211.6,186.1,0.3487,0.0971,0.1002,hits pocket,0
1309,0.3722,277.8,334.2,0.3762,0.0498,-0.0964,hits pocket,0
1310,0.3386,88.4,32.7,0.3426,0.1734,0.225,hits pocket,0
1311,0.3525,71.9,217.0,0.3564,0.2367,0.0659,outside workspace box,0
1312,0.595,541.3,233.8,0.599,-0.404,-0.0857,IK fails,0
1313,0.3867,422.3,295.2,0.3907,-0.1204,-0.0524,model / self-contact,0
1314,0.5675,305.2,289.4,0.5715,0.0274,-0.1862,IK fails,0
1315,0.3664,348.3,322.3,0.3704,-0.0322,-0.0732,model / self-contact,0
1316,0.5411,455.2,107.2,0.5451,-0.1928,0.1473,reachable,1
1317,0.5583,40.3,234.3,0.5623,0.4748,-0.0664,outside workspace box,0
1318,0.591,246.9,119.4,0.595,0.1169,0.1224,IK fails,0
1319,0.4276,579.7,238.5,0.4316,-0.323,-0.0001,reachable,1
1320,0.1373,562.9,237.3,0.1412,-0.0525,0.1655,model / self-contact,0
1321,0.5498,122.5,116.5,0.5537,0.2896,0.1329,outside workspace box,0
1322,0.5193,568.7,266.3,0.5233,-0.403,-0.1034,IK fails,0
1323,0.4042,60.5,219.5,0.4081,0.2947,0.0376,outside workspace box,0
1324,0.2437,212.3,279.9,0.2477,0.0671,0.0753,hits pocket,0
1325,0.3016,49.9,234.6,0.3056,0.2146,0.0751,outside workspace box,0
1326,0.6176,176.3,43.4,0.6216,0.2242,0.2362,outside workspace box,0
1327,0.6112,444.5,336.2,0.6152,-0.2661,-0.3409,IK fails,0
1328,0.5959,167.2,28.8,0.5999,0.2257,0.2547,outside workspace box,0
1329,0.2731,404.5,104.1,0.277,-0.0509,0.1795,hits pocket,0
1330,0.0929,312.9,220.4,0.0968,0.0004,0.1916,model / self-contact,0
1331,0.5765,149.4,47.4,0.5805,0.2469,0.2281,outside workspace box,0
1332,0.4766,298.1,270.5,0.4805,0.0322,-0.0813,model / self-contact,0
1333,0.1304,122.5,209.1,0.1344,0.0367,0.1752,hits pocket,0
1334,0.2356,161.8,263.0,0.2395,0.0919,0.0931,hits pocket,0
1335,0.5544,463.5,83.7,0.5584,-0.2056,0.1788,reachable,1
1336,0.5723,436.5,276.8,0.5763,-0.214,-0.1622,IK fails,0
1337,0.3293,355.4,92.8,0.3333,-0.0271,0.1821,hits pocket,0
1338,0.2907,15.8,160.3,0.2947,0.2117,0.1393,outside workspace box,0
1339,0.4351,30.8,34.7,0.4391,0.2967,0.2322,outside workspace box,0
1340,0.2364,35.1,140.6,0.2403,0.145,0.1651,hits pocket,0
1341,0.5462,6.3,26.8,0.5502,0.4183,0.2519,outside workspace box,0
1342,0.4796,472.0,96.2,0.4836,-0.186,0.1674,reachable,1
1343,0.1234,89.4,262.5,0.1274,0.0398,0.1683,hits pocket,0
1344,0.6142,379.4,359.2,0.6181,-0.1316,-0.409,outside workspace box,0
1345,0.3357,51.8,213.9,0.3396,0.2394,0.0771,outside workspace box,0
1346,0.3534,32.9,253.6,0.3574,0.2867,0.025,outside workspace box,0
1347,0.1659,400.9,48.9,0.1698,-0.021,0.2047,model / self-contact,0
1348,0.2636,456.5,333.5,0.2676,-0.1018,0.013,reachable,1
1349,0.1628,629.7,78.9,0.1668,-0.0801,0.1973,model / self-contact,0
1350,0.6226,466.2,92.7,0.6265,-0.2415,0.1616,IK fails,0
1351,0.5314,30.2,204.5,0.5354,0.449,0.0004,outside workspace box,0
1352,0.1873,474.3,345.5,0.1912,-0.0694,0.0822,hits pocket,0
1353,0.1373,394.3,46.9,0.1413,-0.0132,0.2035,model / self-contact,0
1354,0.515,473.7,250.4,0.519,-0.2419,-0.071,IK fails,0
1355,0.4791,558.7,67.2,0.4831,-0.2836,0.2008,reachable,1
1356,0.3436,519.3,87.5,0.3475,-0.1603,0.1852,reachable,1
1357,0.5662,204.7,35.4,0.5701,0.1616,0.2431,IK fails,0
1358,0.2904,481.4,3.9,0.2943,-0.096,0.236,reachable,1
1359,0.1971,523.5,345.1,0.2011,-0.0995,0.0721,hits pocket,0
1360,0.0797,609.3,168.3,0.0837,-0.0035,0.1989,model / self-contact,0
1361,0.3808,9.4,34.6,0.3848,0.2704,0.2275,outside workspace box,0
1362,0.6297,635.7,299.0,0.6336,-0.6654,-0.2596,IK fails,0
1363,0.538,595.4,322.4,0.5419,-0.499,-0.235,IK fails,0
1364,0.6176,393.4,249.5,0.6215,-0.1424,-0.1324,IK fails,0
1365,0.3692,414.2,31.0,0.3731,-0.0786,0.2292,reachable,1
1366,0.0968,506.2,40.7,0.1007,-0.0111,0.2015,model / self-contact,0
1367,0.1423,543.4,32.2,0.1463,-0.0422,0.2064,model / self-contact,0
1368,0.5215,330.7,203.6,0.5255,-0.0162,0.0063,model / self-contact,0
1369,0.3867,463.9,26.8,0.3907,-0.1268,0.2343,reachable,1
1370,0.5287,440.1,356.1,0.5326,-0.223,-0.3048,IK fails,0
1371,0.3631,575.8,118.1,0.3671,-0.2278,0.1579,reachable,1
1372,0.4059,35.0,288.1,0.4098,0.353,-0.0572,outside workspace box,0
1373,0.5401,446.6,359.1,0.5441,-0.2419,-0.3251,IK fails,0
1374,0.2536,144.1,31.7,0.2575,0.0889,0.2173,hits pocket,0
1375,0.5304,433.0,14.2,0.5344,-0.1439,0.2647,reachable,1
1376,0.2549,383.3,299.0,0.2589,-0.0431,0.0516,hits pocket,0
1377,0.1442,207.3,42.5,0.1482,0.0221,0.2047,model / self-contact,0
1378,0.2985,186.3,117.7,0.3025,0.0922,0.1676,hits pocket,0
1379,0.5997,296.1,339.5,0.6037,0.0502,-0.3381,IK fails,0
1380,0.3799,59.0,62.2,0.3838,0.2326,0.2049,outside workspace box,0
1381,0.6486,179.0,120.6,0.6525,0.2509,0.1116,outside workspace box,0
1382,0.4471,613.6,31.2,0.4511,-0.3103,0.2367,reachable,1
1383,0.3968,610.5,70.7,0.4008,-0.2756,0.1976,reachable,1
1384,0.5121,289.3,61.6,0.5161,0.0393,0.2077,model / self-contact,0
1385,0.3511,551.4,310.9,0.3551,-0.246,-0.0437,model / self-contact,0
1386,0.308,182.4,136.8,0.312,0.1009,0.1524,hits pocket,0
1387,0.3517,358.2,244.1,0.3556,-0.0375,0.0369,hits pocket,0
1388,0.6015,544.6,209.3,0.6054,-0.4037,-0.0398,IK fails,0
1389,0.1934,553.9,82.1,0.1973,-0.0821,0.1953,reachable,1
1390,0.2143,369.1,264.3,0.2182,-0.0247,0.1066,hits pocket,0
1391,0.2687,591.3,145.4,0.2726,-0.1667,0.1551,reachable,1
1392,0.6477,522.2,44.8,0.6516,-0.3333,0.2361,outside workspace box,0
1393,0.3443,600.9,317.7,0.3483,-0.2937,-0.0464,model / self-contact,0
1394,0.1358,566.0,161.1,0.1397,-0.0477,0.183,model / self-contact,0
1395,0.1675,553.4,209.4,0.1714,-0.073,0.1583,model / self-contact,0
1396,0.2275,162.3,214.0,0.2315,0.0821,0.1283,hits pocket,0
1397,0.1035,113.9,108.3,0.1075,0.0174,0.1968,model / self-contact,0
1398,0.203,427.1,257.7,0.207,-0.0492,0.1178,hits pocket,0
1399,0.5965,519.3,328.7,0.6004,-0.41,-0.3064,IK fails,0
1400,0.0839,425.3,160.5,0.0879,-0.0027,0.1978,model / self-contact,0
1401,0.1994,626.6,289.6,0.2033,-0.1423,0.103,reachable,1
1402,0.6415,512.0,20.8,0.6455,-0.3061,0.2711,IK fails,0
1403,0.5521,78.7,37.2,0.5561,0.3289,0.2397,outside workspace box,0
1404,0.1823,44.3,115.4,0.1863,0.0906,0.1853,hits pocket,0
1405,0.4093,156.3,133.5,0.4132,0.1718,0.1351,model / self-contact,0
1406,0.5887,336.1,354.0,0.5926,-0.0338,-0.3659,outside workspace box,0
1407,0.5071,257.9,229.1,0.511,0.0937,-0.0292,IK fails,0
1408,0.4865,68.5,223.2,0.4904,0.3587,-0.0089,outside workspace box,0
1409,0.6174,442.6,11.3,0.6213,-0.1855,0.281,IK fails,0
1410,0.1811,0.6,34.4,0.185,0.0958,0.2095,hits pocket,0
1411,0.4634,198.0,71.5,0.4674,0.1399,0.1963,model / self-contact,0
1412,0.137,554.9,303.6,0.141,-0.0549,0.1481,model / self-contact,0
1413,0.5638,215.4,46.6,0.5677,0.1474,0.2284,IK fails,0
1414,0.4594,568.3,275.5,0.4634,-0.3519,-0.0776,model / self-contact,0
1415,0.1044,337.1,327.1,0.1084,-0.0019,0.1726,model / self-contact,0
1416,0.432,539.2,149.7,0.436,-0.2501,0.1121,reachable,1
1417,0.1393,436.2,151.4,0.1433,-0.0236,0.184,model / self-contact,0
1418,0.3204,438.9,182.4,0.3244,-0.0965,0.1124,model / self-contact,0
1419,0.1786,553.0,323.8,0.1826,-0.0939,0.1027,hits pocket,0
1420,0.3965,299.4,64.0,0.4005,0.0194,0.2036,hits pocket,0
1421,0.5966,296.2,251.8,0.6006,0.0446,-0.1245,IK fails,0
1422,0.1975,289.1,346.0,0.2015,0.0152,0.0711,hits pocket,0
1423,0.2621,544.3,221.7,0.2661,-0.1448,0.1063,reachable,1
1424,0.5807,61.0,197.3,0.5847,0.4411,-0.0078,outside workspace box,0
1425,0.2946,330.4,79.0,0.2985,-0.0068,0.1932,hits pocket,0
1426,0.5869,630.2,251.2,0.5909,-0.5689,-0.1171,IK fails,0
1427,0.3933,2.4,14.8,0.3973,0.2826,0.2447,outside workspace box,0
1428,0.445,193.7,293.6,0.449,0.1762,-0.097,IK fails,0
1429,0.5349,263.8,215.3,0.5389,0.0888,-0.0197,IK fails,0
1430,0.2689,356.7,22.1,0.2729,-0.02,0.2236,hits pocket,0
1431,0.3874,277.3,108.5,0.3914,0.0408,0.1634,hits pocket,0
1432,0.2493,451.0,230.2,0.2532,-0.0795,0.1071,hits pocket,0
1433,0.3449,516.5,206.4,0.3488,-0.1801,0.0802,reachable,1
1434,0.1344,119.4,342.3,0.1384,0.0472,0.1391,hits pocket,0
1435,0.4883,208.7,232.4,0.4922,0.1612,-0.0247,IK fails,0
1436,0.6311,80.0,331.1,0.6351,0.5285,-0.3467,outside workspace box,0
1437,0.3767,544.3,228.7,0.3807,-0.2359,0.0405,reachable,1
1438,0.5825,612.4,251.6,0.5865,-0.5319,-0.1153,IK fails,0
1439,0.1931,448.2,5.4,0.197,-0.0417,0.2192,reachable,1
1440,0.4826,401.5,302.0,0.4866,-0.1266,-0.1431,IK fails,0
1441,0.3853,370.0,41.7,0.3893,-0.0445,0.2221,hits pocket,0
1442,0.368,220.3,199.0,0.372,0.0984,0.0779,hits pocket,0
1443,0.2629,296.4,246.3,0.2668,0.0158,0.0877,hits pocket,0
1444,0.1489,506.1,2.6,0.1529,-0.0376,0.2125,model / self-contact,0
1445,0.452,347.9,22.0,0.456,-0.0297,0.2461,hits pocket,0
1446,0.47,590.3,300.3,0.474,-0.4061,-0.1294,IK fails,0
1447,0.4688,584.7,260.2,0.4727,-0.3774,-0.0586,model / self-contact,0
1448,0.4549,2.2,68.5,0.4588,0.3553,0.1995,outside workspace box,0
1449,0.518,503.5,348.1,0.522,-0.3291,-0.2741,IK fails,0
1450,0.5286,171.3,128.3,0.5325,0.2109,0.1193,outside workspace box,0
1451,0.2492,341.4,86.4,0.2532,-0.0111,0.191,hits pocket,0
1452,0.6413,220.5,169.9,0.6453,0.1841,0.022,IK fails,0
1453,0.2851,237.7,97.1,0.2891,0.0523,0.1825,hits pocket,0
1454,0.5019,518.8,27.8,0.5058,-0.2403,0.2459,reachable,1
1455,0.6202,573.5,117.8,0.6241,-0.4275,0.1207,IK fails,0
1456,0.6268,573.3,350.7,0.6307,-0.5679,-0.3981,outside workspace box,0
1457,0.1769,202.8,337.8,0.1808,0.0473,0.0973,hits pocket,0
1458,0.2175,398.5,215.4,0.2215,-0.0383,0.1322,hits pocket,0
1459,0.6025,529.2,26.8,0.6064,-0.3124,0.2581,IK fails,0
1460,0.0929,62.4,334.6,0.0969,0.0173,0.1831,model / self-contact,0
1461,0.1243,469.1,53.2,0.1283,-0.0209,0.202,model / self-contact,0
1462,0.6079,65.9,30.1,0.6118,0.3844,0.2541,outside workspace box,0
1463,0.4421,605.0,83.2,0.446,-0.3123,0.1843,reachable,1
1464,0.4169,48.9,163.1,0.4208,0.3004,0.1005,outside workspace box,0
1465,0.1008,511.9,320.2,0.1047,-0.0186,0.177,model / self-contact,0
1466,0.2046,342.8,291.2,0.2086,-0.0111,0.0979,hits pocket,0
1467,0.4682,140.6,350.7,0.4721,0.2864,-0.226,outside workspace box,0
1468,0.4079,103.2,73.2,0.4118,0.2133,0.1952,outside workspace box,0
1469,0.3848,501.1,343.2,0.3887,-0.2254,-0.1231,model / self-contact,0
1470,0.6435,157.3,90.7,0.6475,0.2785,0.1634,outside workspace box,0
1471,0.3461,576.0,201.3,0.3501,-0.2344,0.0848,reachable,1
1472,0.4804,123.6,164.1,0.4844,0.2585,0.0807,outside workspace box,0
1473,0.2523,142.0,125.5,0.2563,0.0981,0.1701,hits pocket,0
1474,0.1823,37.0,237.1,0.1863,0.1062,0.1401,hits pocket,0
1475,0.0781,580.3,355.7,0.0821,-0.0022,0.1977,model / self-contact,0
1476,0.3579,517.9,104.1,0.3619,-0.1706,0.1706,reachable,1
1477,0.442,456.6,249.8,0.446,-0.1791,-0.025,reachable,1
1478,0.552,155.2,12.9,0.556,0.2195,0.2693,outside workspace box,0
1479,0.4651,245.8,311.7,0.4691,0.1116,-0.1463,IK fails,0
1480,0.3028,216.6,115.2,0.3068,0.0725,0.1688,hits pocket,0
1481,0.5122,394.9,199.6,0.5162,-0.1106,0.0166,reachable,1
1482,0.2145,507.8,115.3,0.2185,-0.0804,0.1809,reachable,1
1483,0.3472,328.5,75.6,0.3512,-0.0069,0.1942,hits pocket,0
1484,0.4032,351.3,75.9,0.4072,-0.0305,0.1928,hits pocket,0
1485,0.5451,410.5,40.9,0.5491,-0.1219,0.2344,reachable,1
1486,0.3849,300.4,130.2,0.3888,0.019,0.1431,hits pocket,0
1487,0.1142,73.8,179.5,0.1181,0.0311,0.1867,model / self-contact,0
1488,0.4028,64.2,322.3,0.4067,0.3278,-0.1076,outside workspace box,0
1489,0.0845,473.9,53.8,0.0885,-0.0038,0.2003,model / self-contact,0
1490,0.1004,295.3,111.6,0.1044,0.0019,0.1969,model / self-contact,0
1491,0.0966,111.4,212.8,0.1005,0.0147,0.1904,model / self-contact,0
1492,0.2701,603.2,3.9,0.2741,-0.1526,0.2326,reachable,1
1493,0.4757,261.3,70.2,0.4796,0.0693,0.1976,model / self-contact,0
1494,0.0979,609.3,118.2,0.1018,-0.0196,0.1968,model / self-contact,0
1495,0.5589,190.5,46.8,0.5629,0.1808,0.2279,IK fails,0
1496,0.2035,183.3,216.4,0.2075,0.0601,0.1384,hits pocket,0
1497,0.5053,24.2,187.8,0.5093,0.424,0.038,outside workspace box,0
1498,0.0939,539.5,108.0,0.0979,-0.012,0.1979,model / self-contact,0
1499,0.5879,168.4,173.6,0.5919,0.2551,0.0322,outside workspace box,0
1500,0.3786,530.2,66.0,0.3826,-0.1872,0.2017,reachable,1
1501,0.3979,357.5,138.1,0.4018,-0.0383,0.1326,hits pocket,0
1502,0.6134,596.2,38.5,0.6174,-0.4255,0.2429,IK fails,0
1503,0.2607,343.7,260.6,0.2646,-0.0159,0.0781,hits pocket,0
1504,0.161,31.2,73.0,0.1649,0.0727,0.1988,hits pocket,0
1505,0.4195,310.8,174.1,0.4235,0.0104,0.0869,hits pocket,0
1506,0.5444,347.1,323.3,0.5483,-0.0498,-0.243,IK fails,0
1507,0.631,534.0,228.4,0.635,-0.4153,-0.0938,IK fails,0
1508,0.3504,635.1,0.7,0.3544,-0.2393,0.2482,reachable,1
1509,0.2015,113.9,332.5,0.2054,0.1027,0.0756,hits pocket,0
1510,0.0918,532.5,142.0,0.0958,-0.0107,0.1965,model / self-contact,0
1511,0.425,281.7,240.1,0.429,0.0474,-0.0009,hits pocket,0
1512,0.6439,322.3,60.5,0.6479,-0.0039,0.2117,IK fails,0
1513,0.1466,432.3,244.0,0.1506,-0.0282,0.1583,model / self-contact,0
1514,0.3603,557.8,81.7,0.3643,-0.2021,0.189,reachable,1
1515,0.4537,39.0,226.3,0.4576,0.3701,0.0032,outside workspace box,0
1516,0.551,569.1,253.4,0.5549,-0.4258,-0.0991,IK fails,0
1517,0.1673,206.7,337.3,0.1713,0.0414,0.1072,hits pocket,0
1518,0.5319,13.7,264.7,0.5358,0.5095,-0.1088,outside workspace box,0
1519,0.592,543.7,69.8,0.5959,-0.341,0.1974,IK fails,0
1520,0.6166,407.0,25.0,0.6205,-0.1331,0.2621,model / self-contact,0
1521,0.2844,223.1,67.3,0.2884,0.0595,0.2004,hits pocket,0
1522,0.5419,471.5,206.1,0.5459,-0.2406,-0.007,model / self-contact,0
1523,0.1913,368.0,315.8,0.1952,-0.0215,0.0952,hits pocket,0
1524,0.1178,280.2,189.1,0.1218,0.0056,0.184,model / self-contact,0
1525,0.2299,447.4,240.7,0.2339,-0.0695,0.111,hits pocket,0
1526,0.4607,303.5,347.6,0.4647,0.0257,-0.2116,IK fails,0
1527,0.3536,402.0,144.8,0.3576,-0.0726,0.1358,model / self-contact,0
1528,0.5346,591.7,236.1,0.5386,-0.4395,-0.0567,IK fails,0
1529,0.1509,423.5,24.6,0.1549,-0.0219,0.2087,model / self-contact,0
1530,0.0837,35.6,78.2,0.0877,0.0065,0.1998,model / self-contact,0
1531,0.1876,512.8,341.2,0.1916,-0.0865,0.0843,hits pocket,0
1532,0.3439,74.8,153.7,0.3479,0.2114,0.1303,outside workspace box,0
1533,0.5547,502.3,143.8,0.5586,-0.2779,0.0909,model / self-contact,0
1534,0.6194,614.3,137.0,0.6233,-0.5057,0.0881,IK fails,0
1535,0.4722,257.3,273.3,0.4762,0.0916,-0.0831,IK fails,0
1536,0.2238,175.0,14.3,0.2278,0.0601,0.221,hits pocket,0
1537,0.3284,448.2,202.4,0.3324,-0.1098,0.0913,model / self-contact,0
1538,0.4896,34.2,223.0,0.4936,0.4106,-0.0102,outside workspace box,0
1539,0.4837,431.9,43.2,0.4876,-0.1313,0.2274,reachable,1
1540,0.5102,533.0,227.6,0.5142,-0.323,-0.0284,model / self-contact,0
1541,0.5154,261.1,65.0,0.5194,0.0762,0.2036,model / self-contact,0
1542,0.5161,64.0,45.3,0.52,0.3251,0.2272,outside workspace box,0
1543,0.4375,12.9,60.9,0.4415,0.3251,0.2071,outside workspace box,0
1544,0.236,332.4,258.3,0.2399,-0.0072,0.096,hits pocket,0
1545,0.3744,519.9,255.7,0.3784,-0.2153,0.0092,reachable,1
1546,0.1703,116.1,126.4,0.1742,0.0601,0.1838,hits pocket,0
1547,0.2007,393.2,295.8,0.2047,-0.0346,0.0984,hits pocket,0
1548,0.5386,591.4,213.8,0.5426,-0.4316,-0.0188,IK fails,0
1549,0.6073,413.6,98.5,0.6113,-0.1512,0.1534,model / self-contact,0
1550,0.5051,587.8,149.2,0.5091,-0.368,0.0947,model / self-contact,0
1551,0.3531,511.4,209.4,0.357,-0.1814,0.0735,reachable,1
1552,0.2342,258.0,198.7,0.2382,0.0331,0.1341,hits pocket,0
1553,0.0762,139.3,212.1,0.0802,0.0001,0.1999,model / self-contact,0
1554,0.1076,534.5,346.0,0.1116,-0.0274,0.1665,model / self-contact,0
1555,0.3991,46.5,10.9,0.4031,0.2469,0.2486,outside workspace box,0
1556,0.1599,259.4,242.5,0.1639,0.0181,0.1509,hits pocket,0
1557,0.6196,447.6,152.7,0.6235,-0.2229,0.0603,IK fails,0
1558,0.3693,441.4,210.6,0.3733,-0.122,0.0648,reachable,1
1559,0.5318,265.3,39.6,0.5358,0.0716,0.2351,model / self-contact,0
1560,0.6292,67.7,5.3,0.6332,0.3879,0.291,outside workspace box,0
1561,0.2735,376.2,149.6,0.2774,-0.0355,0.1513,hits pocket,0
1562,0.6084,525.1,167.4,0.6124,-0.3566,0.0369,IK fails,0
1563,0.5802,417.7,77.0,0.5842,-0.1466,0.1872,model / self-contact,0
1564,0.4175,473.2,74.7,0.4214,-0.1553,0.1936,reachable,1
1565,0.3559,336.8,61.6,0.3599,-0.0138,0.205,hits pocket,0
1566,0.5789,569.3,294.6,0.5829,-0.4746,-0.2071,IK fails,0
1567,0.505,625.4,359.2,0.509,-0.5395,-0.2855,IK fails,0
1568,0.3199,628.4,50.3,0.3238,-0.218,0.2118,reachable,1
1569,0.0798,81.5,159.7,0.0838,0.0029,0.1989,model / self-contact,0
1570,0.2986,12.7,181.3,0.3026,0.2268,0.1211,outside workspace box,0
1571,0.1287,499.0,71.5,0.1327,-0.0279,0.1995,model / self-contact,0
1572,0.1571,81.2,236.9,0.1611,0.0684,0.1544,hits pocket,0
1573,0.3423,178.7,246.1,0.3463,0.1343,0.0403,hits pocket,0
1574,0.1399,173.1,185.1,0.1438,0.0312,0.1765,model / self-contact,0
1575,0.5801,204.2,292.9,0.584,0.2204,-0.2041,outside workspace box,0
1576,0.2104,607.5,133.8,0.2144,-0.1218,0.1737,reachable,1
1577,0.2489,23.0,223.9,0.2529,0.1786,0.1115,hits pocket,0
1578,0.1528,28.0,193.3,0.1567,0.0752,0.1695,hits pocket,0
1579,0.5957,101.7,17.6,0.5997,0.3189,0.2695,outside workspace box,0
1580,0.1383,349.4,45.6,0.1423,-0.0053,0.2038,model / self-contact,0
1581,0.4205,600.2,27.2,0.4245,-0.2738,0.2376,reachable,1
1582,0.6154,19.1,137.4,0.6194,0.5134,0.0882,outside workspace box,0
1583,0.0925,234.8,160.0,0.0965,0.0046,0.1954,model / self-contact,0
1584,0.6224,45.9,206.5,0.6263,0.5106,-0.0436,outside workspace box,0
1585,0.6371,555.0,234.2,0.6411,-0.464,-0.1097,IK fails,0
1586,0.3645,276.3,344.8,0.3684,0.0509,-0.1044,hits pocket,0
1587,0.6301,40.6,167.2,0.634,0.5055,0.0305,outside workspace box,0
1588,0.2834,266.7,354.8,0.2873,0.0452,-0.0297,hits pocket,0
1589,0.1938,103.5,91.6,0.1978,0.077,0.1921,hits pocket,0
1590,0.265,372.8,57.4,0.269,-0.0291,0.2055,hits pocket,0
1591,0.4415,621.1,41.6,0.4455,-0.3165,0.2262,reachable,1
1592,0.0967,144.9,145.9,0.1007,0.0115,0.1952,model / self-contact,0
1593,0.5051,483.0,305.8,0.509,-0.2685,-0.1696,IK fails,0
1594,0.2382,210.3,194.8,0.2422,0.0598,0.1347,hits pocket,0
1595,0.541,626.8,153.8,0.545,-0.4592,0.0788,IK fails,0
1596,0.5811,57.5,340.9,0.5851,0.5328,-0.3228,outside workspace box,0
1597,0.4577,442.0,173.5,0.4617,-0.1531,0.075,reachable,1
1598,0.4549,534.9,48.0,0.4588,-0.2355,0.2207,reachable,1
1599,0.2062,353.8,228.1,0.2102,-0.0154,0.1313,hits pocket,0
1600,0.3944,585.5,183.4,0.3983,-0.2808,0.0848,reachable,1
1601,0.1435,383.4,74.2,0.1475,-0.0127,0.1988,model / self-contact,0
1602,0.139,402.3,72.0,0.143,-0.0153,0.1993,model / self-contact,0
1603,0.5765,363.1,347.8,0.5805,-0.0874,-0.3359,IK fails,0
1604,0.1847,323.0,256.9,0.1887,-0.0012,0.13,hits pocket,0
1605,0.5729,147.3,204.9,0.5769,0.2921,-0.0185,outside workspace box,0
1606,0.1819,606.3,313.7,0.1859,-0.1176,0.1048,reachable,1
1607,0.4199,587.2,75.0,0.4238,-0.2728,0.1933,reachable,1
1608,0.4758,503.6,100.8,0.4798,-0.2236,0.1623,reachable,1
1609,0.4973,330.6,235.5,0.5013,-0.0158,-0.0348,model / self-contact,0
1610,0.4284,258.3,224.7,0.4323,0.0756,0.0186,hits pocket,0
1611,0.0997,107.3,124.6,0.1037,0.0157,0.196,model / self-contact,0
1612,0.2782,484.5,206.4,0.2822,-0.1134,0.11,reachable,1
1613,0.3751,19.7,199.4,0.3791,0.3038,0.0745,outside workspace box,0
1614,0.1397,590.3,350.5,0.1436,-0.07,0.1309,model / self-contact,0
1615,0.5962,557.2,221.3,0.6002,-0.4279,-0.061,IK fails,0
1616,0.5193,478.1,239.2,0.5232,-0.2482,-0.0536,model / self-contact,0
1617,0.3436,180.2,179.2,0.3475,0.1237,0.1071,hits pocket,0
1618,0.1061,565.4,16.7,0.11,-0.0207,0.2041,model / self-contact,0
1619,0.4681,446.8,311.4,0.4721,-0.1922,-0.1483,IK fails,0
1620,0.5202,456.1,134.5,0.5242,-0.1907,0.112,reachable,1
1621,0.6032,494.8,129.5,0.6072,-0.2891,0.104,IK fails,0
1622,0.2907,292.6,242.2,0.2947,0.0209,0.0747,hits pocket,0
1623,0.3024,367.1,31.0,0.3064,-0.0304,0.2225,hits pocket,0
1624,0.2545,488.2,302.0,0.2585,-0.1147,0.0494,reachable,1
1625,0.2198,35.1,60.8,0.2238,0.12,0.2029,hits pocket,0
1626,0.2722,316.7,94.7,0.2762,0.002,0.185,hits pocket,0
1627,0.4679,11.0,149.1,0.4718,0.3878,0.104,outside workspace box,0
1628,0.6082,287.3,69.8,0.6122,0.0514,0.1973,IK fails,0
1629,0.1644,117.9,312.6,0.1684,0.0691,0.121,hits pocket,0
1630,0.4462,96.6,175.6,0.4501,0.2725,0.0761,outside workspace box,0
1631,0.4241,289.9,182.9,0.428,0.0348,0.0746,hits pocket,0
1632,0.1408,309.3,344.5,0.1448,0.0028,0.1318,hits pocket,0
1633,0.1685,250.5,46.0,0.1725,0.0186,0.2056,model / self-contact,0
1634,0.2629,396.8,312.0,0.2668,-0.0555,0.0335,hits pocket,0
1635,0.4756,547.0,136.9,0.4795,-0.2868,0.1179,reachable,1
1636,0.0794,91.5,109.6,0.0834,0.0024,0.1996,model / self-contact,0
1637,0.6091,558.3,295.7,0.6131,-0.4816,-0.2342,IK fails,0
1638,0.5354,143.8,160.6,0.5393,0.2624,0.0698,outside workspace box,0
1639,0.2572,176.8,233.0,0.2611,0.0912,0.1008,hits pocket,0
1640,0.6136,241.2,243.1,0.6176,0.1506,-0.116,IK fails,0
1641,0.0915,518.4,125.3,0.0955,-0.0096,0.1974,model / self-contact,0
1642,0.4816,620.2,122.5,0.4856,-0.3792,0.135,reachable,1
1643,0.435,36.7,4.2,0.4389,0.2824,0.26,outside workspace box,0
1644,0.4324,553.1,155.7,0.4364,-0.2679,0.1048,reachable,1
1645,0.1046,449.9,305.8,0.1085,-0.0142,0.1754,model / self-contact,0
1646,0.2542,342.1,159.2,0.2581,-0.0127,0.1504,hits pocket,0
1647,0.1532,237.2,149.6,0.1572,0.0205,0.181,model / self-contact,0
1648,0.2898,552.8,104.0,0.2938,-0.1521,0.1778,reachable,1
1649,0.3443,374.3,247.0,0.3483,-0.052,0.038,model / self-contact,0
1650,0.3525,283.3,132.0,0.3564,0.0319,0.1475,hits pocket,0
1651,0.5991,149.3,7.3,0.6031,0.2486,0.2835,outside workspace box,0
1652,0.3731,120.7,144.2,0.3771,0.1887,0.1319,hits pocket,0
1653,0.2853,215.0,154.1,0.2893,0.0708,0.1453,hits pocket,0
1654,0.3642,290.0,276.7,0.3682,0.032,-0.0102,hits pocket,0
1655,0.3596,556.5,242.7,0.3636,-0.2384,0.0338,reachable,1
1656,0.2377,212.9,27.8,0.2417,0.0492,0.2174,hits pocket,0
1657,0.1289,398.0,177.9,0.1329,-0.0136,0.1819,model / self-contact,0
1658,0.2112,365.4,105.2,0.2151,-0.0188,0.1855,hits pocket,0
1659,0.4484,197.6,247.3,0.4524,0.1628,-0.0253,model / self-contact,0
1660,0.4093,54.1,74.8,0.4132,0.2631,0.1936,outside workspace box,0
1661,0.4956,55.7,274.5,0.4995,0.4094,-0.1019,outside workspace box,0
1662,0.5355,114.7,355.1,0.5394,0.3863,-0.3098,outside workspace box,0
1663,0.2238,74.7,320.8,0.2277,0.1418,0.0621,hits pocket,0
1664,0.3182,303.2,50.1,0.3222,0.0118,0.2119,hits pocket,0
1665,0.0945,524.7,203.6,0.0985,-0.0128,0.192,model / self-contact,0
1666,0.3179,204.8,195.7,0.3218,0.0939,0.1018,hits pocket,0
1667,0.3466,309.1,357.6,0.3506,0.0121,-0.1039,hits pocket,0
1668,0.582,628.0,21.0,0.586,-0.4396,0.2632,IK fails,0
1669,0.6019,266.5,309.2,0.6059,0.1085,-0.2617,IK fails,0
1670,0.2699,346.0,37.0,0.2739,-0.0144,0.2162,hits pocket,0
1671,0.6376,45.6,294.5,0.6415,0.5831,-0.2543,outside workspace box,0
1672,0.4959,434.9,137.3,0.4998,-0.1526,0.1131,reachable,1
1673,0.1076,638.0,169.8,0.1116,-0.0329,0.1901,model / self-contact,0
1674,0.4652,378.9,308.2,0.4691,-0.0882,-0.1397,model / self-contact,0
1675,0.5148,507.8,169.5,0.5188,-0.2697,0.0624,reachable,1
1676,0.5492,397.1,63.2,0.5532,-0.1071,0.2063,reachable,1
1677,0.3074,221.0,242.9,0.3114,0.0814,0.0642,hits pocket,0
1678,0.1378,589.1,135.1,0.1418,-0.0525,0.1877,model / self-contact,0
1679,0.5716,244.5,65.4,0.5756,0.1101,0.2036,IK fails,0
1680,0.542,273.3,180.4,0.5459,0.0721,0.0363,IK fails,0
1681,0.3982,571.4,243.0,0.4021,-0.288,0.0109,reachable,1
1682,0.2583,412.9,295.0,0.2622,-0.0641,0.0521,hits pocket,0
1683,0.2833,539.0,356.8,0.2872,-0.1863,-0.0319,model / self-contact,0
1684,0.3316,510.4,296.5,0.3355,-0.1846,-0.0091,reachable,1
1685,0.11,508.6,19.8,0.1139,-0.018,0.2043,model / self-contact,0
1686,0.2873,23.3,309.4,0.2913,0.2418,0.0143,outside workspace box,0
1687,0.5639,469.7,106.5,0.5678,-0.2238,0.1456,model / self-contact,0
1688,0.5942,196.1,248.0,0.5982,0.2297,-0.1149,outside workspace box,0
1689,0.4686,266.5,305.2,0.4726,0.0805,-0.1372,IK fails,0
1690,0.531,66.8,148.3,0.5349,0.3687,0.0896,outside workspace box,0
1691,0.2107,609.8,86.8,0.2147,-0.1173,0.1928,reachable,1
1692,0.3932,1.0,249.4,0.3972,0.3625,0.0055,outside workspace box,0
1693,0.4486,470.0,9.8,0.4526,-0.156,0.2571,reachable,1
1694,0.4231,398.4,341.3,0.4271,-0.1094,-0.16,model / self-contact,0
1695,0.4975,150.2,147.2,0.5015,0.2288,0.0993,outside workspace box,0
1696,0.421,559.8,185.8,0.425,-0.2756,0.0722,reachable,1
1697,0.3259,618.5,235.5,0.3299,-0.2629,0.0608,reachable,1
1698,0.5938,67.0,273.6,0.5978,0.4833,-0.1706,outside workspace box,0
1699,0.1251,261.9,116.5,0.1291,0.0088,0.193,model / self-contact,0
1700,0.4078,277.3,351.4,0.4118,0.0578,-0.1617,IK fails,0
1701,0.3501,283.8,1.2,0.354,0.0275,0.2478,hits pocket,0
1702,0.2548,191.1,77.9,0.2588,0.0686,0.195,hits pocket,0
1703,0.2385,507.4,214.8,0.2425,-0.1048,0.1225,reachable,1
1704,0.4443,535.4,198.4,0.4482,-0.268,0.0468,reachable,1
1705,0.3596,249.4,297.2,0.3636,0.076,-0.0329,hits pocket,0
1706,0.4529,259.8,121.9,0.4568,0.0706,0.1403,model / self-contact,0
1707,0.2281,585.2,346.4,0.2321,-0.1632,0.0382,reachable,1
1708,0.5834,386.1,76.5,0.5874,-0.0998,0.1878,model / self-contact,0
1709,0.5533,599.8,219.8,0.5573,-0.4622,-0.0368,IK fails,0
1710,0.5076,51.1,245.3,0.5116,0.4138,-0.0575,outside workspace box,0
1711,0.425,578.1,305.8,0.4289,-0.3457,-0.1006,model / self-contact,0
1712,0.1895,99.4,300.8,0.1935,0.0955,0.1049,hits pocket,0
1713,0.2229,418.2,20.7,0.2269,-0.0407,0.2185,reachable,1
1714,0.1185,91.4,280.3,0.1225,0.0361,0.1684,hits pocket,0
1715,0.1809,100.3,282.3,0.1849,0.0859,0.121,hits pocket,0
1716,0.0982,361.1,120.1,0.1022,-0.0028,0.1966,model / self-contact,0
1717,0.3044,559.9,110.7,0.3084,-0.1686,0.1717,reachable,1
1718,0.1299,494.8,297.2,0.1338,-0.0357,0.1558,model / self-contact,0
1719,0.4379,193.4,290.7,0.4419,0.1725,-0.0865,IK fails,0
1720,0.3739,130.6,317.2,0.3778,0.2197,-0.0728,outside workspace box,0
1721,0.1409,415.0,207.2,0.1448,-0.021,0.1709,model / self-contact,0
1722,0.211,63.1,157.9,0.215,0.1121,0.163,hits pocket,0
1723,0.6341,579.8,299.3,0.6381,-0.552,-0.2639,IK fails,0
1724,0.4828,154.4,137.6,0.4868,0.2131,0.1155,outside workspace box,0
1725,0.6002,224.3,216.4,0.6041,0.173,-0.0531,IK fails,0
1726,0.0914,586.7,94.3,0.0953,-0.0124,0.1988,model / self-contact,0
1727,0.1678,438.8,253.7,0.1717,-0.0392,0.1421,model / self-contact,0
1728,0.4355,268.9,162.6,0.4395,0.0597,0.0958,hits pocket,0
1729,0.1175,565.2,316.8,0.1215,-0.0396,0.1621,model / self-contact,0
1730,0.4869,469.9,184.1,0.4909,-0.2048,0.0502,reachable,1
1731,0.2417,66.7,87.0,0.2456,0.1261,0.1911,hits pocket,0
1732,0.4176,188.0,238.8,0.4216,0.1596,0.0051,model / self-contact,0
1733,0.6232,284.8,77.3,0.6271,0.0574,0.1857,IK fails,0
1734,0.1428,230.5,308.4,0.1468,0.023,0.1416,hits pocket,0
1735,0.516,367.5,81.4,0.52,-0.0625,0.1833,reachable,1
1736,0.6363,442.5,6.4,0.6402,-0.191,0.2907,IK fails,0
1737,0.5912,358.3,339.7,0.5951,-0.0792,-0.33,IK fails,0
1738,0.5264,478.0,278.2,0.5303,-0.2639,-0.1314,IK fails,0
1739,0.4931,98.9,118.5,0.4971,0.286,0.1383,outside workspace box,0
1740,0.6314,385.8,8.2,0.6353,-0.1019,0.2874,IK fails,0
1741,0.3261,639.9,44.4,0.3301,-0.2307,0.216,reachable,1
1742,0.4825,87.3,149.0,0.4865,0.3029,0.1005,outside workspace box,0
1743,0.1279,106.1,333.0,0.1319,0.0442,0.1484,hits pocket,0
1744,0.3526,485.2,304.3,0.3566,-0.1751,-0.0364,model / self-contact,0
1745,0.2499,527.6,322.8,0.2539,-0.1417,0.0359,reachable,1
1746,0.1952,448.2,209.7,0.1992,-0.0523,0.1455,reachable,1
1747,0.0917,125.7,347.0,0.0956,0.0123,0.1833,model / self-contact,0
1748,0.5499,270.0,288.3,0.5539,0.089,-0.17,IK fails,0
1749,0.3663,354.7,322.0,0.3703,-0.0395,-0.0727,model / self-contact,0
1750,0.3726,191.2,328.9,0.3766,0.151,-0.0888,model / self-contact,0
1751,0.1171,184.9,218.9,0.121,0.0192,0.1798,model / self-contact,0
1752,0.3564,246.9,62.0,0.3603,0.0601,0.2046,hits pocket,0
1753,0.3534,131.9,98.0,0.3574,0.1585,0.1761,hits pocket,0
1754,0.3615,466.2,339.9,0.3654,-0.1674,-0.0939,model / self-contact,0
1755,0.0818,427.5,174.8,0.0857,-0.002,0.1981,model / self-contact,0
1756,0.1273,347.9,356.6,0.1313,-0.0059,0.1427,model / self-contact,0
1757,0.1511,326.1,227.8,0.155,-0.0016,0.1605,model / self-contact,0
1758,0.2471,12.9,83.1,0.251,0.1573,0.1927,hits pocket,0
1759,0.2195,56.4,124.9,0.2235,0.1181,0.176,hits pocket,0
1760,0.3254,11.0,44.4,0.3293,0.2221,0.216,outside workspace box,0
1761,0.6165,569.1,110.6,0.6204,-0.4142,0.1332,IK fails,0
1762,0.4969,528.2,281.8,0.5009,-0.3265,-0.1165,IK fails,0
1763,0.2811,565.7,1.2,0.285,-0.1395,0.2358,reachable,1
1764,0.5183,545.8,355.0,0.5223,-0.409,-0.2905,IK fails,0
1765,0.1835,288.3,80.7,0.1875,0.0102,0.1961,hits pocket,0
1766,0.1276,15.3,182.3,0.1316,0.0522,0.1815,model / self-contact,0
1767,0.646,487.9,326.6,0.65,-0.3774,-0.3486,outside workspace box,0
1768,0.5111,414.2,50.7,0.515,-0.1189,0.2206,reachable,1
1769,0.2477,520.9,103.1,0.2516,-0.1053,0.1827,reachable,1
1770,0.1608,460.3,274.4,0.1648,-0.0439,0.139,model / self-contact,0
1771,0.227,68.6,248.9,0.231,0.1359,0.1077,hits pocket,0
1772,0.2155,518.3,15.5,0.2195,-0.0776,0.2194,reachable,1
1773,0.1476,463.0,16.2,0.1515,-0.0287,0.2098,model / self-contact,0
1774,0.335,274.4,58.0,0.339,0.0345,0.2071,hits pocket,0
1775,0.1742,350.7,14.7,0.1782,-0.0085,0.2139,model / self-contact,0
1776,0.1043,243.0,51.8,0.1082,0.0063,0.2013,model / self-contact,0
1777,0.0998,363.4,234.3,0.1037,-0.0036,0.1869,model / self-contact,0
1778,0.1011,464.5,29.1,0.105,-0.0103,0.2026,model / self-contact,0
1779,0.4579,412.9,357.9,0.4618,-0.1458,-0.2296,IK fails,0
1780,0.2008,70.8,164.5,0.2047,0.1012,0.163,hits pocket,0
1781,0.3436,178.7,250.1,0.3476,0.1356,0.0351,hits pocket,0
1782,0.1729,442.9,196.1,0.1768,-0.0401,0.1605,model / self-contact,0
1783,0.1121,423.0,312.7,0.116,-0.0144,0.1678,model / self-contact,0
1784,0.4604,493.9,286.5,0.4644,-0.2505,-0.097,model / self-contact,0
1785,0.4169,409.4,185.0,0.4208,-0.1015,0.0747,reachable,1
1786,0.5026,220.9,353.8,0.5066,0.1728,-0.2705,IK fails,0
1787,0.0835,328.1,281.6,0.0875,-0.0002,0.1944,model / self-contact,0
1788,0.4456,631.4,51.3,0.4495,-0.334,0.2169,reachable,1
1789,0.3859,89.0,118.1,0.3899,0.222,0.1545,outside workspace box,0
1790,0.2357,97.6,202.5,0.2396,0.1205,0.1312,hits pocket,0
1791,0.5766,621.5,27.2,0.5806,-0.4282,0.2547,IK fails,0
1792,0.556,233.7,14.7,0.56,0.1161,0.2677,IK fails,0
1793,0.3996,65.2,8.2,0.4036,0.2298,0.2509,outside workspace box,0
1794,0.2285,469.9,302.0,0.2325,-0.0874,0.0713,hits pocket,0
1795,0.269,275.4,221.3,0.2729,0.0298,0.1032,hits pocket,0
1796,0.236,601.4,207.3,0.24,-0.1536,0.1282,reachable,1
1797,0.6365,429.2,259.6,0.6405,-0.222,-0.1677,IK fails,0
1798,0.4048,245.3,308.2,0.4087,0.0946,-0.0869,model / self-contact,0
1799,0.6084,322.3,211.2,0.6124,-0.0043,-0.0467,IK fails,0
1800,0.4477,484.6,332.3,0.4516,-0.243,-0.1684,IK fails,0
1801,0.0998,585.9,38.4,0.1038,-0.0181,0.2019,model / self-contact,0
1802,0.2523,299.0,87.2,0.2562,0.0111,0.1904,hits pocket,0
1803,0.5633,256.5,74.1,0.5673,0.0918,0.1917,model / self-contact,0
1804,0.3463,340.0,143.3,0.3503,-0.0172,0.1389,hits pocket,0
1805,0.6154,4.4,75.7,0.6194,0.5059,0.1884,outside workspace box,0
1806,0.4501,147.7,11.2,0.4541,0.1801,0.2561,model / self-contact,0
1807,0.4694,527.0,153.5,0.4733,-0.262,0.0979,reachable,1
1808,0.4749,471.0,99.2,0.4788,-0.1833,0.1642,reachable,1
1809,0.4482,31.3,297.0,0.4522,0.4079,-0.1054,outside workspace box,0
1810,0.5856,8.3,153.7,0.5895,0.5111,0.0673,outside workspace box,0
1811,0.437,268.7,178.4,0.4409,0.0612,0.0757,hits pocket,0
1812,0.4044,373.8,35.2,0.4084,-0.0505,0.2291,reachable,1
1813,0.1868,626.4,113.0,0.1907,-0.1047,0.1855,reachable,1
1814,0.1322,331.9,27.5,0.1361,-0.0019,0.2061,model / self-contact,0
1815,0.2897,465.9,214.9,0.2937,-0.1073,0.098,reachable,1
1816,0.4125,377.6,111.8,0.4164,-0.0597,0.1571,reachable,1
1817,0.0812,369.4,237.7,0.0851,-0.0009,0.1971,model / self-contact,0
1818,0.6061,448.6,183.9,0.61,-0.2266,0.0073,IK fails,0
1819,0.4306,539.6,176.8,0.4345,-0.2569,0.0799,reachable,1
1820,0.2321,299.1,218.3,0.236,0.0113,0.1235,hits pocket,0
1821,0.3849,321.2,10.8,0.3889,-0.001,0.2466,hits pocket,0
1822,0.5472,302.3,85.0,0.5511,0.025,0.1774,model / self-contact,0
1823,0.6365,525.9,174.4,0.6404,-0.3797,0.0147,IK fails,0
1824,0.4693,296.1,175.1,0.4733,0.0309,0.0691,model / self-contact,0
1825,0.614,422.4,111.2,0.618,-0.1696,0.1324,IK fails,0
1826,0.1422,579.1,22.9,0.1461,-0.0484,0.2079,model / self-contact,0
1827,0.1327,441.6,178.0,0.1367,-0.0228,0.1806,model / self-contact,0
1828,0.3969,250.1,144.3,0.4009,0.0714,0.1263,hits pocket,0
1829,0.4504,496.7,129.1,0.4543,-0.2075,0.1323,reachable,1
1830,0.4063,425.0,192.8,0.4102,-0.1165,0.0693,reachable,1
1831,0.3092,102.5,171.2,0.3132,0.1663,0.1255,hits pocket,0
1832,0.203,328.4,174.9,0.207,-0.0035,0.1578,hits pocket,0
1833,0.5737,276.8,32.8,0.5777,0.0613,0.2472,model / self-contact,0
1834,0.5221,561.6,331.2,0.5261,-0.4274,-0.2395,IK fails,0
1835,0.4944,555.9,227.5,0.4984,-0.3446,-0.0199,model / self-contact,0
1836,0.0883,295.3,229.9,0.0922,0.0011,0.1934,model / self-contact,0
1837,0.0959,365.5,121.4,0.0998,-0.0028,0.1969,model / self-contact,0
1838,0.554,282.9,284.8,0.558,0.0664,-0.1658,IK fails,0
1839,0.2827,78.0,24.3,0.2867,0.1415,0.2241,hits pocket,0
1840,0.4025,247.8,307.2,0.4064,0.0907,-0.0834,model / self-contact,0
1841,0.0813,505.3,58.0,0.0852,-0.0028,0.2001,model / self-contact,0
1842,0.4662,609.6,7.7,0.4701,-0.3147,0.2619,reachable,1
1843,0.6243,263.3,152.3,0.6282,0.1,0.0598,IK fails,0
1844,0.2329,431.8,291.7,0.2368,-0.0661,0.0751,hits pocket,0
1845,0.5389,9.6,114.5,0.5429,0.4438,0.1372,outside workspace box,0
1846,0.2607,159.4,78.0,0.2646,0.0883,0.1948,hits pocket,0
1847,0.1412,268.8,287.7,0.1452,0.0125,0.1493,model / self-contact,0
1848,0.2006,288.2,231.7,0.2045,0.0139,0.1325,hits pocket,0
1849,0.1997,266.5,48.1,0.2037,0.0191,0.2067,hits pocket,0
1850,0.3139,363.8,134.7,0.3178,-0.0329,0.1528,hits pocket,0
1851,0.4259,568.1,34.3,0.4299,-0.2479,0.2318,reachable,1
1852,0.2803,333.3,57.5,0.2842,-0.008,0.2059,hits pocket,0
1853,0.4043,104.1,86.9,0.4083,0.213,0.1824,outside workspace box,0
1854,0.2909,493.9,259.1,0.2949,-0.1355,0.0595,reachable,1
1855,0.1455,512.8,250.6,0.1495,-0.0481,0.157,model / self-contact,0
1856,0.3983,337.6,171.4,0.4023,-0.0186,0.0968,hits pocket,0
1857,0.2459,145.5,121.7,0.2498,0.0922,0.1732,hits pocket,0
1858,0.4327,624.3,0.8,0.4366,-0.3004,0.2626,reachable,1
1859,0.3437,378.5,116.5,0.3477,-0.0485,0.1621,hits pocket,0
1860,0.338,567.3,104.2,0.342,-0.1981,0.1726,reachable,1
1861,0.0968,86.9,265.2,0.1008,0.0177,0.1859,model / self-contact,0
1862,0.3434,100.4,128.6,0.3474,0.1841,0.152,hits pocket,0
1863,0.5485,387.6,1.4,0.5525,-0.0885,0.2822,reachable,1
1864,0.3353,459.7,130.0,0.3393,-0.1137,0.1524,reachable,1
1865,0.3082,195.9,352.6,0.3121,0.1176,-0.0545,hits pocket,0
1866,0.2342,35.2,272.0,0.2382,0.1658,0.0879,hits pocket,0
1867,0.0839,255.2,332.7,0.0878,0.002,0.1922,model / self-contact,0
1868,0.3764,305.4,317.0,0.3804,0.017,-0.0749,hits pocket,0
1869,0.5387,226.6,219.0,0.5427,0.1494,-0.0281,IK fails,0
1870,0.5334,154.6,356.7,0.5373,0.3105,-0.3114,outside workspace box,0
1871,0.3421,22.8,158.2,0.3461,0.2557,0.1268,outside workspace box,0
1872,0.4461,202.2,355.1,0.45,0.1785,-0.2106,IK fails,0
1873,0.3748,563.5,44.7,0.3788,-0.2098,0.2189,reachable,1
1874,0.2879,306.5,261.4,0.2919,0.0104,0.0595,hits pocket,0
1875,0.1324,573.1,313.7,0.1364,-0.0553,0.1493,model / self-contact,0
1876,0.2664,218.4,96.8,0.2704,0.0587,0.1843,hits pocket,0
1877,0.0854,489.4,66.5,0.0894,-0.0047,0.2,model / self-contact,0
1878,0.1111,350.0,282.9,0.1151,-0.0039,0.1735,model / self-contact,0
1879,0.0887,534.4,57.9,0.0927,-0.0079,0.2004,model / self-contact,0
1880,0.3756,201.6,47.6,0.3796,0.1026,0.2167,hits pocket,0
1881,0.2065,496.3,205.4,0.2104,-0.0783,0.1424,reachable,1
1882,0.5509,157.9,235.7,0.5549,0.2714,-0.065,outside workspace box,0
1883,0.317,357.6,233.5,0.321,-0.0319,0.0676,hits pocket,0
1884,0.5339,403.8,348.3,0.5378,-0.1558,-0.2915,IK fails,0
1885,0.3567,5.2,192.1,0.3607,0.2965,0.0897,outside workspace box,0
1886,0.3078,54.8,296.7,0.3117,0.2333,0.0102,outside workspace box,0
1887,0.6187,447.7,93.5,0.6227,-0.2096,0.1605,IK fails,0
1888,0.2648,214.5,242.2,0.2688,0.0708,0.0898,hits pocket,0
1889,0.578,72.4,9.1,0.5819,0.3466,0.2779,outside workspace box,0
1890,0.1342,371.0,212.8,0.1382,-0.0102,0.1727,model / self-contact,0
1891,0.2814,199.1,261.8,0.2854,0.0903,0.0634,hits pocket,0
1892,0.09,309.9,77.7,0.0939,0.0004,0.1996,model / self-contact,0
1893,0.5159,91.8,320.5,0.5199,0.3927,-0.2101,outside workspace box,0
1894,0.5354,501.3,322.1,0.5394,-0.3266,-0.232,IK fails,0
1895,0.6365,197.3,209.4,0.6405,0.2353,-0.0559,outside workspace box,0
1896,0.5105,190.2,207.8,0.5144,0.1925,0.0043,IK fails,0
1897,0.2967,396.8,209.1,0.3007,-0.058,0.0995,hits pocket,0
1898,0.1881,385.2,77.8,0.1921,-0.0217,0.1969,model / self-contact,0
1899,0.2738,65.7,236.1,0.2777,0.1774,0.0894,hits pocket,0
1900,0.4552,161.2,126.2,0.4592,0.1883,0.1349,model / self-contact,0
1901,0.4821,169.4,325.9,0.486,0.2409,-0.1894,outside workspace box,0
1902,0.5358,630.4,348.0,0.5398,-0.5789,-0.2928,IK fails,0
1903,0.292,567.0,121.2,0.296,-0.1659,0.1663,reachable,1
1904,0.2876,521.0,169.5,0.2916,-0.1392,0.1337,reachable,1
1905,0.1942,55.9,112.7,0.1982,0.0963,0.1846,hits pocket,0
1906,0.5153,249.4,252.9,0.5192,0.1115,-0.0758,IK fails,0
1907,0.1282,296.9,64.6,0.1322,0.0036,0.2005,model / self-contact,0
1908,0.5651,108.6,39.7,0.5691,0.2968,0.2374,outside workspace box,0
1909,0.1183,187.9,181.6,0.1222,0.0185,0.185,model / self-contact,0
1910,0.1297,556.7,9.2,0.1336,-0.0354,0.2083,model / self-contact,0
1911,0.2382,212.3,292.1,0.2421,0.0659,0.0706,hits pocket,0
1912,0.2673,183.0,31.8,0.2713,0.0746,0.2186,hits pocket,0
1913,0.5214,443.5,296.2,0.5254,-0.2087,-0.1639,IK fails,0
1914,0.4735,482.8,11.2,0.4775,-0.1809,0.2595,reachable,1
1915,0.5956,270.9,87.2,0.5995,0.0767,0.1717,IK fails,0
1916,0.09,415.8,297.8,0.0939,-0.0051,0.1885,model / self-contact,0
1917,0.6055,97.7,329.1,0.6095,0.4657,-0.3161,outside workspace box,0
1918,0.0855,234.1,218.9,0.0895,0.0028,0.1953,model / self-contact,0
1919,0.342,371.2,45.4,0.346,-0.0393,0.2164,model / self-contact,0
1920,0.282,23.0,274.6,0.286,0.2259,0.0517,outside workspace box,0
1921,0.6044,595.4,28.7,0.6084,-0.4134,0.2556,IK fails,0
1922,0.4397,20.6,326.1,0.4436,0.429,-0.1491,outside workspace box,0
1923,0.6019,380.1,72.7,0.6059,-0.0936,0.1931,model / self-contact,0
1924,0.6432,33.3,302.7,0.6472,0.6218,-0.2804,outside workspace box,0
1925,0.5662,229.1,240.9,0.5702,0.158,-0.0837,IK fails,0
1926,0.1984,353.1,6.3,0.2023,-0.0112,0.2198,model / self-contact,0
1927,0.0932,391.5,56.8,0.0972,-0.0036,0.2005,model / self-contact,0
1928,0.5919,411.9,314.1,0.5958,-0.1839,-0.265,IK fails,0
1929,0.1535,67.1,88.0,0.1575,0.0589,0.1956,hits pocket,0
1930,0.1472,373.7,302.7,0.1512,-0.0146,0.1397,model / self-contact,0
1931,0.3968,276.7,136.4,0.4008,0.0439,0.1345,hits pocket,0
1932,0.3614,408.0,206.5,0.3653,-0.0856,0.0729,model / self-contact,0
1933,0.1266,383.6,39.7,0.1306,-0.0092,0.2039,model / self-contact,0
1934,0.3869,355.7,70.7,0.3908,-0.0328,0.1977,hits pocket,0
1935,0.1264,480.0,290.9,0.1304,-0.0304,0.16,model / self-contact,0
1936,0.3369,51.8,15.5,0.3409,0.1963,0.2363,hits pocket,0
1937,0.1897,90.5,297.6,0.1937,0.0991,0.1064,hits pocket,0
1938,0.168,286.2,100.8,0.172,0.0095,0.1913,model / self-contact,0
1939,0.4893,602.6,26.0,0.4933,-0.331,0.2464,reachable,1
1940,0.1516,163.0,36.7,0.1556,0.034,0.2064,model / self-contact,0
1941,0.4623,243.7,234.6,0.4662,0.1037,-0.0138,model / self-contact,0
1942,0.1198,75.4,151.1,0.1238,0.0343,0.189,model / self-contact,0
1943,0.6118,119.9,83.2,0.6158,0.321,0.177,outside workspace box,0
1944,0.6399,178.7,68.9,0.6438,0.2353,0.1985,outside workspace box,0
1945,0.6238,443.7,155.5,0.6277,-0.2185,0.0541,IK fails,0
1946,0.4339,551.0,334.8,0.4379,-0.3294,-0.1592,IK fails,0
1947,0.5438,162.6,294.9,0.5478,0.2788,-0.1793,outside workspace box,0
1948,0.2934,417.6,351.8,0.2973,-0.0865,-0.0373,model / self-contact,0
1949,0.2585,249.4,317.7,0.2624,0.0502,0.0325,hits pocket,0
1950,0.4521,620.6,325.3,0.4561,-0.445,-0.1594,IK fails,0
1951,0.462,579.3,53.2,0.4659,-0.291,0.2156,reachable,1
1952,0.1438,484.4,95.3,0.1478,-0.0338,0.1947,model / self-contact,0
1953,0.4057,3.3,131.6,0.4097,0.3283,0.1377,outside workspace box,0
1954,0.4871,403.4,72.3,0.4911,-0.1015,0.195,reachable,1
1955,0.4277,181.7,315.0,0.4317,0.189,-0.1185,IK fails,0
1956,0.1736,614.1,147.6,0.1776,-0.0918,0.1766,reachable,1
1957,0.4411,428.5,267.4,0.445,-0.1449,-0.0514,model / self-contact,0
1958,0.4826,160.8,61.1,0.4866,0.1896,0.2078,model / self-contact,0
1959,0.2998,52.6,128.0,0.3038,0.1875,0.1603,hits pocket,0
1960,0.53,640.0,113.0,0.534,-0.4481,0.1406,IK fails,0
1961,0.3724,367.3,190.9,0.3764,-0.047,0.0848,hits pocket,0
1962,0.4058,446.9,316.4,0.4098,-0.1628,-0.1009,model / self-contact,0
1963,0.1095,278.5,28.9,0.1134,0.0039,0.2035,model / self-contact,0
1964,0.5153,190.7,298.9,0.5193,0.2162,-0.1644,outside workspace box,0
1965,0.1817,14.9,244.3,0.1856,0.1147,0.1374,hits pocket,0
1966,0.3469,470.5,55.0,0.3509,-0.1188,0.2097,reachable,1
1967,0.4302,363.3,301.3,0.4341,-0.0586,-0.0977,model / self-contact,0
1968,0.3716,248.3,343.9,0.3756,0.0855,-0.1105,model / self-contact,0
1969,0.4302,217.6,83.8,0.4342,0.1087,0.1841,model / self-contact,0
1970,0.4662,184.4,327.1,0.4702,0.2088,-0.1764,outside workspace box,0
1971,0.1401,448.3,97.3,0.1441,-0.025,0.1946,model / self-contact,0
1972,0.4036,54.0,334.3,0.4076,0.347,-0.1279,outside workspace box,0
1973,0.2662,414.8,247.7,0.2702,-0.0645,0.0846,hits pocket,0
1974,0.1282,293.7,93.9,0.1322,0.0042,0.1961,model / self-contact,0
1975,0.2066,459.3,351.5,0.2105,-0.0741,0.0577,hits pocket,0
1976,0.1973,128.9,186.8,0.2012,0.0773,0.1547,hits pocket,0
1977,0.5741,84.4,82.7,0.5781,0.3511,0.1794,outside workspace box,0
1978,0.2687,635.3,117.5,0.2727,-0.1883,0.1721,reachable,1
1979,0.3015,518.5,16.8,0.3055,-0.1257,0.2306,reachable,1
1980,0.4461,452.4,256.4,0.45,-0.177,-0.0377,reachable,1
1981,0.4575,48.1,132.4,0.4615,0.3265,0.127,outside workspace box,0
1982,0.3843,625.5,181.5,0.3883,-0.3123,0.0905,reachable,1
1983,0.4469,551.5,62.3,0.4508,-0.2519,0.2058,reachable,1
1984,0.4126,152.5,152.8,0.4166,0.1812,0.1134,model / self-contact,0
1985,0.2215,146.3,221.4,0.2254,0.0876,0.127,hits pocket,0
1986,0.5909,160.4,264.7,0.5949,0.2998,-0.1488,outside workspace box,0
1987,0.3206,315.3,56.1,0.3246,0.0034,0.208,hits pocket,0
1988,0.1627,507.8,61.7,0.1667,-0.0477,0.2015,model / self-contact,0
1989,0.4573,562.2,265.7,0.4612,-0.3373,-0.06,model / self-contact,0
1990,0.1586,605.7,269.3,0.1626,-0.0866,0.1424,model / self-contact,0
1991,0.1333,630.8,344.8,0.1372,-0.0719,0.1396,model / self-contact,0
1992,0.2191,418.9,84.9,0.223,-0.0424,0.1932,reachable,1
1993,0.3839,467.2,5.2,0.3879,-0.126,0.2508,reachable,1
1994,0.2176,618.2,233.7,0.2216,-0.1485,0.1221,reachable,1
1995,0.2106,638.8,105.1,0.2145,-0.1313,0.1856,reachable,1
1996,0.1814,212.8,154.1,0.1854,0.0364,0.1724,hits pocket,0
1997,0.1075,33.3,255.7,0.1115,0.0326,0.1799,model / self-contact,0
1998,0.5738,329.2,63.0,0.5778,-0.0135,0.2069,model / self-contact,0
1999,0.4628,326.0,201.3,0.4668,-0.0079,0.035,hits pocket,0
