depth,row,col,u,v,tx,ty,tz,reach_ok,in_ws_box,converged,err_m,joint_margin_rad,max_joint_rad,q0,q1,q2,q3,q4,q5,q6
0.2,0,0,32.0,18.0,0.204,0.1004,0.2165,1,1,1,6e-05,0.6779,0.6569,0.110326,0.000862,0.656934,-0.369266,-0.020026,-0.335455,0.472437
0.2,0,1,96.0,18.0,0.204,0.0781,0.2165,1,1,1,8e-05,0.6328,0.6121,0.184337,-0.03356,0.612122,-0.414359,-0.004214,-0.388275,0.479913
0.2,0,2,160.0,18.0,0.204,0.0558,0.2165,1,1,1,9e-05,0.5909,0.5653,0.259455,-0.062842,0.565345,-0.456264,0.0077,-0.440269,0.478213
0.2,0,3,224.0,18.0,0.204,0.0335,0.2165,1,1,1,3e-05,0.5525,0.5168,0.335404,-0.086723,0.51683,-0.494749,0.01578,-0.491337,0.467101
0.2,0,4,288.0,18.0,0.204,0.0112,0.2165,1,1,1,5e-05,0.5182,0.5405,0.410635,-0.104047,0.467181,-0.529029,0.019889,-0.540462,0.446302
0.2,0,5,352.0,18.0,0.204,-0.0112,0.2165,1,1,1,6e-05,0.4885,0.587,0.483895,-0.11434,0.41697,-0.55874,0.020071,-0.586991,0.415969
0.2,0,6,416.0,18.0,0.204,-0.0335,0.2165,1,1,1,8e-05,0.4637,0.6298,0.553174,-0.117038,0.366876,-0.583489,0.016336,-0.6298,0.376473
0.2,0,7,480.0,18.0,0.204,-0.0558,0.2165,1,1,1,4e-05,0.444,0.6678,0.616383,-0.112074,0.317436,-0.603158,0.008839,-0.667769,0.328546
0.2,0,8,544.0,18.0,0.204,-0.0781,0.2165,1,1,1,4e-05,0.4295,0.6989,0.670235,-0.099391,0.269091,-0.617683,-0.002202,-0.698902,0.273126
0.2,0,9,608.0,18.0,0.204,-0.1004,0.2165,1,1,1,5e-05,0.4198,0.7219,0.712413,-0.080016,0.221766,-0.627436,-0.016113,-0.721853,0.211609
0.2,1,0,32.0,54.0,0.204,0.1039,0.2048,1,1,1,6e-05,0.6928,0.665,0.134437,1e-06,0.665033,-0.354396,-0.014604,-0.321005,0.481944
0.2,1,1,96.0,54.0,0.204,0.0808,0.2048,1,1,1,8e-05,0.6454,0.6189,0.212007,-0.035971,0.618881,-0.401775,0.00239,-0.374874,0.49082
0.2,1,2,160.0,54.0,0.204,0.0577,0.2048,1,1,1,9e-05,0.6014,0.5708,0.290818,-0.066399,0.57078,-0.445821,0.015078,-0.427927,0.489806
0.2,1,3,224.0,54.0,0.204,0.0346,0.2048,1,1,1,4e-05,0.5609,0.521,0.370519,-0.090997,0.520994,-0.486285,0.023498,-0.480052,0.478626
0.2,1,4,288.0,54.0,0.204,0.0115,0.2048,1,1,1,5e-05,0.5249,0.5302,0.44944,-0.108556,0.470176,-0.522324,0.027483,-0.530189,0.456973
0.2,1,5,352.0,54.0,0.204,-0.0115,0.2048,1,1,1,6e-05,0.4937,0.5776,0.526136,-0.118564,0.418956,-0.553519,0.027057,-0.577612,0.425013
0.2,1,6,416.0,54.0,0.204,-0.0346,0.2048,1,1,1,8e-05,0.4678,0.6211,0.598341,-0.120438,0.368061,-0.579421,0.022225,-0.621091,0.383157
0.2,1,7,480.0,54.0,0.204,-0.0577,0.2048,1,1,1,4e-05,0.4473,0.6637,0.663673,-0.114142,0.318038,-0.599875,0.013174,-0.659378,0.33223
0.2,1,8,544.0,54.0,0.204,-0.0808,0.2048,1,1,1,4e-05,0.4324,0.7185,0.71855,-0.099714,0.269287,-0.61479,0.000201,-0.69034,0.273306
0.2,1,9,608.0,54.0,0.204,-0.1039,0.2048,1,1,1,5e-05,0.4227,0.7604,0.760419,-0.078347,0.221626,-0.624543,-0.01587,-0.71252,0.207969
0.2,2,0,32.0,90.0,0.204,0.1076,0.1922,1,1,1,7e-05,0.7099,0.673,0.158248,0.000362,0.673026,-0.337306,-0.00907,-0.303784,0.490434
0.2,2,1,96.0,90.0,0.204,0.0837,0.1922,1,1,1,8e-05,0.66,0.6255,0.239504,-0.037236,0.625453,-0.387185,0.009293,-0.358551,0.500933
0.2,2,2,160.0,90.0,0.204,0.0598,0.1922,1,1,1,9e-05,0.6136,0.576,0.322124,-0.068827,0.57598,-0.433584,0.022894,-0.412495,0.500758
0.2,2,3,224.0,90.0,0.204,0.0359,0.1922,1,1,1,3e-05,0.571,0.5249,0.405667,-0.094103,0.524912,-0.476243,0.031731,-0.46549,0.48959
0.2,2,4,288.0,90.0,0.204,0.012,0.1922,1,1,1,5e-05,0.5329,0.5164,0.488322,-0.111825,0.472958,-0.514263,0.035603,-0.516439,0.467091
0.2,2,5,352.0,90.0,0.204,-0.012,0.1922,1,1,1,6e-05,0.5,0.5684,0.568429,-0.121452,0.420806,-0.547163,0.034512,-0.56454,0.43344
0.2,2,6,416.0,90.0,0.204,-0.0359,0.1922,1,1,1,8e-05,0.4728,0.6434,0.643436,-0.122403,0.369219,-0.574425,0.028466,-0.608456,0.389103
0.2,2,7,480.0,90.0,0.204,-0.0598,0.1922,1,1,1,4e-05,0.4514,0.7106,0.71064,-0.114697,0.318739,-0.59584,0.017694,-0.646807,0.335009
0.2,2,8,544.0,90.0,0.204,-0.0837,0.1922,1,1,1,4e-05,0.4359,0.7662,0.766156,-0.098493,0.269691,-0.611269,0.002605,-0.677338,0.27239
0.2,2,9,608.0,90.0,0.204,-0.1076,0.1922,1,1,1,5e-05,0.4261,0.8072,0.807201,-0.075175,0.221754,-0.621069,-0.015797,-0.698491,0.203049
0.2,3,0,32.0,126.0,0.204,0.1116,0.1788,1,1,1,7e-05,0.7296,0.6808,0.181497,0.002254,0.680841,-0.317607,-0.003555,-0.283489,0.497502
0.2,3,1,96.0,126.0,0.204,0.0868,0.1788,1,1,1,8e-05,0.677,0.6318,0.266543,-0.037049,0.631751,-0.37023,0.016401,-0.338963,0.509884
0.2,3,2,160.0,126.0,0.204,0.062,0.1788,1,1,1,9e-05,0.628,0.5808,0.353056,-0.069808,0.580849,-0.419218,0.031081,-0.393584,0.510731
0.2,3,3,224.0,126.0,0.204,0.0372,0.1788,1,1,1,3e-05,0.5829,0.5285,0.440487,-0.095707,0.528492,-0.464314,0.040434,-0.447213,0.499675
0.2,3,4,288.0,126.0,0.204,0.0124,0.1788,1,1,1,5e-05,0.5426,0.5269,0.526865,-0.113494,0.475448,-0.504566,0.044218,-0.498721,0.476352
0.2,3,5,352.0,126.0,0.204,-0.0124,0.1788,1,1,1,6e-05,0.5078,0.6103,0.61028,-0.122624,0.422458,-0.539425,0.042414,-0.547228,0.440959
0.2,3,6,416.0,126.0,0.204,-0.0372,0.1788,1,1,1,8e-05,0.4789,0.6879,0.687872,-0.122549,0.370312,-0.568287,0.035038,-0.591292,0.394027
0.2,3,7,480.0,126.0,0.204,-0.062,0.1788,1,1,1,0.0001,0.4564,0.7562,0.756238,-0.113206,0.319563,-0.590787,0.022336,-0.629158,0.336561
0.2,3,8,544.0,126.0,0.204,-0.0868,0.1788,1,1,1,4e-05,0.4403,0.8122,0.812243,-0.095404,0.270285,-0.60694,0.004999,-0.659211,0.270124
0.2,3,9,608.0,126.0,0.204,-0.1116,0.1788,1,1,1,5e-05,0.4304,0.8518,0.851839,-0.070242,0.222114,-0.616824,-0.015882,-0.679072,0.196618
0.2,4,0,32.0,162.0,0.204,0.1159,0.1643,1,1,1,7e-05,0.7524,0.6884,0.203856,0.006048,0.6884,-0.294829,0.00175,-0.25981,0.50263
0.2,4,1,96.0,162.0,0.204,0.0902,0.1643,1,1,1,8e-05,0.6967,0.6377,0.292763,-0.03505,0.637675,-0.350472,0.023565,-0.315765,0.517202
0.2,4,2,160.0,162.0,0.204,0.0644,0.1643,1,1,1,9e-05,0.6449,0.5853,0.383211,-0.068976,0.585272,-0.402313,0.039529,-0.370801,0.519291
0.2,4,3,224.0,162.0,0.204,0.0386,0.1643,1,1,1,3e-05,0.5971,0.5316,0.474517,-0.09542,0.531614,-0.450114,0.049529,-0.424773,0.508477
0.2,4,4,288.0,162.0,0.204,0.0129,0.1643,1,1,1,4e-05,0.5543,0.5645,0.56453,-0.113151,0.477531,-0.49288,0.053274,-0.476527,0.484372
0.2,4,5,352.0,162.0,0.204,-0.0129,0.1643,1,1,1,6e-05,0.5172,0.6511,0.651056,-0.121652,0.423815,-0.529982,0.050723,-0.525106,0.447201
0.2,4,6,416.0,162.0,0.204,-0.0386,0.1643,1,1,1,8e-05,0.4865,0.7309,0.730899,-0.120447,0.371258,-0.560714,0.041911,-0.568974,0.397578
0.2,4,7,480.0,162.0,0.204,-0.0644,0.1643,1,1,1,9e-05,0.4626,0.8003,0.800303,-0.109604,0.320342,-0.584591,0.027178,-0.60627,0.336651
0.2,4,8,544.0,162.0,0.204,-0.0902,0.1643,1,1,1,4e-05,0.4457,0.8558,0.855808,-0.090102,0.270989,-0.601526,0.007388,-0.635269,0.266202
0.2,4,9,608.0,162.0,0.204,-0.1159,0.1643,1,1,1,5e-05,0.4357,0.8932,0.893216,-0.063287,0.222589,-0.611504,-0.016088,-0.653577,0.188413
0.2,5,0,32.0,198.0,0.204,0.1206,0.1486,1,1,1,7e-05,0.7788,0.6956,0.224915,0.012202,0.695614,-0.268389,0.006576,-0.232446,0.505158
0.2,5,1,96.0,198.0,0.204,0.0938,0.1486,1,1,1,8e-05,0.7198,0.6431,0.317708,-0.030811,0.643107,-0.327373,0.03057,-0.288617,0.522287
0.2,5,2,160.0,198.0,0.204,0.067,0.1486,1,1,1,9e-05,0.6648,0.5891,0.412072,-0.065905,0.589108,-0.382362,0.048071,-0.343758,0.525886
0.2,5,3,224.0,198.0,0.204,0.0402,0.1486,1,1,1,3e-05,0.614,0.5341,0.507166,-0.092806,0.534126,-0.433165,0.058888,-0.397727,0.515483
0.2,5,4,288.0,198.0,0.204,0.0134,0.1486,1,1,1,4e-05,0.5684,0.6006,0.600628,-0.110342,0.479052,-0.478753,0.062679,-0.449354,0.490669
0.2,5,5,352.0,198.0,0.204,-0.0134,0.1486,1,1,1,5e-05,0.5288,0.69,0.689952,-0.118071,0.424725,-0.518411,0.059374,-0.497613,0.451711
0.2,5,6,416.0,198.0,0.204,-0.0402,0.1486,1,1,1,7e-05,0.4959,0.7716,0.77158,-0.115645,0.37191,-0.551301,0.049048,-0.540887,0.399325
0.2,5,7,480.0,198.0,0.204,-0.067,0.1486,1,1,1,9e-05,0.4704,0.8414,0.8414,-0.103308,0.320972,-0.576781,0.032161,-0.577237,0.334834
0.2,5,8,544.0,198.0,0.204,-0.0938,0.1486,1,1,1,4e-05,0.4526,0.8956,0.895637,-0.082244,0.27162,-0.594611,0.009798,-0.604851,0.260268
0.2,5,9,608.0,198.0,0.204,-0.1206,0.1486,1,1,1,4e-05,0.4426,0.93,0.930009,-0.054065,0.222936,-0.604645,-0.01634,-0.62137,0.178131
0.2,6,0,32.0,234.0,0.204,0.1256,0.1317,1,1,1,7e-05,0.8096,0.7024,0.244162,0.021275,0.702386,-0.237559,0.010547,-0.201115,0.504238
0.2,6,1,96.0,234.0,0.204,0.0977,0.1317,1,1,1,8e-05,0.7469,0.6479,0.340805,-0.023822,0.647915,-0.300265,0.037101,-0.257206,0.524372
0.2,6,2,160.0,234.0,0.204,0.0698,0.1317,1,1,1,9e-05,0.6885,0.5922,0.438987,-0.06011,0.592192,-0.358734,0.056454,-0.312098,0.529819
0.2,6,3,224.0,234.0,0.204,0.0419,0.1317,1,1,1,3e-05,0.6343,0.5377,0.537683,-0.087384,0.535831,-0.412862,0.068317,-0.365664,0.520051
0.2,6,4,288.0,234.0,0.204,0.014,0.1317,1,1,1,4e-05,0.5856,0.6343,0.634294,-0.104585,0.479795,-0.461603,0.072286,-0.416734,0.494648
0.2,6,5,352.0,234.0,0.204,-0.014,0.1317,1,1,1,5e-05,0.5431,0.726,0.725964,-0.111404,0.424955,-0.504147,0.068267,-0.464227,0.453933
0.2,6,6,416.0,234.0,0.204,-0.0419,0.1317,1,1,1,6e-05,0.5077,0.8088,0.80876,-0.10769,0.372018,-0.539491,0.05639,-0.506468,0.398752
0.2,6,7,480.0,234.0,0.204,-0.0698,0.1317,1,1,1,8e-05,0.4804,0.8782,0.878223,-0.093921,0.321171,-0.566788,0.037275,-0.54147,0.330637
0.2,6,8,544.0,234.0,0.204,-0.0977,0.1317,1,1,1,0.0001,0.4617,0.9299,0.929946,-0.071386,0.271856,-0.585499,0.012254,-0.567148,0.251855
0.2,6,9,608.0,234.0,0.204,-0.1256,0.1317,1,1,1,4e-05,0.4516,0.9607,0.960686,-0.042383,0.222728,-0.59557,-0.016528,-0.581916,0.165437
0.2,7,0,32.0,270.0,0.204,0.1311,0.1132,1,1,1,7e-05,0.8458,0.7086,0.260955,0.033975,0.708615,-0.201401,0.013141,-0.165572,0.498779
0.2,7,1,96.0,270.0,0.204,0.102,0.1132,1,1,1,8e-05,0.7789,0.652,0.361333,-0.013476,0.651954,-0.268301,0.042712,-0.221274,0.522476
0.2,7,2,160.0,270.0,0.204,0.0728,0.1132,1,1,1,9e-05,0.7166,0.5943,0.463133,-0.051042,0.59433,-0.330632,0.064307,-0.275525,0.530205
0.2,7,3,224.0,270.0,0.204,0.0437,0.1132,1,1,1,3e-05,0.6588,0.5651,0.565126,-0.07864,0.536489,-0.388438,0.077519,-0.328239,0.52138
0.2,7,4,288.0,270.0,0.204,0.0146,0.1132,1,1,1,4e-05,0.6065,0.6644,0.66444,-0.095391,0.479471,-0.440678,0.081869,-0.378274,0.495577
0.2,7,5,352.0,270.0,0.204,-0.0146,0.1132,1,1,1,5e-05,0.5608,0.7579,0.757851,-0.101194,0.42417,-0.486442,0.077243,-0.42451,0.453198
0.2,7,6,416.0,270.0,0.204,-0.0437,0.1132,1,1,1,6e-05,0.5227,0.841,0.841042,-0.096173,0.371193,-0.524525,0.063845,-0.465248,0.39525
0.2,7,7,480.0,270.0,0.204,-0.0728,0.1132,1,1,1,7e-05,0.4934,0.9092,0.909227,-0.08111,0.32048,-0.553815,0.042496,-0.498499,0.323517
0.2,7,8,544.0,270.0,0.204,-0.102,0.1132,1,1,1,8e-05,0.4737,0.9578,0.957812,-0.057587,0.271103,-0.5735,0.014856,-0.522213,0.240608
0.2,7,9,608.0,270.0,0.204,-0.1311,0.1132,1,1,1,9e-05,0.464,0.9832,0.983156,-0.028052,0.22126,-0.583231,-0.016518,-0.534614,0.14993
0.2,8,0,32.0,306.0,0.204,0.1371,0.0931,1,1,1,8e-05,0.8885,0.7142,0.274484,0.051217,0.71419,-0.158676,0.013639,-0.125628,0.48736
0.2,8,1,96.0,306.0,0.204,0.1066,0.0931,1,1,1,8e-05,0.8168,0.6551,0.378387,0.000975,0.655071,-0.230385,0.046771,-0.180644,0.515331
0.2,8,2,160.0,306.0,0.204,0.0762,0.0931,1,1,1,9e-05,0.7502,0.5953,0.483477,-0.03807,0.595307,-0.29703,0.071092,-0.233842,0.525918
0.2,8,3,224.0,306.0,0.204,0.0457,0.0931,1,1,1,0.0001,0.6885,0.5881,0.588059,-0.065818,0.535852,-0.358723,0.085991,-0.285042,0.518373
0.2,8,4,288.0,306.0,0.204,0.0152,0.0931,1,1,1,3e-05,0.6322,0.6897,0.689719,-0.082299,0.477705,-0.414991,0.091078,-0.333707,0.492564
0.2,8,5,352.0,306.0,0.204,-0.0152,0.0931,1,1,1,4e-05,0.5829,0.7841,0.784097,-0.087055,0.421902,-0.464296,0.086045,-0.378169,0.448709
0.2,8,6,416.0,306.0,0.204,-0.0457,0.0931,1,1,1,5e-05,0.5418,0.8667,0.866749,-0.080796,0.36886,-0.505366,0.071251,-0.416925,0.388112
0.2,8,7,480.0,306.0,0.204,-0.0762,0.0931,1,1,1,6e-05,0.5104,0.9326,0.932603,-0.064683,0.318203,-0.536759,0.047759,-0.448039,0.312865
0.2,8,8,544.0,306.0,0.204,-0.1066,0.0931,1,1,1,7e-05,0.4899,0.977,0.97695,-0.040638,0.26854,-0.55733,0.017607,-0.469552,0.225983
0.2,8,9,608.0,306.0,0.204,-0.1371,0.0931,1,1,1,8e-05,0.4807,0.9963,0.99626,-0.011417,0.217546,-0.566491,-0.016186,-0.479804,0.131377
0.2,9,0,32.0,342.0,0.204,0.1437,0.071,1,1,1,9e-05,0.9395,0.719,0.283702,0.074242,0.718972,-0.107664,0.011054,-0.081167,0.468101
0.2,9,1,96.0,342.0,0.204,0.1117,0.071,1,1,1,8e-05,0.8622,0.6571,0.390821,0.020486,0.657104,-0.185043,0.048388,-0.135265,0.501279
0.2,9,2,160.0,342.0,0.204,0.0798,0.071,1,1,1,9e-05,0.7906,0.5949,0.49872,-0.020457,0.594893,-0.256572,0.076032,-0.187012,0.515505
0.2,9,3,224.0,342.0,0.204,0.0479,0.071,1,1,1,9e-05,0.7244,0.6055,0.605517,-0.048806,0.533492,-0.322751,0.093199,-0.2364,0.509958
0.2,9,4,288.0,342.0,0.204,0.016,0.071,1,1,1,3e-05,0.664,0.7085,0.708464,-0.064903,0.474037,-0.383227,0.099381,-0.282963,0.48452
0.2,9,5,352.0,342.0,0.204,-0.016,0.071,1,1,1,4e-05,0.6108,0.8029,0.802858,-0.068729,0.417534,-0.43636,0.094263,-0.325123,0.439528
0.2,9,6,416.0,342.0,0.204,-0.0479,0.071,1,1,1,4e-05,0.5666,0.8839,0.883888,-0.061445,0.364229,-0.480597,0.078322,-0.361434,0.37654
0.2,9,7,480.0,342.0,0.204,-0.0798,0.071,1,1,1,5e-05,0.5331,0.9463,0.946251,-0.044679,0.313358,-0.514104,0.052901,-0.390067,0.298026
0.2,9,8,544.0,342.0,0.204,-0.1117,0.071,1,1,1,6e-05,0.5119,0.9852,0.985211,-0.020759,0.262983,-0.535342,0.020463,-0.409213,0.207498
0.2,9,9,608.0,342.0,0.204,-0.1437,0.071,1,1,1,7e-05,0.5037,0.9975,0.997472,0.007192,0.210181,-0.543466,-0.015473,-0.417366,0.109479
0.25,0,0,32.0,18.0,0.254,0.1409,0.2231,1,1,1,4e-05,0.8525,0.6559,-0.146853,0.149136,0.655875,-0.194673,-0.07651,-0.145217,0.322662
0.25,0,1,96.0,18.0,0.254,0.1096,0.2231,1,1,1,4e-05,0.7838,0.6053,-0.05695,0.095195,0.605266,-0.263402,-0.047727,-0.215166,0.349958
0.25,0,2,160.0,18.0,0.254,0.0783,0.2231,1,1,1,5e-05,0.7222,0.5509,0.031197,0.050804,0.55091,-0.325011,-0.02571,-0.281347,0.362618
0.25,0,3,224.0,18.0,0.254,0.047,0.2231,1,1,1,6e-05,0.6672,0.4933,0.116874,0.015763,0.493331,-0.379963,-0.010467,-0.343393,0.360004
0.25,0,4,288.0,18.0,0.254,0.0157,0.2231,1,1,1,7e-05,0.6191,0.433,0.198549,-0.00977,0.433032,-0.428053,-0.001759,-0.400394,0.341994
0.25,0,5,352.0,18.0,0.254,-0.0157,0.2231,1,1,1,9e-05,0.5785,0.4687,0.273811,-0.025589,0.370577,-0.468734,0.000882,-0.450932,0.309074
0.25,0,6,416.0,18.0,0.254,-0.047,0.2231,1,1,1,3e-05,0.5457,0.5015,0.339823,-0.031992,0.306489,-0.501548,-0.001794,-0.493433,0.262517
0.25,0,7,480.0,18.0,0.254,-0.0783,0.2231,1,1,1,4e-05,0.5214,0.5258,0.392237,-0.029534,0.241035,-0.525835,-0.008753,-0.525446,0.204184
0.25,0,8,544.0,18.0,0.254,-0.1096,0.2231,1,1,1,5e-05,0.5056,0.5453,0.427762,-0.020315,0.173972,-0.541611,-0.018459,-0.545264,0.136883
0.25,0,9,608.0,18.0,0.254,-0.1409,0.2231,1,1,1,5e-05,0.4982,0.5515,0.443714,-0.007446,0.104467,-0.549025,-0.028988,-0.551502,0.064007
0.25,1,0,32.0,54.0,0.254,0.1458,0.2067,1,1,1,4e-05,0.8746,0.6676,-0.117788,0.151335,0.667586,-0.172604,-0.073381,-0.131032,0.33068
0.25,1,1,96.0,54.0,0.254,0.1134,0.2067,1,1,1,5e-05,0.802,0.6153,-0.023092,0.094499,0.615264,-0.245233,-0.042425,-0.202591,0.361066
0.25,1,2,160.0,54.0,0.254,0.081,0.2067,1,1,1,5e-05,0.737,0.5592,0.069853,0.048131,0.5592,-0.310191,-0.018925,-0.270234,0.375585
0.25,1,3,224.0,54.0,0.254,0.0486,0.2067,1,1,1,6e-05,0.6791,0.5,0.160256,0.011949,0.500007,-0.368069,-0.002964,-0.333643,0.3735
0.25,1,4,288.0,54.0,0.254,0.0162,0.2067,1,1,1,7e-05,0.6285,0.4383,0.246372,-0.013909,0.438257,-0.418653,0.005657,-0.391866,0.354656
0.25,1,5,352.0,54.0,0.254,-0.0162,0.2067,1,1,1,9e-05,0.5859,0.4613,0.325455,-0.029258,0.374561,-0.461305,0.007406,-0.443371,0.31959
0.25,1,6,416.0,54.0,0.254,-0.0486,0.2067,1,1,1,3e-05,0.5517,0.4955,0.394238,-0.034475,0.309444,-0.49546,0.003105,-0.486413,0.269729
0.25,1,7,480.0,54.0,0.254,-0.081,0.2067,1,1,1,4e-05,0.5268,0.5204,0.447897,-0.030279,0.243097,-0.520351,-0.006056,-0.518344,0.207203
0.25,1,8,544.0,54.0,0.254,-0.1134,0.2067,1,1,1,5e-05,0.5113,0.5373,0.482789,-0.019088,0.175089,-0.535945,-0.018268,-0.537307,0.135215
0.25,1,9,608.0,54.0,0.254,-0.1458,0.2067,1,1,1,5e-05,0.5048,0.5424,0.496103,-0.004447,0.104325,-0.542382,-0.031262,-0.541874,0.057639
0.25,2,0,32.0,90.0,0.254,0.151,0.1891,1,1,1,5e-05,0.9007,0.6788,-0.090031,0.155766,0.678848,-0.146526,-0.070584,-0.11307,0.336258
0.25,2,1,96.0,90.0,0.254,0.1175,0.1891,1,1,1,5e-05,0.8236,0.6247,0.009646,0.095688,0.624692,-0.223555,-0.037086,-0.186063,0.370229
0.25,2,2,160.0,90.0,0.254,0.0839,0.1891,1,1,1,6e-05,0.755,0.5668,0.107516,0.047162,0.566818,-0.292241,-0.0118,-0.254929,0.386988
0.25,2,3,224.0,90.0,0.254,0.0503,0.1891,1,1,1,6e-05,0.6938,0.506,0.202703,0.009777,0.505963,-0.353373,0.005091,-0.319426,0.385685
0.25,2,4,288.0,90.0,0.254,0.0168,0.1891,1,1,1,8e-05,0.6405,0.4428,0.293229,-0.016394,0.44278,-0.406747,0.013729,-0.37858,0.36613
0.25,2,5,352.0,90.0,0.254,-0.0168,0.1891,1,1,1,9e-05,0.5956,0.4516,0.375971,-0.031229,0.377927,-0.451635,0.014579,-0.430751,0.328921
0.25,2,6,416.0,90.0,0.254,-0.0503,0.1891,1,1,1,3e-05,0.5599,0.4873,0.447196,-0.035235,0.311903,-0.487337,0.008548,-0.474031,0.275673
0.25,2,7,480.0,90.0,0.254,-0.0839,0.1891,1,1,1,4e-05,0.5343,0.5129,0.501594,-0.029357,0.24477,-0.512944,-0.002978,-0.505593,0.208824
0.25,2,8,544.0,90.0,0.254,-0.1175,0.1891,1,1,1,5e-05,0.5189,0.5352,0.535189,-0.01638,0.175848,-0.528341,-0.017864,-0.523454,0.132031
0.25,2,9,608.0,90.0,0.254,-0.151,0.1891,1,1,1,5e-05,0.5136,0.5451,0.545114,-0.00033,0.103724,-0.533635,-0.03344,-0.526168,0.049727
0.25,3,0,32.0,126.0,0.254,0.1566,0.1702,1,1,1,5e-05,0.9316,0.6895,-0.064156,0.163052,0.6895,-0.115603,-0.068454,-0.090909,0.338554
0.25,3,1,96.0,126.0,0.254,0.1218,0.1702,1,1,1,5e-05,0.8495,0.6334,0.040673,0.099294,0.633379,-0.197657,-0.031981,-0.165137,0.376699
0.25,3,2,160.0,126.0,0.254,0.087,0.1702,1,1,1,6e-05,0.7767,0.5736,0.143536,0.048387,0.573573,-0.270522,-0.004543,-0.234931,0.396158
0.25,3,3,224.0,126.0,0.254,0.0522,0.1702,1,1,1,7e-05,0.7119,0.511,0.24348,0.009723,0.510991,-0.335282,0.013547,-0.300171,0.395956
0.25,3,4,288.0,126.0,0.254,0.0174,0.1702,1,1,1,8e-05,0.6554,0.4464,0.338273,-0.016749,0.44639,-0.391786,0.022353,-0.359885,0.37587
0.25,3,5,352.0,126.0,0.254,-0.0174,0.1702,1,1,1,9e-05,0.608,0.4392,0.42438,-0.031037,0.380465,-0.43921,0.022338,-0.412344,0.336578
0.25,3,6,416.0,126.0,0.254,-0.0522,0.1702,1,1,1,3e-05,0.5705,0.4976,0.497565,-0.033844,0.313659,-0.476692,0.014507,-0.455493,0.279913
0.25,3,7,480.0,126.0,0.254,-0.087,0.1702,1,1,1,4e-05,0.5441,0.552,0.552046,-0.026422,0.245834,-0.503137,0.000488,-0.486361,0.208676
0.25,3,8,544.0,126.0,0.254,-0.1218,0.1702,1,1,1,5e-05,0.5289,0.5836,0.583556,-0.011974,0.175988,-0.518301,-0.017199,-0.502872,0.127047
0.25,3,9,608.0,126.0,0.254,-0.1566,0.1702,1,1,1,5e-05,0.525,0.5893,0.58927,0.00495,0.102333,-0.522232,-0.035418,-0.503599,0.040103
0.25,4,0,32.0,162.0,0.254,0.1627,0.1499,1,1,1,6e-05,0.9685,0.6993,-0.040902,0.174,0.699339,-0.078741,-0.067449,-0.064122,0.336482
0.25,4,1,96.0,162.0,0.254,0.1265,0.1499,1,1,1,6e-05,0.8806,0.6411,0.069237,0.105976,0.641126,-0.166638,-0.027501,-0.139381,0.379506
0.25,4,2,160.0,162.0,0.254,0.0904,0.1499,1,1,1,6e-05,0.803,0.5792,0.177091,0.052389,0.579242,-0.24423,0.002529,-0.209766,0.402232
0.25,4,3,224.0,162.0,0.254,0.0542,0.1499,1,1,1,7e-05,0.7341,0.5148,0.281661,0.012333,0.514841,-0.313051,0.022157,-0.275332,0.403542
0.25,4,4,288.0,162.0,0.254,0.0181,0.1499,1,1,1,8e-05,0.6741,0.4488,0.380441,-0.014451,0.448812,-0.373065,0.031351,-0.335154,0.383187
0.25,4,5,352.0,162.0,0.254,-0.0181,0.1499,1,1,1,9e-05,0.6238,0.4695,0.46946,-0.028189,0.381885,-0.42336,0.030563,-0.387446,0.341946
0.25,4,6,416.0,162.0,0.254,-0.0542,0.1499,1,1,1,3e-05,0.5843,0.544,0.543956,-0.029872,0.314402,-0.462876,0.020917,-0.430036,0.281914
0.25,4,7,480.0,162.0,0.254,-0.0904,0.1499,1,1,1,4e-05,0.5569,0.5977,0.597711,-0.021149,0.24594,-0.490274,0.004336,-0.459861,0.206319
0.25,4,8,544.0,162.0,0.254,-0.1265,0.1499,1,1,1,4e-05,0.5421,0.6262,0.626235,-0.005708,0.175092,-0.505126,-0.016208,-0.474795,0.119948
0.25,4,9,608.0,162.0,0.254,-0.1627,0.1499,1,1,1,5e-05,0.5398,0.6269,0.62688,0.01134,0.099645,-0.507393,-0.037064,-0.473469,0.02862
0.25,5,0,32.0,198.0,0.254,0.1692,0.1279,1,1,1,7e-05,1.0127,0.7081,-0.021247,0.189675,0.708092,-0.034462,-0.068197,-0.032272,0.328641
0.25,5,1,96.0,198.0,0.254,0.1316,0.1279,1,1,1,6e-05,0.9179,0.6477,0.094374,0.116564,0.647692,-0.129323,-0.024201,-0.108399,0.3774
0.25,5,2,160.0,198.0,0.254,0.094,0.1279,1,1,1,6e-05,0.8349,0.5836,0.207144,0.059863,0.583562,-0.212338,0.008948,-0.179012,0.404103
0.25,5,3,224.0,198.0,0.254,0.0564,0.1279,1,1,1,7e-05,0.7615,0.5172,0.316079,0.01822,0.51721,-0.285727,0.030545,-0.244432,0.407466
0.25,5,4,288.0,198.0,0.254,0.0188,0.1279,1,1,1,8e-05,0.6975,0.4497,0.418406,-0.008948,0.4497,-0.349675,0.040434,-0.303838,0.387219
0.25,5,5,352.0,198.0,0.254,-0.0188,0.1279,1,1,1,9e-05,0.644,0.5097,0.509707,-0.0222,0.381791,-0.403198,0.03905,-0.355441,0.344274
0.25,5,6,416.0,198.0,0.254,-0.0564,0.1279,1,1,1,3e-05,0.6022,0.5847,0.58469,-0.02293,0.313676,-0.445002,0.027663,-0.396998,0.28104
0.25,5,7,480.0,198.0,0.254,-0.094,0.1279,1,1,1,4e-05,0.5738,0.6368,0.636762,-0.013297,0.244558,-0.47344,0.008539,-0.425423,0.201254
0.25,5,8,544.0,198.0,0.254,-0.1316,0.1279,1,1,1,4e-05,0.5594,0.6613,0.661317,0.002461,0.172533,-0.487837,-0.014831,-0.438593,0.110408
0.25,5,9,608.0,198.0,0.254,-0.1692,0.1279,1,1,1,4e-05,0.5592,0.656,0.656049,0.01862,0.094936,-0.488037,-0.038227,-0.435236,0.015189
0.25,6,0,32.0,234.0,0.254,0.1763,0.1041,1,1,1,8e-05,1.0665,0.7153,-0.006551,0.211528,0.715344,0.019334,-0.071544,0.005096,0.313201
0.25,6,1,96.0,234.0,0.254,0.1371,0.1041,1,1,1,7e-05,0.9631,0.6528,0.114828,0.132125,0.652779,-0.084128,-0.022855,-0.071845,0.368758
0.25,6,2,160.0,234.0,0.254,0.0979,0.1041,1,1,1,7e-05,0.8737,0.5862,0.232377,0.071644,0.58623,-0.173496,0.014043,-0.142347,0.400348
0.25,6,3,224.0,234.0,0.254,0.0588,0.1041,1,1,1,7e-05,0.7951,0.5177,0.345275,0.028058,0.517744,-0.252067,0.038153,-0.207115,0.406489
0.25,6,4,288.0,234.0,0.254,0.0196,0.1041,1,1,1,8e-05,0.7268,0.4505,0.45053,0.000306,0.448621,-0.320415,0.049159,-0.26553,0.386898
0.25,6,5,352.0,234.0,0.254,-0.0196,0.1041,1,1,1,9e-05,0.6697,0.5433,0.543292,-0.012652,0.379659,-0.377536,0.047475,-0.315871,0.342657
0.25,6,6,416.0,234.0,0.254,-0.0588,0.1041,1,1,1,3e-05,0.6253,0.6178,0.617769,-0.012753,0.310849,-0.421861,0.034536,-0.355898,0.276555
0.25,6,7,480.0,234.0,0.254,-0.0979,0.1041,1,1,1,3e-05,0.5958,0.6671,0.667081,-0.002794,0.24093,-0.451367,0.013012,-0.382579,0.192939
0.25,6,8,544.0,234.0,0.254,-0.1371,0.1041,1,1,1,4e-05,0.5821,0.6866,0.686649,0.012348,0.167427,-0.465065,-0.013032,-0.393858,0.098138
0.25,6,9,608.0,234.0,0.254,-0.1763,0.1041,1,1,1,4e-05,0.5845,0.6747,0.674718,0.02629,0.087238,-0.46266,-0.038755,-0.388594,-0.000147
0.25,7,0,32.0,270.0,0.254,0.184,0.0782,1,1,1,0.0001,1.133,0.7204,0.00116,0.241619,0.720379,0.085814,-0.078608,0.048506,0.287754
0.25,7,1,96.0,270.0,0.254,0.1431,0.0782,1,1,1,9e-05,1.0184,0.656,0.128897,0.154086,0.655972,-0.028809,-0.024529,-0.029433,0.351446
0.25,7,2,160.0,270.0,0.254,0.1022,0.0782,1,1,1,8e-05,0.9213,0.5869,0.251089,0.088761,0.586886,-0.125867,0.016861,-0.099586,0.389119
0.25,7,3,224.0,270.0,0.254,0.0613,0.0782,1,1,1,7e-05,0.8368,0.516,0.367415,0.042595,0.51603,-0.210404,0.044165,-0.163215,0.399038
0.25,7,4,288.0,270.0,0.254,0.0204,0.0782,1,1,1,8e-05,0.7635,0.4748,0.474792,0.01382,0.445059,-0.283679,0.056858,-0.220042,0.380906
0.25,7,5,352.0,270.0,0.254,-0.0204,0.0782,1,1,1,8e-05,0.7024,0.568,0.568005,0.000738,0.374825,-0.344758,0.055323,-0.268528,0.33602
0.25,7,6,416.0,270.0,0.254,-0.0613,0.0782,1,1,1,9e-05,0.6556,0.6405,0.640525,0.000839,0.305058,-0.391624,0.041169,-0.306342,0.267556
0.25,7,7,480.0,270.0,0.254,-0.1022,0.0782,1,1,1,3e-05,0.6249,0.6862,0.686242,0.01014,0.234047,-0.422285,0.017563,-0.33116,0.180836
0.25,7,8,544.0,270.0,0.254,-0.1431,0.0782,1,1,1,3e-05,0.6123,0.6998,0.699847,0.023407,0.158622,-0.4349,-0.010839,-0.340498,0.082961
0.25,7,9,608.0,270.0,0.254,-0.184,0.0782,1,1,1,3e-05,0.618,0.6807,0.680704,0.033428,0.075364,-0.429191,-0.038519,-0.333555,-0.017092
0.25,8,0,32.0,306.0,0.254,0.1924,0.0499,1,1,1,4e-05,1.2171,0.7219,-0.001257,0.282748,0.721853,0.169856,-0.090788,0.098467,0.24923
0.25,8,1,96.0,306.0,0.254,0.1496,0.0499,1,1,1,3e-05,1.087,0.6566,0.13436,0.184209,0.656648,0.039754,-0.030626,0.018917,0.322747
0.25,8,2,160.0,306.0,0.254,0.1069,0.0499,1,1,1,9e-05,0.9804,0.5851,0.261013,0.112551,0.585062,-0.066823,0.016068,-0.050712,0.367982
0.25,8,3,224.0,306.0,0.254,0.0641,0.0499,1,1,1,8e-05,0.8888,0.5116,0.380168,0.062685,0.511597,-0.158422,0.04741,-0.112822,0.383082
0.25,8,4,288.0,306.0,0.254,0.0214,0.0499,1,1,1,8e-05,0.81,0.4887,0.488695,0.032044,0.43842,-0.237242,0.062549,-0.167501,0.367601
0.25,8,5,352.0,306.0,0.254,-0.0214,0.0499,1,1,1,8e-05,0.7446,0.5812,0.581186,0.018047,0.3665,-0.30262,0.061814,-0.213556,0.323094
0.25,8,6,416.0,306.0,0.254,-0.0641,0.0499,1,1,1,9e-05,0.6949,0.6508,0.650841,0.017276,0.295331,-0.352271,0.047025,-0.248899,0.253314
0.25,8,7,480.0,306.0,0.254,-0.1069,0.0499,1,1,1,0.0001,0.6637,0.6911,0.691145,0.024923,0.222616,-0.383541,0.021837,-0.271216,0.164417
0.25,8,8,544.0,306.0,0.254,-0.1496,0.0499,1,1,1,3e-05,0.6525,0.6983,0.698301,0.034545,0.144765,-0.394672,-0.008385,-0.278831,0.064952
0.25,8,9,608.0,306.0,0.254,-0.1924,0.0499,1,1,1,0.0001,0.6626,0.6714,0.671386,0.038524,0.057942,-0.384598,-0.037382,-0.27034,-0.03495
0.25,9,0,32.0,342.0,0.254,0.2016,0.019,0,0,0,,,,,,,,,,
0.25,9,1,96.0,342.0,0.254,0.1568,0.019,1,1,1,5e-05,1.1748,0.6534,0.126752,0.225852,0.653422,0.127606,-0.04316,0.073911,0.278589
0.25,9,2,160.0,342.0,0.254,0.112,0.019,1,1,1,4e-05,1.0546,0.5801,0.259189,0.14464,0.58009,0.007377,0.009867,0.003956,0.333785
0.25,9,3,224.0,342.0,0.254,0.0672,0.019,1,1,1,9e-05,0.9545,0.5039,0.380453,0.089393,0.503867,-0.092736,0.046232,-0.056336,0.355936
0.25,9,4,288.0,342.0,0.254,0.0224,0.019,1,1,1,8e-05,0.8693,0.4891,0.489099,0.05539,0.428048,-0.177918,0.064809,-0.108439,0.344888
0.25,9,5,352.0,342.0,0.254,-0.0224,0.019,1,1,1,8e-05,0.7993,0.5796,0.579593,0.039093,0.353829,-0.247919,0.065788,-0.151561,0.302368
0.25,9,6,416.0,342.0,0.254,-0.0672,0.019,1,1,1,9e-05,0.7469,0.6451,0.645114,0.03596,0.280538,-0.300304,0.051206,-0.184038,0.232834
0.25,9,7,480.0,342.0,0.254,-0.112,0.019,1,1,1,9e-05,0.7153,0.6793,0.679339,0.040058,0.205424,-0.331924,0.025263,-0.203892,0.143578
0.25,9,8,544.0,342.0,0.254,-0.1568,0.019,1,1,1,9e-05,0.7068,0.6788,0.678848,0.043972,0.124412,-0.340432,-0.005894,-0.209514,0.044594
0.25,9,9,608.0,342.0,0.254,-0.2016,0.019,1,1,1,9e-05,0.722,0.6452,0.645195,0.039327,0.034091,-0.325212,-0.035218,-0.200263,-0.052158
0.3,0,0,32.0,18.0,0.304,0.1814,0.2297,1,1,1,4e-05,1.0661,0.6174,-0.422212,0.301263,0.617424,0.018854,-0.139114,0.057654,0.157147
0.3,0,1,96.0,18.0,0.304,0.1411,0.2297,1,1,1,5e-05,0.9583,0.5715,-0.304212,0.217515,0.571461,-0.088947,-0.09501,-0.035435,0.208792
0.3,0,2,160.0,18.0,0.304,0.1008,0.2297,1,1,1,3e-05,0.8695,0.515,-0.19728,0.151026,0.514996,-0.177731,-0.059826,-0.119641,0.24131
0.3,0,3,224.0,18.0,0.304,0.0605,0.2297,1,1,1,4e-05,0.7951,0.4513,-0.099927,0.099431,0.451344,-0.252122,-0.034176,-0.194851,0.252777
0.3,0,4,288.0,18.0,0.304,0.0202,0.2297,1,1,1,4e-05,0.733,0.3821,-0.012712,0.061028,0.382087,-0.314187,-0.017681,-0.260405,0.242945
0.3,0,5,352.0,18.0,0.304,-0.0202,0.2297,1,1,1,5e-05,0.683,0.3642,0.061916,0.034513,0.308017,-0.36425,-0.009262,-0.31468,0.212924
0.3,0,6,416.0,18.0,0.304,-0.0605,0.2297,1,1,1,6e-05,0.6453,0.4019,0.120371,0.018087,0.2295,-0.401912,-0.00722,-0.35551,0.165283
0.3,0,7,480.0,18.0,0.304,-0.1008,0.2297,1,1,1,6e-05,0.6206,0.4266,0.158843,0.00876,0.14645,-0.426644,-0.009302,-0.380708,0.104072
0.3,0,8,544.0,18.0,0.304,-0.1411,0.2297,1,1,1,6e-05,0.6092,0.438,0.174585,0.002049,0.058352,-0.43805,-0.012857,-0.38867,0.034682
0.3,0,9,608.0,18.0,0.304,-0.1814,0.2297,1,1,1,6e-05,0.6114,0.4358,0.167228,-0.007641,-0.035327,-0.435842,-0.015191,-0.378896,-0.036516
0.3,1,0,32.0,54.0,0.304,0.1877,0.2086,1,1,1,4e-05,1.0989,0.6322,-0.391555,0.309875,0.632217,0.051657,-0.139667,0.071617,0.161017
0.3,1,1,96.0,54.0,0.304,0.146,0.2086,1,1,1,6e-05,0.9834,0.585,-0.266395,0.22049,0.584971,-0.063787,-0.092395,-0.024345,0.217938
0.3,1,2,160.0,54.0,0.304,0.1043,0.2086,1,1,1,3e-05,0.8892,0.5266,-0.153216,0.15041,0.526574,-0.158029,-0.054894,-0.11082,0.254032
0.3,1,3,224.0,54.0,0.304,0.0626,0.2086,1,1,1,4e-05,0.8106,0.4609,-0.050212,0.096841,0.460917,-0.23661,-0.028023,-0.187853,0.267055
0.3,1,4,288.0,54.0,0.304,0.0209,0.2086,1,1,1,5e-05,0.7452,0.3898,0.041988,0.057774,0.389804,-0.30197,-0.011468,-0.254877,0.256716
0.3,1,5,352.0,54.0,0.304,-0.0209,0.2086,1,1,1,5e-05,0.6928,0.3544,0.120528,0.031706,0.314083,-0.354427,-0.004102,-0.310162,0.224262
0.3,1,6,416.0,54.0,0.304,-0.0626,0.2086,1,1,1,6e-05,0.6538,0.3934,0.181255,0.016566,0.234059,-0.393445,-0.00404,-0.351333,0.172618
0.3,1,7,480.0,54.0,0.304,-0.1043,0.2086,1,1,1,6e-05,0.6288,0.4184,0.219837,0.008919,0.149457,-0.418356,-0.008691,-0.37599,0.106426
0.3,1,8,544.0,54.0,0.304,-0.146,0.2086,1,1,1,7e-05,0.6185,0.4287,0.233304,0.003633,0.059491,-0.42868,-0.014945,-0.382423,0.031871
0.3,1,9,608.0,54.0,0.304,-0.1877,0.2086,1,1,1,6e-05,0.6231,0.4241,0.221572,-0.005609,-0.036579,-0.424112,-0.019636,-0.370205,-0.043755
0.3,2,0,32.0,90.0,0.304,0.1944,0.186,1,1,1,5e-05,1.1394,0.6454,-0.364787,0.322576,0.645367,0.092175,-0.141199,0.090768,0.160494
0.3,2,1,96.0,90.0,0.304,0.1512,0.186,1,1,1,8e-05,1.0146,0.5972,-0.231513,0.226495,0.597166,-0.032627,-0.090248,-0.008064,0.223514
0.3,2,2,160.0,90.0,0.304,0.108,0.186,1,1,1,4e-05,0.9139,0.5368,-0.111676,0.152232,0.536836,-0.133261,-0.049944,-0.096616,0.263898
0.3,2,3,224.0,90.0,0.304,0.0648,0.186,1,1,1,4e-05,0.8306,0.4691,-0.002863,0.096367,0.469133,-0.216636,-0.02147,-0.175176,0.279008
0.3,2,4,288.0,90.0,0.304,0.0216,0.186,1,1,1,5e-05,0.7615,0.3962,0.094292,0.056467,0.396171,-0.285732,-0.00462,-0.243331,0.268498
0.3,2,5,352.0,90.0,0.304,-0.0216,0.186,1,1,1,5e-05,0.7063,0.3409,0.176514,0.030731,0.318872,-0.340903,0.001771,-0.299285,0.233778
0.3,2,6,416.0,90.0,0.304,-0.0648,0.186,1,1,1,6e-05,0.6657,0.3815,0.239069,0.016715,0.237447,-0.381459,-0.000207,-0.340481,0.178189
0.3,2,7,480.0,90.0,0.304,-0.108,0.186,1,1,1,7e-05,0.6407,0.4065,0.277123,0.010435,0.151368,-0.406548,-0.007563,-0.364336,0.10706
0.3,2,8,544.0,90.0,0.304,-0.1512,0.186,1,1,1,7e-05,0.6316,0.4156,0.287575,0.006033,0.059519,-0.415572,-0.016652,-0.369067,0.027504
0.3,2,9,608.0,90.0,0.304,-0.1944,0.186,1,1,1,6e-05,0.639,0.4082,0.270794,-0.003565,-0.03903,-0.4082,-0.023757,-0.354355,-0.052132
0.3,3,0,32.0,126.0,0.304,0.2016,0.1617,0,0,0,,,,,,,,,,
0.3,3,1,96.0,126.0,0.304,0.1568,0.1617,1,1,1,9e-05,1.0532,0.6076,-0.200791,0.236485,0.607642,0.006026,-0.089068,0.014051,0.224225
0.3,3,2,160.0,126.0,0.304,0.112,0.1617,1,1,1,4e-05,0.945,0.5454,-0.073821,0.157244,0.545443,-0.102249,-0.045386,-0.076379,0.269773
0.3,3,3,224.0,126.0,0.304,0.0672,0.1617,1,1,1,5e-05,0.856,0.4756,0.040893,0.098647,0.475648,-0.191169,-0.014829,-0.156105,0.287655
0.3,3,4,288.0,126.0,0.304,0.0224,0.1617,1,1,1,5e-05,0.7827,0.4008,0.142833,0.057667,0.400827,-0.26452,0.002644,-0.224961,0.277453
0.3,3,5,352.0,126.0,0.304,-0.0224,0.1617,1,1,1,6e-05,0.7244,0.3228,0.228338,0.032062,0.322004,-0.322774,0.008221,-0.281154,0.240771
0.3,3,6,416.0,126.0,0.304,-0.0672,0.1617,1,1,1,6e-05,0.6821,0.3651,0.292099,0.018882,0.239259,-0.36507,0.004222,-0.321997,0.181443
0.3,3,7,480.0,126.0,0.304,-0.112,0.1617,1,1,1,7e-05,0.6569,0.3903,0.328841,0.013467,0.151741,-0.390318,-0.005901,-0.344772,0.105601
0.3,3,8,544.0,126.0,0.304,-0.1568,0.1617,1,1,1,7e-05,0.6494,0.3978,0.335474,0.009152,0.057957,-0.397758,-0.017878,-0.34767,0.021435
0.3,3,9,608.0,126.0,0.304,-0.2016,0.1617,1,1,1,6e-05,0.6602,0.387,0.313027,-0.001881,-0.043168,-0.38703,-0.027364,-0.330505,-0.061497
0.3,4,0,32.0,162.0,0.304,0.2094,0.1355,0,0,0,,,,,,,,,,
0.3,4,1,96.0,162.0,0.304,0.1629,0.1355,1,1,1,9e-05,1.1015,0.6158,-0.175934,0.251709,0.615832,0.054259,-0.089557,0.042666,0.218392
0.3,4,2,160.0,162.0,0.304,0.1164,0.1355,1,1,1,5e-05,0.9838,0.552,-0.041179,0.166383,0.551964,-0.063418,-0.041828,-0.049486,0.270182
0.3,4,3,224.0,162.0,0.304,0.0698,0.1355,1,1,1,5e-05,0.8883,0.48,0.079475,0.104427,0.480041,-0.158856,-0.008592,-0.129984,0.291732
0.3,4,4,288.0,162.0,0.304,0.0233,0.1355,1,1,1,5e-05,0.8101,0.4033,0.185886,0.061979,0.403318,-0.237087,0.009954,-0.199035,0.282515
0.3,4,5,352.0,162.0,0.304,-0.0233,0.1355,1,1,1,6e-05,0.7484,0.323,0.274084,0.036163,0.322978,-0.298841,0.014995,-0.254955,0.244373
0.3,4,6,416.0,162.0,0.304,-0.0698,0.1355,1,1,1,6e-05,0.7041,0.3431,0.33825,0.023344,0.238942,-0.343085,0.009108,-0.295014,0.181722
0.3,4,7,480.0,162.0,0.304,-0.1164,0.1355,1,1,1,7e-05,0.6788,0.3728,0.372775,0.018046,0.14996,-0.368432,-0.003725,-0.316431,0.101644
0.3,4,8,544.0,162.0,0.304,-0.1629,0.1355,1,1,1,7e-05,0.6733,0.3748,0.374778,0.012716,0.054146,-0.373911,-0.018519,-0.317425,0.013583
0.3,4,9,608.0,162.0,0.304,-0.2094,0.1355,1,1,1,6e-05,0.6881,0.3591,0.346179,-0.001148,-0.049624,-0.359138,-0.030219,-0.297964,-0.071526
0.3,5,0,32.0,198.0,0.304,0.2178,0.1072,0,0,0,,,,,,,,,,
0.3,5,1,96.0,198.0,0.304,0.1694,0.1072,1,1,1,7e-05,1.1624,0.6209,-0.15945,0.273829,0.620866,0.11515,-0.092678,0.078473,0.20384
0.3,5,2,160.0,198.0,0.304,0.121,0.1072,1,1,1,6e-05,1.0326,0.5558,-0.01582,0.180832,0.555836,-0.014573,-0.040152,-0.015367,0.263205
0.3,5,3,224.0,198.0,0.304,0.0726,0.1072,1,1,1,6e-05,0.9293,0.4818,0.110845,0.11457,0.4818,-0.117872,-0.003499,-0.096269,0.289608
0.3,5,4,288.0,198.0,0.304,0.0242,0.1072,1,1,1,6e-05,0.8454,0.4031,0.221275,0.070025,0.403091,-0.201755,0.016724,-0.164967,0.282338
0.3,5,5,352.0,198.0,0.304,-0.0242,0.1072,1,1,1,6e-05,0.7797,0.3212,0.311396,0.043422,0.321163,-0.267478,0.02167,-0.220047,0.243521
0.3,5,6,416.0,198.0,0.304,-0.0726,0.1072,1,1,1,6e-05,0.7333,0.375,0.375009,0.030225,0.235764,-0.313863,0.014195,-0.258858,0.178274
0.3,5,7,480.0,198.0,0.304,-0.121,0.1072,1,1,1,6e-05,0.708,0.4063,0.406345,0.023969,0.145213,-0.339175,-0.001122,-0.278658,0.094801
0.3,5,8,544.0,198.0,0.304,-0.1694,0.1072,1,1,1,6e-05,0.705,0.403,0.402983,0.01616,0.047253,-0.342184,-0.018485,-0.277755,0.004014
0.3,5,9,608.0,198.0,0.304,-0.2178,0.1072,1,1,1,6e-05,0.7247,0.368,0.367972,-0.002253,-0.059139,-0.322511,-0.032023,-0.256271,-0.081617
0.3,6,0,32.0,234.0,0.304,0.227,0.0765,0,0,0,,,,,,,,,,
0.3,6,1,96.0,234.0,0.304,0.1765,0.0765,1,1,1,5e-05,1.2408,0.6212,-0.155421,0.305095,0.621194,0.19356,-0.099706,0.122205,0.177749
0.3,6,2,160.0,234.0,0.304,0.1261,0.0765,1,1,1,7e-05,1.0947,0.5563,-0.000685,0.20212,0.556255,0.047517,-0.041594,0.026497,0.246329
0.3,6,3,224.0,234.0,0.304,0.0757,0.0765,1,1,1,7e-05,0.9816,0.4803,0.13231,0.130081,0.480287,-0.06565,-0.000629,-0.054585,0.279179
0.3,6,4,288.0,234.0,0.304,0.0252,0.0765,1,1,1,6e-05,0.891,0.3995,0.246254,0.082405,0.399484,-0.156205,0.022074,-0.122408,0.275234
0.3,6,5,352.0,234.0,0.304,-0.0252,0.0765,1,1,1,6e-05,0.8208,0.3374,0.337392,0.054067,0.315787,-0.226424,0.02758,-0.176063,0.236947
0.3,6,6,416.0,234.0,0.304,-0.0757,0.0765,1,1,1,6e-05,0.7721,0.3994,0.399394,0.039364,0.228826,-0.275104,0.019045,-0.213162,0.17028
0.3,6,7,480.0,234.0,0.304,-0.1261,0.0765,1,1,1,6e-05,0.7471,0.4266,0.426591,0.030662,0.13651,-0.300128,0.001715,-0.231124,0.084779
0.3,6,8,544.0,234.0,0.304,-0.1765,0.0765,1,1,1,6e-05,0.7472,0.4173,0.417324,0.018503,0.036316,-0.299983,-0.017699,-0.228413,-0.006939
0.3,6,9,608.0,234.0,0.304,-0.227,0.0765,1,1,1,5e-05,0.7728,0.376,0.375953,-0.006468,-0.07249,-0.274357,-0.032388,-0.205284,-0.090723
0.3,7,0,32.0,270.0,0.304,0.2369,0.0432,0,0,0,,,,,,,,,,
0.3,7,1,96.0,270.0,0.304,0.1842,0.0432,1,1,1,6e-05,1.2393,0.614,-0.171845,0.348914,0.613999,0.298961,-0.112264,0.175093,0.136667
0.3,7,2,160.0,270.0,0.304,0.1316,0.0432,1,1,1,7e-05,1.1752,0.5519,-0.000329,0.232271,0.551925,0.128002,-0.047838,0.076638,0.216267
0.3,7,3,224.0,270.0,0.304,0.079,0.0432,1,1,1,8e-05,1.0488,0.4747,0.140152,0.152166,0.47466,0.001628,-0.00151,-0.004741,0.257706
0.3,7,4,288.0,270.0,0.304,0.0263,0.0432,1,1,1,7e-05,0.9501,0.3917,0.257276,0.09968,0.391717,-0.097089,0.024717,-0.071316,0.259073
0.3,7,5,352.0,270.0,0.304,-0.0263,0.0432,1,1,1,6e-05,0.8748,0.3485,0.348514,0.06808,0.305975,-0.172443,0.031726,-0.123023,0.223149
0.3,7,6,416.0,270.0,0.304,-0.079,0.0432,1,1,1,6e-05,0.8237,0.4079,0.407864,0.050188,0.217117,-0.223502,0.022976,-0.157983,0.156909
0.3,7,7,480.0,270.0,0.304,-0.1316,0.0432,1,1,1,6e-05,0.7994,0.4301,0.430137,0.037023,0.122782,-0.247815,0.004459,-0.173943,0.071508
0.3,7,8,544.0,270.0,0.304,-0.1842,0.0432,1,1,1,6e-05,0.8036,0.4148,0.414753,0.018226,0.020388,-0.24361,-0.016079,-0.169583,-0.018476
0.3,7,9,608.0,270.0,0.304,-0.2369,0.0432,1,1,1,5e-05,0.8365,0.3674,0.367434,-0.015526,-0.090357,-0.210735,-0.030747,-0.14524,-0.097137
0.3,8,0,32.0,306.0,0.304,0.2477,0.0068,0,0,0,,,,,,,,,,
0.3,8,1,96.0,306.0,0.304,0.1926,0.0068,1,1,1,8e-05,1.1787,0.5926,-0.227851,0.409514,0.592593,0.451723,-0.13197,0.238082,0.077307
0.3,8,2,160.0,306.0,0.304,0.1376,0.0068,1,1,1,4e-05,1.2832,0.5405,-0.022803,0.273934,0.540462,0.236011,-0.061049,0.135789,0.168893
0.3,8,3,224.0,306.0,0.304,0.0826,0.0068,1,1,1,9e-05,1.1373,0.4637,0.128766,0.182313,0.463662,0.090116,-0.008244,0.05336,0.221606
0.3,8,4,288.0,306.0,0.304,0.0275,0.0068,1,1,1,8e-05,1.0279,0.3789,0.249522,0.122369,0.378853,-0.019298,0.02284,-0.011981,0.231132
0.3,8,5,352.0,306.0,0.304,-0.0275,0.0068,1,1,1,7e-05,0.9465,0.3402,0.340235,0.085128,0.290808,-0.100705,0.032675,-0.061399,0.200345
0.3,8,6,416.0,306.0,0.304,-0.0826,0.0068,1,1,1,6e-05,0.893,0.3961,0.396136,0.061591,0.199663,-0.154169,0.025009,-0.093895,0.137391
0.3,8,7,480.0,306.0,0.304,-0.1376,0.0068,1,1,1,6e-05,0.8701,0.4131,0.413059,0.041313,0.103099,-0.177129,0.006662,-0.107754,0.055326
0.3,8,8,544.0,306.0,0.304,-0.1926,0.0068,1,1,1,5e-05,0.8795,0.3918,0.391796,0.013208,-0.00124,-0.167673,-0.01344,-0.101937,-0.02908
0.3,8,9,608.0,306.0,0.304,-0.2477,0.0068,1,1,1,5e-05,0.9213,0.3392,0.339194,-0.031662,-0.113168,-0.125907,-0.026198,-0.076759,-0.098212
0.3,9,0,32.0,342.0,0.304,0.2595,-0.0331,0,0,0,,,,,,,,,,
0.3,9,1,96.0,342.0,0.304,0.2019,-0.0331,0,0,0,,,,,,,,,,
0.3,9,2,160.0,342.0,0.304,0.1442,-0.0331,1,1,1,6e-05,1.258,0.5169,-0.085962,0.330174,0.516902,0.391176,-0.083529,0.205291,0.100184
0.3,9,3,224.0,342.0,0.304,0.0865,-0.0331,1,1,1,8e-05,1.2581,0.4451,0.088393,0.222266,0.445098,0.210937,-0.023523,0.120076,0.166406
0.3,9,4,288.0,342.0,0.304,0.0288,-0.0331,1,1,1,9e-05,1.1328,0.3597,0.215741,0.150941,0.359652,0.085642,0.014006,0.055152,0.187941
0.3,9,5,352.0,342.0,0.304,-0.0288,-0.0331,1,1,1,8e-05,1.0436,0.3064,0.306377,0.104524,0.269392,-0.003567,0.028498,0.007928,0.166417
0.3,9,6,416.0,342.0,0.304,-0.0865,-0.0331,1,1,1,7e-05,0.9877,0.3587,0.358709,0.0719,0.175738,-0.059546,0.02388,-0.021988,0.111111
0.3,9,7,480.0,342.0,0.304,-0.1442,-0.0331,1,1,1,6e-05,0.9669,0.3705,0.370478,0.04116,0.076952,-0.080282,0.007877,-0.033724,0.037208
0.3,9,8,544.0,342.0,0.304,-0.2019,-0.0331,1,1,1,5e-05,0.9832,0.344,0.344008,0.000775,-0.028803,-0.063993,-0.009284,-0.026587,-0.036217
0.3,9,9,608.0,342.0,0.304,-0.2595,-0.0331,1,1,1,4e-05,1.0362,0.2866,0.286609,-0.057671,-0.140997,-0.010975,-0.017292,-0.000649,-0.090083
0.35,0,0,32.0,18.0,0.354,0.2219,0.2364,0,0,0,,,,,,,,,,
0.35,0,1,96.0,18.0,0.354,0.1726,0.2364,1,1,1,5e-05,1.187,0.5996,-0.599596,0.336005,0.498641,0.139813,-0.145538,0.160166,0.062559
0.35,0,2,160.0,18.0,0.354,0.1233,0.2364,1,1,1,5e-05,1.047,0.4558,-0.448657,0.24178,0.455791,-0.000202,-0.09649,0.052913,0.115342
0.35,0,3,224.0,18.0,0.354,0.074,0.2364,1,1,1,7e-05,0.943,0.3932,-0.328498,0.168938,0.393172,-0.104225,-0.058516,-0.038795,0.144361
0.35,0,4,288.0,18.0,0.354,0.0247,0.2364,1,1,1,6e-05,0.8629,0.3189,-0.230249,0.113171,0.318854,-0.184345,-0.031999,-0.114854,0.147443
0.35,0,5,352.0,18.0,0.354,-0.0247,0.2364,1,1,1,8e-05,0.8029,0.2443,-0.153791,0.070971,0.235378,-0.244327,-0.015515,-0.173633,0.125707
0.35,0,6,416.0,18.0,0.354,-0.074,0.2364,1,1,1,9e-05,0.7619,0.2853,-0.100841,0.038052,0.14402,-0.285295,-0.00643,-0.213189,0.08352
0.35,0,7,480.0,18.0,0.354,-0.1233,0.2364,1,1,1,9e-05,0.7402,0.307,-0.073515,0.009003,0.045306,-0.307009,-0.00139,-0.231578,0.027679
0.35,0,8,544.0,18.0,0.354,-0.1726,0.2364,1,1,1,8e-05,0.7383,0.3089,-0.072057,-0.022555,-0.060107,-0.308874,0.003214,-0.22778,-0.033122
0.35,0,9,608.0,18.0,0.354,-0.2219,0.2364,1,1,1,6e-05,0.7569,0.2903,-0.093905,-0.062605,-0.170703,-0.290293,0.010786,-0.202122,-0.089397
0.35,1,0,32.0,54.0,0.354,0.2296,0.2105,0,0,0,,,,,,,,,,
0.35,1,1,96.0,54.0,0.354,0.1786,0.2105,1,1,1,6e-05,1.2235,0.5623,-0.562269,0.345854,0.514495,0.176339,-0.146307,0.170226,0.067587
0.35,1,2,160.0,54.0,0.354,0.1275,0.2105,1,1,1,5e-05,1.0729,0.4708,-0.401117,0.245098,0.470811,0.025691,-0.094193,0.059229,0.126026
0.35,1,3,224.0,54.0,0.354,0.0765,0.2105,1,1,1,8e-05,0.9626,0.4061,-0.273871,0.168709,0.406065,-0.084647,-0.054416,-0.035122,0.158169
0.35,1,4,288.0,54.0,0.354,0.0255,0.2105,1,1,1,7e-05,0.8781,0.3294,-0.170122,0.111454,0.329363,-0.169135,-0.027573,-0.113075,0.161481
0.35,1,5,352.0,54.0,0.354,-0.0255,0.2105,1,1,1,9e-05,0.8153,0.2437,-0.089861,0.069289,0.243664,-0.231917,-0.01217,-0.172936,0.137393
0.35,1,6,416.0,54.0,0.354,-0.0765,0.2105,1,1,1,0.0001,0.7731,0.2741,-0.035322,0.037301,0.150125,-0.274119,-0.005236,-0.212606,0.090917
0.35,1,7,480.0,54.0,0.354,-0.1275,0.2105,1,1,1,0.0001,0.7518,0.2954,-0.00902,0.009272,0.049068,-0.295351,-0.00289,-0.229961,0.029903
0.35,1,8,544.0,54.0,0.354,-0.1786,0.2105,1,1,1,9e-05,0.7523,0.2949,-0.011094,-0.02208,-0.05901,-0.294909,-0.000888,-0.223956,-0.035636
0.35,1,9,608.0,54.0,0.354,-0.2296,0.2105,1,1,1,7e-05,0.775,0.2722,-0.038299,-0.063402,-0.172525,-0.27219,0.004784,-0.195083,-0.094892
0.35,2,0,32.0,90.0,0.354,0.2378,0.1829,0,0,0,,,,,,,,,,
0.35,2,1,96.0,90.0,0.354,0.185,0.1829,1,1,1,8e-05,1.2281,0.533,-0.53301,0.360085,0.526898,0.224675,-0.148134,0.187063,0.067391
0.35,2,2,160.0,90.0,0.354,0.1321,0.1829,1,1,1,5e-05,1.1073,0.4833,-0.359113,0.25164,0.483318,0.060057,-0.092397,0.072397,0.132308
0.35,2,3,224.0,90.0,0.354,0.0793,0.1829,1,1,1,4e-05,0.9889,0.4167,-0.223677,0.170863,0.416694,-0.058307,-0.05025,-0.024555,0.168467
0.35,2,4,288.0,90.0,0.354,0.0264,0.1829,1,1,1,9e-05,0.8994,0.3377,-0.114429,0.111782,0.337698,-0.147763,-0.022711,-0.103922,0.17261
0.35,2,5,352.0,90.0,0.354,-0.0264,0.1829,1,1,1,3e-05,0.8332,0.25,-0.030147,0.069199,0.249981,-0.214022,-0.008188,-0.16472,0.146689
0.35,2,6,416.0,90.0,0.354,-0.0793,0.1829,1,1,1,3e-05,0.7896,0.2576,0.025591,0.03775,0.154422,-0.257626,-0.003396,-0.204214,0.096254
0.35,2,7,480.0,90.0,0.354,-0.1321,0.1829,1,1,1,3e-05,0.769,0.2782,0.050247,0.010168,0.051179,-0.278219,-0.003819,-0.22031,0.030453
0.35,2,8,544.0,90.0,0.354,-0.185,0.1829,1,1,1,9e-05,0.7724,0.2748,0.043632,-0.021847,-0.059507,-0.274797,-0.004437,-0.211793,-0.039219
0.35,2,9,608.0,90.0,0.354,-0.2378,0.1829,1,1,1,7e-05,0.8,0.2472,0.010546,-0.065494,-0.17576,-0.247167,-0.00054,-0.179736,-0.100396
0.35,3,0,32.0,126.0,0.354,0.2467,0.1531,0,0,0,,,,,,,,,,
0.35,3,1,96.0,126.0,0.354,0.1918,0.1531,1,1,1,7e-05,1.2079,0.5343,-0.516136,0.380347,0.534309,0.289525,-0.151686,0.211745,0.060211
0.35,3,2,160.0,126.0,0.354,0.137,0.1531,1,1,1,6e-05,1.1525,0.4926,-0.324966,0.262547,0.49259,0.105316,-0.09174,0.093358,0.13249
0.35,3,3,224.0,126.0,0.354,0.0822,0.1531,1,1,1,5e-05,1.0242,0.4244,-0.180426,0.176472,0.424413,-0.022989,-0.046564,-0.005856,0.17369
0.35,3,4,288.0,126.0,0.354,0.0274,0.1531,1,1,1,0.0001,0.9285,0.3433,-0.065227,0.114793,0.343326,-0.118652,-0.017779,-0.086395,0.179645
0.35,3,5,352.0,126.0,0.354,-0.0274,0.1531,1,1,1,3e-05,0.8584,0.2536,0.022484,0.071301,0.253633,-0.18876,-0.00381,-0.14753,0.152541
0.35,3,6,416.0,126.0,0.354,-0.0822,0.1531,1,1,1,3e-05,0.8133,0.2339,0.078814,0.039679,0.156186,-0.233946,-0.000997,-0.186478,0.098793
0.35,3,7,480.0,126.0,0.354,-0.137,0.1531,1,1,1,3e-05,0.7935,0.2537,0.10113,0.011562,0.050904,-0.253705,-0.004112,-0.201105,0.028978
0.35,3,8,544.0,126.0,0.354,-0.1918,0.1531,1,1,1,9e-05,0.8003,0.2469,0.089711,-0.02232,-0.06212,-0.246892,-0.00724,-0.19024,-0.043683
0.35,3,9,608.0,126.0,0.354,-0.2467,0.1531,1,1,1,7e-05,0.8338,0.2134,0.050336,-0.069629,-0.180843,-0.21339,-0.004802,-0.155141,-0.105231
0.35,4,0,32.0,162.0,0.354,0.2562,0.1211,0,0,0,,,,,,,,,,
0.35,4,1,96.0,162.0,0.354,0.1993,0.1211,1,1,1,9e-05,1.18,0.5346,-0.518419,0.408243,0.534577,0.378259,-0.157703,0.244795,0.044423
0.35,4,2,160.0,162.0,0.354,0.1423,0.1211,1,1,1,0.0001,1.2123,0.4976,-0.302139,0.279218,0.497594,0.165112,-0.093134,0.123073,0.124431
0.35,4,3,224.0,162.0,0.354,0.0854,0.1211,1,1,1,5e-05,1.0709,0.4286,-0.146629,0.186421,0.42858,0.023685,-0.044135,0.021725,0.172029
0.35,4,4,288.0,162.0,0.354,0.0285,0.1211,1,1,1,3e-05,0.9673,0.3457,-0.024858,0.121027,0.345672,-0.079877,-0.013367,-0.059782,0.181166
0.35,4,5,352.0,162.0,0.354,-0.0285,0.1211,1,1,1,4e-05,0.8929,0.254,0.065555,0.075873,0.254012,-0.154276,0.000554,-0.120575,0.153897
0.35,4,6,416.0,162.0,0.354,-0.0854,0.1211,1,1,1,4e-05,0.846,0.2012,0.121793,0.043047,0.154786,-0.201239,0.001739,-0.158589,0.097911
0.35,4,7,480.0,162.0,0.354,-0.1423,0.1211,1,1,1,3e-05,0.8273,0.2199,0.141051,0.013079,0.047616,-0.219874,-0.003787,-0.171556,0.025347
0.35,4,8,544.0,162.0,0.354,-0.1993,0.1211,1,1,1,9e-05,0.8383,0.2089,0.124333,-0.024236,-0.067491,-0.208904,-0.00906,-0.158401,-0.048622
0.35,4,9,608.0,162.0,0.354,-0.2562,0.1211,1,1,1,7e-05,0.8789,0.1883,0.078408,-0.07683,-0.188291,-0.168324,-0.007486,-0.120507,-0.108363
0.35,5,0,32.0,198.0,0.354,0.2665,0.0865,0,0,0,,,,,,,,,,
0.35,5,1,96.0,198.0,0.354,0.2073,0.0865,0,0,0,,,,,,,,,,
0.35,5,2,160.0,198.0,0.354,0.148,0.0865,1,1,1,9e-05,1.2846,0.4965,-0.296796,0.303553,0.496543,0.245936,-0.097846,0.162792,0.105405
0.35,5,3,224.0,198.0,0.354,0.0888,0.0865,1,1,1,8e-05,1.133,0.4282,-0.126453,0.201942,0.428162,0.085756,-0.044142,0.059146,0.161021
0.35,5,4,288.0,198.0,0.354,0.0296,0.0865,1,1,1,4e-05,1.0194,0.3438,0.002448,0.131385,0.343762,-0.027817,-0.010458,-0.022943,0.175085
0.35,5,5,352.0,198.0,0.354,-0.0296,0.0865,1,1,1,4e-05,0.9395,0.2503,0.095539,0.083105,0.250307,-0.107667,0.004223,-0.083104,0.149407
0.35,5,6,416.0,198.0,0.354,-0.0888,0.0865,1,1,1,4e-05,0.8906,0.1566,0.150993,0.047582,0.149377,-0.156608,0.004423,-0.119793,0.09288
0.35,5,7,480.0,198.0,0.354,-0.148,0.0865,1,1,1,3e-05,0.8735,0.1737,0.166563,0.01399,0.040492,-0.173702,-0.002911,-0.130946,0.019541
0.35,5,8,544.0,198.0,0.354,-0.2073,0.0865,1,1,1,9e-05,0.8896,0.1576,0.144236,-0.028692,-0.076331,-0.15758,-0.0096,-0.115637,-0.053276
0.35,5,9,608.0,198.0,0.354,-0.2665,0.0865,1,1,1,6e-05,0.9389,0.1987,0.091621,-0.088469,-0.198667,-0.108347,-0.007886,-0.075256,-0.108242
0.35,6,0,32.0,234.0,0.354,0.2776,0.049,0,0,0,,,,,,,,,,
0.35,6,1,96.0,234.0,0.354,0.2159,0.049,0,0,0,,,,,,,,,,
0.35,6,2,160.0,234.0,0.354,0.1542,0.049,1,1,1,7e-05,1.2508,0.4867,-0.319755,0.337395,0.486657,0.359422,-0.107319,0.213481,0.072831
0.35,6,3,224.0,234.0,0.354,0.0925,0.049,1,1,1,5e-05,1.2159,0.422,-0.125052,0.223953,0.422049,0.16871,-0.048116,0.106738,0.137966
0.35,6,4,288.0,234.0,0.354,0.0308,0.049,1,1,1,0.0001,1.0895,0.3366,0.011782,0.146418,0.3366,0.042333,-0.010434,0.024675,0.159022
0.35,6,5,352.0,234.0,0.354,-0.0308,0.049,1,1,1,4e-05,1.0026,0.2416,0.107893,0.092918,0.2416,-0.04462,0.006168,-0.034668,0.137489
0.35,6,6,416.0,234.0,0.354,-0.0925,0.049,1,1,1,4e-05,0.9514,0.1621,0.16207,0.052591,0.139052,-0.095787,0.006441,-0.06969,0.083009
0.35,6,7,480.0,234.0,0.354,-0.1542,0.049,1,1,1,0.0001,0.9367,0.1732,0.173236,0.013073,0.028617,-0.110517,-0.001612,-0.078741,0.011808
0.35,6,8,544.0,234.0,0.354,-0.2159,0.049,1,1,1,7e-05,0.9591,0.1455,0.14554,-0.037242,-0.089331,-0.088137,-0.008445,-0.061627,-0.056333
0.35,6,9,608.0,234.0,0.354,-0.2776,0.049,1,1,1,4e-05,1.0192,0.2125,0.08603,-0.106391,-0.212517,-0.028049,-0.005032,-0.019004,-0.102618
0.35,7,0,32.0,270.0,0.354,0.2898,0.0082,0,0,0,,,,,,,,,,
0.35,7,1,96.0,270.0,0.354,0.2254,0.0082,0,0,0,,,,,,,,,,
0.35,7,2,160.0,270.0,0.354,0.161,0.0082,1,1,1,7e-05,1.2064,0.5332,-0.396003,0.381833,0.463148,0.53321,-0.122292,0.274585,0.027231
0.35,7,3,224.0,270.0,0.354,0.0966,0.0082,1,1,1,7e-05,1.3327,0.4076,-0.154654,0.254246,0.407639,0.285506,-0.058183,0.166336,0.099199
0.35,7,4,288.0,270.0,0.354,0.0322,0.0082,1,1,1,4e-05,1.185,0.3232,-0.003332,0.166243,0.323154,0.137796,-0.015117,0.083075,0.130377
0.35,7,5,352.0,270.0,0.354,-0.0322,0.0082,1,1,1,0.0001,1.0891,0.2269,0.096135,0.104887,0.226863,0.04191,0.004933,0.025058,0.116283
0.35,7,6,416.0,270.0,0.354,-0.0966,0.0082,1,1,1,9e-05,1.0353,0.1491,0.149145,0.056868,0.122914,-0.011942,0.006939,-0.008096,0.067709
0.35,7,7,480.0,270.0,0.354,-0.161,0.0082,1,1,1,7e-05,1.0232,0.1567,0.156651,0.008604,0.011478,-0.023989,-4.3e-05,-0.015371,0.003038
0.35,7,8,544.0,270.0,0.354,-0.2254,0.0082,1,1,1,4e-05,1.054,0.1232,0.123224,-0.051983,-0.107039,0.006803,-0.004969,0.003666,-0.055712
0.35,7,9,608.0,270.0,0.354,-0.2898,0.0082,1,1,1,5e-05,1.1283,0.2303,0.056126,-0.133051,-0.230293,0.08115,0.002358,0.048537,-0.088423
0.35,8,0,32.0,306.0,0.354,0.303,-0.0363,0,0,0,,,,,,,,,,
0.35,8,1,96.0,306.0,0.354,0.2357,-0.0363,0,0,0,,,,,,,,,,
0.35,8,2,160.0,306.0,0.354,0.1683,-0.0363,1,1,1,9e-05,1.1524,0.8742,-0.608248,0.435812,0.418719,0.874166,-0.137017,0.318139,-0.007034
0.35,8,3,224.0,306.0,0.354,0.101,-0.0363,1,1,1,9e-05,1.2953,0.4629,-0.23843,0.292925,0.381436,0.462883,-0.07589,0.238951,0.04392
0.35,8,4,288.0,306.0,0.354,0.0337,-0.0363,1,1,1,9e-05,1.3209,0.3017,-0.055863,0.190866,0.301671,0.27369,-0.026763,0.15325,0.086269
0.35,8,5,352.0,306.0,0.354,-0.0337,-0.0363,1,1,1,3e-05,1.2102,0.2054,0.05176,0.11784,0.205364,0.162987,-0.00125,0.095735,0.084193
0.35,8,6,416.0,306.0,0.354,-0.101,-0.0363,1,1,1,9e-05,1.1527,0.1055,0.104853,0.058554,0.100518,0.105491,0.004916,0.064499,0.046907
0.35,8,7,480.0,306.0,0.354,-0.1683,-0.0363,1,1,1,8e-05,1.1448,0.1088,0.108819,-0.001817,-0.011464,0.097571,0.001775,0.05931,-0.005305
0.35,8,8,544.0,306.0,0.354,-0.2357,-0.0363,1,1,1,5e-05,1.1869,0.1397,0.069615,-0.075701,-0.129793,0.139652,0.001753,0.080308,-0.048434
0.35,8,9,608.0,306.0,0.354,-0.303,-0.0363,1,1,1,0.0001,1.2835,0.2525,-0.009123,-0.172366,-0.252519,0.236258,0.015719,0.128963,-0.062183
0.35,9,0,32.0,342.0,0.354,0.3175,-0.0851,0,0,0,,,,,,,,,,
0.35,9,1,96.0,342.0,0.354,0.2469,-0.0851,0,0,0,,,,,,,,,,
0.35,9,2,160.0,342.0,0.354,0.1764,-0.0851,1,1,0,0.01923,0.6649,1.4295,-0.860489,0.489489,0.302205,1.42953,-0.14525,0.070469,-4.1e-05
0.35,9,3,224.0,342.0,0.354,0.1058,-0.0851,1,1,1,0.0001,1.2505,0.8033,-0.454288,0.337675,0.337362,0.803263,-0.096939,0.312187,-0.007704
0.35,9,4,288.0,342.0,0.354,0.0353,-0.0851,1,1,1,9e-05,1.3694,0.4882,-0.176434,0.218828,0.269244,0.488232,-0.046757,0.237912,0.027336
0.35,9,5,352.0,342.0,0.354,-0.0353,-0.0851,1,1,1,0.0001,1.3903,0.3431,-0.043423,0.12992,0.176002,0.3431,-0.014076,0.17874,0.040478
0.35,9,6,416.0,342.0,0.354,-0.1058,-0.0851,1,1,1,5e-05,1.3244,0.2772,0.015378,0.055125,0.07154,0.27723,-0.000487,0.148445,0.021307
0.35,9,7,480.0,342.0,0.354,-0.1764,-0.0851,1,1,1,5e-05,1.3222,0.275,0.016944,-0.021284,-0.040268,0.275026,0.004071,0.145487,-0.010773
0.35,9,8,544.0,342.0,0.354,-0.2469,-0.0851,1,1,1,5e-05,1.3847,0.3375,-0.032721,-0.112842,-0.158139,0.33748,0.012675,0.170608,-0.03138
0.35,9,9,608.0,342.0,0.354,-0.3175,-0.0851,1,1,1,7e-05,1.3877,0.4799,-0.137451,-0.231222,-0.280026,0.479922,0.034857,0.22675,-0.023914
0.4,0,0,32.0,18.0,0.404,0.2624,0.243,0,0,0,,,,,,,,,,
0.4,0,1,96.0,18.0,0.404,0.2041,0.243,0,0,0,,,,,,,,,,
0.4,0,2,160.0,18.0,0.404,0.1458,0.243,1,1,1,8e-05,1.2787,0.7661,-0.766136,0.309529,0.366351,0.248254,-0.133095,0.238802,-1e-06
0.4,0,3,224.0,18.0,0.404,0.0875,0.243,1,1,1,7e-05,1.1292,0.5887,-0.588654,0.218887,0.318583,0.081995,-0.084024,0.128674,0.040271
0.4,0,4,288.0,18.0,0.404,0.0292,0.243,1,1,1,5e-05,1.0185,0.4644,-0.464409,0.144997,0.245928,-0.02865,-0.046487,0.039892,0.057447
0.4,0,5,352.0,18.0,0.404,-0.0292,0.243,1,1,1,6e-05,0.9442,0.3779,-0.377918,0.084574,0.157528,-0.102984,-0.020418,-0.024725,0.048158
0.4,0,6,416.0,18.0,0.404,-0.0875,0.243,1,1,1,3e-05,0.9,0.3252,-0.325166,0.031715,0.057334,-0.147185,-0.002662,-0.063244,0.017292
0.4,0,7,480.0,18.0,0.404,-0.1458,0.243,1,1,1,9e-05,0.884,0.3039,-0.303858,-0.020518,-0.052039,-0.163249,0.011233,-0.07453,-0.025664
0.4,0,8,544.0,18.0,0.404,-0.2041,0.243,1,1,1,4e-05,0.897,0.3126,-0.312626,-0.079143,-0.168308,-0.150203,0.026115,-0.057581,-0.069149
0.4,0,9,608.0,18.0,0.404,-0.2624,0.243,1,1,1,8e-05,0.9397,0.3472,-0.347218,-0.149675,-0.288203,-0.107494,0.04647,-0.013713,-0.10154
0.4,1,0,32.0,54.0,0.404,0.2715,0.2125,0,0,0,,,,,,,,,,
0.4,1,1,96.0,54.0,0.404,0.2112,0.2125,0,0,0,,,,,,,,,,
0.4,1,2,160.0,54.0,0.404,0.1508,0.2125,1,1,1,5e-05,1.2684,0.7209,-0.720947,0.319771,0.383457,0.285236,-0.133744,0.243369,0.006807
0.4,1,3,224.0,54.0,0.404,0.0905,0.2125,1,1,1,7e-05,1.1535,0.5308,-0.530825,0.222893,0.334694,0.1063,-0.082371,0.129016,0.051917
0.4,1,4,288.0,54.0,0.404,0.0302,0.2125,1,1,1,5e-05,1.0367,0.3999,-0.399869,0.145932,0.259454,-0.010488,-0.044151,0.037565,0.070722
0.4,1,5,352.0,54.0,0.404,-0.0302,0.2125,1,1,1,4e-05,0.9592,0.3097,-0.309718,0.084538,0.168216,-0.08803,-0.019062,-0.028313,0.059716
0.4,1,6,416.0,54.0,0.404,-0.0905,0.2125,1,1,1,5e-05,0.9139,0.2559,-0.255914,0.031698,0.065182,-0.133282,-0.003477,-0.066836,0.024881
0.4,1,7,480.0,54.0,0.404,-0.1508,0.2125,1,1,1,5e-05,0.8995,0.2369,-0.236944,-0.020686,-0.047282,-0.147681,0.007811,-0.076399,-0.02276
0.4,1,8,544.0,54.0,0.404,-0.2112,0.2125,1,1,1,3e-05,0.9164,0.2501,-0.250148,-0.080532,-0.166657,-0.130766,0.020475,-0.056543,-0.069706
0.4,1,9,608.0,54.0,0.404,-0.2715,0.2125,1,1,1,7e-05,0.9658,0.2913,-0.291272,-0.15401,-0.289668,-0.081428,0.039776,-0.008436,-0.102843
0.4,2,0,32.0,90.0,0.404,0.2812,0.1797,0,0,0,,,,,,,,,,
0.4,2,1,96.0,90.0,0.404,0.2187,0.1797,0,0,0,,,,,,,,,,
0.4,2,2,160.0,90.0,0.404,0.1562,0.1797,1,1,1,8e-05,1.2552,0.6887,-0.688702,0.333037,0.396064,0.339073,-0.13519,0.25609,0.008878
0.4,2,3,224.0,90.0,0.404,0.0937,0.1797,1,1,1,8e-05,1.1895,0.4819,-0.481912,0.229263,0.347243,0.14228,-0.081125,0.138069,0.05902
0.4,2,4,288.0,90.0,0.404,0.0312,0.1797,1,1,1,4e-05,1.0645,0.3429,-0.342891,0.148577,0.269838,0.01728,-0.041715,0.044197,0.080268
0.4,2,5,352.0,90.0,0.404,-0.0312,0.1797,1,1,1,9e-05,0.9826,0.2484,-0.248419,0.085601,0.176142,-0.064618,-0.017271,-0.022817,0.068352
0.4,2,6,416.0,90.0,0.404,-0.0937,0.1797,1,1,1,6e-05,0.9363,0.1941,-0.194147,0.032147,0.070473,-0.110883,-0.003704,-0.060853,0.030198
0.4,2,7,480.0,90.0,0.404,-0.1562,0.1797,1,1,1,9e-05,0.9236,0.1776,-0.177571,-0.021178,-0.044618,-0.123608,0.005061,-0.068733,-0.021198
0.4,2,8,544.0,90.0,0.404,-0.2187,0.1797,1,1,1,9e-05,0.9452,0.1959,-0.195895,-0.083288,-0.166763,-0.101962,0.015702,-0.045869,-0.07038
0.4,2,9,608.0,90.0,0.404,-0.2812,0.1797,1,1,1,8e-05,1.0029,0.2926,-0.244621,-0.161069,-0.292579,-0.044306,0.034384,0.006659,-0.102578
0.4,3,0,32.0,126.0,0.404,0.2917,0.1446,0,0,0,,,,,,,,,,
0.4,3,1,96.0,126.0,0.404,0.2269,0.1446,0,0,0,,,,,,,,,,
0.4,3,2,160.0,126.0,0.404,0.162,0.1446,1,1,1,9e-05,1.2376,0.677,-0.676961,0.350577,0.402405,0.417861,-0.137975,0.278035,0.004919
0.4,3,3,224.0,126.0,0.404,0.0972,0.1446,1,1,1,4e-05,1.2411,0.4461,-0.446076,0.239092,0.355184,0.193923,-0.080984,0.157315,0.059663
0.4,3,4,288.0,126.0,0.404,0.0324,0.1446,1,1,1,5e-05,1.1046,0.2966,-0.296649,0.153626,0.276338,0.057365,-0.039702,0.061105,0.084535
0.4,3,5,352.0,126.0,0.404,-0.0324,0.1446,1,1,1,9e-05,1.0173,0.1977,-0.197734,0.08817,0.18047,-0.029899,-0.015371,-0.006549,0.07286
0.4,3,6,416.0,126.0,0.404,-0.0972,0.1446,1,1,1,4e-05,0.9696,0.1431,-0.143071,0.03304,0.07257,-0.077594,-0.003451,-0.043885,0.032653
0.4,3,7,480.0,126.0,0.404,-0.162,0.1446,1,1,1,0.0001,0.959,0.1294,-0.129415,-0.022498,-0.044766,-0.08821,0.003117,-0.049901,-0.02104
0.4,3,8,544.0,126.0,0.404,-0.2269,0.1446,1,1,1,4e-05,0.9869,0.1693,-0.153903,-0.088445,-0.169292,-0.060349,0.012213,-0.023752,-0.07057
0.4,3,9,608.0,126.0,0.404,-0.2917,0.1446,1,1,1,3e-05,1.0546,0.2974,-0.210822,-0.17213,-0.297365,0.007445,0.030963,0.03299,-0.099477
0.4,4,0,32.0,162.0,0.404,0.3029,0.1067,0,0,0,,,,,,,,,,
0.4,4,1,96.0,162.0,0.404,0.2356,0.1067,0,0,0,,,,,,,,,,
0.4,4,2,160.0,162.0,0.404,0.1683,0.1067,1,1,1,8e-05,1.2148,0.6994,-0.699395,0.373367,0.400201,0.537377,-0.142331,0.308632,-0.004809
0.4,4,3,224.0,162.0,0.404,0.101,0.1067,1,1,1,8e-05,1.3141,0.4287,-0.428715,0.253302,0.357423,0.266862,-0.082885,0.187815,0.051845
0.4,4,4,288.0,162.0,0.404,0.0337,0.1067,1,1,1,7e-05,1.1611,0.278,-0.265583,0.161716,0.278044,0.113889,-0.038947,0.08957,0.081632
0.4,4,5,352.0,162.0,0.404,-0.0337,0.1067,1,1,1,5e-05,1.0668,0.1804,-0.16169,0.09242,0.180414,0.019647,-0.01393,0.02172,0.071943
0.4,4,6,416.0,162.0,0.404,-0.101,0.1067,1,1,1,5e-05,1.0171,0.1065,-0.106478,0.034088,0.070772,-0.030098,-0.00297,-0.014773,0.031677
0.4,4,7,480.0,162.0,0.404,-0.1683,0.1067,1,1,1,7e-05,1.0094,0.0964,-0.096448,-0.025395,-0.048401,-0.037824,0.00208,-0.018642,-0.022089
0.4,4,8,544.0,162.0,0.404,-0.2356,0.1067,1,1,1,6e-05,1.0446,0.1746,-0.127201,-0.096911,-0.174635,-0.002583,0.010452,0.01047,-0.069221
0.4,4,9,608.0,162.0,0.404,-0.3029,0.1067,1,1,1,6e-05,1.1257,0.3044,-0.193704,-0.188629,-0.304432,0.078457,0.030315,0.071492,-0.091821
0.4,5,0,32.0,198.0,0.404,0.3151,0.0657,0,0,0,,,,,,,,,,
0.4,5,1,96.0,198.0,0.404,0.2451,0.0657,0,0,0,,,,,,,,,,
0.4,5,2,160.0,198.0,0.404,0.1751,0.0657,1,1,1,9e-05,1.1863,0.7883,-0.788293,0.401899,0.386375,0.739935,-0.146584,0.337686,-0.013019
0.4,5,3,224.0,198.0,0.404,0.105,0.0657,1,1,1,6e-05,1.3153,0.4413,-0.441287,0.272919,0.351917,0.373525,-0.087993,0.231201,0.033636
0.4,5,4,288.0,198.0,0.404,0.035,0.0657,1,1,1,6e-05,1.2412,0.2737,-0.256699,0.173366,0.273739,0.193965,-0.040669,0.131036,0.069329
0.4,5,5,352.0,198.0,0.404,-0.035,0.0657,1,1,1,0.0001,1.1363,0.1752,-0.145235,0.098184,0.175216,0.08906,-0.013806,0.062776,0.064242
0.4,5,6,416.0,198.0,0.404,-0.105,0.0657,1,1,1,5e-05,1.0842,0.0897,-0.089707,0.034599,0.064208,0.036989,-0.002687,0.027627,0.026723
0.4,5,7,480.0,198.0,0.404,-0.1751,0.0657,1,1,1,6e-05,1.0802,0.0835,-0.083516,-0.03103,-0.0562,0.032957,0.002034,0.025985,-0.023793
0.4,5,8,544.0,198.0,0.404,-0.2451,0.0657,1,1,1,4e-05,1.1254,0.1836,-0.121641,-0.11053,-0.183564,0.078199,0.011067,0.05825,-0.064815
0.4,5,9,608.0,198.0,0.404,-0.3151,0.0657,1,1,1,5e-05,1.225,0.3144,-0.200218,-0.213161,-0.314442,0.177794,0.033442,0.123868,-0.077425
0.4,6,0,32.0,234.0,0.404,0.3283,0.0214,0,0,0,,,,,,,,,,
0.4,6,1,96.0,234.0,0.404,0.2553,0.0214,0,0,0,,,,,,,,,,
0.4,6,2,160.0,234.0,0.404,0.1824,0.0214,1,1,0,0.00119,0.7966,1.2978,-1.078645,0.448394,0.346093,1.297798,-0.144215,0.172806,0.011814
0.4,6,3,224.0,234.0,0.404,0.1094,0.0214,1,1,1,8e-05,1.2902,0.5406,-0.50572,0.29797,0.336263,0.540638,-0.096739,0.286901,0.00645
0.4,6,4,288.0,234.0,0.404,0.0365,0.0214,1,1,1,8e-05,1.3573,0.3101,-0.280875,0.188545,0.262085,0.310078,-0.046326,0.186711,0.045757
0.4,6,5,352.0,234.0,0.404,-0.0365,0.0214,1,1,1,4e-05,1.2359,0.1887,-0.157797,0.10495,0.163628,0.18871,-0.016231,0.118303,0.04812
0.4,6,6,416.0,234.0,0.404,-0.1094,0.0214,1,1,1,6e-05,1.1796,0.1324,-0.100065,0.033339,0.052072,0.1324,-0.003201,0.08426,0.017526
0.4,6,7,480.0,234.0,0.404,-0.1824,0.0214,1,1,1,6e-05,1.1805,0.1333,-0.097769,-0.041225,-0.068918,0.133327,0.0031,0.084962,-0.025118
0.4,6,8,544.0,234.0,0.404,-0.2553,0.0214,1,1,1,5e-05,1.24,0.1968,-0.144957,-0.131727,-0.19676,0.192846,0.014799,0.120698,-0.055235
0.4,6,9,608.0,234.0,0.404,-0.3283,0.0214,1,1,1,8e-05,1.3694,0.3281,-0.241756,-0.249494,-0.328119,0.322201,0.041104,0.191929,-0.054289
0.4,7,0,32.0,270.0,0.404,0.3426,-0.0268,0,0,0,,,,,,,,,,
0.4,7,1,96.0,270.0,0.404,0.2665,-0.0268,0,0,0,,,,,,,,,,
0.4,7,2,160.0,270.0,0.404,0.1904,-0.0268,1,1,0,0.02751,0.6668,1.4276,-1.037113,0.475544,0.236524,1.42756,-0.14907,0.069937,-0.002715
0.4,7,3,224.0,270.0,0.404,0.1142,-0.0268,1,1,1,0.0001,1.218,0.8764,-0.696045,0.328601,0.305527,0.876449,-0.104599,0.328157,-0.009475
0.4,7,4,288.0,270.0,0.404,0.0381,-0.0268,1,1,1,8e-05,1.3564,0.4926,-0.362177,0.206278,0.241051,0.492636,-0.056869,0.257985,0.011741
0.4,7,5,352.0,270.0,0.404,-0.0381,-0.0268,1,1,1,8e-05,1.3837,0.3365,-0.212887,0.111255,0.144827,0.33647,-0.022451,0.189186,0.023107
0.4,7,6,416.0,270.0,0.404,-0.1142,-0.0268,1,1,1,9e-05,1.3196,0.2724,-0.149437,0.028278,0.033607,0.272361,-0.005164,0.156265,0.004454
0.4,7,7,480.0,270.0,0.404,-0.1904,-0.0268,1,1,1,0.0001,1.3278,0.2806,-0.151155,-0.058757,-0.087307,0.280563,0.005443,0.159592,-0.024373
0.4,7,8,544.0,270.0,0.404,-0.2665,-0.0268,1,1,1,5e-05,1.4119,0.3647,-0.212847,-0.164692,-0.215211,0.364738,0.022208,0.200032,-0.038362
0.4,7,9,608.0,270.0,0.404,-0.3426,-0.0268,1,1,1,6e-05,1.3362,0.5594,-0.349217,-0.306096,-0.347161,0.559394,0.052069,0.278191,-0.024256
0.4,8,0,32.0,306.0,0.404,0.3583,-0.0795,0,0,0,,,,,,,,,,
0.4,8,1,96.0,306.0,0.404,0.2787,-0.0795,0,0,0,,,,,,,,,,
0.4,8,2,160.0,306.0,0.404,0.199,-0.0795,0,1,0,0.0604,,1.4223,,,,,,,
0.4,8,3,224.0,306.0,0.404,0.1194,-0.0795,1,1,0,0.01894,0.6686,1.4258,-0.909601,0.367676,0.193927,1.42579,-0.11584,0.070444,-0.001632
0.4,8,4,288.0,306.0,0.404,0.0398,-0.0795,1,1,1,0.0001,1.2236,0.8708,-0.585671,0.224196,0.205638,0.870753,-0.068134,0.323477,-0.011808
0.4,8,5,352.0,306.0,0.404,-0.0398,-0.0795,1,1,1,8e-05,1.3372,0.5854,-0.34814,0.113904,0.116796,0.585394,-0.032562,0.277257,-0.006671
0.4,8,6,416.0,306.0,0.404,-0.1194,-0.0795,1,1,1,6e-05,1.3682,0.4979,-0.265907,0.015565,0.007466,0.497878,-0.008893,0.246253,-0.01023
0.4,8,7,480.0,306.0,0.404,-0.199,-0.0795,1,1,1,8e-05,1.3615,0.5202,-0.273772,-0.089103,-0.112971,0.520227,0.008949,0.252957,-0.019593
0.4,8,8,544.0,306.0,0.404,-0.2787,-0.0795,1,1,1,8e-05,1.3169,0.6714,-0.374127,-0.219783,-0.241956,0.671445,0.03131,0.297541,-0.016529
0.4,8,9,608.0,306.0,0.404,-0.3583,-0.0795,1,1,0,0.00182,0.7808,1.3136,-0.696813,-0.430277,-0.403914,1.3136,0.042009,0.146441,-0.010831
0.4,9,0,32.0,342.0,0.404,0.3754,-0.1371,0,0,0,,,,,,,,,,
0.4,9,1,96.0,342.0,0.404,0.292,-0.1371,0,0,0,,,,,,,,,,
0.4,9,2,160.0,342.0,0.404,0.2086,-0.1371,0,0,0,,,,,,,,,,
0.4,9,3,224.0,342.0,0.404,0.1251,-0.1371,0,1,0,0.05773,,1.4193,,,,,,,
0.4,9,4,288.0,342.0,0.404,0.0417,-0.1371,1,1,0,0.02537,0.6734,1.421,-0.787386,0.249346,0.052738,1.420996,-0.089256,0.06763,-0.003867
0.4,9,5,352.0,342.0,0.404,-0.0417,-0.1371,1,1,0,0.00432,0.7043,1.3901,-0.751664,0.108861,0.041844,1.390064,-0.048623,0.097802,-0.00192
0.4,9,6,416.0,342.0,0.404,-0.1251,-0.1371,1,1,1,0.0001,1.0049,1.0895,-0.60277,-0.019453,-0.03998,1.08946,-0.015019,0.283192,-0.009073
0.4,9,7,480.0,342.0,0.404,-0.2086,-0.1371,1,1,0,0.00081,0.8327,1.2617,-0.656028,-0.16049,-0.171865,1.261671,0.00274,0.192156,-0.007665
0.4,9,8,544.0,342.0,0.404,-0.292,-0.1371,1,1,0,0.01659,0.6882,1.4062,-0.677508,-0.296148,-0.374337,1.406198,0.009827,0.067482,-0.004109
0.4,9,9,608.0,342.0,0.404,-0.3754,-0.1371,1,1,0,0.0451,0.6968,1.3976,-0.654823,-0.407727,-0.6283,1.39757,0.007095,0.060411,0.00416
0.45,0,0,32.0,18.0,0.454,0.3029,0.2496,0,0,0,,,,,,,,,,
0.45,0,1,96.0,18.0,0.454,0.2356,0.2496,0,0,0,,,,,,,,,,
0.45,0,2,160.0,18.0,0.454,0.1683,0.2496,1,1,1,8e-05,1.2271,1.2486,-1.248603,0.316492,0.257312,0.725759,-0.145398,0.387328,-0.030993
0.45,0,3,224.0,18.0,0.454,0.101,0.2496,1,1,1,6e-05,1.3095,0.9174,-0.917401,0.233574,0.231228,0.359072,-0.104461,0.30495,-0.036239
0.45,0,4,288.0,18.0,0.454,0.0337,0.2496,1,1,1,7e-05,1.2261,0.7333,-0.733349,0.150373,0.166901,0.178888,-0.059631,0.206561,-0.01815
0.45,0,5,352.0,18.0,0.454,-0.0337,0.2496,1,1,1,7e-05,1.1241,0.6222,-0.622161,0.074441,0.078316,0.076855,-0.023858,0.135936,-0.016268
0.45,0,6,416.0,18.0,0.454,-0.101,0.2496,1,1,1,4e-05,1.0733,0.5621,-0.562104,0.002239,-0.026435,0.026135,0.003881,0.098585,-0.032805
0.45,0,7,480.0,18.0,0.454,-0.1683,0.2496,1,1,1,4e-05,1.0663,0.5446,-0.544603,-0.073151,-0.142389,0.019066,0.02861,0.095951,-0.058219
0.45,0,8,544.0,18.0,0.454,-0.2356,0.2496,1,1,1,5e-05,1.1031,0.5656,-0.565633,-0.15929,-0.265545,0.055851,0.056175,0.128156,-0.07943
0.45,0,9,608.0,18.0,0.454,-0.3029,0.2496,1,1,1,5e-05,1.191,0.6251,-0.625119,-0.264484,-0.392054,0.143759,0.091273,0.194065,-0.084856
0.45,1,0,32.0,54.0,0.454,0.3134,0.2144,0,0,0,,,,,,,,,,
0.45,1,1,96.0,54.0,0.454,0.2438,0.2144,0,0,0,,,,,,,,,,
0.45,1,2,160.0,54.0,0.454,0.1741,0.2144,1,1,1,8e-05,1.2393,1.2355,-1.235533,0.33535,0.273484,0.813635,-0.146416,0.375116,-0.020545
0.45,1,3,224.0,54.0,0.454,0.1045,0.2144,1,1,1,8e-05,1.3116,0.8621,-0.862089,0.244213,0.249491,0.392264,-0.105489,0.30281,-0.028353
0.45,1,4,288.0,54.0,0.454,0.0348,0.2144,1,1,1,8e-05,1.2474,0.6662,-0.6662,0.155688,0.183188,0.200186,-0.059669,0.20057,-0.007239
0.45,1,5,352.0,54.0,0.454,-0.0348,0.2144,1,1,1,6e-05,1.1411,0.5505,-0.550543,0.077056,0.091481,0.093944,-0.024613,0.128057,-0.005636
0.45,1,6,416.0,54.0,0.454,-0.1045,0.2144,1,1,1,4e-05,1.09,0.4901,-0.490123,0.003418,-0.016672,0.042804,0.001117,0.090891,-0.025088
0.45,1,7,480.0,54.0,0.454,-0.1741,0.2144,1,1,1,0.0001,1.0856,0.4754,-0.475384,-0.073491,-0.136067,0.0384,0.023523,0.090257,-0.053862
0.45,1,8,544.0,54.0,0.454,-0.2438,0.2144,1,1,1,5e-05,1.1294,0.503,-0.50296,-0.162639,-0.26278,0.082209,0.049522,0.126715,-0.076643
0.45,1,9,608.0,54.0,0.454,-0.3134,0.2144,1,1,1,6e-05,1.2296,0.5724,-0.572364,-0.27328,-0.392668,0.18241,0.084476,0.198559,-0.080386
0.45,2,0,32.0,90.0,0.454,0.3246,0.1766,0,0,0,,,,,,,,,,
0.45,2,1,96.0,90.0,0.454,0.2525,0.1766,0,0,0,,,,,,,,,,
0.45,2,2,160.0,90.0,0.454,0.1803,0.1766,1,1,1,0.0001,1.1026,1.2769,-1.276865,0.356727,0.281646,0.991792,-0.144729,0.333894,-0.002174
0.45,2,3,224.0,90.0,0.454,0.1082,0.1766,1,1,1,8e-05,1.3041,0.8257,-0.825745,0.255809,0.26282,0.450159,-0.106666,0.310369,-0.023474
0.45,2,4,288.0,90.0,0.454,0.0361,0.1766,1,1,1,9e-05,1.2851,0.612,-0.612005,0.161593,0.195407,0.237914,-0.059814,0.20533,-1.1e-05
0.45,2,5,352.0,90.0,0.454,-0.0361,0.1766,1,1,1,7e-05,1.1721,0.4902,-0.490204,0.07968,0.101092,0.124942,-0.025109,0.131265,0.001997
0.45,2,6,416.0,90.0,0.454,-0.1082,0.1766,1,1,1,4e-05,1.12,0.4291,-0.429132,0.003849,-0.009981,0.072752,-0.001078,0.094563,-0.019362
0.45,2,7,480.0,90.0,0.454,-0.1803,0.1766,1,1,1,4e-05,1.1194,0.4182,-0.418248,-0.075753,-0.132437,0.072188,0.01933,0.096487,-0.050183
0.45,2,8,544.0,90.0,0.454,-0.2525,0.1766,1,1,1,6e-05,1.1716,0.4529,-0.452913,-0.169155,-0.262126,0.124422,0.044178,0.137025,-0.072759
0.45,2,9,608.0,90.0,0.454,-0.3246,0.1766,1,1,1,9e-05,1.2888,0.5349,-0.534944,-0.287407,-0.394972,0.241626,0.07944,0.21499,-0.072916
0.45,3,0,32.0,126.0,0.454,0.3367,0.136,0,0,0,,,,,,,,,,
0.45,3,1,96.0,126.0,0.454,0.2619,0.136,0,0,0,,,,,,,,,,
0.45,3,2,160.0,126.0,0.454,0.1871,0.136,1,1,0,0.00375,0.7103,1.3967,-1.39675,0.391939,0.26544,1.384138,-0.146055,0.109655,0.00795
0.45,3,3,224.0,126.0,0.454,0.1122,0.136,1,1,1,9e-05,1.2865,0.8188,-0.818845,0.269184,0.269746,0.545346,-0.10821,0.327924,-0.021895
0.45,3,4,288.0,126.0,0.454,0.0374,0.136,1,1,1,7e-05,1.3454,0.5769,-0.576874,0.168702,0.202453,0.298171,-0.060633,0.222806,0.001924
0.45,3,5,352.0,126.0,0.454,-0.0374,0.136,1,1,1,9e-05,1.2213,0.4458,-0.445797,0.082533,0.10634,0.174128,-0.025706,0.147372,0.005444
0.45,3,6,416.0,126.0,0.454,-0.1122,0.136,1,1,1,5e-05,1.1672,0.3836,-0.383557,0.003294,-0.007054,0.120014,-0.002772,0.111408,-0.01612
0.45,3,7,480.0,126.0,0.454,-0.1871,0.136,1,1,1,5e-05,1.1711,0.3767,-0.376737,-0.080428,-0.131921,0.123934,0.016266,0.11592,-0.046852
0.45,3,8,544.0,126.0,0.454,-0.2619,0.136,1,1,1,9e-05,1.2351,0.4205,-0.420467,-0.180138,-0.264095,0.187946,0.040703,0.160882,-0.066744
0.45,3,9,608.0,126.0,0.454,-0.3367,0.136,1,1,1,8e-05,1.3691,0.5203,-0.520268,-0.309388,-0.399473,0.330978,0.076757,0.245312,-0.061163
0.45,4,0,32.0,162.0,0.454,0.3497,0.0923,0,0,0,,,,,,,,,,
0.45,4,1,96.0,162.0,0.454,0.272,0.0923,0,0,0,,,,,,,,,,
0.45,4,2,160.0,162.0,0.454,0.1943,0.0923,1,1,0,0.01923,0.6677,1.4267,-1.322993,0.420835,0.217608,1.426715,-0.150943,0.073161,-0.00032
0.45,4,3,224.0,162.0,0.454,0.1166,0.0923,1,1,1,0.0001,1.2647,0.8651,-0.865103,0.285059,0.268053,0.710921,-0.109388,0.349715,-0.019936
0.45,4,4,288.0,162.0,0.454,0.0389,0.0923,1,1,1,8e-05,1.36,0.5699,-0.569903,0.177336,0.20319,0.39137,-0.062801,0.254472,-0.002607
0.45,4,5,352.0,162.0,0.454,-0.0389,0.0923,1,1,1,6e-05,1.2964,0.4246,-0.424643,0.085486,0.106207,0.249187,-0.026982,0.178412,0.003515
0.45,4,6,416.0,162.0,0.454,-0.1166,0.0923,1,1,1,8e-05,1.2384,0.3596,-0.359643,0.001099,-0.008694,0.191217,-0.004153,0.143228,-0.015696
0.45,4,7,480.0,162.0,0.454,-0.1943,0.0923,1,1,1,9e-05,1.2483,0.3575,-0.357526,-0.088855,-0.135309,0.201143,0.014594,0.150538,-0.043245
0.45,4,8,544.0,162.0,0.454,-0.272,0.0923,1,1,1,8e-05,1.3302,0.4137,-0.413725,-0.197863,-0.269458,0.282976,0.039688,0.200424,-0.057218
0.45,4,9,608.0,162.0,0.454,-0.3497,0.0923,1,1,1,6e-05,1.3236,0.5421,-0.542115,-0.343716,-0.407085,0.470746,0.076503,0.290856,-0.044444
0.45,5,0,32.0,198.0,0.454,0.3637,0.045,0,0,0,,,,,,,,,,
0.45,5,1,96.0,198.0,0.454,0.2829,0.045,0,0,0,,,,,,,,,,
0.45,5,2,160.0,198.0,0.454,0.2021,0.045,0,0,0,,,,,,,,,,
0.45,5,3,224.0,198.0,0.454,0.1212,0.045,1,1,1,0.0001,0.978,1.1164,-1.051487,0.308173,0.249165,1.116392,-0.106488,0.28084,0.003128
0.45,5,4,288.0,198.0,0.454,0.0404,0.045,1,1,1,8e-05,1.3136,0.6107,-0.610718,0.187175,0.195867,0.542888,-0.066631,0.300794,-0.012595
0.45,5,5,352.0,198.0,0.454,-0.0404,0.045,1,1,1,9e-05,1.3884,0.4379,-0.437938,0.087821,0.099672,0.363885,-0.029626,0.226027,-0.004342
0.45,5,6,416.0,198.0,0.454,-0.1212,0.045,1,1,1,8e-05,1.3461,0.3676,-0.367624,-0.00415,-0.015911,0.298913,-0.005511,0.192088,-0.018016
0.45,5,7,480.0,198.0,0.454,-0.2021,0.045,1,1,1,5e-05,1.3654,0.3717,-0.371668,-0.103415,-0.143648,0.318163,0.014551,0.202656,-0.038278
0.45,5,8,544.0,198.0,0.454,-0.2829,0.045,1,1,1,9e-05,1.3569,0.4471,-0.447122,-0.226244,-0.279367,0.43042,0.041418,0.257532,-0.042873
0.45,5,9,608.0,198.0,0.454,-0.3637,0.045,1,1,1,8e-05,1.2714,0.7267,-0.638754,-0.402338,-0.42091,0.726713,0.075912,0.343021,-0.025981
0.45,6,0,32.0,234.0,0.454,0.379,-0.0062,0,0,0,,,,,,,,,,
0.45,6,1,96.0,234.0,0.454,0.2948,-0.0062,0,0,0,,,,,,,,,,
0.45,6,2,160.0,234.0,0.454,0.2105,-0.0062,0,0,0,,,,,,,,,,
0.45,6,3,224.0,234.0,0.454,0.1263,-0.0062,1,1,0,0.02023,0.6698,1.4246,-1.093193,0.339545,0.157925,1.424582,-0.117131,0.0713,-0.002055
0.45,6,4,288.0,234.0,0.454,0.0421,-0.0062,1,1,1,9e-05,1.2467,0.8477,-0.75911,0.19712,0.176391,0.847703,-0.069707,0.340575,-0.014898
0.45,6,5,352.0,234.0,0.454,-0.0421,-0.0062,1,1,1,7e-05,1.3232,0.5544,-0.511697,0.087411,0.084945,0.554392,-0.033876,0.291209,-0.015973
0.45,6,6,416.0,234.0,0.454,-0.1263,-0.0062,1,1,1,7e-05,1.3545,0.4712,-0.427401,-0.015334,-0.030095,0.471206,-0.00709,0.259903,-0.021735
0.45,6,7,480.0,234.0,0.454,-0.2105,-0.0062,1,1,1,6e-05,1.3406,0.5077,-0.440947,-0.128548,-0.158526,0.507716,0.016077,0.273786,-0.030385
0.45,6,8,544.0,234.0,0.454,-0.2948,-0.0062,1,1,1,0.0001,1.2863,0.7002,-0.563016,-0.27604,-0.297288,0.700234,0.044064,0.32808,-0.024847
0.45,6,9,608.0,234.0,0.454,-0.379,-0.0062,1,1,0,0.00871,0.6961,1.3983,-0.871273,-0.503738,-0.499232,1.398253,0.049121,0.072673,-0.006553
0.45,7,0,32.0,270.0,0.454,0.3955,-0.0618,0,0,0,,,,,,,,,,
0.45,7,1,96.0,270.0,0.454,0.3076,-0.0618,0,0,0,,,,,,,,,,
0.45,7,2,160.0,270.0,0.454,0.2197,-0.0618,0,0,0,,,,,,,,,,
0.45,7,3,224.0,270.0,0.454,0.1318,-0.0618,0,1,0,0.05061,,1.4198,,,,,,,
0.45,7,4,288.0,270.0,0.454,0.0439,-0.0618,1,1,0,0.01576,0.6728,1.4216,-0.961248,0.218353,0.077877,1.421618,-0.083114,0.070994,-0.002592
0.45,7,5,352.0,270.0,0.454,-0.0439,-0.0618,1,1,1,9e-05,1.0739,1.0205,-0.755553,0.077823,0.052693,1.020489,-0.037543,0.313013,-0.010319
0.45,7,6,416.0,270.0,0.454,-0.1318,-0.0618,1,1,1,8e-05,1.2712,0.8232,-0.608011,-0.041276,-0.056457,0.823242,-0.008883,0.332762,-0.019315
0.45,7,7,480.0,270.0,0.454,-0.2197,-0.0618,1,1,1,0.0001,1.1505,0.9439,-0.660577,-0.182167,-0.189097,0.943922,0.015775,0.327368,-0.016869
0.45,7,8,544.0,270.0,0.454,-0.3076,-0.0618,1,1,0,0.01103,0.69,1.4044,-0.823388,-0.359139,-0.393344,1.404437,0.021159,0.070283,-0.005374
0.45,7,9,608.0,270.0,0.454,-0.3955,-0.0618,1,1,0,0.04381,0.6982,1.3962,-0.79618,-0.474195,-0.673184,1.396216,0.01602,0.06289,0.004216
0.45,8,0,32.0,306.0,0.454,0.4136,-0.1226,0,0,0,,,,,,,,,,
0.45,8,1,96.0,306.0,0.454,0.3217,-0.1226,0,0,0,,,,,,,,,,
0.45,8,2,160.0,306.0,0.454,0.2298,-0.1226,0,0,0,,,,,,,,,,
0.45,8,3,224.0,306.0,0.454,0.1379,-0.1226,0,1,0,0.08799,,1.4129,,,,,,,
0.45,8,4,288.0,306.0,0.454,0.046,-0.1226,0,1,0,0.05278,,1.4152,,,,,,,
0.45,8,5,352.0,306.0,0.454,-0.046,-0.1226,1,1,0,0.03067,0.6795,1.4149,-0.834651,0.091755,-0.121546,1.414865,-0.064016,0.066284,-0.00441
0.45,8,6,416.0,306.0,0.454,-0.1379,-0.1226,1,1,0,0.02295,0.6826,1.4118,-0.803909,-0.056751,-0.207868,1.411827,-0.034324,0.067399,-0.003939
0.45,8,7,480.0,306.0,0.454,-0.2298,-0.1226,1,1,0,0.0301,0.6883,1.4061,-0.773601,-0.198039,-0.373649,1.406083,-0.016039,0.065198,-0.002503
0.45,8,8,544.0,306.0,0.454,-0.3217,-0.1226,0,1,0,0.05166,,1.3982,,,,,,,
0.45,8,9,608.0,306.0,0.454,-0.4136,-0.1226,0,1,0,0.08639,,1.3906,,,,,,,
0.45,9,0,32.0,342.0,0.454,0.4334,-0.1892,0,0,0,,,,,,,,,,
0.45,9,1,96.0,342.0,0.454,0.3371,-0.1892,0,0,0,,,,,,,,,,
0.45,9,2,160.0,342.0,0.454,0.2408,-0.1892,0,0,0,,,,,,,,,,
0.45,9,3,224.0,342.0,0.454,0.1445,-0.1892,0,1,0,0.13332,,1.4053,,,,,,,
0.45,9,4,288.0,342.0,0.454,0.0482,-0.1892,0,1,0,0.0979,,1.4068,,,,,,,
0.45,9,5,352.0,342.0,0.454,-0.0482,-0.1892,0,1,0,0.0761,,1.4061,,,,,,,
0.45,9,6,416.0,342.0,0.454,-0.1445,-0.1892,0,1,0,0.06918,,1.4029,,,,,,,
0.45,9,7,480.0,342.0,0.454,-0.2408,-0.1892,0,1,0,0.07754,,1.3976,,,,,,,
0.45,9,8,544.0,342.0,0.454,-0.3371,-0.1892,0,1,0,0.1007,,1.3916,,,,,,,
0.45,9,9,608.0,342.0,0.454,-0.4334,-0.1892,0,1,0,0.13756,,1.3682,,,,,,,
0.5,0,0,32.0,18.0,0.504,0.3434,0.2563,0,0,0,,,,,,,,,,
0.5,0,1,96.0,18.0,0.504,0.2671,0.2563,0,0,0,,,,,,,,,,
0.5,0,2,160.0,18.0,0.504,0.1908,0.2563,0,1,0,0.03322,,1.6536,,,,,,,
0.5,0,3,224.0,18.0,0.504,0.1145,0.2563,1,1,1,0.0001,1.0589,1.4551,-1.455149,0.196002,0.134848,1.035491,-0.09313,0.335225,-0.00488
0.5,0,4,288.0,18.0,0.504,0.0382,0.2563,1,1,1,9e-05,1.2416,1.0801,-1.080113,0.119285,0.086386,0.518407,-0.061699,0.372837,-0.051824
0.5,0,5,352.0,18.0,0.504,-0.0382,0.2563,1,1,1,8e-05,1.3073,0.9108,-0.910835,0.03621,0.000184,0.33862,-0.021739,0.307088,-0.056247
0.5,0,6,416.0,18.0,0.504,-0.1145,0.2563,1,1,1,8e-05,1.3169,0.8332,-0.833217,-0.052147,-0.107107,0.269738,0.015269,0.27334,-0.062467
0.5,0,7,480.0,18.0,0.504,-0.1908,0.2563,1,1,1,9e-05,1.3267,0.8219,-0.821872,-0.15148,-0.228369,0.27946,0.051368,0.280761,-0.070309
0.5,0,8,544.0,18.0,0.504,-0.2671,0.2563,1,1,1,7e-05,1.2859,0.8748,-0.874773,-0.273324,-0.358577,0.37503,0.090887,0.328501,-0.069791
0.5,0,9,608.0,18.0,0.504,-0.3434,0.2563,1,1,1,0.0001,1.2181,1.0203,-1.020275,-0.441832,-0.493667,0.623536,0.13145,0.396363,-0.055946
0.5,1,0,32.0,54.0,0.504,0.3553,0.2163,0,0,0,,,,,,,,,,
0.5,1,1,96.0,54.0,0.504,0.2763,0.2163,0,0,0,,,,,,,,,,
0.5,1,2,160.0,54.0,0.504,0.1974,0.2163,0,1,0,0.03865,,1.5798,,,,,,,
0.5,1,3,224.0,54.0,0.504,0.1184,0.2163,1,1,0,0.00019,0.9269,1.4429,-1.442899,0.2174,0.149154,1.167509,-0.096635,0.26447,0.004413
0.5,1,4,288.0,54.0,0.504,0.0395,0.2163,1,1,1,7e-05,1.2499,1.0158,-1.015824,0.130855,0.104651,0.546652,-0.064453,0.364491,-0.044774
0.5,1,5,352.0,54.0,0.504,-0.0395,0.2163,1,1,1,9e-05,1.3184,0.8374,-0.837421,0.04299,0.015647,0.357447,-0.024885,0.296051,-0.048005
0.5,1,6,416.0,54.0,0.504,-0.1184,0.2163,1,1,1,8e-05,1.3359,0.7594,-0.759428,-0.048663,-0.095267,0.288739,0.010545,0.262315,-0.055198
0.5,1,7,480.0,54.0,0.504,-0.1974,0.2163,1,1,1,9e-05,1.3418,0.753,-0.752981,-0.151501,-0.220403,0.304461,0.044867,0.272665,-0.064406
0.5,1,8,544.0,54.0,0.504,-0.2763,0.2163,1,1,1,9e-05,1.2887,0.8173,-0.817334,-0.279282,-0.354663,0.415334,0.083382,0.325776,-0.06341
0.5,1,9,608.0,54.0,0.504,-0.3553,0.2163,1,1,1,9e-05,1.2238,0.9952,-0.995181,-0.463473,-0.494976,0.718974,0.122077,0.390667,-0.047778
0.5,2,0,32.0,90.0,0.504,0.368,0.1735,0,0,0,,,,,,,,,,
0.5,2,1,96.0,90.0,0.504,0.2862,0.1735,0,0,0,,,,,,,,,,
0.5,2,2,160.0,90.0,0.504,0.2045,0.1735,0,0,0,,,,,,,,,,
0.5,2,3,224.0,90.0,0.504,0.1227,0.1735,1,1,0,0.00438,0.7039,1.4509,-1.450933,0.244596,0.14448,1.390521,-0.104235,0.101873,0.002953
0.5,2,4,288.0,90.0,0.504,0.0409,0.1735,1,1,1,7e-05,1.2492,0.9791,-0.979102,0.140612,0.117773,0.614425,-0.066308,0.365252,-0.037379
0.5,2,5,352.0,90.0,0.504,-0.0409,0.1735,1,1,1,7e-05,1.3167,0.7839,-0.783853,0.047621,0.026781,0.402976,-0.027503,0.29774,-0.04116
0.5,2,6,416.0,90.0,0.504,-0.1227,0.1735,1,1,1,5e-05,1.3497,0.7038,-0.703847,-0.048145,-0.087182,0.331932,0.006575,0.26468,-0.048706
0.5,2,7,480.0,90.0,0.504,-0.2045,0.1735,1,1,1,7e-05,1.3362,0.7035,-0.7035,-0.156024,-0.215721,0.355822,0.039455,0.278205,-0.057851
0.5,2,8,544.0,90.0,0.504,-0.2862,0.1735,1,1,1,7e-05,1.2786,0.7851,-0.785096,-0.293032,-0.353849,0.492422,0.077007,0.335876,-0.054812
0.5,2,9,608.0,90.0,0.504,-0.368,0.1735,1,1,1,0.0001,1.1681,1.0262,-1.026236,-0.506773,-0.502883,0.92632,0.109345,0.357882,-0.036999
0.5,3,0,32.0,126.0,0.504,0.3817,0.1274,0,0,0,,,,,,,,,,
0.5,3,1,96.0,126.0,0.504,0.2969,0.1274,0,0,0,,,,,,,,,,
0.5,3,2,160.0,126.0,0.504,0.2121,0.1274,0,0,0,,,,,,,,,,
0.5,3,3,224.0,126.0,0.504,0.1272,0.1274,1,1,0,0.01533,0.6715,1.4229,-1.375213,0.272371,0.116271,1.422881,-0.11167,0.073613,-0.00145
0.5,3,4,288.0,126.0,0.504,0.0424,0.1274,1,1,1,9e-05,1.2444,0.989,-0.98902,0.148759,0.123745,0.750514,-0.066974,0.37001,-0.027734
0.5,3,5,352.0,126.0,0.504,-0.0424,0.1274,1,1,1,9e-05,1.3005,0.7593,-0.759302,0.049963,0.032509,0.48625,-0.029759,0.313923,-0.036225
0.5,3,6,416.0,126.0,0.504,-0.1272,0.1274,1,1,1,6e-05,1.3318,0.6743,-0.674322,-0.051279,-0.083737,0.408526,0.003408,0.282581,-0.043121
0.5,3,7,480.0,126.0,0.504,-0.2121,0.1274,1,1,1,9e-05,1.3151,0.6823,-0.682276,-0.16666,-0.215201,0.444907,0.03543,0.299294,-0.050054
0.5,3,8,544.0,126.0,0.504,-0.2969,0.1274,1,1,1,9e-05,1.2573,0.7941,-0.794087,-0.319089,-0.357626,0.631948,0.071591,0.357129,-0.043328
0.5,3,9,608.0,126.0,0.504,-0.3817,0.1274,1,1,0,0.00547,0.7135,1.3809,-1.117641,-0.573653,-0.549422,1.380906,0.081043,0.086107,-0.010048
0.5,4,0,32.0,162.0,0.504,0.3965,0.0779,0,0,0,,,,,,,,,,
0.5,4,1,96.0,162.0,0.504,0.3084,0.0779,0,0,0,,,,,,,,,,
0.5,4,2,160.0,162.0,0.504,0.2203,0.0779,0,0,0,,,,,,,,,,
0.5,4,3,224.0,162.0,0.504,0.1322,0.0779,1,1,0,0.03106,0.6731,1.4213,-1.281845,0.299508,0.057568,1.421252,-0.117475,0.071346,-0.004879
0.5,4,4,288.0,162.0,0.504,0.0441,0.0779,1,1,1,0.0001,1.0042,1.1075,-1.107535,0.155927,0.114728,1.090186,-0.065956,0.299971,-0.004182
0.5,4,5,352.0,162.0,0.504,-0.0441,0.0779,1,1,1,7e-05,1.2709,0.7849,-0.784936,0.048592,0.030896,0.637824,-0.031548,0.34354,-0.031482
0.5,4,6,416.0,162.0,0.504,-0.1322,0.0779,1,1,1,9e-05,1.2972,0.6868,-0.686846,-0.060217,-0.086423,0.540897,0.001079,0.317237,-0.037525
0.5,4,7,480.0,162.0,0.504,-0.2203,0.0779,1,1,1,9e-05,1.2787,0.7096,-0.709578,-0.187804,-0.220746,0.602632,0.03277,0.33578,-0.039735
0.5,4,8,544.0,162.0,0.504,-0.3084,0.0779,1,1,1,0.0001,1.1484,0.946,-0.8971,-0.3737,-0.372883,0.946045,0.063098,0.345006,-0.028
0.5,4,9,608.0,162.0,0.504,-0.3965,0.0779,1,1,0,0.02526,0.6968,1.3976,-1.039729,-0.557399,-0.644256,1.397643,0.057172,0.067623,-0.002389
0.5,5,0,32.0,198.0,0.504,0.4124,0.0243,0,0,0,,,,,,,,,,
0.5,5,1,96.0,198.0,0.504,0.3207,0.0243,0,0,0,,,,,,,,,,
0.5,5,2,160.0,198.0,0.504,0.2291,0.0243,0,0,0,,,,,,,,,,
0.5,5,3,224.0,198.0,0.504,0.1375,0.0243,0,1,0,0.05226,,1.4181,,,,,,,
0.5,5,4,288.0,198.0,0.504,0.0458,0.0243,1,1,0,0.01575,0.6741,1.4203,-1.14735,0.178037,0.040457,1.420296,-0.080007,0.071918,-0.002906
0.5,5,5,352.0,198.0,0.504,-0.0458,0.0243,1,1,1,9e-05,1.097,0.9974,-0.931441,0.038585,0.014516,0.997374,-0.032359,0.330557,-0.014093
0.5,5,6,416.0,198.0,0.504,-0.1375,0.0243,1,1,1,9e-05,1.261,0.8107,-0.788481,-0.081986,-0.099671,0.810724,-0.000595,0.353418,-0.026637
0.5,5,7,480.0,198.0,0.504,-0.2291,0.0243,1,1,1,9e-05,1.1185,0.9759,-0.856828,-0.235786,-0.241154,0.975855,0.028109,0.334682,-0.022259
0.5,5,8,544.0,198.0,0.504,-0.3207,0.0243,1,1,0,0.01492,0.6913,1.4031,-0.988647,-0.417151,-0.468668,1.40306,0.033646,0.069082,-0.005153
0.5,5,9,608.0,198.0,0.504,-0.4124,0.0243,0,1,0,0.05103,,1.3936,,,,,,,
0.5,6,0,32.0,234.0,0.504,0.4296,-0.0337,0,0,0,,,,,,,,,,
0.5,6,1,96.0,234.0,0.504,0.3342,-0.0337,0,0,0,,,,,,,,,,
0.5,6,2,160.0,234.0,0.504,0.2387,-0.0337,0,0,0,,,,,,,,,,
0.5,6,3,224.0,234.0,0.504,0.1432,-0.0337,0,1,0,0.07974,,1.4134,,,,,,,
0.5,6,4,288.0,234.0,0.504,0.0477,-0.0337,1,1,0,0.04249,0.6783,1.4161,-1.048779,0.203087,-0.089322,1.416114,-0.092604,0.066765,-0.006508
0.5,6,5,352.0,234.0,0.504,-0.0477,-0.0337,1,1,0,0.01944,0.6787,1.4157,-1.012434,0.047113,-0.094719,1.41574,-0.052459,0.069957,-0.004136
0.5,6,6,416.0,234.0,0.504,-0.1432,-0.0337,1,1,0,0.01205,0.6827,1.4117,-0.974577,-0.108662,-0.188486,1.411729,-0.020187,0.071165,-0.004705
0.5,6,7,480.0,234.0,0.504,-0.2387,-0.0337,1,1,0,0.02083,0.688,1.4064,-0.937809,-0.256269,-0.367923,1.406389,-0.000276,0.068299,-0.004035
0.5,6,8,544.0,234.0,0.504,-0.3342,-0.0337,1,1,0,0.04517,0.6966,1.3978,-0.905397,-0.389147,-0.62063,1.397799,0.003995,0.06395,0.002324
0.5,6,9,608.0,234.0,0.504,-0.4296,-0.0337,0,1,0,0.08356,,1.3896,,,,,,,
0.5,7,0,32.0,270.0,0.504,0.4484,-0.0968,0,0,0,,,,,,,,,,
0.5,7,1,96.0,270.0,0.504,0.3488,-0.0968,0,0,0,,,,,,,,,,
0.5,7,2,160.0,270.0,0.504,0.2491,-0.0968,0,0,0,,,,,,,,,,
0.5,7,3,224.0,270.0,0.504,0.1495,-0.0968,0,1,0,0.11439,,1.4073,,,,,,,
0.5,7,4,288.0,270.0,0.504,0.0498,-0.0968,0,1,0,0.07658,,1.4098,,,,,,,
0.5,7,5,352.0,270.0,0.504,-0.0498,-0.0968,0,1,0,0.0536,,1.4094,,,,,,,
0.5,7,6,416.0,270.0,0.504,-0.1495,-0.0968,1,1,0,0.04691,0.6885,1.4059,-0.884625,-0.080059,-0.373895,1.405943,-0.046109,0.063131,-0.002571
0.5,7,7,480.0,270.0,0.504,-0.2491,-0.0968,0,1,0,0.05697,,1.3997,,,,,,,
0.5,7,8,544.0,270.0,0.504,-0.3488,-0.0968,0,1,0,0.08309,,1.3923,,,,,,,
0.5,7,9,608.0,270.0,0.504,-0.4484,-0.0968,0,1,0,0.12368,,1.3867,,,,,,,
0.5,8,0,32.0,306.0,0.504,0.4689,-0.1657,0,0,0,,,,,,,,,,
0.5,8,1,96.0,306.0,0.504,0.3647,-0.1657,0,0,0,,,,,,,,,,
0.5,8,2,160.0,306.0,0.504,0.2605,-0.1657,0,0,0,,,,,,,,,,
0.5,8,3,224.0,306.0,0.504,0.1563,-0.1657,0,1,0,0.16039,,1.4236,,,,,,,
0.5,8,4,288.0,306.0,0.504,0.0521,-0.1657,0,1,0,0.11898,,1.4025,,,,,,,
0.5,8,5,352.0,306.0,0.504,-0.0521,-0.1657,0,1,0,0.09624,,1.4016,,,,,,,
0.5,8,6,416.0,306.0,0.504,-0.1563,-0.1657,0,1,0,0.09035,,1.3983,,,,,,,
0.5,8,7,480.0,306.0,0.504,-0.2605,-0.1657,0,1,0,0.10172,,1.3931,,,,,,,
0.5,8,8,544.0,306.0,0.504,-0.3647,-0.1657,0,1,0,0.1296,,1.3881,,,,,,,
0.5,8,9,608.0,306.0,0.504,-0.4689,-0.1657,0,1,0,0.18452,,1.2609,,,,,,,
0.5,9,0,32.0,342.0,0.504,0.4913,-0.2412,0,0,0,,,,,,,,,,
0.5,9,1,96.0,342.0,0.504,0.3821,-0.2412,0,0,0,,,,,,,,,,
0.5,9,2,160.0,342.0,0.504,0.273,-0.2412,0,0,0,,,,,,,,,,
0.5,9,3,224.0,342.0,0.504,0.1638,-0.2412,0,1,0,0.2383,,1.5721,,,,,,,
0.5,9,4,288.0,342.0,0.504,0.0546,-0.2412,0,1,0,0.18312,,1.3362,,,,,,,
0.5,9,5,352.0,342.0,0.504,-0.0546,-0.2412,0,1,0,0.15146,,1.3397,,,,,,,
0.5,9,6,416.0,342.0,0.504,-0.1638,-0.2412,0,1,0,0.14548,,1.3375,,,,,,,
0.5,9,7,480.0,342.0,0.504,-0.273,-0.2412,0,1,0,0.16248,,1.2892,,,,,,,
0.5,9,8,544.0,342.0,0.504,-0.3821,-0.2412,0,1,0,0.2028,,1.3108,,,,,,,
0.5,9,9,608.0,342.0,0.504,-0.4913,-0.2412,0,1,0,0.26739,,1.4182,,,,,,,
0.55,0,0,32.0,18.0,0.554,0.3839,0.2629,0,0,0,,,,,,,,,,
0.55,0,1,96.0,18.0,0.554,0.2986,0.2629,0,0,0,,,,,,,,,,
0.55,0,2,160.0,18.0,0.554,0.2133,0.2629,0,0,0,,,,,,,,,,
0.55,0,3,224.0,18.0,0.554,0.128,0.2629,0,1,0,0.04486,,1.6236,,,,,,,
0.55,0,4,288.0,18.0,0.554,0.0427,0.2629,0,1,0,0.01204,,1.5847,,,,,,,
0.55,0,5,352.0,18.0,0.554,-0.0427,0.2629,1,1,1,0.0001,1.1507,1.3611,-1.361132,-0.052419,-0.087844,0.943684,-0.005569,0.3771,-0.028971
0.55,0,6,416.0,18.0,0.554,-0.128,0.2629,1,1,1,9e-05,1.2033,1.2268,-1.226815,-0.154999,-0.194434,0.761403,0.034104,0.411153,-0.049831
0.55,0,7,480.0,18.0,0.554,-0.2133,0.2629,1,1,1,0.0001,1.2187,1.2518,-1.251795,-0.295491,-0.325941,0.864062,0.073021,0.395776,-0.046882
0.55,0,8,544.0,18.0,0.554,-0.2986,0.2629,1,1,0,0.00649,0.7055,1.4165,-1.416497,-0.496971,-0.511731,1.388946,0.086897,0.080714,-0.010521
0.55,0,9,608.0,18.0,0.554,-0.3839,0.2629,1,1,0,0.03687,0.7005,1.3939,-1.386298,-0.612232,-0.772822,1.39386,0.088851,0.069742,-0.001297
0.55,1,0,32.0,54.0,0.554,0.3972,0.2182,0,0,0,,,,,,,,,,
0.55,1,1,96.0,54.0,0.554,0.3089,0.2182,0,0,0,,,,,,,,,,
0.55,1,2,160.0,54.0,0.554,0.2207,0.2182,0,0,0,,,,,,,,,,
0.55,1,3,224.0,54.0,0.554,0.1324,0.2182,1,1,0,0.04831,0.6794,1.547,-1.546952,0.224042,-0.123166,1.414957,-0.109937,0.073649,-0.009162
0.55,1,4,288.0,54.0,0.554,0.0441,0.2182,1,1,0,0.01398,0.6773,1.5071,-1.507137,0.080859,-0.045516,1.41707,-0.063334,0.073794,-0.003887
0.55,1,5,352.0,54.0,0.554,-0.0441,0.2182,1,1,1,9e-05,1.1167,1.2959,-1.295916,-0.039322,-0.071177,0.977722,-0.011271,0.360108,-0.024056
0.55,1,6,416.0,54.0,0.554,-0.1324,0.2182,1,1,1,9e-05,1.2157,1.1574,-1.157413,-0.147786,-0.181003,0.788822,0.027442,0.398767,-0.044327
0.55,1,7,480.0,54.0,0.554,-0.2207,0.2182,1,1,1,0.0001,1.1698,1.1984,-1.198375,-0.297219,-0.318263,0.924554,0.064494,0.373761,-0.039625
0.55,1,8,544.0,54.0,0.554,-0.3089,0.2182,1,1,0,0.01084,0.6943,1.4001,-1.338105,-0.490897,-0.525197,1.40007,0.075594,0.070961,-0.008235
0.55,1,9,608.0,54.0,0.554,-0.3972,0.2182,1,1,0,0.04379,0.7015,1.3929,-1.304799,-0.606221,-0.798381,1.392895,0.073439,0.06912,0.001592
0.55,2,0,32.0,90.0,0.554,0.4114,0.1703,0,0,0,,,,,,,,,,
0.55,2,1,96.0,90.0,0.554,0.32,0.1703,0,0,0,,,,,,,,,,
0.55,2,2,160.0,90.0,0.554,0.2286,0.1703,0,0,0,,,,,,,,,,
0.55,2,3,224.0,90.0,0.554,0.1371,0.1703,0,1,0,0.05564,,1.4639,,,,,,,
0.55,2,4,288.0,90.0,0.554,0.0457,0.1703,1,1,0,0.01988,0.6772,1.4235,-1.423472,0.105748,-0.053146,1.417176,-0.070557,0.072924,-0.004359
0.55,2,5,352.0,90.0,0.554,-0.0457,0.1703,1,1,0,0.0002,0.9306,1.2945,-1.294509,-0.034859,-0.067028,1.163849,-0.018076,0.266502,-0.00989
0.55,2,6,416.0,90.0,0.554,-0.1371,0.1703,1,1,1,9e-05,1.1866,1.1368,-1.136769,-0.151303,-0.175047,0.907809,0.021077,0.373213,-0.032949
0.55,2,7,480.0,90.0,0.554,-0.2286,0.1703,1,1,0,0.00017,0.9467,1.2103,-1.210271,-0.318196,-0.323644,1.147681,0.051729,0.270023,-0.022868
0.55,2,8,544.0,90.0,0.554,-0.32,0.1703,1,1,0,0.01949,0.694,1.4004,-1.253972,-0.47927,-0.561517,1.400358,0.06093,0.069268,-0.005696
0.55,2,9,608.0,90.0,0.554,-0.4114,0.1703,0,1,0,0.05506,,1.3914,,,,,,,
0.55,3,0,32.0,126.0,0.554,0.4267,0.1189,0,0,0,,,,,,,,,,
0.55,3,1,96.0,126.0,0.554,0.3319,0.1189,0,0,0,,,,,,,,,,
0.55,3,2,160.0,126.0,0.554,0.2371,0.1189,0,0,0,,,,,,,,,,
0.55,3,3,224.0,126.0,0.554,0.1422,0.1189,0,1,0,0.06758,,1.4132,,,,,,,
0.55,3,4,288.0,126.0,0.554,0.0474,0.1189,1,1,0,0.03049,0.6784,1.416,-1.334097,0.131763,-0.087834,1.416039,-0.079067,0.071571,-0.005476
0.55,3,5,352.0,126.0,0.554,-0.0474,0.1189,1,1,0,0.00753,0.6867,1.4077,-1.289682,-0.024254,-0.095691,1.407683,-0.032343,0.079267,-0.004295
0.55,3,6,416.0,126.0,0.554,-0.1422,0.1189,1,1,0,0.00106,0.8225,1.2719,-1.205335,-0.171223,-0.191366,1.271902,0.008456,0.187635,-0.009816
0.55,3,7,480.0,126.0,0.554,-0.2371,0.1189,1,1,0,0.00894,0.6919,1.4025,-1.20483,-0.329227,-0.36845,1.402525,0.030861,0.07396,-0.007033
0.55,3,8,544.0,126.0,0.554,-0.3319,0.1189,1,1,0,0.03319,0.6963,1.3981,-1.16777,-0.462972,-0.624152,1.398061,0.041839,0.068151,-0.001902
0.55,3,9,608.0,126.0,0.554,-0.4267,0.1189,0,1,0,0.07143,,1.3895,,,,,,,
0.55,4,0,32.0,162.0,0.554,0.4432,0.0635,0,0,0,,,,,,,,,,
0.55,4,1,96.0,162.0,0.554,0.3447,0.0635,0,0,0,,,,,,,,,,
0.55,4,2,160.0,162.0,0.554,0.2462,0.0635,0,0,0,,,,,,,,,,
0.55,4,3,224.0,162.0,0.554,0.1477,0.0635,0,1,0,0.08493,,1.4106,,,,,,,
0.55,4,4,288.0,162.0,0.554,0.0492,0.0635,1,1,0,0.04665,0.6807,1.4137,-1.24017,0.158772,-0.156676,1.413701,-0.088572,0.068921,-0.007302
0.55,4,5,352.0,162.0,0.554,-0.0492,0.0635,1,1,0,0.02329,0.681,1.4134,-1.199008,-0.000254,-0.161948,1.413418,-0.045612,0.070596,-0.004858
0.55,4,6,416.0,162.0,0.554,-0.1477,0.0635,1,1,0,0.0164,0.6844,1.41,-1.157024,-0.158659,-0.261617,1.409952,-0.01031,0.070546,-0.005226
0.55,4,7,480.0,162.0,0.554,-0.2462,0.0635,1,1,0,0.02647,0.6908,1.4036,-1.116497,-0.307963,-0.452235,1.403569,0.012104,0.068637,-0.003937
0.55,4,8,544.0,162.0,0.554,-0.3447,0.0635,0,1,0,0.05278,,1.3949,,,,,,,
0.55,4,9,608.0,162.0,0.554,-0.4432,0.0635,0,1,0,0.09367,,1.3875,,,,,,,
0.55,5,0,32.0,198.0,0.554,0.461,0.0036,0,0,0,,,,,,,,,,
0.55,5,1,96.0,198.0,0.554,0.3586,0.0036,0,0,0,,,,,,,,,,
0.55,5,2,160.0,198.0,0.554,0.2561,0.0036,0,0,0,,,,,,,,,,
0.55,5,3,224.0,198.0,0.554,0.1537,0.0036,0,1,0,0.10854,,1.4068,,,,,,,
0.55,5,4,288.0,198.0,0.554,0.0512,0.0036,0,1,0,0.06924,,1.4099,,,,,,,
0.55,5,5,352.0,198.0,0.554,-0.0512,0.0036,1,1,0,0.04564,0.6848,1.4096,-1.103944,0.026258,-0.271276,1.40957,-0.061633,0.066787,-0.005311
0.55,5,6,416.0,198.0,0.554,-0.1537,0.0036,1,1,0,0.03934,0.6885,1.4059,-1.064561,-0.132705,-0.376343,1.405918,-0.029877,0.066908,-0.003491
0.55,5,7,480.0,198.0,0.554,-0.2561,0.0036,0,1,0,0.05077,,1.3992,,,,,,,
0.55,5,8,544.0,198.0,0.554,-0.3586,0.0036,0,1,0,0.07914,,1.3914,,,,,,,
0.55,5,9,608.0,198.0,0.554,-0.461,0.0036,0,1,0,0.12263,,1.3857,,,,,,,
0.55,6,0,32.0,234.0,0.554,0.4803,-0.0613,0,0,0,,,,,,,,,,
0.55,6,1,96.0,234.0,0.554,0.3736,-0.0613,0,0,0,,,,,,,,,,
0.55,6,2,160.0,234.0,0.554,0.2668,-0.0613,0,0,0,,,,,,,,,,
0.55,6,3,224.0,234.0,0.554,0.1601,-0.0613,0,1,0,0.13933,,1.402,,,,,,,
0.55,6,4,288.0,234.0,0.554,0.0534,-0.0613,0,1,0,0.09923,,1.4046,,,,,,,
0.55,6,5,352.0,234.0,0.554,-0.0534,-0.0613,0,1,0,0.07557,,1.4041,,,,,,,
0.55,6,6,416.0,234.0,0.554,-0.1601,-0.0613,0,1,0,0.06995,,1.4004,,,,,,,
0.55,6,7,480.0,234.0,0.554,-0.2668,-0.0613,0,1,0,0.08279,,1.3942,,,,,,,
0.55,6,8,544.0,234.0,0.554,-0.3736,-0.0613,0,1,0,0.11318,,1.3881,,,,,,,
0.55,6,9,608.0,234.0,0.554,-0.4803,-0.0613,0,1,0,0.16616,,1.2838,,,,,,,
0.55,7,0,32.0,270.0,0.554,0.5013,-0.1319,0,0,0,,,,,,,,,,
0.55,7,1,96.0,270.0,0.554,0.3899,-0.1319,0,0,0,,,,,,,,,,
0.55,7,2,160.0,270.0,0.554,0.2785,-0.1319,0,0,0,,,,,,,,,,
0.55,7,3,224.0,270.0,0.554,0.1671,-0.1319,0,1,0,0.18992,,1.4461,,,,,,,
0.55,7,4,288.0,270.0,0.554,0.0557,-0.1319,0,1,0,0.1376,,1.3988,,,,,,,
0.55,7,5,352.0,270.0,0.554,-0.0557,-0.1319,0,1,0,0.11406,,1.3978,,,,,,,
0.55,7,6,416.0,270.0,0.554,-0.1671,-0.1319,0,1,0,0.10924,,1.3944,,,,,,,
0.55,7,7,480.0,270.0,0.554,-0.2785,-0.1319,0,1,0,0.12351,,1.3897,,,,,,,
0.55,7,8,544.0,270.0,0.554,-0.3899,-0.1319,0,1,0,0.16175,,1.29,,,,,,,
0.55,7,9,608.0,270.0,0.554,-0.5013,-0.1319,0,1,0,0.22902,,1.2441,,,,,,,
0.55,8,0,32.0,306.0,0.554,0.5242,-0.2089,0,0,0,,,,,,,,,,
0.55,8,1,96.0,306.0,0.554,0.4077,-0.2089,0,0,0,,,,,,,,,,
0.55,8,2,160.0,306.0,0.554,0.2912,-0.2089,0,0,0,,,,,,,,,,
0.55,8,3,224.0,306.0,0.554,0.1747,-0.2089,0,1,0,0.25632,,1.5207,,,,,,,
0.55,8,4,288.0,306.0,0.554,0.0582,-0.2089,0,1,0,0.20643,,1.428,,,,,,,
0.55,8,5,352.0,306.0,0.554,-0.0582,-0.2089,0,1,0,0.1705,,1.3033,,,,,,,
0.55,8,6,416.0,306.0,0.554,-0.1747,-0.2089,0,1,0,0.16522,,1.291,,,,,,,
0.55,8,7,480.0,306.0,0.554,-0.2912,-0.2089,0,1,0,0.18624,,1.2547,,,,,,,
0.55,8,8,544.0,306.0,0.554,-0.4077,-0.2089,0,1,0,0.23431,,1.3595,,,,,,,
0.55,8,9,608.0,306.0,0.554,-0.5242,-0.2089,0,1,0,0.32178,,1.5898,,,,,,,
0.55,9,0,32.0,342.0,0.554,0.5493,-0.2932,0,0,0,,,,,,,,,,
0.55,9,1,96.0,342.0,0.554,0.4272,-0.2932,0,0,0,,,,,,,,,,
0.55,9,2,160.0,342.0,0.554,0.3051,-0.2932,0,0,0,,,,,,,,,,
0.55,9,3,224.0,342.0,0.554,0.1831,-0.2932,0,1,0,0.37013,,1.4805,,,,,,,
0.55,9,4,288.0,342.0,0.554,0.061,-0.2932,0,1,0,0.29467,,2.2583,,,,,,,
0.55,9,5,352.0,342.0,0.554,-0.061,-0.2932,0,1,0,0.25527,,1.2775,,,,,,,
0.55,9,6,416.0,342.0,0.554,-0.1831,-0.2932,0,1,0,0.24969,,1.2306,,,,,,,
0.55,9,7,480.0,342.0,0.554,-0.3051,-0.2932,0,1,0,0.27411,,1.2147,,,,,,,
0.55,9,8,544.0,342.0,0.554,-0.4272,-0.2932,0,1,0,0.33133,,1.4586,,,,,,,
0.55,9,9,608.0,342.0,0.554,-0.5493,-0.2932,0,1,0,0.38643,,1.6241,,,,,,,
0.6,0,0,32.0,18.0,0.604,0.4244,0.2695,0,0,0,,,,,,,,,,
0.6,0,1,96.0,18.0,0.604,0.3301,0.2695,0,0,0,,,,,,,,,,
0.6,0,2,160.0,18.0,0.604,0.2358,0.2695,0,0,0,,,,,,,,,,
0.6,0,3,224.0,18.0,0.604,0.1415,0.2695,0,1,0,0.09605,,1.6345,,,,,,,
0.6,0,4,288.0,18.0,0.604,0.0472,0.2695,0,1,0,0.06111,,1.5924,,,,,,,
0.6,0,5,352.0,18.0,0.604,-0.0472,0.2695,1,1,0,0.03959,0.6875,1.5512,-1.551227,-0.085262,-0.350571,1.406855,-0.02882,0.073231,-0.006806
0.6,0,6,416.0,18.0,0.604,-0.1415,0.2695,1,1,0,0.03273,0.6905,1.5104,-1.510404,-0.232302,-0.443399,1.403853,0.011244,0.072069,-0.006117
0.6,0,7,480.0,18.0,0.604,-0.2358,0.2695,1,1,0,0.04097,0.6962,1.4718,-1.471782,-0.372171,-0.615905,1.398244,0.039547,0.071328,-0.003847
0.6,0,8,544.0,18.0,0.604,-0.3301,0.2695,0,1,0,0.06379,,1.438,,,,,,,
0.6,0,9,608.0,18.0,0.604,-0.4244,0.2695,0,1,0,0.09993,,1.4069,,,,,,,
0.6,1,0,32.0,54.0,0.604,0.4391,0.2201,0,0,0,,,,,,,,,,
0.6,1,1,96.0,54.0,0.604,0.3415,0.2201,0,0,0,,,,,,,,,,
0.6,1,2,160.0,54.0,0.604,0.2439,0.2201,0,0,0,,,,,,,,,,
0.6,1,3,224.0,54.0,0.604,0.1464,0.2201,0,1,0,0.09936,,1.5562,,,,,,,
0.6,1,4,288.0,54.0,0.604,0.0488,0.2201,0,1,0,0.06277,,1.5129,,,,,,,
0.6,1,5,352.0,54.0,0.604,-0.0488,0.2201,1,1,0,0.04049,0.687,1.4705,-1.470475,-0.066075,-0.33485,1.407382,-0.035058,0.072216,-0.006482
0.6,1,6,416.0,54.0,0.604,-0.1464,0.2201,1,1,0,0.0339,0.6903,1.4285,-1.428495,-0.217806,-0.433255,1.404148,0.003983,0.071287,-0.005596
0.6,1,7,480.0,54.0,0.604,-0.2439,0.2201,1,1,0,0.04343,0.6963,1.3981,-1.389003,-0.361532,-0.616334,1.398145,0.030561,0.070348,-0.002872
0.6,1,8,544.0,54.0,0.604,-0.3415,0.2201,0,1,0,0.06845,,1.3909,,,,,,,
0.6,1,9,608.0,54.0,0.604,-0.4391,0.2201,0,1,0,0.10751,,1.3853,,,,,,,
0.6,2,0,32.0,90.0,0.604,0.4548,0.1672,0,0,0,,,,,,,,,,
0.6,2,1,96.0,90.0,0.604,0.3538,0.1672,0,0,0,,,,,,,,,,
0.6,2,2,160.0,90.0,0.604,0.2527,0.1672,0,0,0,,,,,,,,,,
0.6,2,3,224.0,90.0,0.604,0.1516,0.1672,0,1,0,0.10704,,1.4721,,,,,,,
0.6,2,4,288.0,90.0,0.604,0.0505,0.1672,0,1,0,0.06888,,1.4277,,,,,,,
0.6,2,5,352.0,90.0,0.604,-0.0505,0.1672,1,1,0,0.04593,0.6874,1.407,-1.384639,-0.044423,-0.344773,1.407003,-0.043699,0.070888,-0.006225
0.6,2,6,416.0,90.0,0.604,-0.1516,0.1672,1,1,0,0.03969,0.6909,1.4035,-1.342276,-0.200134,-0.448861,1.403529,-0.006426,0.070214,-0.004714
0.6,2,7,480.0,90.0,0.604,-0.2527,0.1672,0,1,0,0.0506,,1.3972,,,,,,,
0.6,2,8,544.0,90.0,0.604,-0.3538,0.1672,0,1,0,0.07791,,1.3899,,,,,,,
0.6,2,9,608.0,90.0,0.604,-0.4548,0.1672,0,1,0,0.11994,,1.3847,,,,,,,
0.6,3,0,32.0,126.0,0.604,0.4718,0.1103,0,0,0,,,,,,,,,,
0.6,3,1,96.0,126.0,0.604,0.3669,0.1103,0,0,0,,,,,,,,,,
0.6,3,2,160.0,126.0,0.604,0.2621,0.1103,0,0,0,,,,,,,,,,
0.6,3,3,224.0,126.0,0.604,0.1573,0.1103,0,1,0,0.11992,,1.4026,,,,,,,
0.6,3,4,288.0,126.0,0.604,0.0524,0.1103,0,1,0,0.08029,,1.4058,,,,,,,
0.6,3,5,352.0,126.0,0.604,-0.0524,0.1103,0,1,0,0.05679,,1.4055,,,,,,,
0.6,3,6,416.0,126.0,0.604,-0.1573,0.1103,0,1,0,0.05101,,1.4018,,,,,,,
0.6,3,7,480.0,126.0,0.604,-0.2621,0.1103,0,1,0,0.06338,,1.3954,,,,,,,
0.6,3,8,544.0,126.0,0.604,-0.3669,0.1103,0,1,0,0.09302,,1.3884,,,,,,,
0.6,3,9,608.0,126.0,0.604,-0.4718,0.1103,0,1,0,0.13804,,1.3838,,,,,,,
0.6,4,0,32.0,162.0,0.604,0.49,0.0491,0,0,0,,,,,,,,,,
0.6,4,1,96.0,162.0,0.604,0.3811,0.0491,0,0,0,,,,,,,,,,
0.6,4,2,160.0,162.0,0.604,0.2722,0.0491,0,0,0,,,,,,,,,,
0.6,4,3,224.0,162.0,0.604,0.1633,0.0491,0,1,0,0.13888,,1.4001,,,,,,,
0.6,4,4,288.0,162.0,0.604,0.0544,0.0491,0,1,0,0.09796,,1.4032,,,,,,,
0.6,4,5,352.0,162.0,0.604,-0.0544,0.0491,0,1,0,0.07406,,1.4028,,,,,,,
0.6,4,6,416.0,162.0,0.604,-0.1633,0.0491,0,1,0,0.06885,,1.3989,,,,,,,
0.6,4,7,480.0,162.0,0.604,-0.2722,0.0491,0,1,0,0.08273,,1.3927,,,,,,,
0.6,4,8,544.0,162.0,0.604,-0.3811,0.0491,0,1,0,0.11471,,1.3867,,,,,,,
0.6,4,9,608.0,162.0,0.604,-0.49,0.0491,0,1,0,0.17061,,1.2797,,,,,,,
0.6,5,0,32.0,198.0,0.604,0.5096,-0.0171,0,0,0,,,,,,,,,,
0.6,5,1,96.0,198.0,0.604,0.3964,-0.0171,0,0,0,,,,,,,,,,
0.6,5,2,160.0,198.0,0.604,0.2831,-0.0171,0,0,0,,,,,,,,,,
0.6,5,3,224.0,198.0,0.604,0.1699,-0.0171,0,1,0,0.17075,,1.4447,,,,,,,
0.6,5,4,288.0,198.0,0.604,0.0566,-0.0171,0,1,0,0.12289,,1.3994,,,,,,,
0.6,5,5,352.0,198.0,0.604,-0.0566,-0.0171,0,1,0,0.09876,,1.3988,,,,,,,
0.6,5,6,416.0,198.0,0.604,-0.1699,-0.0171,0,1,0,0.09424,,1.3951,,,,,,,
0.6,5,7,480.0,198.0,0.604,-0.2831,-0.0171,0,1,0,0.10967,,1.3896,,,,,,,
0.6,5,8,544.0,198.0,0.604,-0.3964,-0.0171,0,1,0,0.14541,,1.3363,,,,,,,
0.6,5,9,608.0,198.0,0.604,-0.5096,-0.0171,0,1,0,0.21542,,1.2395,,,,,,,
0.6,6,0,32.0,234.0,0.604,0.531,-0.0889,0,0,0,,,,,,,,,,
0.6,6,1,96.0,234.0,0.604,0.413,-0.0889,0,0,0,,,,,,,,,,
0.6,6,2,160.0,234.0,0.604,0.295,-0.0889,0,0,0,,,,,,,,,,
0.6,6,3,224.0,234.0,0.604,0.177,-0.0889,0,1,0,0.21823,,1.4297,,,,,,,
0.6,6,4,288.0,234.0,0.604,0.059,-0.0889,0,1,0,0.16056,,1.3358,,,,,,,
0.6,6,5,352.0,234.0,0.604,-0.059,-0.0889,0,1,0,0.13197,,1.3943,,,,,,,
0.6,6,6,416.0,234.0,0.604,-0.177,-0.0889,0,1,0,0.12825,,1.391,,,,,,,
0.6,6,7,480.0,234.0,0.604,-0.295,-0.0889,0,1,0,0.14744,,1.3271,,,,,,,
0.6,6,8,544.0,234.0,0.604,-0.413,-0.0889,0,1,0,0.19677,,1.3193,,,,,,,
0.6,6,9,608.0,234.0,0.604,-0.531,-0.0889,0,1,0,0.27182,,1.2095,,,,,,,
0.6,7,0,32.0,270.0,0.604,0.5542,-0.1669,0,0,0,,,,,,,,,,
0.6,7,1,96.0,270.0,0.604,0.431,-0.1669,0,0,0,,,,,,,,,,
0.6,7,2,160.0,270.0,0.604,0.3079,-0.1669,0,0,0,,,,,,,,,,
0.6,7,3,224.0,270.0,0.604,0.1847,-0.1669,0,1,0,0.27875,,1.5031,,,,,,,
0.6,7,4,288.0,270.0,0.604,0.0616,-0.1669,0,1,0,0.22871,,1.7225,,,,,,,
0.6,7,5,352.0,270.0,0.604,-0.0616,-0.1669,0,1,0,0.18711,,1.2729,,,,,,,
0.6,7,6,416.0,270.0,0.604,-0.1847,-0.1669,0,1,0,0.18334,,1.262,,,,,,,
0.6,7,7,480.0,270.0,0.604,-0.3079,-0.1669,0,1,0,0.20871,,1.324,,,,,,,
0.6,7,8,544.0,270.0,0.604,-0.431,-0.1669,0,1,0,0.26478,,1.306,,,,,,,
0.6,7,9,608.0,270.0,0.604,-0.5542,-0.1669,0,1,0,0.34988,,1.4673,,,,,,,
0.6,8,0,32.0,306.0,0.604,0.5795,-0.252,0,0,0,,,,,,,,,,
0.6,8,1,96.0,306.0,0.604,0.4507,-0.252,0,0,0,,,,,,,,,,
0.6,8,2,160.0,306.0,0.604,0.3219,-0.252,0,0,0,,,,,,,,,,
0.6,8,3,224.0,306.0,0.604,0.1932,-0.252,0,1,0,0.39021,,1.4751,,,,,,,
0.6,8,4,288.0,306.0,0.604,0.0644,-0.252,0,1,0,0.30985,,2.2982,,,,,,,
0.6,8,5,352.0,306.0,0.604,-0.0644,-0.252,0,1,0,0.2661,,1.2739,,,,,,,
0.6,8,6,416.0,306.0,0.604,-0.1932,-0.252,0,1,0,0.26175,,1.2299,,,,,,,
0.6,8,7,480.0,306.0,0.604,-0.3219,-0.252,0,1,0,0.29039,,1.2148,,,,,,,
0.6,8,8,544.0,306.0,0.604,-0.4507,-0.252,0,1,0,0.33962,,1.8917,,,,,,,
0.6,8,9,608.0,306.0,0.604,-0.5795,-0.252,0,1,0,0.45736,,1.4142,,,,,,,
0.6,9,0,32.0,342.0,0.604,0.6072,-0.3453,0,0,0,,,,,,,,,,
0.6,9,1,96.0,342.0,0.604,0.4723,-0.3453,0,0,0,,,,,,,,,,
0.6,9,2,160.0,342.0,0.604,0.3373,-0.3453,0,0,0,,,,,,,,,,
0.6,9,3,224.0,342.0,0.604,0.2024,-0.3453,0,0,0,,,,,,,,,,
0.6,9,4,288.0,342.0,0.604,0.0675,-0.3453,0,1,0,0.42399,,1.4763,,,,,,,
0.6,9,5,352.0,342.0,0.604,-0.0675,-0.3453,0,1,0,0.3572,,1.413,,,,,,,
0.6,9,6,416.0,342.0,0.604,-0.2024,-0.3453,0,1,0,0.35257,,1.2437,,,,,,,
0.6,9,7,480.0,342.0,0.604,-0.3373,-0.3453,0,1,0,0.40357,,1.271,,,,,,,
0.6,9,8,544.0,342.0,0.604,-0.4723,-0.3453,0,1,0,0.44651,,2.9268,,,,,,,
0.6,9,9,608.0,342.0,0.604,-0.6072,-0.3453,0,1,0,0.61368,,4.3069,,,,,,,
0.65,0,0,32.0,18.0,0.654,0.4649,0.2762,0,0,0,,,,,,,,,,
0.65,0,1,96.0,18.0,0.654,0.3616,0.2762,0,0,0,,,,,,,,,,
0.65,0,2,160.0,18.0,0.654,0.2583,0.2762,0,0,0,,,,,,,,,,
0.65,0,3,224.0,18.0,0.654,0.155,0.2762,0,0,0,,,,,,,,,,
0.65,0,4,288.0,18.0,0.654,0.0517,0.2762,0,0,0,,,,,,,,,,
0.65,0,5,352.0,18.0,0.654,-0.0517,0.2762,0,0,0,,,,,,,,,,
0.65,0,6,416.0,18.0,0.654,-0.155,0.2762,0,0,0,,,,,,,,,,
0.65,0,7,480.0,18.0,0.654,-0.2583,0.2762,0,0,0,,,,,,,,,,
0.65,0,8,544.0,18.0,0.654,-0.3616,0.2762,0,0,0,,,,,,,,,,
0.65,0,9,608.0,18.0,0.654,-0.4649,0.2762,0,0,0,,,,,,,,,,
0.65,1,0,32.0,54.0,0.654,0.481,0.2221,0,0,0,,,,,,,,,,
0.65,1,1,96.0,54.0,0.654,0.3741,0.2221,0,0,0,,,,,,,,,,
0.65,1,2,160.0,54.0,0.654,0.2672,0.2221,0,0,0,,,,,,,,,,
0.65,1,3,224.0,54.0,0.654,0.1603,0.2221,0,0,0,,,,,,,,,,
0.65,1,4,288.0,54.0,0.654,0.0534,0.2221,0,0,0,,,,,,,,,,
0.65,1,5,352.0,54.0,0.654,-0.0534,0.2221,0,0,0,,,,,,,,,,
0.65,1,6,416.0,54.0,0.654,-0.1603,0.2221,0,0,0,,,,,,,,,,
0.65,1,7,480.0,54.0,0.654,-0.2672,0.2221,0,0,0,,,,,,,,,,
0.65,1,8,544.0,54.0,0.654,-0.3741,0.2221,0,0,0,,,,,,,,,,
0.65,1,9,608.0,54.0,0.654,-0.481,0.2221,0,0,0,,,,,,,,,,
0.65,2,0,32.0,90.0,0.654,0.4982,0.1641,0,0,0,,,,,,,,,,
0.65,2,1,96.0,90.0,0.654,0.3875,0.1641,0,0,0,,,,,,,,,,
0.65,2,2,160.0,90.0,0.654,0.2768,0.1641,0,0,0,,,,,,,,,,
0.65,2,3,224.0,90.0,0.654,0.1661,0.1641,0,0,0,,,,,,,,,,
0.65,2,4,288.0,90.0,0.654,0.0554,0.1641,0,0,0,,,,,,,,,,
0.65,2,5,352.0,90.0,0.654,-0.0554,0.1641,0,0,0,,,,,,,,,,
0.65,2,6,416.0,90.0,0.654,-0.1661,0.1641,0,0,0,,,,,,,,,,
0.65,2,7,480.0,90.0,0.654,-0.2768,0.1641,0,0,0,,,,,,,,,,
0.65,2,8,544.0,90.0,0.654,-0.3875,0.1641,0,0,0,,,,,,,,,,
0.65,2,9,608.0,90.0,0.654,-0.4982,0.1641,0,0,0,,,,,,,,,,
0.65,3,0,32.0,126.0,0.654,0.5168,0.1018,0,0,0,,,,,,,,,,
0.65,3,1,96.0,126.0,0.654,0.4019,0.1018,0,0,0,,,,,,,,,,
0.65,3,2,160.0,126.0,0.654,0.2871,0.1018,0,0,0,,,,,,,,,,
0.65,3,3,224.0,126.0,0.654,0.1723,0.1018,0,0,0,,,,,,,,,,
0.65,3,4,288.0,126.0,0.654,0.0574,0.1018,0,0,0,,,,,,,,,,
0.65,3,5,352.0,126.0,0.654,-0.0574,0.1018,0,0,0,,,,,,,,,,
0.65,3,6,416.0,126.0,0.654,-0.1723,0.1018,0,0,0,,,,,,,,,,
0.65,3,7,480.0,126.0,0.654,-0.2871,0.1018,0,0,0,,,,,,,,,,
0.65,3,8,544.0,126.0,0.654,-0.4019,0.1018,0,0,0,,,,,,,,,,
0.65,3,9,608.0,126.0,0.654,-0.5168,0.1018,0,0,0,,,,,,,,,,
0.65,4,0,32.0,162.0,0.654,0.5367,0.0347,0,0,0,,,,,,,,,,
0.65,4,1,96.0,162.0,0.654,0.4175,0.0347,0,0,0,,,,,,,,,,
0.65,4,2,160.0,162.0,0.654,0.2982,0.0347,0,0,0,,,,,,,,,,
0.65,4,3,224.0,162.0,0.654,0.1789,0.0347,0,0,0,,,,,,,,,,
0.65,4,4,288.0,162.0,0.654,0.0596,0.0347,0,0,0,,,,,,,,,,
0.65,4,5,352.0,162.0,0.654,-0.0596,0.0347,0,0,0,,,,,,,,,,
0.65,4,6,416.0,162.0,0.654,-0.1789,0.0347,0,0,0,,,,,,,,,,
0.65,4,7,480.0,162.0,0.654,-0.2982,0.0347,0,0,0,,,,,,,,,,
0.65,4,8,544.0,162.0,0.654,-0.4175,0.0347,0,0,0,,,,,,,,,,
0.65,4,9,608.0,162.0,0.654,-0.5367,0.0347,0,0,0,,,,,,,,,,
0.65,5,0,32.0,198.0,0.654,0.5583,-0.0379,0,0,0,,,,,,,,,,
0.65,5,1,96.0,198.0,0.654,0.4342,-0.0379,0,0,0,,,,,,,,,,
0.65,5,2,160.0,198.0,0.654,0.3102,-0.0379,0,0,0,,,,,,,,,,
0.65,5,3,224.0,198.0,0.654,0.1861,-0.0379,0,0,0,,,,,,,,,,
0.65,5,4,288.0,198.0,0.654,0.062,-0.0379,0,0,0,,,,,,,,,,
0.65,5,5,352.0,198.0,0.654,-0.062,-0.0379,0,0,0,,,,,,,,,,
0.65,5,6,416.0,198.0,0.654,-0.1861,-0.0379,0,0,0,,,,,,,,,,
0.65,5,7,480.0,198.0,0.654,-0.3102,-0.0379,0,0,0,,,,,,,,,,
0.65,5,8,544.0,198.0,0.654,-0.4342,-0.0379,0,0,0,,,,,,,,,,
0.65,5,9,608.0,198.0,0.654,-0.5583,-0.0379,0,0,0,,,,,,,,,,
0.65,6,0,32.0,234.0,0.654,0.5816,-0.1164,0,0,0,,,,,,,,,,
0.65,6,1,96.0,234.0,0.654,0.4524,-0.1164,0,0,0,,,,,,,,,,
0.65,6,2,160.0,234.0,0.654,0.3231,-0.1164,0,0,0,,,,,,,,,,
0.65,6,3,224.0,234.0,0.654,0.1939,-0.1164,0,0,0,,,,,,,,,,
0.65,6,4,288.0,234.0,0.654,0.0646,-0.1164,0,0,0,,,,,,,,,,
0.65,6,5,352.0,234.0,0.654,-0.0646,-0.1164,0,0,0,,,,,,,,,,
0.65,6,6,416.0,234.0,0.654,-0.1939,-0.1164,0,0,0,,,,,,,,,,
0.65,6,7,480.0,234.0,0.654,-0.3231,-0.1164,0,0,0,,,,,,,,,,
0.65,6,8,544.0,234.0,0.654,-0.4524,-0.1164,0,0,0,,,,,,,,,,
0.65,6,9,608.0,234.0,0.654,-0.5816,-0.1164,0,0,0,,,,,,,,,,
0.65,7,0,32.0,270.0,0.654,0.607,-0.2019,0,0,0,,,,,,,,,,
0.65,7,1,96.0,270.0,0.654,0.4721,-0.2019,0,0,0,,,,,,,,,,
0.65,7,2,160.0,270.0,0.654,0.3372,-0.2019,0,0,0,,,,,,,,,,
0.65,7,3,224.0,270.0,0.654,0.2023,-0.2019,0,0,0,,,,,,,,,,
0.65,7,4,288.0,270.0,0.654,0.0674,-0.2019,0,0,0,,,,,,,,,,
0.65,7,5,352.0,270.0,0.654,-0.0674,-0.2019,0,0,0,,,,,,,,,,
0.65,7,6,416.0,270.0,0.654,-0.2023,-0.2019,0,0,0,,,,,,,,,,
0.65,7,7,480.0,270.0,0.654,-0.3372,-0.2019,0,0,0,,,,,,,,,,
0.65,7,8,544.0,270.0,0.654,-0.4721,-0.2019,0,0,0,,,,,,,,,,
0.65,7,9,608.0,270.0,0.654,-0.607,-0.2019,0,0,0,,,,,,,,,,
0.65,8,0,32.0,306.0,0.654,0.6348,-0.2951,0,0,0,,,,,,,,,,
0.65,8,1,96.0,306.0,0.654,0.4937,-0.2951,0,0,0,,,,,,,,,,
0.65,8,2,160.0,306.0,0.654,0.3526,-0.2951,0,0,0,,,,,,,,,,
0.65,8,3,224.0,306.0,0.654,0.2116,-0.2951,0,0,0,,,,,,,,,,
0.65,8,4,288.0,306.0,0.654,0.0705,-0.2951,0,0,0,,,,,,,,,,
0.65,8,5,352.0,306.0,0.654,-0.0705,-0.2951,0,0,0,,,,,,,,,,
0.65,8,6,416.0,306.0,0.654,-0.2116,-0.2951,0,0,0,,,,,,,,,,
0.65,8,7,480.0,306.0,0.654,-0.3526,-0.2951,0,0,0,,,,,,,,,,
0.65,8,8,544.0,306.0,0.654,-0.4937,-0.2951,0,0,0,,,,,,,,,,
0.65,8,9,608.0,306.0,0.654,-0.6348,-0.2951,0,0,0,,,,,,,,,,
0.65,9,0,32.0,342.0,0.654,0.6651,-0.3973,0,0,0,,,,,,,,,,
0.65,9,1,96.0,342.0,0.654,0.5173,-0.3973,0,0,0,,,,,,,,,,
0.65,9,2,160.0,342.0,0.654,0.3695,-0.3973,0,0,0,,,,,,,,,,
0.65,9,3,224.0,342.0,0.654,0.2217,-0.3973,0,0,0,,,,,,,,,,
0.65,9,4,288.0,342.0,0.654,0.0739,-0.3973,0,0,0,,,,,,,,,,
0.65,9,5,352.0,342.0,0.654,-0.0739,-0.3973,0,0,0,,,,,,,,,,
0.65,9,6,416.0,342.0,0.654,-0.2217,-0.3973,0,0,0,,,,,,,,,,
0.65,9,7,480.0,342.0,0.654,-0.3695,-0.3973,0,0,0,,,,,,,,,,
0.65,9,8,544.0,342.0,0.654,-0.5173,-0.3973,0,0,0,,,,,,,,,,
0.65,9,9,608.0,342.0,0.654,-0.6651,-0.3973,0,0,0,,,,,,,,,,
