depth,row,col,u,v,tx,ty,tz,reach_ok,in_ws_box,converged,err_m,joint_margin_rad,max_joint_rad,q0,q1,q2,q3,q4,q5,q6
0.25,0,0,32.0,18.0,0.1333,0.0431,0.2071,1,1,1,0.0001,0.4629,0.6541,0.511099,-0.243105,0.583943,-0.584296,0.056474,-0.623681,0.654069
0.25,0,1,96.0,18.0,0.1353,0.0348,0.2073,1,1,1,4e-05,0.4513,0.6464,0.546356,-0.251365,0.558038,-0.595889,0.059963,-0.646437,0.642829
0.25,0,2,160.0,18.0,0.137,0.0256,0.2076,1,1,1,5e-05,0.4391,0.6722,0.586465,-0.259793,0.529944,-0.608124,0.063218,-0.672246,0.629673
0.25,0,3,224.0,18.0,0.1382,0.0157,0.2077,1,1,1,6e-05,0.4265,0.7014,0.63164,-0.268391,0.499926,-0.620675,0.066222,-0.701373,0.614582
0.25,0,4,288.0,18.0,0.1389,0.0053,0.2078,1,1,1,7e-05,0.4142,0.7336,0.681355,-0.276796,0.468681,-0.632951,0.068832,-0.73357,0.597659
0.25,0,5,352.0,18.0,0.1389,-0.0053,0.2078,1,1,1,9e-05,0.4029,0.7683,0.734503,-0.284584,0.437147,-0.644258,0.070916,-0.768255,0.579222
0.25,0,6,416.0,18.0,0.1382,-0.0157,0.2077,1,1,1,5e-05,0.3933,0.8049,0.789824,-0.291602,0.406202,-0.653946,0.072525,-0.804868,0.559818
0.25,0,7,480.0,18.0,0.137,-0.0256,0.2076,1,1,1,6e-05,0.3857,0.8449,0.844946,-0.297108,0.377036,-0.661508,0.073363,-0.84184,0.539975
0.25,0,8,544.0,18.0,0.1353,-0.0348,0.2073,1,1,1,7e-05,0.3804,0.8984,0.898449,-0.301176,0.350193,-0.666771,0.073552,-0.878399,0.520316
0.25,0,9,608.0,18.0,0.1333,-0.0431,0.2071,1,1,1,9e-05,0.3774,0.949,0.949036,-0.303831,0.326026,-0.669807,0.073149,-0.913695,0.50132
0.25,1,0,32.0,54.0,0.1385,0.049,0.2023,1,1,1,8e-05,0.4838,0.649,0.492362,-0.223945,0.59847,-0.563415,0.054849,-0.587788,0.648951
0.25,1,1,96.0,54.0,0.1413,0.0399,0.2024,1,1,1,9e-05,0.4713,0.6366,0.528843,-0.231519,0.571018,-0.575883,0.058391,-0.60981,0.636606
0.25,1,2,160.0,54.0,0.1437,0.0296,0.2024,1,1,1,4e-05,0.4574,0.6361,0.571824,-0.239987,0.540457,-0.58981,0.06185,-0.636069,0.622041
0.25,1,3,224.0,54.0,0.1454,0.0183,0.2025,1,1,1,5e-05,0.4426,0.6663,0.621032,-0.248598,0.507495,-0.604628,0.064794,-0.666344,0.605006
0.25,1,4,288.0,54.0,0.1464,0.0062,0.2026,1,1,1,6e-05,0.4275,0.7007,0.676173,-0.2572,0.47289,-0.619692,0.067125,-0.70068,0.58566
0.25,1,5,352.0,54.0,0.1464,-0.0062,0.2026,1,1,1,8e-05,0.4132,0.7384,0.735842,-0.265291,0.4379,-0.634022,0.068688,-0.738399,0.564447
0.25,1,6,416.0,54.0,0.1454,-0.0183,0.2025,1,1,1,0.0001,0.4006,0.7979,0.797864,-0.272375,0.403922,-0.646597,0.069421,-0.778354,0.54211
0.25,1,7,480.0,54.0,0.1437,-0.0296,0.2024,1,1,1,5e-05,0.3906,0.8601,0.860122,-0.278335,0.372025,-0.656644,0.0695,-0.8195,0.519574
0.25,1,8,544.0,54.0,0.1413,-0.0399,0.2024,1,1,1,7e-05,0.3834,0.9197,0.919692,-0.282556,0.343274,-0.663782,0.068771,-0.859877,0.497563
0.25,1,9,608.0,54.0,0.1385,-0.049,0.2023,1,1,1,8e-05,0.3791,0.9752,0.975231,-0.285288,0.317884,-0.668098,0.067481,-0.898651,0.476711
0.25,2,0,32.0,90.0,0.1447,0.0562,0.1959,1,1,1,6e-05,0.5102,0.6422,0.471089,-0.20133,0.614351,-0.536967,0.05323,-0.545763,0.642212
0.25,2,1,96.0,90.0,0.1485,0.0463,0.1957,1,1,1,7e-05,0.4972,0.6286,0.508612,-0.208003,0.585083,-0.54997,0.05708,-0.566381,0.628624
0.25,2,2,160.0,90.0,0.1519,0.0347,0.1955,1,1,1,8e-05,0.482,0.6123,0.553681,-0.215508,0.552056,-0.565248,0.060609,-0.591777,0.612262
0.25,2,3,224.0,90.0,0.1545,0.0216,0.1953,1,1,1,3e-05,0.4646,0.6227,0.607138,-0.223921,0.515619,-0.582633,0.063589,-0.622749,0.592921
0.25,2,4,288.0,90.0,0.156,0.0073,0.1952,1,1,1,4e-05,0.446,0.6681,0.668143,-0.232418,0.477127,-0.60116,0.065503,-0.658932,0.570602
0.25,2,5,352.0,90.0,0.156,-0.0073,0.1952,1,1,1,6e-05,0.4276,0.7352,0.735185,-0.240664,0.438182,-0.619552,0.066239,-0.69979,0.545974
0.25,2,6,416.0,90.0,0.1545,-0.0216,0.1953,1,1,1,8e-05,0.411,0.8053,0.80532,-0.248059,0.400686,-0.636218,0.06581,-0.743836,0.520137
0.25,2,7,480.0,90.0,0.1519,-0.0347,0.1955,1,1,1,4e-05,0.3973,0.8754,0.875429,-0.254345,0.366097,-0.649864,0.064526,-0.789459,0.494413
0.25,2,8,544.0,90.0,0.1485,-0.0463,0.1957,1,1,1,6e-05,0.3874,0.9419,0.941902,-0.258934,0.335528,-0.659788,0.062474,-0.834331,0.469825
0.25,2,9,608.0,90.0,0.1447,-0.0562,0.1959,1,1,1,7e-05,0.3812,1.0029,1.00294,-0.262022,0.309128,-0.666045,0.060002,-0.877232,0.447113
0.25,3,0,32.0,126.0,0.1519,0.0648,0.1877,1,1,1,5e-05,0.5434,0.6333,0.447566,-0.174981,0.631211,-0.503768,0.05159,-0.497082,0.633308
0.25,3,1,96.0,126.0,0.1571,0.054,0.1868,1,1,1,5e-05,0.5307,0.6182,0.485464,-0.180087,0.599945,-0.516486,0.055941,-0.515029,0.618217
0.25,3,2,160.0,126.0,0.162,0.041,0.186,1,1,1,6e-05,0.5146,0.5998,0.532259,-0.186219,0.56395,-0.532636,0.059866,-0.538534,0.599785
0.25,3,3,224.0,126.0,0.1658,0.0258,0.1853,1,1,1,7e-05,0.4948,0.5891,0.589082,-0.193363,0.523739,-0.552361,0.062812,-0.568697,0.577587
0.25,3,4,288.0,126.0,0.168,0.0088,0.1849,1,1,1,9e-05,0.4722,0.6559,0.655878,-0.201265,0.480793,-0.574967,0.064212,-0.605993,0.55169
0.25,3,5,352.0,126.0,0.168,-0.0088,0.1849,1,1,1,4e-05,0.4484,0.7311,0.731053,-0.209662,0.43733,-0.598778,0.063861,-0.650065,0.523015
0.25,3,6,416.0,126.0,0.1658,-0.0258,0.1853,1,1,1,6e-05,0.426,0.8101,0.810142,-0.217392,0.396142,-0.621163,0.061702,-0.698529,0.493057
0.25,3,7,480.0,126.0,0.162,-0.041,0.186,1,1,1,9e-05,0.4072,0.8887,0.888747,-0.224068,0.359074,-0.63999,0.058346,-0.749028,0.46371
0.25,3,8,544.0,126.0,0.1571,-0.054,0.1868,1,1,1,5e-05,0.3931,0.9632,0.963216,-0.229555,0.326933,-0.654067,0.054508,-0.799397,0.436469
0.25,3,9,608.0,126.0,0.1519,-0.0648,0.1877,1,1,1,6e-05,0.3839,1.0304,1.030357,-0.233446,0.29992,-0.66326,0.050481,-0.847227,0.412037
0.25,4,0,32.0,162.0,0.16,0.0748,0.177,1,1,1,4e-05,0.5843,0.6484,0.422577,-0.144928,0.648411,-0.462878,0.0498,-0.441764,0.621611
0.25,4,1,96.0,162.0,0.167,0.0633,0.1749,1,1,1,4e-05,0.5731,0.6148,0.460068,-0.147742,0.614808,-0.474065,0.054915,-0.455557,0.604684
0.25,4,2,160.0,162.0,0.1738,0.0487,0.173,1,1,1,5e-05,0.5572,0.5838,0.507645,-0.151742,0.575309,-0.490017,0.059574,-0.475562,0.583824
0.25,4,3,224.0,162.0,0.1794,0.031,0.1714,1,1,1,5e-05,0.5356,0.5671,0.567145,-0.157173,0.530507,-0.51163,0.062912,-0.50364,0.558416
0.25,4,4,288.0,162.0,0.1826,0.0107,0.1705,1,1,1,7e-05,0.5085,0.6391,0.639091,-0.164028,0.482422,-0.53868,0.063939,-0.541002,0.528454
0.25,4,5,352.0,162.0,0.1826,-0.0107,0.1705,1,1,1,9e-05,0.4781,0.7215,0.721489,-0.171879,0.434323,-0.569068,0.062053,-0.587264,0.495059
0.25,4,6,416.0,162.0,0.1794,-0.031,0.1714,1,1,1,4e-05,0.448,0.81,0.809994,-0.180194,0.389499,-0.599233,0.057624,-0.64042,0.460549
0.25,4,7,480.0,162.0,0.1738,-0.0487,0.173,1,1,1,6e-05,0.4218,0.8979,0.897949,-0.187766,0.350357,-0.625358,0.051545,-0.696576,0.427368
0.25,4,8,544.0,162.0,0.167,-0.0633,0.1749,1,1,1,9e-05,0.4018,0.9804,0.980415,-0.194246,0.317502,-0.645382,0.045058,-0.752627,0.397426
0.25,4,9,608.0,162.0,0.16,-0.0748,0.177,1,1,1,5e-05,0.3882,1.0547,1.054653,-0.199622,0.290433,-0.658954,0.039054,-0.806498,0.371568
0.25,5,0,32.0,198.0,0.1686,0.0861,0.1633,1,1,1,3e-05,0.6332,0.6651,0.397458,-0.111615,0.665121,-0.413967,0.047587,-0.380654,0.606491
0.25,5,1,96.0,198.0,0.1777,0.0739,0.1595,1,1,1,3e-05,0.6251,0.6286,0.433837,-0.111542,0.628638,-0.422099,0.053738,-0.388907,0.587327
0.25,5,2,160.0,198.0,0.1869,0.0577,0.1557,1,1,1,3e-05,0.6108,0.5849,0.481124,-0.112832,0.584875,-0.436382,0.059557,-0.403825,0.563714
0.25,5,3,224.0,198.0,0.1946,0.0371,0.1525,1,1,1,4e-05,0.5883,0.5419,0.541883,-0.116102,0.5346,-0.458869,0.063814,-0.428202,0.534884
0.25,5,4,288.0,198.0,0.1991,0.0129,0.1506,1,1,1,5e-05,0.5569,0.6174,0.617422,-0.121668,0.480656,-0.490275,0.064907,-0.464251,0.500727
0.25,5,5,352.0,198.0,0.1991,-0.0129,0.1506,1,1,1,6e-05,0.5188,0.7061,0.70607,-0.129197,0.427602,-0.528398,0.061686,-0.512096,0.46255
0.25,5,6,416.0,198.0,0.1946,-0.0371,0.1525,1,1,1,8e-05,0.4791,0.8025,0.802491,-0.137782,0.379808,-0.568127,0.054452,-0.569073,0.423246
0.25,5,7,480.0,198.0,0.1869,-0.0577,0.1557,1,1,1,4e-05,0.4433,0.8998,0.899804,-0.146619,0.339494,-0.603938,0.044991,-0.631131,0.386243
0.25,5,8,544.0,198.0,0.1777,-0.0739,0.1595,1,1,1,7e-05,0.4151,0.9909,0.990902,-0.1546,0.306865,-0.632098,0.035193,-0.693572,0.353761
0.25,5,9,608.0,198.0,0.1686,-0.0861,0.1633,1,1,1,0.0001,0.3954,1.0721,1.072112,-0.161493,0.280786,-0.651819,0.02643,-0.753515,0.326648
0.25,6,0,32.0,234.0,0.1771,0.0984,0.1465,1,1,1,9e-05,0.6898,0.6806,0.373738,-0.07564,0.680558,-0.357425,0.044498,-0.315339,0.587362
0.25,6,1,96.0,234.0,0.1885,0.0855,0.1402,1,1,1,9e-05,0.6861,0.6405,0.408545,-0.072409,0.640498,-0.361052,0.051866,-0.317174,0.565536
0.25,6,2,160.0,234.0,0.2001,0.0676,0.1338,1,1,1,9e-05,0.675,0.5916,0.454577,-0.070878,0.591594,-0.372191,0.059221,-0.32596,0.538961
0.25,6,3,224.0,234.0,0.21,0.0439,0.1283,1,1,1,0.0001,0.6528,0.5349,0.51499,-0.072134,0.534929,-0.394362,0.064998,-0.345454,0.506864
0.25,6,4,288.0,234.0,0.2159,0.0153,0.1251,1,1,1,3e-05,0.6174,0.5923,0.592288,-0.077016,0.474419,-0.429806,0.066944,-0.379166,0.469123
0.25,6,5,352.0,234.0,0.2159,-0.0153,0.1251,1,1,1,4e-05,0.5711,0.6849,0.684946,-0.084589,0.416346,-0.476149,0.062982,-0.427429,0.426789
0.25,6,6,416.0,234.0,0.21,-0.0439,0.1283,1,1,1,6e-05,0.5203,0.7878,0.78775,-0.093805,0.366136,-0.526903,0.05321,-0.487544,0.383184
0.25,6,7,480.0,234.0,0.2001,-0.0676,0.1338,1,1,1,9e-05,0.4731,0.8925,0.892456,-0.103461,0.325924,-0.574115,0.039952,-0.554328,0.342431
0.25,6,8,544.0,234.0,0.1885,-0.0855,0.1402,1,1,1,5e-05,0.4347,0.992,0.991972,-0.112962,0.29475,-0.612539,0.026262,-0.623008,0.307534
0.25,6,9,608.0,234.0,0.1771,-0.0984,0.1465,1,1,1,7e-05,0.4069,1.0808,1.08078,-0.121509,0.270641,-0.640325,0.014143,-0.689391,0.279277
0.25,7,0,32.0,270.0,0.1849,0.1109,0.1266,1,1,1,8e-05,0.7522,0.6939,0.353501,-0.038514,0.693909,-0.294988,0.040288,-0.248607,0.564146
0.25,7,1,96.0,270.0,0.1982,0.0973,0.1172,1,1,1,8e-05,0.7541,0.6496,0.386623,-0.03224,0.649594,-0.293112,0.048879,-0.243965,0.539287
0.25,7,2,160.0,270.0,0.2119,0.0775,0.1076,1,1,1,8e-05,0.7471,0.5948,0.430747,-0.028319,0.594827,-0.300097,0.05794,-0.246527,0.509735
0.25,7,3,224.0,270.0,0.2237,0.0507,0.0994,1,1,1,8e-05,0.7261,0.5312,0.489444,-0.02841,0.531158,-0.321054,0.065684,-0.260863,0.474979
0.25,7,4,288.0,270.0,0.2308,0.0177,0.0944,1,1,1,9e-05,0.6876,0.5658,0.565826,-0.033244,0.46384,-0.359568,0.069152,-0.291124,0.434736
0.25,7,5,352.0,270.0,0.2308,-0.0177,0.0944,1,1,1,3e-05,0.6331,0.6602,0.660234,-0.041896,0.400782,-0.414108,0.065477,-0.338777,0.389819
0.25,7,6,416.0,270.0,0.2237,-0.0507,0.0994,1,1,1,4e-05,0.5709,0.7669,0.766924,-0.051956,0.34863,-0.476267,0.054014,-0.400509,0.342994
0.25,7,7,480.0,270.0,0.2119,-0.0775,0.1076,1,1,1,6e-05,0.5113,0.8774,0.877352,-0.062263,0.309309,-0.535896,0.03742,-0.47082,0.298973
0.25,7,8,544.0,270.0,0.1982,-0.0973,0.1172,1,1,1,9e-05,0.4615,0.9831,0.983128,-0.072331,0.280741,-0.585713,0.01964,-0.544005,0.261496
0.25,7,9,608.0,270.0,0.1849,-0.1109,0.1266,1,1,1,5e-05,0.424,1.0793,1.079269,-0.082086,0.259643,-0.623183,0.003703,-0.616202,0.231923
0.25,8,0,32.0,306.0,0.1912,0.1229,0.1041,1,1,1,8e-05,0.8188,0.7048,0.337819,-0.000933,0.704841,-0.228443,0.034603,-0.182859,0.536836
0.25,8,1,96.0,306.0,0.206,0.1083,0.0913,1,1,1,8e-05,0.8265,0.6558,0.369298,0.007959,0.655762,-0.220705,0.044258,-0.172495,0.508694
0.25,8,2,160.0,306.0,0.221,0.0867,0.0783,1,1,1,8e-05,0.824,0.5948,0.411031,0.013447,0.59478,-0.223197,0.054951,-0.169655,0.476371
0.25,8,3,224.0,306.0,0.234,0.0568,0.0671,1,1,1,8e-05,0.8047,0.5241,0.466871,0.013251,0.524068,-0.242541,0.06483,-0.179399,0.439919
0.25,8,4,288.0,306.0,0.2418,0.0199,0.0605,1,1,1,8e-05,0.7635,0.5409,0.540897,0.006743,0.450134,-0.283722,0.070475,-0.206296,0.399052
0.25,8,5,352.0,306.0,0.2418,-0.0199,0.0605,1,1,1,9e-05,0.7018,0.6343,0.634304,-0.003811,0.382372,-0.345422,0.068075,-0.251897,0.353512
0.25,8,6,416.0,306.0,0.234,-0.0568,0.0671,1,1,1,3e-05,0.6286,0.7427,0.742747,-0.015259,0.328417,-0.418575,0.056219,-0.313617,0.30521
0.25,8,7,480.0,306.0,0.221,-0.0867,0.0783,1,1,1,5e-05,0.5567,0.8565,0.856546,-0.025788,0.290181,-0.490454,0.037337,-0.385405,0.258628
0.25,8,8,544.0,306.0,0.206,-0.1083,0.0913,1,1,1,7e-05,0.4951,0.9671,0.967058,-0.035741,0.264635,-0.552103,0.01605,-0.461514,0.218544
0.25,8,9,608.0,306.0,0.1912,-0.1229,0.1041,1,1,1,4e-05,0.4473,1.0687,1.068692,-0.04558,0.247284,-0.599932,-0.003741,-0.53766,0.187112
0.25,9,0,32.0,342.0,0.1955,0.1338,0.0798,1,1,1,9e-05,0.8873,0.7131,0.327351,0.036332,0.713143,-0.15985,0.027373,-0.120394,0.505827
0.25,9,1,96.0,342.0,0.211,0.118,0.0637,1,1,1,9e-05,0.9007,0.659,0.357232,0.04724,0.659038,-0.146478,0.037817,-0.105654,0.474333
0.25,9,2,160.0,342.0,0.2266,0.0944,0.0475,1,1,1,9e-05,0.9025,0.5919,0.396174,0.05331,0.591936,-0.144739,0.04989,-0.098847,0.439651
0.25,9,3,224.0,342.0,0.2399,0.0618,0.0336,1,1,1,9e-05,0.8847,0.5148,0.448316,0.051662,0.514756,-0.162517,0.061823,-0.105115,0.402649
0.25,9,4,288.0,342.0,0.2478,0.0216,0.0254,1,1,1,8e-05,0.8413,0.5188,0.518766,0.04202,0.43505,-0.2059,0.069977,-0.128926,0.363089
0.25,9,5,352.0,342.0,0.2478,-0.0216,0.0254,1,1,1,8e-05,0.7733,0.6099,0.6099,0.02818,0.363135,-0.273907,0.069783,-0.171838,0.319352
0.25,9,6,416.0,342.0,0.2399,-0.0618,0.0336,1,1,1,0.0001,0.6907,0.7176,0.717561,0.015059,0.307276,-0.356492,0.0588,-0.231414,0.271399
0.25,9,7,480.0,342.0,0.2266,-0.0944,0.0475,1,1,1,4e-05,0.6074,0.8329,0.832932,0.004363,0.269705,-0.439827,0.039003,-0.30266,0.223384
0.25,9,8,544.0,342.0,0.211,-0.118,0.0637,1,1,1,5e-05,0.5344,0.9461,0.946099,-0.00469,0.246862,-0.512818,0.015238,-0.379496,0.180744
0.25,9,9,608.0,342.0,0.1955,-0.1338,0.0798,1,1,1,8e-05,0.4763,1.0511,1.051142,-0.013523,0.2333,-0.57092,-0.007865,-0.457477,0.146856
0.3,0,0,32.0,18.0,0.1898,0.089,0.2146,1,1,1,8e-05,0.6322,0.6511,0.185036,-0.042878,0.651069,-0.415017,-0.005103,-0.389323,0.511512
0.3,0,1,96.0,18.0,0.1957,0.0729,0.2154,1,1,1,9e-05,0.6094,0.6104,0.225246,-0.056377,0.610422,-0.437829,0.002807,-0.417141,0.5003
0.3,0,2,160.0,18.0,0.2009,0.0544,0.216,1,1,1,0.0001,0.5833,0.5654,0.273725,-0.070469,0.565381,-0.463867,0.009816,-0.450127,0.485137
0.3,0,3,224.0,18.0,0.2048,0.0337,0.2166,1,1,1,3e-05,0.5544,0.5166,0.331487,-0.084697,0.516621,-0.492834,0.015264,-0.488683,0.465194
0.3,0,4,288.0,18.0,0.207,0.0114,0.2169,1,1,1,4e-05,0.5239,0.5319,0.397769,-0.097532,0.465743,-0.523333,0.018304,-0.53188,0.439782
0.3,0,5,352.0,18.0,0.207,-0.0114,0.2169,1,1,1,6e-05,0.4934,0.5787,0.471355,-0.108033,0.414775,-0.553786,0.018524,-0.578707,0.409138
0.3,0,6,416.0,18.0,0.2048,-0.0337,0.2166,1,1,1,8e-05,0.465,0.6274,0.549529,-0.115195,0.366003,-0.582223,0.015857,-0.627396,0.374296
0.3,0,7,480.0,18.0,0.2009,-0.0544,0.216,1,1,1,4e-05,0.4402,0.6763,0.629258,-0.118665,0.321292,-0.607034,0.010698,-0.676326,0.336981
0.3,0,8,544.0,18.0,0.1957,-0.0729,0.2154,1,1,1,5e-05,0.4201,0.7234,0.706643,-0.118168,0.281917,-0.627107,0.003543,-0.723436,0.298925
0.3,0,9,608.0,18.0,0.1898,-0.089,0.2146,1,1,1,7e-05,0.4049,0.7794,0.779417,-0.114346,0.2482,-0.642305,-0.004922,-0.767781,0.261692
0.3,1,0,32.0,54.0,0.1966,0.0977,0.2045,1,1,1,7e-05,0.6678,0.6619,0.172344,-0.022939,0.661865,-0.379425,-0.006598,-0.349142,0.502544
0.3,1,1,96.0,54.0,0.2039,0.0807,0.2048,1,1,1,8e-05,0.6451,0.6189,0.212526,-0.036269,0.618858,-0.402097,0.002483,-0.375252,0.491087
0.3,1,2,160.0,54.0,0.2104,0.0607,0.205,1,1,1,9e-05,0.6182,0.5707,0.261822,-0.0505,0.570677,-0.428999,0.010664,-0.407216,0.475366
0.3,1,3,224.0,54.0,0.2155,0.0379,0.2052,1,1,1,0.0001,0.5873,0.5182,0.321255,-0.064895,0.518181,-0.459928,0.01696,-0.445467,0.454212
0.3,1,4,288.0,54.0,0.2184,0.0129,0.2053,1,1,1,4e-05,0.5532,0.494,0.391146,-0.078554,0.463139,-0.493952,0.020413,-0.489898,0.426919
0.3,1,5,352.0,54.0,0.2184,-0.0129,0.2053,1,1,1,5e-05,0.5185,0.5387,0.469242,-0.089619,0.408296,-0.528728,0.020206,-0.538673,0.393487
0.3,1,6,416.0,54.0,0.2155,-0.0379,0.2052,1,1,1,7e-05,0.4854,0.5898,0.552552,-0.097123,0.356436,-0.561834,0.016331,-0.589831,0.355318
0.3,1,7,480.0,54.0,0.2104,-0.0607,0.205,1,1,1,9e-05,0.4562,0.641,0.636949,-0.100472,0.309785,-0.590996,0.009366,-0.641028,0.314591
0.3,1,8,544.0,54.0,0.2039,-0.0807,0.2048,1,1,1,4e-05,0.4323,0.719,0.719019,-0.099954,0.269458,-0.614925,0.000275,-0.690666,0.273643
0.3,1,9,608.0,54.0,0.1966,-0.0977,0.2045,1,1,1,6e-05,0.414,0.7952,0.795207,-0.095876,0.235686,-0.633166,-0.010097,-0.736961,0.234161
0.3,2,0,32.0,90.0,0.2037,0.1074,0.1923,1,1,1,7e-05,0.709,0.6729,0.159439,-0.000385,0.672921,-0.338156,-0.008801,-0.304695,0.491112
0.3,2,1,96.0,90.0,0.2127,0.0896,0.1917,1,1,1,7e-05,0.6873,0.6273,0.199122,-0.01327,0.627269,-0.359903,0.001649,-0.328193,0.479294
0.3,2,2,160.0,90.0,0.221,0.068,0.1912,1,1,1,8e-05,0.6602,0.5755,0.248686,-0.027453,0.575511,-0.387026,0.011306,-0.35821,0.462973
0.3,2,3,224.0,90.0,0.2276,0.0427,0.1908,1,1,1,8e-05,0.6274,0.5186,0.309577,-0.042236,0.51865,-0.419764,0.018875,-0.395605,0.440688
0.3,2,4,288.0,90.0,0.2313,0.0146,0.1905,1,1,1,3e-05,0.5898,0.459,0.382347,-0.056563,0.458954,-0.45735,0.022958,-0.440488,0.41142
0.3,2,5,352.0,90.0,0.2313,-0.0146,0.1905,1,1,1,4e-05,0.5501,0.4971,0.464724,-0.068409,0.399861,-0.497135,0.022422,-0.491,0.375098
0.3,2,6,416.0,90.0,0.2276,-0.0427,0.1908,1,1,1,5e-05,0.5113,0.5531,0.553076,-0.076519,0.344845,-0.535915,0.017222,-0.544675,0.333451
0.3,2,7,480.0,90.0,0.221,-0.068,0.1912,1,1,1,7e-05,0.4766,0.6425,0.642469,-0.080201,0.296426,-0.570572,0.008246,-0.598609,0.289272
0.3,2,8,544.0,90.0,0.2127,-0.0896,0.1917,1,1,1,4e-05,0.4479,0.7288,0.728787,-0.079769,0.255605,-0.599274,-0.003113,-0.650758,0.245435
0.3,2,9,608.0,90.0,0.2037,-0.1074,0.1923,1,1,1,5e-05,0.4258,0.8083,0.808329,-0.075725,0.222219,-0.621382,-0.015615,-0.699298,0.203895
0.3,3,0,32.0,126.0,0.2111,0.118,0.1776,1,1,1,6e-05,0.7565,0.684,0.14674,0.024968,0.684007,-0.290684,-0.011972,-0.256134,0.476634
0.3,3,1,96.0,126.0,0.2219,0.0994,0.1757,1,1,1,6e-05,0.7367,0.6354,0.185385,0.012836,0.635362,-0.310493,9e-06,-0.276024,0.464234
0.3,3,2,160.0,126.0,0.2323,0.0762,0.1739,1,1,1,7e-05,0.7103,0.5795,0.234508,-0.001115,0.579513,-0.336924,0.011444,-0.303009,0.447228
0.3,3,3,224.0,126.0,0.2407,0.0482,0.1725,1,1,1,7e-05,0.6763,0.5176,0.296063,-0.016309,0.517647,-0.370909,0.020705,-0.338532,0.42388
0.3,3,4,288.0,126.0,0.2455,0.0166,0.1717,1,1,1,8e-05,0.6352,0.4527,0.370742,-0.031392,0.452695,-0.411958,0.025799,-0.382955,0.39273
0.3,3,5,352.0,126.0,0.2455,-0.0166,0.1717,1,1,1,3e-05,0.5896,0.4576,0.45712,-0.044586,0.388973,-0.457572,0.025218,-0.435022,0.353728
0.3,3,6,416.0,126.0,0.2407,-0.0482,0.1725,1,1,1,4e-05,0.544,0.5502,0.550183,-0.053724,0.33083,-0.503156,0.018697,-0.491206,0.308699
0.3,3,7,480.0,126.0,0.2323,-0.0762,0.1739,1,1,1,6e-05,0.5026,0.6444,0.644363,-0.058124,0.281004,-0.54457,0.00754,-0.548091,0.261177
0.3,3,8,544.0,126.0,0.2219,-0.0994,0.1757,1,1,1,8e-05,0.4681,0.7345,0.734484,-0.058022,0.240215,-0.57914,-0.006313,-0.602878,0.214601
0.3,3,9,608.0,126.0,0.2111,-0.118,0.1776,1,1,1,4e-05,0.441,0.8176,0.817626,-0.054433,0.207734,-0.60617,-0.021119,-0.654257,0.171323
0.3,4,0,32.0,162.0,0.2182,0.1293,0.1602,1,1,1,6e-05,0.8105,0.6948,0.13478,0.053227,0.694815,-0.236702,-0.016389,-0.203979,0.458505
0.3,4,1,96.0,162.0,0.2312,0.1099,0.1565,1,1,1,6e-05,0.7938,0.6428,0.171812,0.042149,0.642775,-0.253393,-0.002802,-0.219304,0.44517
0.3,4,2,160.0,162.0,0.2437,0.0851,0.1528,1,1,1,6e-05,0.7692,0.5823,0.219646,0.028547,0.582268,-0.277999,0.010654,-0.24216,0.427326
0.3,4,3,224.0,162.0,0.2542,0.0543,0.1498,1,1,1,7e-05,0.7348,0.5147,0.280816,0.012757,0.514726,-0.312427,0.022033,-0.274705,0.403077
0.3,4,4,288.0,162.0,0.2602,0.0187,0.1481,1,1,1,7e-05,0.6903,0.4439,0.35665,-0.003795,0.443881,-0.356926,0.028711,-0.317984,0.370571
0.3,4,5,352.0,162.0,0.2602,-0.0187,0.1481,1,1,1,9e-05,0.6385,0.4456,0.44562,-0.018648,0.375256,-0.408705,0.028454,-0.370704,0.329312
0.3,4,6,416.0,162.0,0.2542,-0.0543,0.1498,1,1,1,3e-05,0.5848,0.5431,0.5431,-0.029565,0.314109,-0.462404,0.020851,-0.429449,0.281449
0.3,4,7,480.0,162.0,0.2437,-0.0851,0.1528,1,1,1,5e-05,0.5353,0.6417,0.641716,-0.035135,0.263335,-0.511944,0.00752,-0.489446,0.230957
0.3,4,8,544.0,162.0,0.2312,-0.1099,0.1565,1,1,1,7e-05,0.4935,0.7358,0.735825,-0.035832,0.223143,-0.553742,-0.008904,-0.547461,0.182009
0.3,4,9,608.0,162.0,0.2182,-0.1293,0.1602,1,1,1,0.0001,0.4605,0.8218,0.821758,-0.032722,0.192131,-0.586651,-0.026146,-0.601594,0.137208
0.3,5,0,32.0,198.0,0.2248,0.1409,0.14,1,1,1,7e-05,0.871,0.705,0.124149,0.084395,0.704953,-0.176208,-0.02231,-0.149157,0.436178
0.3,5,1,96.0,198.0,0.2398,0.1209,0.1338,1,1,1,6e-05,0.8586,0.6491,0.158981,0.074617,0.649077,-0.188564,-0.007173,-0.159197,0.421409
0.3,5,2,160.0,198.0,0.2546,0.0943,0.1277,1,1,1,6e-05,0.8371,0.5834,0.204586,0.061338,0.583359,-0.210136,0.008412,-0.17705,0.402509
0.3,5,3,224.0,198.0,0.2671,0.0606,0.1225,1,1,1,6e-05,0.8031,0.5096,0.264131,0.044501,0.509557,-0.244075,0.022257,-0.205659,0.377646
0.3,5,4,288.0,198.0,0.2744,0.021,0.1194,1,1,1,7e-05,0.7555,0.4324,0.339818,0.025625,0.432369,-0.291703,0.031089,-0.246888,0.344638
0.3,5,5,352.0,198.0,0.2744,-0.021,0.1194,1,1,1,7e-05,0.6969,0.4306,0.430629,0.007941,0.358671,-0.350254,0.031823,-0.299805,0.302337
0.3,5,6,416.0,198.0,0.2671,-0.0606,0.1225,1,1,1,9e-05,0.6343,0.5312,0.531164,-0.005222,0.294704,-0.412855,0.023584,-0.360368,0.252507
0.3,5,7,480.0,198.0,0.2546,-0.0943,0.1277,1,1,1,4e-05,0.5752,0.6341,0.634067,-0.012533,0.243456,-0.471986,0.008355,-0.423619,0.199788
0.3,5,8,544.0,198.0,0.2398,-0.1209,0.1338,1,1,1,5e-05,0.5249,0.7319,0.73191,-0.014242,0.204404,-0.522301,-0.010547,-0.485035,0.148869
0.3,5,9,608.0,198.0,0.2248,-0.1409,0.14,1,1,1,8e-05,0.4849,0.821,0.820997,-0.011842,0.175365,-0.562293,-0.030221,-0.54253,0.10284
0.3,6,0,32.0,234.0,0.2304,0.1524,0.1171,1,1,1,7e-05,0.9377,0.7139,0.115393,0.118371,0.713943,-0.10954,-0.029924,-0.092966,0.409255
0.3,6,1,96.0,234.0,0.247,0.1316,0.1079,1,1,1,7e-05,0.9307,0.6538,0.147437,0.110025,0.653786,-0.116471,-0.013442,-0.097428,0.392447
0.3,6,2,160.0,234.0,0.2637,0.1034,0.0987,1,1,1,7e-05,0.9133,0.5824,0.189821,0.096824,0.58241,-0.133932,0.004188,-0.109891,0.372237
0.3,6,3,224.0,234.0,0.278,0.0669,0.0909,1,1,1,7e-05,0.8807,0.502,0.246434,0.078163,0.502027,-0.166524,0.020673,-0.134031,0.347205
0.3,6,4,288.0,234.0,0.2864,0.0232,0.0862,1,1,1,7e-05,0.8303,0.4184,0.320612,0.055737,0.418406,-0.216892,0.032178,-0.172508,0.314989
0.3,6,5,352.0,234.0,0.2864,-0.0232,0.0862,1,1,1,7e-05,0.7647,0.4121,0.41213,0.033948,0.339758,-0.282454,0.034676,-0.224838,0.273429
0.3,6,6,416.0,234.0,0.278,-0.0669,0.0909,1,1,1,8e-05,0.6923,0.5153,0.515293,0.017485,0.273226,-0.354904,0.026594,-0.286773,0.223298
0.3,6,7,480.0,234.0,0.2637,-0.1034,0.0987,1,1,1,0.0001,0.6228,0.6213,0.621256,0.008309,0.221751,-0.424406,0.01002,-0.352421,0.169195
0.3,6,8,544.0,234.0,0.247,-0.1316,0.1079,1,1,1,4e-05,0.5627,0.7229,0.722868,0.005445,0.184226,-0.484515,-0.011033,-0.417272,0.116809
0.3,6,9,608.0,234.0,0.2304,-0.1524,0.1171,1,1,1,6e-05,0.5146,0.815,0.814952,0.007243,0.157488,-0.532623,-0.032992,-0.478152,0.06966
0.3,7,0,32.0,270.0,0.2343,0.1632,0.0919,1,1,1,9e-05,1.0099,0.7212,0.108878,0.154952,0.721215,-0.037322,-0.039303,-0.036936,0.377574
0.3,7,1,96.0,270.0,0.2522,0.1417,0.0794,1,1,1,9e-05,1.0092,0.6564,0.13751,0.148006,0.656368,-0.038011,-0.021822,-0.036073,0.3581
0.3,7,2,160.0,270.0,0.2703,0.1118,0.0668,1,1,1,8e-05,0.9966,0.5791,0.175673,0.134381,0.579103,-0.05061,-0.00243,-0.043403,0.33637
0.3,7,3,224.0,270.0,0.2857,0.0725,0.056,1,1,1,8e-05,0.9659,0.4923,0.228138,0.112815,0.492265,-0.081276,0.016652,-0.063158,0.311788
0.3,7,4,288.0,270.0,0.2948,0.0252,0.0496,1,1,1,7e-05,0.9131,0.4027,0.299644,0.085371,0.402676,-0.134061,0.031214,-0.098562,0.282016
0.3,7,5,352.0,270.0,0.2948,-0.0252,0.0496,1,1,1,7e-05,0.8406,0.3909,0.390918,0.058081,0.319604,-0.206641,0.036294,-0.149509,0.243485
0.3,7,6,416.0,270.0,0.2857,-0.0725,0.056,1,1,1,7e-05,0.7579,0.496,0.495978,0.0374,0.250809,-0.289319,0.029359,-0.211784,0.195136
0.3,7,7,480.0,270.0,0.2703,-0.1118,0.0668,1,1,1,9e-05,0.6772,0.6049,0.604881,0.025884,0.199219,-0.370028,0.012291,-0.279152,0.141015
0.3,7,8,544.0,270.0,0.2522,-0.1417,0.0794,1,1,1,4e-05,0.6066,0.7095,0.709457,0.022085,0.163177,-0.440576,-0.01035,-0.346538,0.087559
0.3,7,9,608.0,270.0,0.2343,-0.1632,0.0919,1,1,1,5e-05,0.5496,0.8043,0.804273,0.023557,0.138765,-0.497613,-0.034287,-0.410417,0.039258
0.3,8,0,32.0,306.0,0.2363,0.1729,0.0651,1,1,1,4e-05,1.0866,0.7262,0.104889,0.19359,0.72616,0.03939,-0.050331,0.017186,0.34139
0.3,8,1,96.0,306.0,0.2549,0.1504,0.0492,1,1,1,4e-05,1.0926,0.6563,0.129404,0.187828,0.656306,0.045422,-0.032297,0.022596,0.318718
0.3,8,2,160.0,306.0,0.2735,0.1189,0.0331,1,1,1,3e-05,1.0852,0.5732,0.162373,0.173051,0.573238,0.038023,-0.011579,0.019529,0.2954
0.3,8,3,224.0,306.0,0.2893,0.0771,0.0195,1,1,1,9e-05,1.0569,0.4806,0.209486,0.147505,0.480573,0.009706,0.009828,0.003634,0.271941
0.3,8,4,288.0,306.0,0.2986,0.0269,0.0114,1,1,1,8e-05,1.0018,0.3861,0.277622,0.113601,0.386122,-0.045367,0.027665,-0.028814,0.246409
0.3,8,5,352.0,306.0,0.2986,-0.0269,0.0114,1,1,1,7e-05,0.9224,0.3681,0.368085,0.079574,0.299589,-0.124796,0.036085,-0.077696,0.213361
0.3,8,6,416.0,306.0,0.2893,-0.0771,0.0195,1,1,1,7e-05,0.8296,0.4745,0.474469,0.053846,0.228921,-0.217634,0.031378,-0.139049,0.169131
0.3,8,7,480.0,306.0,0.2735,-0.1189,0.0331,1,1,1,8e-05,0.7375,0.5858,0.585759,0.039646,0.177074,-0.309734,0.01484,-0.20676,0.116523
0.3,8,8,544.0,306.0,0.2549,-0.1504,0.0492,1,1,1,0.0001,0.6562,0.6925,0.692489,0.035029,0.142065,-0.39096,-0.008634,-0.275344,0.062526
0.3,8,9,608.0,306.0,0.2363,-0.1729,0.0651,1,1,1,4e-05,0.5896,0.79,0.790017,0.036433,0.11973,-0.457607,-0.034118,-0.341575,0.013056
0.3,9,0,32.0,342.0,0.2362,0.1811,0.0374,1,1,1,5e-05,1.1675,0.728,0.102652,0.234355,0.728013,0.120288,-0.062907,0.068339,0.300906
0.3,9,1,96.0,342.0,0.2547,0.1575,0.0182,1,1,1,5e-05,1.1804,0.6529,0.12213,0.229282,0.652945,0.133201,-0.044781,0.07712,0.27473
0.3,9,2,160.0,342.0,0.273,0.1243,-0.0009,1,1,1,5e-05,1.1781,0.5645,0.148977,0.212322,0.56453,0.130899,-0.023215,0.077002,0.250031
0.3,9,3,224.0,342.0,0.2885,0.0805,-0.017,1,1,1,4e-05,1.1514,0.4674,0.190771,0.18118,0.467407,0.104169,0.000263,0.063518,0.228836
0.3,9,4,288.0,342.0,0.2975,0.028,-0.0264,1,1,1,9e-05,1.0941,0.3697,0.255179,0.139871,0.369665,0.046937,0.021391,0.033725,0.20907
0.3,9,5,352.0,342.0,0.2975,-0.028,-0.0264,1,1,1,8e-05,1.0081,0.3448,0.344754,0.098309,0.280978,-0.039118,0.033753,-0.012635,0.183696
0.3,9,6,416.0,342.0,0.2885,-0.0805,-0.017,1,1,1,7e-05,0.9055,0.4521,0.452077,0.066927,0.208934,-0.141678,0.032299,-0.071795,0.145841
0.3,9,7,480.0,342.0,0.273,-0.1243,-0.0009,1,1,1,8e-05,0.8023,0.5652,0.565215,0.04965,0.156587,-0.244881,0.017372,-0.13824,0.096426
0.3,9,8,544.0,342.0,0.2547,-0.1575,0.0182,1,1,1,9e-05,0.7102,0.674,0.673995,0.044051,0.122088,-0.336953,-0.006113,-0.206736,0.042742
0.3,9,9,608.0,342.0,0.2362,-0.1811,0.0374,1,1,1,4e-05,0.634,0.7734,0.773389,0.045645,0.101117,-0.41324,-0.032605,-0.273877,-0.007942
0.35,0,0,32.0,18.0,0.2389,0.1287,0.2211,1,1,1,4e-05,0.7972,0.6596,-0.069383,0.104734,0.659552,-0.249978,-0.058773,-0.203221,0.369707
0.35,0,1,96.0,18.0,0.2485,0.1062,0.2224,1,1,1,5e-05,0.7666,0.6073,-0.031038,0.081779,0.607277,-0.280583,-0.042866,-0.234001,0.364573
0.35,0,2,160.0,18.0,0.2572,0.0798,0.2235,1,1,1,5e-05,0.7313,0.5492,0.016386,0.057699,0.549177,-0.315914,-0.027894,-0.270917,0.354842
0.35,0,3,224.0,18.0,0.264,0.0497,0.2244,1,1,1,5e-05,0.6916,0.4862,0.073757,0.033719,0.486247,-0.355565,-0.015268,-0.314018,0.338666
0.35,0,4,288.0,18.0,0.2676,0.0169,0.2249,1,1,1,6e-05,0.649,0.4205,0.140874,0.011613,0.420486,-0.398195,-0.00646,-0.362358,0.314487
0.35,0,5,352.0,18.0,0.2676,-0.0169,0.2249,1,1,1,7e-05,0.6057,0.4415,0.215996,-0.0066,0.354751,-0.441522,-0.002521,-0.413885,0.281815
0.35,0,6,416.0,18.0,0.264,-0.0497,0.2244,1,1,1,9e-05,0.5644,0.4828,0.295891,-0.019251,0.292151,-0.482836,-0.003656,-0.465878,0.241764
0.35,0,7,480.0,18.0,0.2572,-0.0798,0.2235,1,1,1,4e-05,0.5273,0.5199,0.377028,-0.025729,0.235263,-0.519948,-0.009198,-0.516026,0.196882
0.35,0,8,544.0,18.0,0.2485,-0.1062,0.2224,1,1,1,5e-05,0.4959,0.5621,0.454996,-0.026022,0.185534,-0.551259,-0.018014,-0.562067,0.149988
0.35,0,9,608.0,18.0,0.2389,-0.1287,0.2211,1,1,1,7e-05,0.4706,0.6033,0.527475,-0.021262,0.143332,-0.576591,-0.028871,-0.603334,0.103677
0.35,1,0,32.0,54.0,0.2461,0.1392,0.2064,1,1,1,5e-05,0.844,0.6693,-0.077693,0.127374,0.669294,-0.203224,-0.063526,-0.161479,0.355953
0.35,1,1,96.0,54.0,0.2575,0.1157,0.2068,1,1,1,5e-05,0.8139,0.614,-0.039923,0.103537,0.614018,-0.233275,-0.045826,-0.190169,0.351241
0.35,1,2,160.0,54.0,0.2681,0.0876,0.2072,1,1,1,5e-05,0.778,0.552,0.007677,0.077933,0.551999,-0.269184,-0.028798,-0.225732,0.341982
0.35,1,3,224.0,54.0,0.2764,0.0549,0.2076,1,1,1,5e-05,0.7363,0.4844,0.066332,0.05185,0.484391,-0.310875,-0.014177,-0.268568,0.325972
0.35,1,4,288.0,54.0,0.2811,0.0187,0.2077,1,1,1,6e-05,0.6901,0.4137,0.13603,0.027346,0.41365,-0.357072,-0.003917,-0.317878,0.301181
0.35,1,5,352.0,54.0,0.2811,-0.0187,0.2077,1,1,1,7e-05,0.6421,0.4051,0.214835,0.006888,0.343313,-0.40512,0.00052,-0.371379,0.266812
0.35,1,6,416.0,54.0,0.2764,-0.0549,0.2076,1,1,1,8e-05,0.5956,0.4516,0.298912,-0.007453,0.27713,-0.451599,-0.001168,-0.425809,0.224132
0.35,1,7,480.0,54.0,0.2681,-0.0876,0.2072,1,1,1,3e-05,0.5536,0.4936,0.383927,-0.014893,0.218011,-0.493608,-0.00806,-0.478268,0.176254
0.35,1,8,544.0,54.0,0.2575,-0.1157,0.2068,1,1,1,4e-05,0.5181,0.5291,0.465031,-0.0156,0.167317,-0.529143,-0.018588,-0.526253,0.126634
0.35,1,9,608.0,54.0,0.2461,-0.1392,0.2064,1,1,1,6e-05,0.4893,0.569,0.539684,-0.010914,0.125127,-0.557917,-0.031157,-0.569015,0.078249
0.35,2,0,32.0,90.0,0.2532,0.1504,0.1892,1,1,1,5e-05,0.8975,0.679,-0.086216,0.153381,0.678999,-0.149654,-0.069577,-0.116003,0.338764
0.35,2,1,96.0,90.0,0.2667,0.1261,0.1883,1,1,1,5e-05,0.8689,0.6204,-0.049602,0.128759,0.620423,-0.178307,-0.050011,-0.141743,0.334273
0.35,2,2,160.0,90.0,0.2794,0.0962,0.1875,1,1,1,5e-05,0.8331,0.5541,-0.002484,0.101502,0.554056,-0.214095,-0.030692,-0.175044,0.325506
0.35,2,3,224.0,90.0,0.2896,0.0607,0.1869,1,1,1,5e-05,0.7897,0.4812,0.056837,0.072907,0.48125,-0.257473,-0.0137,-0.216802,0.309946
0.35,2,4,288.0,90.0,0.2954,0.0208,0.1865,1,1,1,5e-05,0.7398,0.405,0.128676,0.045351,0.405033,-0.307394,-0.001571,-0.266529,0.28501
0.35,2,5,352.0,90.0,0.2954,-0.0208,0.1865,1,1,1,6e-05,0.6864,0.3608,0.210972,0.021904,0.329785,-0.360842,0.003668,-0.321798,0.249425
0.35,2,6,416.0,90.0,0.2896,-0.0607,0.1869,1,1,1,7e-05,0.6337,0.4135,0.299221,0.005208,0.259997,-0.413493,0.001534,-0.378757,0.204496
0.35,2,7,480.0,90.0,0.2794,-0.0962,0.1875,1,1,1,9e-05,0.5858,0.4614,0.387829,-0.003614,0.198835,-0.461354,-0.006745,-0.433607,0.153856
0.35,2,8,544.0,90.0,0.2667,-0.1261,0.1883,1,1,1,4e-05,0.545,0.5022,0.472437,-0.005195,0.147575,-0.502215,-0.019078,-0.484103,0.101844
0.35,2,9,608.0,90.0,0.2532,-0.1504,0.1892,1,1,1,5e-05,0.5119,0.5493,0.549279,-0.000858,0.105768,-0.535254,-0.033428,-0.528774,0.051675
0.35,3,0,32.0,126.0,0.26,0.1621,0.1692,1,1,1,5e-05,0.9587,0.6883,-0.094885,0.183202,0.688276,-0.088486,-0.077153,-0.067075,0.317466
0.35,3,1,96.0,126.0,0.2757,0.137,0.1665,1,1,1,5e-05,0.9325,0.6261,-0.060153,0.157907,0.626073,-0.114707,-0.05575,-0.088989,0.312821
0.35,3,2,160.0,126.0,0.2907,0.1054,0.1639,1,1,1,5e-05,0.8977,0.5549,-0.014382,0.128802,0.554928,-0.149474,-0.033994,-0.119056,0.304466
0.35,3,3,224.0,126.0,0.303,0.0669,0.1618,1,1,1,5e-05,0.8532,0.4764,0.044752,0.097109,0.476442,-0.194007,-0.014277,-0.158799,0.28971
0.35,3,4,288.0,126.0,0.3101,0.023,0.1606,1,1,1,5e-05,0.7995,0.3943,0.118093,0.065586,0.394345,-0.247729,0.000204,-0.208236,0.265386
0.35,3,5,352.0,126.0,0.3101,-0.023,0.1606,1,1,1,5e-05,0.7399,0.314,0.203576,0.038128,0.314011,-0.307309,0.006679,-0.26494,0.229499
0.35,3,6,416.0,126.0,0.303,-0.0669,0.1618,1,1,1,6e-05,0.6799,0.3673,0.295972,0.01821,0.240741,-0.367301,0.004354,-0.324465,0.183121
0.35,3,7,480.0,126.0,0.2907,-0.1054,0.1639,1,1,1,8e-05,0.6248,0.4224,0.388665,0.00728,0.177908,-0.422424,-0.005231,-0.382239,0.130382
0.35,3,8,544.0,126.0,0.2757,-0.137,0.1665,1,1,1,3e-05,0.5775,0.4765,0.476514,0.00455,0.126464,-0.469651,-0.019373,-0.435452,0.076355
0.35,3,9,608.0,126.0,0.26,-0.1621,0.1692,1,1,1,4e-05,0.5393,0.5557,0.555663,0.00829,0.085417,-0.507933,-0.035515,-0.482532,0.024746
0.35,4,0,32.0,162.0,0.2661,0.174,0.1464,1,1,1,6e-05,1.0282,0.6965,-0.103729,0.21728,0.696536,-0.018963,-0.086436,-0.01526,0.291399
0.35,4,1,96.0,162.0,0.2838,0.1483,0.1413,1,1,1,5e-05,1.0056,0.6304,-0.071782,0.191403,0.630357,-0.041576,-0.063372,-0.032588,0.286024
0.35,4,2,160.0,162.0,0.3012,0.1149,0.1363,1,1,1,5e-05,0.9729,0.5541,-0.028436,0.160127,0.554059,-0.074279,-0.039182,-0.058541,0.277874
0.35,4,3,224.0,162.0,0.3157,0.0735,0.1321,1,1,1,5e-05,0.9279,0.4696,0.029451,0.124502,0.46957,-0.119325,-0.016481,-0.09536,0.26435
0.35,4,4,288.0,162.0,0.3241,0.0254,0.1297,1,1,1,5e-05,0.8703,0.3814,0.103521,0.08777,0.381429,-0.176872,0.00086,-0.143734,0.241759
0.35,4,5,352.0,162.0,0.3241,-0.0254,0.1297,1,1,1,5e-05,0.8038,0.2961,0.19186,0.054988,0.296091,-0.243357,0.009157,-0.201406,0.20705
0.35,4,6,416.0,162.0,0.3157,-0.0735,0.1321,1,1,1,6e-05,0.7352,0.312,0.288439,0.030804,0.219644,-0.311986,0.007099,-0.263405,0.160573
0.35,4,7,480.0,162.0,0.3012,-0.1149,0.1363,1,1,1,7e-05,0.6714,0.3854,0.385421,0.017111,0.155565,-0.375817,-0.003531,-0.324318,0.106697
0.35,4,8,544.0,162.0,0.2838,-0.1483,0.1413,1,1,1,9e-05,0.6166,0.4764,0.476428,0.012919,0.104281,-0.430607,-0.01934,-0.380478,0.051199
0.35,4,9,608.0,162.0,0.2661,-0.174,0.1464,1,1,1,4e-05,0.5718,0.5584,0.558439,0.015853,0.064394,-0.47537,-0.037235,-0.430651,-0.001455
0.35,5,0,32.0,198.0,0.2709,0.1857,0.1209,1,1,1,6e-05,1.1069,0.7029,-0.113017,0.256019,0.702918,0.059675,-0.097533,0.038582,0.260009
0.35,5,1,96.0,198.0,0.2905,0.1593,0.1127,1,1,1,6e-05,1.0891,0.6324,-0.084977,0.229566,0.632405,0.041924,-0.073148,0.02633,0.253146
0.35,5,2,160.0,198.0,0.31,0.1243,0.1047,1,1,1,5e-05,1.0595,0.5507,-0.045338,0.195582,0.550734,0.012343,-0.04673,0.005075,0.244879
0.35,5,3,224.0,198.0,0.3264,0.0799,0.0979,1,1,1,5e-05,1.0146,0.4603,0.010158,0.154871,0.460263,-0.032612,-0.020951,-0.028157,0.233099
0.35,5,4,288.0,198.0,0.336,0.0277,0.0939,1,1,1,5e-05,0.9531,0.3664,0.084244,0.111368,0.366368,-0.094069,-0.000275,-0.074786,0.213744
0.35,5,5,352.0,198.0,0.336,-0.0277,0.0939,1,1,1,5e-05,0.8789,0.2765,0.175248,0.07173,0.276499,-0.168288,0.010572,-0.132857,0.182311
0.35,5,6,416.0,198.0,0.3264,-0.0799,0.0979,1,1,1,5e-05,0.8003,0.2762,0.276191,0.042154,0.197394,-0.246914,0.009488,-0.197016,0.137689
0.35,5,7,480.0,198.0,0.31,-0.1243,0.1047,1,1,1,6e-05,0.7262,0.3778,0.377794,0.025072,0.132518,-0.320978,-0.00169,-0.261052,0.084015
0.35,5,8,544.0,198.0,0.2905,-0.1593,0.1127,1,1,1,8e-05,0.6623,0.4727,0.472688,0.019093,0.08179,-0.384874,-0.018906,-0.320602,0.027825
0.35,5,9,608.0,198.0,0.2709,-0.1857,0.1209,1,1,1,3e-05,0.61,0.5575,0.557496,0.021218,0.043203,-0.437165,-0.038396,-0.374002,-0.025636
0.35,6,0,32.0,234.0,0.2741,0.1967,0.093,1,1,1,5e-05,1.1955,0.7062,-0.123502,0.299723,0.706203,0.148293,-0.110427,0.09332,0.222958
0.35,6,1,96.0,234.0,0.2952,0.1696,0.0814,1,1,1,5e-05,1.1839,0.631,-0.100802,0.272506,0.63103,0.136677,-0.085217,0.086239,0.213768
0.35,6,2,160.0,234.0,0.3162,0.133,0.0698,1,1,1,5e-05,1.1583,0.5441,-0.066296,0.234957,0.544071,0.111149,-0.056987,0.069794,0.205039
0.35,6,3,224.0,234.0,0.334,0.0858,0.06,1,1,1,5e-05,1.1138,0.4482,-0.014169,0.187674,0.448223,0.066616,-0.02825,0.040356,0.195619
0.35,6,4,288.0,234.0,0.3445,0.0298,0.0542,1,1,1,5e-05,1.0481,0.3495,0.059633,0.135657,0.349539,0.000885,-0.003866,-0.004123,0.181301
0.35,6,5,352.0,234.0,0.3445,-0.0298,0.0542,1,1,1,5e-05,0.9652,0.2561,0.153502,0.087624,0.256113,-0.082034,0.010358,-0.062,0.155723
0.35,6,6,416.0,234.0,0.334,-0.0858,0.06,1,1,1,5e-05,0.8752,0.2592,0.259216,0.051603,0.175062,-0.17202,0.011201,-0.127718,0.115416
0.35,6,7,480.0,234.0,0.3162,-0.133,0.0698,1,1,1,5e-05,0.7894,0.3659,0.365874,0.030588,0.109787,-0.257807,0.00023,-0.194475,0.063621
0.35,6,8,544.0,234.0,0.2952,-0.1696,0.0814,1,1,1,7e-05,0.715,0.465,0.465049,0.022646,0.059781,-0.332193,-0.017936,-0.257266,0.007565
0.35,6,9,608.0,234.0,0.2741,-0.1967,0.093,1,1,1,9e-05,0.6542,0.5527,0.552691,0.023968,0.022431,-0.393045,-0.038774,-0.313782,-0.046505
0.35,7,0,32.0,270.0,0.2753,0.2066,0.0632,0,0,0,,,,,,,,,,
0.35,7,1,96.0,270.0,0.2971,0.1786,0.048,1,1,1,9e-05,1.2685,0.6248,-0.120983,0.319662,0.624778,0.243455,-0.099448,0.145046,0.168179
0.35,7,2,160.0,270.0,0.3189,0.1404,0.0327,1,1,1,4e-05,1.2702,0.5331,-0.093331,0.277471,0.533062,0.222984,-0.070002,0.133173,0.158732
0.35,7,3,224.0,270.0,0.3374,0.0908,0.0197,1,1,1,4e-05,1.2261,0.4333,-0.04512,0.222019,0.433253,0.17887,-0.038647,0.107356,0.152353
0.35,7,4,288.0,270.0,0.3484,0.0315,0.0121,1,1,1,9e-05,1.1552,0.3315,0.028833,0.159924,0.331494,0.108012,-0.010365,0.065133,0.144844
0.35,7,5,352.0,270.0,0.3484,-0.0315,0.0121,1,1,1,4e-05,1.0621,0.236,0.126729,0.102208,0.236042,0.014862,0.008069,0.007807,0.127858
0.35,7,6,416.0,270.0,0.3374,-0.0908,0.0197,1,1,1,5e-05,0.9594,0.2379,0.237899,0.058934,0.153893,-0.087837,0.011959,-0.058615,0.094551
0.35,7,7,480.0,270.0,0.3189,-0.1404,0.0327,1,1,1,5e-05,0.8605,0.3501,0.350096,0.033538,0.088511,-0.186697,0.00218,-0.127238,0.046552
0.35,7,8,544.0,270.0,0.2971,-0.1786,0.048,1,1,1,6e-05,0.7744,0.4539,0.453927,0.023478,0.039195,-0.272824,-0.016306,-0.192643,-0.008426
0.35,7,9,608.0,270.0,0.2753,-0.2066,0.0632,1,1,1,8e-05,0.7037,0.5451,0.545089,0.024017,0.003007,-0.343451,-0.038215,-0.252117,-0.062837
0.35,8,0,32.0,306.0,0.2743,0.2149,0.0324,0,0,0,,,,,,,,,,
0.35,8,1,96.0,306.0,0.2962,0.186,0.0135,1,1,1,6e-05,1.2171,0.6115,-0.150945,0.371074,0.61153,0.36631,-0.115584,0.201583,0.117144
0.35,8,2,160.0,306.0,0.318,0.1462,-0.0053,1,1,1,5e-05,1.2662,0.5167,-0.130656,0.322016,0.516701,0.350571,-0.085394,0.193115,0.107563
0.35,8,3,224.0,306.0,0.3363,0.0945,-0.0211,1,1,1,5e-05,1.3318,0.4155,-0.084663,0.256444,0.415464,0.30485,-0.051816,0.169862,0.105136
0.35,8,4,288.0,306.0,0.3471,0.0328,-0.0304,1,1,1,5e-05,1.2733,0.3132,-0.007721,0.183131,0.313236,0.22612,-0.019663,0.129243,0.105874
0.35,8,5,352.0,306.0,0.3471,-0.0328,-0.0304,1,1,1,7e-05,1.1689,0.2173,0.094994,0.115424,0.21727,0.121651,0.003517,0.073327,0.0993
0.35,8,6,416.0,306.0,0.3363,-0.0945,-0.0211,1,1,1,4e-05,1.0518,0.2129,0.212856,0.06444,0.134963,0.004619,0.011584,0.007049,0.07552
0.35,8,7,480.0,306.0,0.318,-0.1462,-0.0053,1,1,1,5e-05,0.9387,0.3311,0.331079,0.034298,0.069664,-0.108461,0.00412,-0.062213,0.033326
0.35,8,8,544.0,306.0,0.2962,-0.186,0.0135,1,1,1,6e-05,0.8398,0.4399,0.439873,0.021909,0.020846,-0.207363,-0.013907,-0.129138,-0.019476
0.35,8,9,608.0,306.0,0.2743,-0.2149,0.0324,1,1,1,7e-05,0.7585,0.5348,0.534806,0.021613,-0.014504,-0.288673,-0.036492,-0.190757,-0.073927
0.35,9,0,32.0,342.0,0.2711,0.2214,0.0012,0,0,0,,,,,,,,,,
0.35,9,1,96.0,342.0,0.2923,0.1914,-0.0209,1,1,1,8e-05,1.1641,0.5896,-0.19777,0.42412,0.589575,0.509685,-0.132531,0.252532,0.064115
0.35,9,2,160.0,342.0,0.3132,0.1502,-0.0427,1,1,1,7e-05,1.222,0.4989,-0.185049,0.366224,0.494239,0.498869,-0.101918,0.246802,0.05559
0.35,9,3,224.0,342.0,0.3308,0.0969,-0.061,1,1,1,9e-05,1.2987,0.4482,-0.137485,0.289513,0.394896,0.448213,-0.066718,0.225821,0.057342
0.35,9,4,288.0,342.0,0.341,0.0336,-0.0716,1,1,1,5e-05,1.3832,0.3573,-0.05313,0.205033,0.294921,0.357262,-0.031246,0.186712,0.066039
0.35,9,5,352.0,342.0,0.341,-0.0336,-0.0716,1,1,1,5e-05,1.2837,0.2365,0.059471,0.127348,0.200694,0.236523,-0.003082,0.131371,0.070971
0.35,9,6,416.0,342.0,0.3308,-0.0969,-0.061,1,1,1,0.0001,1.1516,0.1844,0.184387,0.068763,0.118855,0.10435,0.009995,0.06665,0.058268
0.35,9,7,480.0,342.0,0.3132,-0.1502,-0.0427,1,1,1,5e-05,1.023,0.3095,0.309463,0.033589,0.053845,-0.024177,0.005987,-0.00204,0.023838
0.35,9,8,544.0,342.0,0.2923,-0.1914,-0.0209,1,1,1,6e-05,0.9106,0.4234,0.423444,0.018561,0.00526,-0.136626,-0.010693,-0.069066,-0.025522
0.35,9,9,608.0,342.0,0.2711,-0.2214,0.0012,1,1,1,7e-05,0.8179,0.5223,0.522327,0.017249,-0.029652,-0.22932,-0.033461,-0.131647,-0.079526
0.4,0,0,32.0,18.0,0.2845,0.1657,0.2271,1,1,1,5e-05,0.9759,0.6382,-0.30971,0.240984,0.638154,-0.071261,-0.114227,-0.023494,0.22285
0.4,0,1,96.0,18.0,0.2979,0.1373,0.2289,1,1,1,7e-05,0.9352,0.5772,-0.272959,0.202818,0.577185,-0.111962,-0.089067,-0.057872,0.226391
0.4,0,2,160.0,18.0,0.3101,0.1035,0.2305,1,1,1,9e-05,0.8892,0.5091,-0.226363,0.162813,0.509094,-0.157959,-0.064173,-0.099144,0.226028
0.4,0,3,224.0,18.0,0.3195,0.0647,0.2318,1,1,1,3e-05,0.8384,0.435,-0.168939,0.122577,0.435038,-0.20885,-0.041595,-0.147382,0.219131
0.4,0,4,288.0,18.0,0.3248,0.022,0.2325,1,1,1,3e-05,0.7846,0.3572,-0.101822,0.084911,0.357157,-0.262553,-0.023677,-0.200835,0.20281
0.4,0,5,352.0,18.0,0.3248,-0.022,0.2325,1,1,1,4e-05,0.7307,0.3165,-0.026998,0.052405,0.278777,-0.316531,-0.012133,-0.256866,0.175608
0.4,0,6,416.0,18.0,0.3195,-0.0647,0.2318,1,1,1,4e-05,0.6796,0.3676,0.051836,0.027317,0.203473,-0.367617,-0.007423,-0.311923,0.138221
0.4,0,7,480.0,18.0,0.3101,-0.1035,0.2305,1,1,1,6e-05,0.634,0.4132,0.130409,0.010677,0.134235,-0.413202,-0.008668,-0.362853,0.093496
0.4,0,8,544.0,18.0,0.2979,-0.1373,0.2289,1,1,1,7e-05,0.5953,0.4519,0.20501,0.002111,0.072858,-0.451916,-0.014245,-0.407748,0.045216
0.4,0,9,608.0,18.0,0.2845,-0.1657,0.2271,1,1,1,9e-05,0.5636,0.4836,0.273187,0.000282,0.019878,-0.483631,-0.022475,-0.446027,-0.003227
0.4,1,0,32.0,54.0,0.2918,0.1775,0.2081,1,1,1,5e-05,1.0381,0.6456,-0.320069,0.270126,0.645643,-0.009102,-0.123111,0.020571,0.203395
0.4,1,1,96.0,54.0,0.3074,0.1482,0.2087,1,1,1,5e-05,0.9972,0.5818,-0.284006,0.229063,0.581757,-0.050009,-0.095966,-0.011763,0.207815
0.4,1,2,160.0,54.0,0.3218,0.1126,0.2093,1,1,1,7e-05,0.9498,0.5097,-0.237157,0.185236,0.509718,-0.097392,-0.068528,-0.051746,0.208886
0.4,1,3,224.0,54.0,0.3332,0.0707,0.2097,1,1,1,9e-05,0.8962,0.4308,-0.178337,0.140524,0.430812,-0.15104,-0.04321,-0.099737,0.203587
0.4,1,4,288.0,54.0,0.3396,0.0242,0.21,1,1,1,3e-05,0.8377,0.3479,-0.107701,0.097772,0.347855,-0.209476,-0.022918,-0.154676,0.188594
0.4,1,5,352.0,54.0,0.3396,-0.0242,0.21,1,1,1,3e-05,0.7781,0.2691,-0.028428,0.060712,0.264679,-0.269086,-0.010025,-0.213125,0.16154
0.4,1,6,416.0,54.0,0.3332,-0.0707,0.2097,1,1,1,4e-05,0.7211,0.3261,0.055295,0.032071,0.185583,-0.326097,-0.005199,-0.271062,0.123041
0.4,1,7,480.0,54.0,0.3218,-0.1126,0.2093,1,1,1,5e-05,0.6701,0.3771,0.138356,0.013102,0.113887,-0.377146,-0.00731,-0.324714,0.076419
0.4,1,8,544.0,54.0,0.3074,-0.1482,0.2087,1,1,1,6e-05,0.6267,0.4205,0.216485,0.00326,0.051331,-0.420463,-0.014253,-0.371849,0.026159
0.4,1,9,608.0,54.0,0.2918,-0.1775,0.2081,1,1,1,8e-05,0.5913,0.4559,0.287081,0.000866,-0.001836,-0.455873,-0.023926,-0.41186,-0.023849
0.4,2,0,32.0,90.0,0.2987,0.1899,0.1863,1,1,1,5e-05,1.1102,0.6518,-0.332552,0.304009,0.651763,0.063042,-0.133523,0.068236,0.179675
0.4,2,1,96.0,90.0,0.3165,0.1597,0.1852,1,1,1,5e-05,1.07,0.5847,-0.298171,0.259951,0.584748,0.022804,-0.10454,0.038924,0.184491
0.4,2,2,160.0,90.0,0.3334,0.1222,0.1841,1,1,1,4e-05,1.0218,0.5087,-0.251767,0.211705,0.508728,-0.025393,-0.074494,0.00119,0.187014
0.4,2,3,224.0,90.0,0.347,0.0773,0.1833,1,1,1,7e-05,0.9652,0.4249,-0.191618,0.161346,0.424909,-0.08199,-0.046111,-0.045966,0.183902
0.4,2,4,288.0,90.0,0.3548,0.0265,0.1828,1,1,1,9e-05,0.9019,0.3366,-0.118051,0.112558,0.336633,-0.145269,-0.023021,-0.101528,0.171025
0.4,2,5,352.0,90.0,0.3548,-0.0265,0.1828,1,1,1,3e-05,0.8355,0.2488,-0.033692,0.069655,0.248772,-0.211731,-0.008345,-0.162413,0.145299
0.4,2,6,416.0,90.0,0.347,-0.0773,0.1833,1,1,1,4e-05,0.7712,0.276,0.055457,0.036526,0.166127,-0.275972,-0.003155,-0.223411,0.106663
0.4,2,7,480.0,90.0,0.3334,-0.1222,0.1841,1,1,1,4e-05,0.7134,0.3338,0.143534,0.014616,0.092367,-0.333806,-0.006055,-0.280172,0.058872
0.4,2,8,544.0,90.0,0.3165,-0.1597,0.1852,1,1,1,5e-05,0.6643,0.3829,0.225614,0.003152,0.029067,-0.382898,-0.014376,-0.330038,0.007159
0.4,2,9,608.0,90.0,0.2987,-0.1899,0.1863,1,1,1,7e-05,0.6242,0.423,0.298942,1.2e-05,-0.0239,-0.422978,-0.025517,-0.372311,-0.044023
0.4,3,0,32.0,126.0,0.3048,0.2024,0.1615,0,0,0,,,,,,,,,,
0.4,3,1,96.0,126.0,0.3249,0.1715,0.1581,1,1,1,4e-05,1.1566,0.5851,-0.317407,0.296486,0.585124,0.109431,-0.115083,0.094218,0.155531
0.4,3,2,160.0,126.0,0.3443,0.1322,0.1548,1,1,1,4e-05,1.1076,0.5053,-0.271833,0.242693,0.505269,0.060431,-0.082475,0.059356,0.159415
0.4,3,3,224.0,126.0,0.3603,0.0841,0.152,1,1,1,6e-05,1.0482,0.4167,-0.210914,0.185484,0.416669,0.001003,-0.050836,0.014011,0.158975
0.4,3,4,288.0,126.0,0.3695,0.029,0.1505,1,1,1,6e-05,0.979,0.3234,-0.133769,0.128949,0.323446,-0.06818,-0.024443,-0.041842,0.149608
0.4,3,5,352.0,126.0,0.3695,-0.029,0.1505,1,1,1,8e-05,0.9048,0.2311,-0.044372,0.078984,0.231114,-0.142402,-0.007441,-0.104562,0.126699
0.4,3,6,416.0,126.0,0.3603,-0.0841,0.152,1,1,1,3e-05,0.8315,0.2157,0.05126,0.040254,0.14548,-0.215723,-0.001446,-0.168909,0.089487
0.4,3,7,480.0,126.0,0.3443,-0.1322,0.1548,1,1,1,4e-05,0.7652,0.282,0.1451,0.014771,0.070197,-0.282014,-0.004901,-0.229182,0.041628
0.4,3,8,544.0,126.0,0.3249,-0.1715,0.1581,1,1,1,5e-05,0.7089,0.3383,0.231737,0.00137,0.006642,-0.338347,-0.014503,-0.282326,-0.010832
0.4,3,9,608.0,126.0,0.3048,-0.2024,0.1615,1,1,1,6e-05,0.6629,0.3843,0.308257,-0.002641,-0.04575,-0.384301,-0.027077,-0.327456,-0.062763
0.4,4,0,32.0,162.0,0.3097,0.2148,0.1338,0,0,0,,,,,,,,,,
0.4,4,1,96.0,162.0,0.3319,0.1832,0.1274,1,1,1,7e-05,1.2491,0.5809,-0.344666,0.339132,0.580898,0.213107,-0.127725,0.153172,0.120203
0.4,4,2,160.0,162.0,0.3537,0.1422,0.1212,1,1,1,9e-05,1.2109,0.498,-0.300573,0.278647,0.497973,0.16371,-0.092856,0.12213,0.125202
0.4,4,3,224.0,162.0,0.3719,0.091,0.1159,1,1,1,9e-05,1.1475,0.4057,-0.237993,0.212627,0.405671,0.100302,-0.057869,0.078953,0.128207
0.4,4,4,288.0,162.0,0.3825,0.0314,0.1129,1,1,1,4e-05,1.0715,0.3082,-0.156943,0.146741,0.308187,0.024257,-0.027755,0.023617,0.123769
0.4,4,5,352.0,162.0,0.3825,-0.0314,0.1129,1,1,1,5e-05,0.9876,0.2123,-0.061246,0.088154,0.212261,-0.059622,-0.007721,-0.040708,0.1059
0.4,4,6,416.0,162.0,0.3719,-0.091,0.1159,1,1,1,8e-05,0.9035,0.1437,0.041368,0.042866,0.124236,-0.143728,-0.000252,-0.108067,0.072057
0.4,4,7,480.0,162.0,0.3537,-0.1422,0.1212,1,1,1,3e-05,0.8265,0.2207,0.142265,0.013202,0.048139,-0.220724,-0.003802,-0.172324,0.025668
0.4,4,8,544.0,162.0,0.3319,-0.1832,0.1274,1,1,1,4e-05,0.7611,0.2861,0.234257,-0.002384,-0.015195,-0.286073,-0.014443,-0.229237,-0.026672
0.4,4,9,608.0,162.0,0.3097,-0.2148,0.1338,1,1,1,5e-05,0.7079,0.3393,0.314577,-0.007325,-0.066708,-0.339326,-0.028344,-0.277786,-0.078938
0.4,5,0,32.0,198.0,0.313,0.2266,0.1035,0,0,0,,,,,,,,,,
0.4,5,1,96.0,198.0,0.3369,0.1943,0.0935,1,1,1,7e-05,1.2002,0.5695,-0.38609,0.388004,0.569476,0.339957,-0.142353,0.214313,0.078699
0.4,5,2,160.0,198.0,0.3606,0.1516,0.0837,1,1,1,8e-05,1.2689,0.4851,-0.343528,0.319342,0.485058,0.290066,-0.105743,0.188052,0.084416
0.4,5,3,224.0,198.0,0.3805,0.0974,0.0755,1,1,1,7e-05,1.2686,0.3908,-0.27833,0.24283,0.390778,0.221386,-0.067673,0.148045,0.091116
0.4,5,4,288.0,198.0,0.3923,0.0337,0.0706,1,1,1,6e-05,1.1826,0.291,-0.190627,0.165611,0.290971,0.135425,-0.033502,0.093441,0.09334
0.4,5,5,352.0,198.0,0.3923,-0.0337,0.0706,1,1,1,4e-05,1.0857,0.1929,-0.085955,0.096853,0.192864,0.038518,-0.009613,0.027486,0.083089
0.4,5,6,416.0,198.0,0.3805,-0.0974,0.0755,1,1,1,5e-05,0.988,0.1035,0.025483,0.044062,0.103455,-0.059187,0.000256,-0.042824,0.055175
0.4,5,7,480.0,198.0,0.3606,-0.1516,0.0837,1,1,1,9e-05,0.8983,0.1489,0.134055,0.009749,0.027031,-0.148932,-0.002657,-0.110774,0.01199
0.4,5,8,544.0,198.0,0.3369,-0.1943,0.0935,1,1,1,4e-05,0.8216,0.2327,0.232686,-0.008185,-0.035622,-0.225562,-0.013924,-0.171908,-0.039192
0.4,5,9,608.0,198.0,0.313,-0.2266,0.1035,1,1,1,5e-05,0.7595,0.3175,0.317533,-0.014072,-0.086074,-0.287731,-0.028969,-0.224255,-0.09141
0.4,6,0,32.0,234.0,0.3141,0.2373,0.0709,0,0,0,,,,,,,,,,
0.4,6,1,96.0,234.0,0.3391,0.2043,0.0571,0,0,0,,,,,,,,,,
0.4,6,2,160.0,234.0,0.3641,0.1599,0.0434,1,1,1,7e-05,1.2252,0.4649,-0.41024,0.363032,0.464907,0.449318,-0.120372,0.253656,0.039913
0.4,6,3,224.0,234.0,0.3852,0.1031,0.0317,1,1,1,8e-05,1.3137,0.3718,-0.337582,0.274495,0.371773,0.370692,-0.07991,0.218051,0.049787
0.4,6,4,288.0,234.0,0.3976,0.0358,0.0249,1,1,1,5e-05,1.3167,0.2721,-0.238485,0.184754,0.272074,0.269468,-0.041849,0.164981,0.059171
0.4,6,5,352.0,234.0,0.3976,-0.0358,0.0249,1,1,1,6e-05,1.2018,0.1736,-0.120924,0.10492,0.17359,0.154589,-0.013443,0.097785,0.05863
0.4,6,6,416.0,234.0,0.3852,-0.1031,0.0317,1,1,1,2e-05,1.0861,0.084,0.002561,0.043941,0.084034,0.038935,-5.5e-05,0.024489,0.039406
0.4,6,7,480.0,234.0,0.3641,-0.1599,0.0434,1,1,1,7e-05,0.9806,0.1207,0.12066,0.004612,0.007928,-0.066613,-0.001359,-0.047016,0.001536
0.4,6,8,544.0,234.0,0.3391,-0.2043,0.0571,1,1,1,3e-05,0.8906,0.2267,0.226661,-0.015844,-0.053899,-0.156585,-0.012634,-0.112061,-0.04741
0.4,6,9,608.0,234.0,0.3141,-0.2373,0.0709,1,1,1,4e-05,0.8178,0.3169,0.316851,-0.022701,-0.10325,-0.229419,-0.028548,-0.168262,-0.099206
0.4,7,0,32.0,270.0,0.3129,0.2464,0.0369,0,0,0,,,,,,,,,,
0.4,7,1,96.0,270.0,0.3383,0.2125,0.0191,0,0,0,,,,,,,,,,
0.4,7,2,160.0,270.0,0.3636,0.1667,0.0014,1,1,1,0.0001,1.1816,0.6661,-0.52133,0.406642,0.436753,0.666103,-0.133852,0.309336,0.00162
0.4,7,3,224.0,270.0,0.385,0.1075,-0.0136,1,1,1,9e-05,1.2824,0.5645,-0.428889,0.305768,0.348529,0.564531,-0.092823,0.283717,0.010468
0.4,7,4,288.0,270.0,0.3976,0.0373,-0.0224,1,1,1,7e-05,1.3798,0.4339,-0.306349,0.203233,0.252107,0.433902,-0.052149,0.234624,0.024227
0.4,7,5,352.0,270.0,0.3976,-0.0373,-0.0224,1,1,1,5e-05,1.3386,0.2914,-0.168437,0.11222,0.155236,0.291449,-0.019207,0.166986,0.03352
0.4,7,6,416.0,270.0,0.385,-0.1075,-0.0136,1,1,1,4e-05,1.1991,0.1519,-0.028767,0.042859,0.066652,0.151897,-0.001277,0.091178,0.025072
0.4,7,7,480.0,270.0,0.3636,-0.1667,0.0014,1,1,1,0.0001,1.0741,0.101,0.101009,-0.001786,-0.008669,0.026888,0.000194,0.016721,-0.005343
0.4,7,8,544.0,270.0,0.3383,-0.2125,0.0191,1,1,1,0.0001,0.9683,0.2156,0.215607,-0.024992,-0.069585,-0.078926,-0.010283,-0.051664,-0.050769
0.4,7,9,608.0,270.0,0.3129,-0.2464,0.0369,1,1,1,4e-05,0.8827,0.3123,0.312338,-0.03285,-0.117844,-0.164501,-0.026699,-0.111537,-0.101682
0.4,8,0,32.0,306.0,0.3093,0.2536,0.0022,0,0,0,,,,,,,,,,
0.4,8,1,96.0,306.0,0.3343,0.2188,-0.0194,0,0,0,,,,,,,,,,
0.4,8,2,160.0,306.0,0.3591,0.1715,-0.0407,1,1,1,9e-05,1.0444,1.05,-0.742574,0.451596,0.399204,1.050012,-0.138382,0.289355,5.4e-05
0.4,8,3,224.0,306.0,0.3799,0.1106,-0.0587,1,1,1,9e-05,1.2361,0.8583,-0.58762,0.336041,0.320625,0.858263,-0.101536,0.321424,-0.009073
0.4,8,4,288.0,306.0,0.3921,0.0384,-0.0692,1,1,1,9e-05,1.3184,0.6492,-0.408484,0.220276,0.231142,0.649238,-0.062335,0.296014,-0.00442
0.4,8,5,352.0,306.0,0.3921,-0.0384,-0.0692,1,1,1,7e-05,1.3828,0.4547,-0.232643,0.11871,0.138244,0.454679,-0.026386,0.231673,0.009684
0.4,8,6,416.0,306.0,0.3799,-0.1106,-0.0587,1,1,1,7e-05,1.328,0.2808,-0.069501,0.041298,0.051748,0.280752,-0.003432,0.154137,0.012324
0.4,8,7,480.0,306.0,0.3591,-0.1715,-0.0407,1,1,1,9e-05,1.1777,0.1305,0.076121,-0.008644,-0.022167,0.130456,0.001977,0.076959,-0.008673
0.4,8,8,544.0,306.0,0.3343,-0.2188,-0.0194,1,1,1,8e-05,1.0539,0.2001,0.20007,-0.034938,-0.082292,0.006699,-0.006752,0.006579,-0.049204
0.4,8,9,608.0,306.0,0.3093,-0.2536,0.0022,1,1,1,4e-05,0.954,0.3039,0.303883,-0.044057,-0.129712,-0.093225,-0.023143,-0.055959,-0.098644
0.4,9,0,32.0,342.0,0.3033,0.2588,-0.0324,0,0,0,,,,,,,,,,
0.4,9,1,96.0,342.0,0.3272,0.2228,-0.0573,0,0,0,,,,,,,,,,
0.4,9,2,160.0,342.0,0.3507,0.1743,-0.0817,1,1,0,0.01391,0.6645,1.4299,-0.862791,0.48851,0.327586,1.429934,-0.14401,0.071942,0.001652
0.4,9,3,224.0,342.0,0.3702,0.1121,-0.102,1,1,0,0.00675,0.6771,1.4173,-0.824954,0.37479,0.262515,1.417321,-0.108841,0.081421,0.001948
0.4,9,4,288.0,342.0,0.3815,0.0388,-0.1138,1,1,1,0.0001,1.082,1.0124,-0.596867,0.23749,0.205265,1.012379,-0.068278,0.302263,-0.007277
0.4,9,5,352.0,342.0,0.3815,-0.0388,-0.1138,1,1,1,8e-05,1.3271,0.6609,-0.324851,0.124207,0.122091,0.660894,-0.033756,0.287343,-0.008843
0.4,9,6,416.0,342.0,0.3702,-0.1121,-0.102,1,1,1,7e-05,1.4033,0.4286,-0.122344,0.039653,0.039224,0.428612,-0.006459,0.211097,0.001195
0.4,9,7,480.0,342.0,0.3507,-0.1743,-0.0817,1,1,1,8e-05,1.2934,0.2462,0.043264,-0.0156,-0.03302,0.246154,0.003832,0.132574,-0.009342
0.4,9,8,544.0,342.0,0.3272,-0.2228,-0.0573,1,1,1,5e-05,1.1475,0.1796,0.179589,-0.045132,-0.092152,0.100251,-0.002092,0.060731,-0.043317
0.4,9,9,608.0,342.0,0.3033,-0.2588,-0.0324,1,1,1,4e-05,1.0313,0.2914,0.291436,-0.055833,-0.138928,-0.01589,-0.01779,-0.003339,-0.090388
0.45,0,0,32.0,18.0,0.3283,0.2011,0.233,0,0,0,,,,,,,,,,
0.45,0,1,96.0,18.0,0.3453,0.1671,0.2352,1,1,1,7e-05,1.1406,0.5416,-0.541559,0.316494,0.515195,0.093427,-0.136762,0.125015,0.087306
0.45,0,2,160.0,18.0,0.3609,0.1264,0.2373,1,1,1,8e-05,1.0755,0.4871,-0.487115,0.253119,0.44537,0.028311,-0.101715,0.077845,0.098081
0.45,0,3,224.0,18.0,0.3731,0.0791,0.2389,1,1,1,0.0001,1.0075,0.422,-0.422035,0.190769,0.366845,-0.039736,-0.068186,0.02336,0.103603
0.45,0,4,288.0,18.0,0.3798,0.027,0.2398,1,1,1,7e-05,0.9388,0.348,-0.348016,0.132367,0.282271,-0.108396,-0.039444,-0.036389,0.099958
0.45,0,5,352.0,18.0,0.3798,-0.027,0.2398,1,1,1,6e-05,0.8727,0.2684,-0.268379,0.080899,0.195418,-0.174455,-0.018158,-0.0977,0.084216
0.45,0,6,416.0,18.0,0.3731,-0.0791,0.2389,1,1,1,5e-05,0.8116,0.2356,-0.185796,0.038513,0.110752,-0.235585,-0.005273,-0.157069,0.056395
0.45,0,7,480.0,18.0,0.3609,-0.1264,0.2373,1,1,1,7e-05,0.7584,0.2888,-0.105322,0.006487,0.031475,-0.288758,9.9e-05,-0.210467,0.018982
0.45,0,8,544.0,18.0,0.3453,-0.1671,0.2352,1,1,1,9e-05,0.7141,0.3331,-0.030115,-0.015593,-0.040148,-0.333105,-6.5e-05,-0.256091,-0.023805
0.45,0,9,608.0,18.0,0.3283,-0.2011,0.233,1,1,1,3e-05,0.678,0.3692,0.038205,-0.029123,-0.103105,-0.369155,-0.003731,-0.29389,-0.067952
0.45,1,0,32.0,54.0,0.3356,0.2142,0.2098,0,0,0,,,,,,,,,,
0.45,1,1,96.0,54.0,0.355,0.1793,0.2106,1,1,1,7e-05,1.2297,0.5696,-0.56964,0.348312,0.512391,0.182519,-0.147427,0.17446,0.064562
0.45,1,2,160.0,54.0,0.3731,0.1365,0.2113,1,1,1,7e-05,1.1592,0.5114,-0.511409,0.277804,0.441332,0.111967,-0.109855,0.128552,0.07724
0.45,1,3,224.0,54.0,0.3876,0.0859,0.2118,1,1,1,7e-05,1.0844,0.441,-0.440965,0.207737,0.359955,0.037204,-0.073188,0.073732,0.085639
0.45,1,4,288.0,54.0,0.3958,0.0294,0.2121,1,1,1,8e-05,1.008,0.3601,-0.360092,0.14172,0.271531,-0.039245,-0.041398,0.011949,0.085125
0.45,1,5,352.0,54.0,0.3958,-0.0294,0.2121,1,1,1,4e-05,0.9336,0.2726,-0.272578,0.083547,0.180773,-0.113646,-0.017984,-0.052752,0.07175
0.45,1,6,416.0,54.0,0.3876,-0.0859,0.2118,1,1,1,0.0001,0.8652,0.1834,-0.183419,0.036164,0.092608,-0.181982,-0.004316,-0.115314,0.044675
0.45,1,7,480.0,54.0,0.3731,-0.1365,0.2113,1,1,1,6e-05,0.8052,0.242,-0.096277,0.000831,0.01124,-0.242034,0.000679,-0.172208,0.006977
0.45,1,8,544.0,54.0,0.355,-0.1793,0.2106,1,1,1,8e-05,0.7554,0.2918,-0.016101,-0.02302,-0.061391,-0.291823,-0.000517,-0.220577,-0.036671
0.45,1,9,608.0,54.0,0.3356,-0.2142,0.2098,1,1,1,3e-05,0.715,0.3322,0.055703,-0.037231,-0.124434,-0.332167,-0.005399,-0.260514,-0.081639
0.45,2,0,32.0,90.0,0.3421,0.2275,0.1836,0,0,0,,,,,,,,,,
0.45,2,1,96.0,90.0,0.364,0.1918,0.1822,1,1,1,0.0001,1.2031,0.6114,-0.611422,0.385065,0.504425,0.293701,-0.159514,0.228194,0.037877
0.45,2,2,160.0,90.0,0.3849,0.147,0.1809,1,1,1,8e-05,1.2632,0.5475,-0.547546,0.306417,0.433667,0.215989,-0.119677,0.185051,0.051963
0.45,2,3,224.0,90.0,0.4018,0.0931,0.1799,1,1,1,7e-05,1.1796,0.4698,-0.469768,0.227288,0.350526,0.132395,-0.079823,0.130909,0.063421
0.45,2,4,288.0,90.0,0.4115,0.032,0.1793,1,1,1,7e-05,1.0931,0.3802,-0.380208,0.152262,0.258922,0.045925,-0.044624,0.067644,0.066987
0.45,2,5,352.0,90.0,0.4115,-0.032,0.1793,1,1,1,6e-05,1.0081,0.2832,-0.283233,0.086191,0.16475,-0.039057,-0.018587,-0.000314,0.057381
0.45,2,6,416.0,90.0,0.4018,-0.0931,0.1799,1,1,1,1e-05,0.9297,0.185,-0.184951,0.032862,0.073893,-0.117478,-0.003741,-0.066959,0.032624
0.45,2,7,480.0,90.0,0.3849,-0.147,0.1809,1,1,1,4e-05,0.8612,0.186,-0.090588,-0.006235,-0.009141,-0.185986,0.001105,-0.127558,-0.004379
0.45,2,8,544.0,90.0,0.364,-0.1918,0.1822,1,1,1,7e-05,0.8043,0.2429,-0.004603,-0.032046,-0.082253,-0.242861,-0.001028,-0.179302,-0.048176
0.45,2,9,608.0,90.0,0.3421,-0.2275,0.1836,1,1,1,0.0001,0.7586,0.2886,0.070926,-0.047047,-0.145053,-0.288634,-0.007064,-0.221826,-0.093545
0.45,3,0,32.0,126.0,0.3475,0.2408,0.1542,0,0,0,,,,,,,,,,
0.45,3,1,96.0,126.0,0.3718,0.2043,0.1501,0,0,0,,,,,,,,,,
0.45,3,2,160.0,126.0,0.3953,0.1577,0.146,1,1,1,7e-05,1.2496,0.6035,-0.603521,0.338614,0.420752,0.349815,-0.13093,0.246293,0.023155
0.45,3,3,224.0,126.0,0.4148,0.1005,0.1427,1,1,1,9e-05,1.2999,0.5138,-0.513838,0.249176,0.337842,0.252713,-0.08823,0.194519,0.037052
0.45,3,4,288.0,126.0,0.426,0.0346,0.1408,1,1,1,7e-05,1.1992,0.4119,-0.411929,0.163745,0.244352,0.151984,-0.049453,0.1306,0.045359
0.45,3,5,352.0,126.0,0.426,-0.0346,0.1408,1,1,1,6e-05,1.0999,0.3027,-0.302674,0.088571,0.147667,0.052696,-0.020246,0.059571,0.041158
0.45,3,6,416.0,126.0,0.4148,-0.1005,0.1427,1,1,1,5e-05,1.008,0.193,-0.192964,0.028469,0.054946,-0.039195,-0.003623,-0.011543,0.020577
0.45,3,7,480.0,126.0,0.3953,-0.1577,0.146,1,1,1,5e-05,0.9283,0.1189,-0.089729,-0.01487,-0.029059,-0.118863,0.001493,-0.076449,-0.014291
0.45,3,8,544.0,126.0,0.3718,-0.2043,0.1501,1,1,1,6e-05,0.8621,0.1851,0.003367,-0.042771,-0.102065,-0.185122,-0.001351,-0.132363,-0.057335
0.45,3,9,608.0,126.0,0.3475,-0.2408,0.1542,1,1,1,9e-05,0.809,0.2382,0.083776,-0.058477,-0.164145,-0.238221,-0.00846,-0.178394,-0.102619
0.45,4,0,32.0,162.0,0.3512,0.2536,0.1219,0,0,0,,,,,,,,,,
0.45,4,1,96.0,162.0,0.3776,0.2165,0.1143,0,0,0,,,,,,,,,,
0.45,4,2,160.0,162.0,0.4035,0.1681,0.1068,1,1,1,7e-05,1.2154,0.6949,-0.694899,0.372819,0.401185,0.532868,-0.142034,0.307235,-0.004137
0.45,4,3,224.0,162.0,0.4252,0.1076,0.1006,1,1,1,6e-05,1.3156,0.5837,-0.583712,0.272637,0.321073,0.411611,-0.097878,0.262768,0.008721
0.45,4,4,288.0,162.0,0.4379,0.0372,0.0969,1,1,1,0.0001,1.3339,0.4611,-0.461063,0.175704,0.22784,0.286747,-0.055971,0.199833,0.020939
0.45,4,5,352.0,162.0,0.4379,-0.0372,0.0969,1,1,1,6e-05,1.2134,0.3342,-0.334195,0.090432,0.130004,0.166186,-0.023193,0.126091,0.023422
0.45,4,6,416.0,162.0,0.4252,-0.1076,0.1006,1,1,1,5e-05,1.103,0.2098,-0.209753,0.022869,0.036364,0.055828,-0.004026,0.050334,0.009079
0.45,4,7,480.0,162.0,0.4035,-0.1681,0.1068,1,1,1,7e-05,1.0077,0.0944,-0.094409,-0.024965,-0.047637,-0.039527,0.002004,-0.019975,-0.021806
0.45,4,8,544.0,162.0,0.3776,-0.2165,0.1143,1,1,1,4e-05,0.9296,0.1202,0.006695,-0.055154,-0.120159,-0.117554,-0.001139,-0.080379,-0.063109
0.45,4,9,608.0,162.0,0.3512,-0.2536,0.1219,1,1,1,8e-05,0.8671,0.1812,0.093002,-0.071553,-0.181231,-0.180086,-0.009137,-0.130574,-0.107859
0.45,5,0,32.0,198.0,0.3529,0.2654,0.0869,0,0,0,,,,,,,,,,
0.45,5,1,96.0,198.0,0.3808,0.2276,0.0753,0,0,0,,,,,,,,,,
0.45,5,2,160.0,198.0,0.4085,0.1775,0.0639,1,1,1,9e-05,1.1805,0.8626,-0.862578,0.407686,0.374072,0.826331,-0.147565,0.340273,-0.012019
0.45,5,3,224.0,198.0,0.4319,0.1141,0.0542,1,1,1,8e-05,1.2882,0.7015,-0.701546,0.296369,0.299817,0.64134,-0.10616,0.326276,-0.012794
0.45,5,4,288.0,198.0,0.4456,0.0395,0.0485,1,1,1,9e-05,1.3419,0.5394,-0.539384,0.187414,0.209298,0.466573,-0.063479,0.272577,-0.003182
0.45,5,5,352.0,198.0,0.4456,-0.0395,0.0485,1,1,1,0.0001,1.3559,0.3831,-0.383074,0.091526,0.112245,0.308711,-0.027449,0.197459,0.00514
0.45,5,6,416.0,198.0,0.4319,-0.1141,0.0542,1,1,1,5e-05,1.2182,0.2379,-0.237889,0.016114,0.018851,0.171015,-0.004983,0.117,-0.001234
0.45,5,7,480.0,198.0,0.4085,-0.1775,0.0639,1,1,1,9e-05,1.1019,0.1075,-0.10746,-0.036494,-0.064495,0.054692,0.00286,0.041107,-0.026252
0.45,5,8,544.0,198.0,0.3808,-0.2276,0.0753,1,1,1,3e-05,1.0081,0.136,0.004087,-0.069028,-0.136007,-0.039077,-0.0,-0.02449,-0.06459
0.45,5,9,608.0,198.0,0.3529,-0.2654,0.0869,1,1,1,7e-05,0.9335,0.1959,0.097701,-0.086109,-0.195864,-0.113678,-0.008613,-0.079381,-0.108345
0.45,6,0,32.0,234.0,0.3521,0.2757,0.05,0,0,0,,,,,,,,,,
0.45,6,1,96.0,234.0,0.3809,0.2372,0.0341,0,0,0,,,,,,,,,,
0.45,6,2,160.0,234.0,0.4096,0.1855,0.0183,1,1,0,0.00763,0.6724,1.422,-1.134081,0.457504,0.315673,1.421996,-0.148172,0.079952,0.004305
0.45,6,3,224.0,234.0,0.4338,0.1195,0.0049,1,1,1,0.0001,0.9679,1.1265,-0.959956,0.325569,0.267136,1.126452,-0.106084,0.273283,0.003374
0.45,6,4,288.0,234.0,0.4481,0.0414,-0.0029,1,1,1,8e-05,1.2802,0.7401,-0.67702,0.19819,0.187863,0.740102,-0.069172,0.334238,-0.016363
0.45,6,5,352.0,234.0,0.4481,-0.0414,-0.0029,1,1,1,0.0001,1.3441,0.4962,-0.460333,0.091409,0.09444,0.496182,-0.032518,0.270353,-0.011166
0.45,6,6,416.0,234.0,0.4338,-0.1195,0.0049,1,1,1,8e-05,1.359,0.3118,-0.281462,0.008317,0.002838,0.311813,-0.006494,0.18607,-0.009781
0.45,6,7,480.0,234.0,0.4096,-0.1855,0.0183,1,1,1,9e-05,1.2131,0.1659,-0.130622,-0.04913,-0.079137,0.165867,0.004183,0.104591,-0.027173
0.45,6,8,544.0,234.0,0.3809,-0.2372,0.0341,1,1,1,4e-05,1.0982,0.1492,-0.005329,-0.08399,-0.149205,0.051022,0.002387,0.033366,-0.0612
0.45,6,9,608.0,234.0,0.3521,-0.2757,0.05,1,1,1,5e-05,1.0087,0.2078,0.096991,-0.101884,-0.207801,-0.038515,-0.006435,-0.026225,-0.103435
0.45,7,0,32.0,270.0,0.3487,0.2842,0.0119,0,0,0,,,,,,,,,,
0.45,7,1,96.0,270.0,0.3775,0.2448,-0.0083,0,0,0,,,,,,,,,,
0.45,7,2,160.0,270.0,0.4062,0.1916,-0.0284,1,1,0,0.03054,0.6673,1.4271,-1.036133,0.476282,0.22035,1.427079,-0.148738,0.069376,-0.003711
0.45,7,3,224.0,270.0,0.4303,0.1235,-0.0453,1,1,0,0.0205,0.6693,1.4251,-0.999422,0.355501,0.17289,1.425108,-0.116973,0.070657,-0.002046
0.45,7,4,288.0,270.0,0.4445,0.0428,-0.0552,1,1,0,0.00436,0.7023,1.3921,-0.953235,0.217008,0.135445,1.392085,-0.076256,0.099239,0.000618
0.45,7,5,352.0,270.0,0.4445,-0.0428,-0.0552,1,1,1,0.0001,1.285,0.7809,-0.596817,0.089005,0.074888,0.780854,-0.036771,0.329449,-0.017632
0.45,7,6,416.0,270.0,0.4303,-0.1235,-0.0453,1,1,1,7e-05,1.3599,0.4901,-0.348822,-0.000701,-0.011832,0.490092,-0.00851,0.254508,-0.015841
0.45,7,7,480.0,270.0,0.4062,-0.1916,-0.0284,1,1,1,5e-05,1.3448,0.2976,-0.166891,-0.062591,-0.091469,0.297623,0.005919,0.16816,-0.024741
0.45,7,8,544.0,270.0,0.3775,-0.2448,-0.0083,1,1,1,5e-05,1.2017,0.1598,-0.023573,-0.099823,-0.159795,0.154529,0.0062,0.091527,-0.052966
0.45,7,9,608.0,270.0,0.3487,-0.2842,0.0119,1,1,1,6e-05,1.0933,0.217,0.089839,-0.118614,-0.217049,0.046064,-0.002275,0.02733,-0.092926
0.45,8,0,32.0,306.0,0.3427,0.2905,-0.0266,0,0,0,,,,,,,,,,
0.45,8,1,96.0,306.0,0.3707,0.25,-0.0508,0,0,0,,,,,,,,,,
0.45,8,2,160.0,306.0,0.3983,0.1956,-0.0746,0,1,0,0.05207,,1.4238,,,,,,,
0.45,8,3,224.0,306.0,0.4215,0.1259,-0.0946,1,1,0,0.04321,0.6727,1.4217,-0.901847,0.372426,0.06137,1.421651,-0.121006,0.065061,-0.0074
0.45,8,4,288.0,306.0,0.4351,0.0436,-0.1063,1,1,0,0.02784,0.6743,1.4201,-0.869854,0.236101,0.026734,1.420105,-0.089611,0.067705,-0.004298
0.45,8,5,352.0,306.0,0.4351,-0.0436,-0.1063,1,1,0,0.00602,0.6892,1.4052,-0.835828,0.089989,0.017049,1.405153,-0.049022,0.084194,-0.002567
0.45,8,6,416.0,306.0,0.4215,-0.1259,-0.0946,1,1,1,9e-05,1.3012,0.7417,-0.46147,-0.012149,-0.026738,0.741735,-0.01094,0.313208,-0.017237
0.45,8,7,480.0,306.0,0.3983,-0.1956,-0.0746,1,1,1,6e-05,1.3853,0.4563,-0.220742,-0.076653,-0.101715,0.456286,0.007715,0.229102,-0.019885
0.45,8,8,544.0,306.0,0.3707,-0.25,-0.0508,1,1,1,7e-05,1.3204,0.2732,-0.052177,-0.116091,-0.167886,0.273204,0.011268,0.147839,-0.040683
0.45,8,9,608.0,306.0,0.3427,-0.2905,-0.0266,1,1,1,4e-05,1.1874,0.2237,0.075971,-0.135746,-0.22367,0.140187,0.00391,0.079212,-0.077228
0.45,9,0,32.0,342.0,0.3341,0.2945,-0.0644,0,0,0,,,,,,,,,,
0.45,9,1,96.0,342.0,0.3606,0.2529,-0.092,0,0,0,,,,,,,,,,
0.45,9,2,160.0,342.0,0.3865,0.1973,-0.119,0,1,0,0.07176,,1.4205,,,,,,,
0.45,9,3,224.0,342.0,0.408,0.1267,-0.1413,0,1,0,0.06384,,1.4181,,,,,,,
0.45,9,4,288.0,342.0,0.4204,0.0438,-0.1543,1,1,0,0.04925,0.678,1.4164,-0.780705,0.253523,-0.084711,1.416404,-0.100398,0.061562,-0.007145
0.45,9,5,352.0,342.0,0.4204,-0.0438,-0.1543,1,1,0,0.02791,0.6784,1.416,-0.754943,0.110446,-0.089284,1.416002,-0.064331,0.066226,-0.004218
0.45,9,6,416.0,342.0,0.408,-0.1267,-0.1413,1,1,0,0.00189,0.7664,1.328,-0.70373,-0.030171,-0.065468,1.328049,-0.021146,0.145681,-0.004106
0.45,9,7,480.0,342.0,0.3865,-0.1973,-0.119,1,1,1,8e-05,1.3304,0.6605,-0.304261,-0.091975,-0.111009,0.660521,0.00878,0.284065,-0.014373
0.45,9,8,544.0,342.0,0.3606,-0.2529,-0.092,1,1,1,6e-05,1.4137,0.4109,-0.094144,-0.132531,-0.173873,0.41089,0.017017,0.200745,-0.026141
0.45,9,9,608.0,342.0,0.3341,-0.2945,-0.0644,1,1,1,7e-05,1.293,0.2458,0.053432,-0.153199,-0.228091,0.245762,0.011898,0.128456,-0.057434
0.5,0,0,32.0,18.0,0.3709,0.2356,0.2386,0,0,0,,,,,,,,,,
0.5,0,1,96.0,18.0,0.3915,0.1962,0.2413,1,1,1,8e-05,1.1882,0.9116,-0.911646,0.399961,0.40642,0.40315,-0.178874,0.310019,-0.024493
0.5,0,2,160.0,18.0,0.4104,0.1487,0.2439,1,1,1,6e-05,1.2735,0.8156,-0.815619,0.314674,0.352781,0.290286,-0.137082,0.262943,-0.011544
0.5,0,3,224.0,18.0,0.4253,0.0932,0.2458,1,1,1,8e-05,1.2308,0.7174,-0.717375,0.230677,0.282259,0.183558,-0.094257,0.203768,0.001639
0.5,0,4,288.0,18.0,0.4336,0.0318,0.2469,1,1,1,7e-05,1.1325,0.618,-0.618049,0.151935,0.199457,0.085313,-0.054792,0.137332,0.009773
0.5,0,5,352.0,18.0,0.4336,-0.0318,0.2469,1,1,1,8e-05,1.0444,0.5193,-0.519255,0.081599,0.110508,-0.002774,-0.022781,0.068958,0.007922
0.5,0,6,416.0,18.0,0.4253,-0.0932,0.2458,1,1,1,4e-05,0.9685,0.424,-0.423966,0.021889,0.021106,-0.078738,-0.000283,0.004194,-0.006176
0.5,0,7,480.0,18.0,0.4104,-0.1487,0.2439,1,1,1,5e-05,0.905,0.3342,-0.334175,-0.026108,-0.064124,-0.142207,0.013193,-0.053277,-0.031005
0.5,0,8,544.0,18.0,0.3915,-0.1962,0.2413,1,1,1,8e-05,0.8538,0.252,-0.252043,-0.062619,-0.142346,-0.193406,0.019721,-0.101497,-0.062777
0.5,0,9,608.0,18.0,0.3709,-0.2356,0.2386,1,1,1,8e-05,0.8141,0.2331,-0.179615,-0.089304,-0.212538,-0.233131,0.021738,-0.139945,-0.097532
0.5,1,0,32.0,54.0,0.378,0.2498,0.2115,0,0,0,,,,,,,,,,
0.5,1,1,96.0,54.0,0.4013,0.2094,0.2124,0,0,0,,,,,,,,,,
0.5,1,2,160.0,54.0,0.4231,0.1597,0.2132,1,1,1,8e-05,1.2535,0.8811,-0.881132,0.334675,0.342566,0.429444,-0.145142,0.312536,-0.023906
0.5,1,3,224.0,54.0,0.4406,0.1007,0.2139,1,1,1,5e-05,1.3452,0.7625,-0.762542,0.242956,0.273003,0.300036,-0.1008,0.256717,-0.012372
0.5,1,4,288.0,54.0,0.4505,0.0345,0.2142,1,1,1,6e-05,1.2299,0.6458,-0.645793,0.155992,0.188619,0.182737,-0.058745,0.188796,-0.002589
0.5,1,5,352.0,54.0,0.4505,-0.0345,0.2142,1,1,1,5e-05,1.1266,0.5327,-0.532663,0.078368,0.096824,0.079373,-0.024322,0.116685,-0.001615
0.5,1,6,416.0,54.0,0.4406,-0.1007,0.2139,1,1,1,6e-05,1.0381,0.4253,-0.42526,0.01313,0.004836,-0.009072,-0.000469,0.047305,-0.0134
0.5,1,7,480.0,54.0,0.4231,-0.1597,0.2132,1,1,1,8e-05,0.965,0.3261,-0.326081,-0.038408,-0.082157,-0.082159,0.013187,-0.014344,-0.037101
0.5,1,8,544.0,54.0,0.4013,-0.2094,0.2124,1,1,1,8e-05,0.9066,0.2371,-0.237103,-0.07675,-0.161214,-0.140625,0.019138,-0.065916,-0.068628
0.5,1,9,608.0,54.0,0.378,-0.2498,0.2115,1,1,1,5e-05,0.8611,0.2313,-0.159568,-0.103878,-0.231254,-0.186079,0.020255,-0.107153,-0.103404
0.5,2,0,32.0,90.0,0.3841,0.264,0.181,0,0,0,,,,,,,,,,
0.5,2,1,96.0,90.0,0.4101,0.2229,0.1793,0,0,0,,,,,,,,,,
0.5,2,2,160.0,90.0,0.4349,0.1711,0.1778,1,1,1,8e-05,1.2329,0.9898,-0.989805,0.35533,0.327775,0.632748,-0.150387,0.356189,-0.027415
0.5,2,3,224.0,90.0,0.455,0.1085,0.1765,1,1,1,9e-05,1.3005,0.8348,-0.834787,0.255864,0.260923,0.459184,-0.106983,0.313882,-0.024456
0.5,2,4,288.0,90.0,0.4666,0.0373,0.1758,1,1,1,9e-05,1.3573,0.691,-0.691002,0.160038,0.176102,0.310085,-0.063333,0.247801,-0.015722
0.5,2,5,352.0,90.0,0.4666,-0.0373,0.1758,1,1,1,5e-05,1.2306,0.5575,-0.557499,0.074351,0.082279,0.183363,-0.02652,0.172425,-0.01187
0.5,2,6,416.0,90.0,0.455,-0.1085,0.1765,1,1,1,4e-05,1.1245,0.4345,-0.43449,0.003,-0.011669,0.077309,-0.000977,0.098076,-0.020234
0.5,2,7,480.0,90.0,0.4349,-0.1711,0.1778,1,1,1,5e-05,1.0381,0.3236,-0.323602,-0.052387,-0.099783,-0.009074,0.013186,0.031493,-0.041643
0.5,2,8,544.0,90.0,0.4101,-0.2229,0.1793,1,1,1,5e-05,0.9695,0.226,-0.226043,-0.092573,-0.179028,-0.077657,0.018758,-0.024388,-0.072073
0.5,2,9,608.0,90.0,0.3841,-0.264,0.181,1,1,1,2e-05,0.9162,0.2485,-0.142265,-0.120012,-0.248464,-0.131008,0.019081,-0.069328,-0.106411
0.5,3,0,32.0,126.0,0.3887,0.2779,0.1472,0,0,0,,,,,,,,,,
0.5,3,1,96.0,126.0,0.4171,0.2361,0.1423,0,0,0,,,,,,,,,,
0.5,3,2,160.0,126.0,0.4447,0.1824,0.1376,1,1,1,0.0001,1.0688,1.208,-1.207972,0.379764,0.30471,1.025588,-0.146132,0.317835,0.000873
0.5,3,3,224.0,126.0,0.4676,0.1163,0.1337,1,1,1,8e-05,1.2534,0.9637,-0.963669,0.268959,0.244673,0.708141,-0.109634,0.361069,-0.024461
0.5,3,4,288.0,126.0,0.4808,0.0401,0.1314,1,1,1,0.0001,1.3023,0.7675,-0.767522,0.163398,0.161421,0.488074,-0.067645,0.312159,-0.026324
0.5,3,5,352.0,126.0,0.4808,-0.0401,0.1314,1,1,1,8e-05,1.3663,0.6005,-0.600524,0.069134,0.066952,0.319061,-0.029277,0.236056,-0.021861
0.5,3,6,416.0,126.0,0.4676,-0.1163,0.1337,1,1,1,0.0001,1.2324,0.4549,-0.454903,-0.008641,-0.027926,0.185201,-0.001784,0.156316,-0.026009
0.5,3,7,480.0,126.0,0.4447,-0.1824,0.1376,1,1,1,9e-05,1.1268,0.3285,-0.328525,-0.068008,-0.116358,0.07957,0.013354,0.083876,-0.043788
0.5,3,8,544.0,126.0,0.4171,-0.2361,0.1423,1,1,1,0.0001,1.0442,0.2202,-0.220155,-0.110015,-0.195195,-0.003027,0.018891,0.022715,-0.072166
0.5,3,9,608.0,126.0,0.3887,-0.2779,0.1472,1,1,1,7e-05,0.9803,0.2638,-0.128919,-0.137752,-0.263767,-0.06685,0.018621,-0.026709,-0.105644
0.5,4,0,32.0,162.0,0.3913,0.2911,0.1103,0,0,0,,,,,,,,,,
0.5,4,1,96.0,162.0,0.4218,0.2486,0.1015,0,0,0,,,,,,,,,,
0.5,4,2,160.0,162.0,0.4517,0.1931,0.0929,1,1,0,0.01664,0.6674,1.427,-1.323325,0.420355,0.230571,1.427035,-0.15078,0.073483,0.000508
0.5,4,3,224.0,162.0,0.4768,0.1237,0.0857,1,1,0,0.00216,0.7534,1.341,-1.252977,0.293327,0.205072,1.340989,-0.107728,0.1424,0.006518
0.5,4,4,288.0,162.0,0.4915,0.0428,0.0815,1,1,1,9e-05,1.2544,0.9142,-0.914212,0.165117,0.142533,0.784502,-0.068683,0.359993,-0.022547
0.5,4,5,352.0,162.0,0.4915,-0.0428,0.0815,1,1,1,0.0001,1.3094,0.6761,-0.676073,0.061766,0.050493,0.50844,-0.032013,0.304998,-0.028724
0.5,4,6,416.0,162.0,0.4768,-0.1237,0.0857,1,1,1,6e-05,1.3716,0.4937,-0.493718,-0.022312,-0.043866,0.324372,-0.00281,0.221778,-0.029879
0.5,4,7,480.0,162.0,0.4517,-0.1931,0.0929,1,1,1,8e-05,1.2358,0.345,-0.344961,-0.085513,-0.131597,0.188645,0.013893,0.14261,-0.042822
0.5,4,8,544.0,162.0,0.4218,-0.2486,0.1015,1,1,1,7e-05,1.1334,0.2224,-0.222382,-0.129295,-0.20941,0.08619,0.01993,0.075248,-0.068063
0.5,4,9,608.0,162.0,0.3913,-0.2911,0.1103,1,1,1,6e-05,1.0553,0.2767,-0.121631,-0.157245,-0.276741,0.008147,0.019363,0.020462,-0.100148
0.5,5,0,32.0,198.0,0.3914,0.3029,0.0709,0,0,0,,,,,,,,,,
0.5,5,1,96.0,198.0,0.4233,0.2597,0.0577,0,0,0,,,,,,,,,,
0.5,5,2,160.0,198.0,0.4549,0.2026,0.0446,0,0,0,,,,,,,,,,
0.5,5,3,224.0,198.0,0.4816,0.1302,0.0336,1,1,0,0.02709,0.6716,1.4228,-1.187227,0.321286,0.102079,1.422763,-0.118192,0.070958,-0.003801
0.5,5,4,288.0,198.0,0.4972,0.0451,0.0271,1,1,0,0.00856,0.6776,1.4168,-1.146857,0.177542,0.077736,1.416829,-0.076591,0.076843,-0.001587
0.5,5,5,352.0,198.0,0.4972,-0.0451,0.0271,1,1,1,9e-05,1.2615,0.8329,-0.828618,0.04946,0.029744,0.832874,-0.033089,0.352821,-0.022242
0.5,5,6,416.0,198.0,0.4816,-0.1302,0.0336,1,1,1,8e-05,1.3232,0.5629,-0.562915,-0.038963,-0.05968,0.513608,-0.00394,0.291229,-0.030276
0.5,5,7,480.0,198.0,0.4549,-0.2026,0.0446,1,1,1,5e-05,1.3723,0.3781,-0.37806,-0.105131,-0.145298,0.325112,0.014862,0.206317,-0.038299
0.5,5,8,544.0,198.0,0.4233,-0.2597,0.0577,1,1,1,6e-05,1.24,0.2351,-0.235121,-0.150278,-0.221343,0.192781,0.022135,0.131873,-0.059248
0.5,5,9,608.0,198.0,0.3914,-0.3029,0.0709,1,1,1,5e-05,1.1426,0.2871,-0.121894,-0.178333,-0.287128,0.095356,0.02171,0.071051,-0.089322
0.5,6,0,32.0,234.0,0.3888,0.3129,0.0297,0,0,0,,,,,,,,,,
0.5,6,1,96.0,234.0,0.4213,0.269,0.0118,0,0,0,,,,,,,,,,
0.5,6,2,160.0,234.0,0.4536,0.2103,-0.006,0,0,0,,,,,,,,,,
0.5,6,3,224.0,234.0,0.4809,0.1354,-0.021,0,1,0,0.05224,,1.4189,,,,,,,
0.5,6,4,288.0,234.0,0.4969,0.0469,-0.0298,1,1,0,0.03449,0.6767,1.4177,-1.049884,0.201753,-0.043211,1.417682,-0.08969,0.068138,-0.005429
0.5,6,5,352.0,234.0,0.4969,-0.0469,-0.0298,1,1,0,0.01153,0.6782,1.4162,-1.013332,0.046681,-0.050303,1.416203,-0.048157,0.072228,-0.003674
0.5,6,6,416.0,234.0,0.4809,-0.1354,-0.021,1,1,1,9e-05,1.2683,0.8261,-0.702604,-0.062891,-0.078724,0.826119,-0.005347,0.3431,-0.022431
0.5,6,7,480.0,234.0,0.4536,-0.2103,-0.006,1,1,1,0.0001,1.3423,0.5033,-0.437334,-0.127618,-0.157795,0.50333,0.015958,0.272139,-0.030455
0.5,6,8,544.0,234.0,0.4213,-0.269,0.0118,1,1,1,8e-05,1.369,0.3218,-0.262469,-0.17306,-0.231028,0.321845,0.025502,0.191084,-0.045991
0.5,6,9,608.0,234.0,0.3888,-0.3129,0.0297,1,1,1,5e-05,1.2442,0.2949,-0.131917,-0.200932,-0.294903,0.197018,0.025905,0.123817,-0.073109
0.5,7,0,32.0,270.0,0.3833,0.3208,-0.0124,0,0,0,,,,,,,,,,
0.5,7,1,96.0,270.0,0.4155,0.276,-0.0349,0,0,0,,,,,,,,,,
0.5,7,2,160.0,270.0,0.4474,0.2159,-0.0572,0,0,0,,,,,,,,,,
0.5,7,3,224.0,270.0,0.4742,0.139,-0.076,0,1,0,0.07647,,1.4147,,,,,,,
0.5,7,4,288.0,270.0,0.49,0.0482,-0.0871,0,1,0,0.05958,,1.4133,,,,,,,
0.5,7,5,352.0,270.0,0.49,-0.0482,-0.0871,1,1,0,0.03678,0.6814,1.413,-0.919721,0.071529,-0.175869,1.412952,-0.064873,0.06587,-0.004744
0.5,7,6,416.0,270.0,0.4742,-0.139,-0.076,1,1,0,0.01008,0.6828,1.4116,-0.887693,-0.082746,-0.154244,1.411631,-0.023312,0.072398,-0.004515
0.5,7,7,480.0,270.0,0.4474,-0.2159,-0.0572,1,1,1,9e-05,1.2863,0.7744,-0.552145,-0.1569,-0.171705,0.774423,0.015788,0.328087,-0.020341
0.5,7,8,544.0,270.0,0.4155,-0.276,-0.0349,1,1,1,6e-05,1.3633,0.4843,-0.312141,-0.198268,-0.238974,0.484284,0.029446,0.251086,-0.029959
0.5,7,9,608.0,270.0,0.3833,-0.3208,-0.0124,1,1,1,6e-05,1.364,0.3168,-0.154766,-0.224999,-0.300265,0.316783,0.031816,0.177412,-0.052404
0.5,8,0,32.0,306.0,0.375,0.3262,-0.0545,0,0,0,,,,,,,,,,
0.5,8,1,96.0,306.0,0.406,0.2804,-0.0812,0,0,0,,,,,,,,,,
0.5,8,2,160.0,306.0,0.4364,0.219,-0.1075,0,0,0,,,,,,,,,,
0.5,8,3,224.0,306.0,0.462,0.1408,-0.1295,0,1,0,0.09904,,1.4108,,,,,,,
0.5,8,4,288.0,306.0,0.4768,0.0488,-0.1423,0,1,0,0.08303,,1.4091,,,,,,,
0.5,8,5,352.0,306.0,0.4768,-0.0488,-0.1423,0,1,0,0.06061,,1.4086,,,,,,,
0.5,8,6,416.0,306.0,0.462,-0.1408,-0.1295,1,1,0,0.03369,0.6849,1.4095,-0.802373,-0.055792,-0.272374,1.409545,-0.041093,0.064901,-0.003425
0.5,8,7,480.0,306.0,0.4364,-0.219,-0.1075,1,1,0,0.0052,0.7036,1.3908,-0.770771,-0.197488,-0.225065,1.390828,-0.000529,0.088439,-0.00571
0.5,8,8,544.0,306.0,0.406,-0.2804,-0.0812,1,1,1,7e-05,1.3086,0.7095,-0.40171,-0.22802,-0.246817,0.709545,0.032096,0.305838,-0.015475
0.5,8,9,608.0,306.0,0.375,-0.3262,-0.0545,1,1,1,7e-05,1.3839,0.4618,-0.195673,-0.250716,-0.303708,0.461826,0.038673,0.230528,-0.029647
0.5,9,0,32.0,342.0,0.364,0.3292,-0.0956,0,0,0,,,,,,,,,,
0.5,9,1,96.0,342.0,0.3931,0.2822,-0.1258,0,0,0,,,,,,,,,,
0.5,9,2,160.0,342.0,0.4214,0.2198,-0.1553,0,0,0,,,,,,,,,,
0.5,9,3,224.0,342.0,0.4448,0.1409,-0.1796,0,1,0,0.11949,,1.4075,,,,,,,
0.5,9,4,288.0,342.0,0.4584,0.0487,-0.1937,0,1,0,0.10429,,1.4056,,,,,,,
0.5,9,5,352.0,342.0,0.4584,-0.0487,-0.1937,0,1,0,0.08244,,1.4049,,,,,,,
0.5,9,6,416.0,342.0,0.4448,-0.1409,-0.1796,0,1,0,0.05568,,1.4056,,,,,,,
0.5,9,7,480.0,342.0,0.4214,-0.2198,-0.1553,1,1,0,0.02681,0.6868,1.4076,-0.700084,-0.169406,-0.329926,1.407614,-0.01675,0.065297,-0.003005
0.5,9,8,544.0,342.0,0.3931,-0.2822,-0.1258,1,1,0,0.00034,0.8919,1.2025,-0.611211,-0.277005,-0.270089,1.202525,0.024014,0.227184,-0.010564
0.5,9,9,608.0,342.0,0.364,-0.3292,-0.0956,1,1,1,0.0001,1.3339,0.6491,-0.265372,-0.279,-0.306329,0.649055,0.044614,0.28052,-0.010043
0.55,0,0,32.0,18.0,0.4127,0.2695,0.2442,0,0,0,,,,,,,,,,
0.55,0,1,96.0,18.0,0.4368,0.2248,0.2474,0,0,0,,,,,,,,,,
0.55,0,2,160.0,18.0,0.4591,0.1706,0.2503,1,1,1,9e-05,1.2309,1.3205,-1.320539,0.313165,0.245621,0.81634,-0.142626,0.383567,-0.021937
0.55,0,3,224.0,18.0,0.4767,0.1071,0.2526,1,1,1,0.0001,1.239,1.1117,-1.111704,0.223364,0.190344,0.557693,-0.105829,0.375426,-0.044827
0.55,0,4,288.0,18.0,0.4865,0.0366,0.254,1,1,1,7e-05,1.2963,0.944,-0.944004,0.135181,0.11468,0.372837,-0.063445,0.318125,-0.048156
0.55,0,5,352.0,18.0,0.4865,-0.0366,0.254,1,1,1,5e-05,1.2795,0.8019,-0.801907,0.053345,0.027408,0.232292,-0.023607,0.246846,-0.046405
0.55,0,6,416.0,18.0,0.4767,-0.1071,0.2526,1,1,1,0.0001,1.1709,0.6783,-0.6783,-0.018808,-0.063192,0.123747,0.008246,0.176382,-0.049343
0.55,0,7,480.0,18.0,0.4591,-0.1706,0.2503,1,1,1,4e-05,1.0881,0.5705,-0.570483,-0.079775,-0.151265,0.040874,0.030686,0.114193,-0.060425
0.55,0,8,544.0,18.0,0.4368,-0.2248,0.2474,1,1,1,7e-05,1.0247,0.4755,-0.475515,-0.129014,-0.233077,-0.022496,0.045067,0.062334,-0.078408
0.55,0,9,608.0,18.0,0.4127,-0.2695,0.2442,1,1,1,4e-05,0.9771,0.3927,-0.392735,-0.16747,-0.307041,-0.070141,0.053722,0.021017,-0.100338
0.55,1,0,32.0,54.0,0.4196,0.2846,0.2131,0,0,0,,,,,,,,,,
0.55,1,1,96.0,54.0,0.4467,0.239,0.2141,0,0,0,,,,,,,,,,
0.55,1,2,160.0,54.0,0.4721,0.1826,0.2151,1,1,0,0.00387,0.7101,1.5623,-1.562277,0.337818,0.211006,1.384309,-0.140064,0.108777,0.007013
0.55,1,3,224.0,54.0,0.4926,0.1152,0.2159,1,1,1,9e-05,1.2328,1.2516,-1.251642,0.226271,0.178746,0.839509,-0.102463,0.381651,-0.021845
0.55,1,4,288.0,54.0,0.5041,0.0395,0.2163,1,1,1,7e-05,1.2495,1.0173,-1.017328,0.130691,0.104372,0.548381,-0.064425,0.364963,-0.04476
0.55,1,5,352.0,54.0,0.5041,-0.0395,0.2163,1,1,1,9e-05,1.3178,0.8386,-0.838562,0.042814,0.015384,0.358624,-0.024867,0.296636,-0.048084
0.55,1,6,416.0,54.0,0.4926,-0.1152,0.2159,1,1,1,9e-05,1.2697,0.6925,-0.692483,-0.034196,-0.077409,0.22247,0.007795,0.222173,-0.050575
0.55,1,7,480.0,54.0,0.4721,-0.1826,0.2151,1,1,1,8e-05,1.169,0.5693,-0.569258,-0.098284,-0.166899,0.121755,0.030643,0.154909,-0.060162
0.55,1,8,544.0,54.0,0.4467,-0.239,0.2141,1,1,1,4e-05,1.094,0.4642,-0.464208,-0.149178,-0.249323,0.046754,0.044852,0.098944,-0.07705
0.55,1,9,608.0,54.0,0.4196,-0.2846,0.2131,1,1,1,6e-05,1.0376,0.3741,-0.374088,-0.187816,-0.323077,-0.009624,0.052983,0.054072,-0.098365
0.55,2,0,32.0,90.0,0.4253,0.2997,0.1784,0,0,0,,,,,,,,,,
0.55,2,1,96.0,90.0,0.4552,0.2533,0.1765,0,0,0,,,,,,,,,,
0.55,2,2,160.0,90.0,0.4838,0.1947,0.1747,1,1,0,0.02511,0.6705,1.499,-1.49901,0.370466,0.13209,1.423872,-0.146841,0.073947,-0.002654
0.55,2,3,224.0,90.0,0.5072,0.1236,0.1733,1,1,0,0.0076,0.679,1.46,-1.459999,0.245266,0.128805,1.415427,-0.105834,0.080817,0.00057
0.55,2,4,288.0,90.0,0.5205,0.0425,0.1724,1,1,1,0.0001,1.2316,1.1641,-1.164122,0.122987,0.088655,0.862814,-0.06139,0.37666,-0.023506
0.55,2,5,352.0,90.0,0.5205,-0.0425,0.1724,1,1,1,8e-05,1.2637,0.9077,-0.907719,0.028829,0.001467,0.542066,-0.025372,0.350745,-0.045006
0.55,2,6,416.0,90.0,0.5072,-0.1236,0.1733,1,1,1,7e-05,1.3386,0.724,-0.724047,-0.052533,-0.09212,0.353312,0.007316,0.27584,-0.049624
0.55,2,7,480.0,90.0,0.4838,-0.1947,0.1747,1,1,1,7e-05,1.2712,0.5788,-0.578798,-0.119441,-0.182103,0.223976,0.030686,0.203083,-0.057426
0.55,2,8,544.0,90.0,0.4552,-0.2533,0.1765,1,1,1,7e-05,1.1781,0.4596,-0.459628,-0.171557,-0.264332,0.130942,0.044957,0.141686,-0.072527
0.55,2,9,608.0,90.0,0.4253,-0.2997,0.1784,1,1,1,9e-05,1.1095,0.3604,-0.360355,-0.2102,-0.337405,0.062335,0.052759,0.092377,-0.092775
0.55,3,0,32.0,126.0,0.429,0.3143,0.1403,0,0,0,,,,,,,,,,
0.55,3,1,96.0,126.0,0.4615,0.2672,0.1347,0,0,0,,,,,,,,,,
0.55,3,2,160.0,126.0,0.493,0.2066,0.1293,0,0,0,,,,,,,,,,
0.55,3,3,224.0,126.0,0.5192,0.1318,0.1248,1,1,0,0.03123,0.6741,1.4203,-1.374464,0.274632,0.031153,1.420308,-0.11513,0.07225,-0.005107
0.55,3,4,288.0,126.0,0.5343,0.0454,0.1222,1,1,0,0.01096,0.6763,1.4181,-1.334119,0.130025,0.019906,1.418098,-0.071436,0.074384,-0.002684
0.55,3,5,352.0,126.0,0.5343,-0.0454,0.1222,1,1,1,9e-05,1.2148,1.0567,-1.056658,0.006936,-0.018674,0.879628,-0.024017,0.369087,-0.02594
0.55,3,6,416.0,126.0,0.5192,-0.1318,0.1248,1,1,1,7e-05,1.28,0.7877,-0.787732,-0.075833,-0.107957,0.540615,0.006973,0.334465,-0.044308
0.55,3,7,480.0,126.0,0.493,-0.2066,0.1293,1,1,1,6e-05,1.356,0.6057,-0.605684,-0.144119,-0.196752,0.357181,0.030867,0.258465,-0.051414
0.55,3,8,544.0,126.0,0.4615,-0.2672,0.1347,1,1,1,6e-05,1.2826,0.4661,-0.466076,-0.196766,-0.277832,0.235377,0.045604,0.190827,-0.064121
0.55,3,9,608.0,126.0,0.429,-0.3143,0.1403,1,1,1,6e-05,1.196,0.3544,-0.35442,-0.235051,-0.349666,0.148845,0.053399,0.136068,-0.082797
0.55,4,0,32.0,162.0,0.4305,0.3277,0.099,0,0,0,,,,,,,,,,
0.55,4,1,96.0,162.0,0.4649,0.28,0.0891,0,0,0,,,,,,,,,,
0.55,4,2,160.0,162.0,0.4989,0.2176,0.0793,0,0,0,,,,,,,,,,
0.55,4,3,224.0,162.0,0.5273,0.1394,0.0712,0,1,0,0.05615,,1.4165,,,,,,,
0.55,4,4,288.0,162.0,0.5438,0.0482,0.0664,1,1,0,0.03629,0.6786,1.4158,-1.240421,0.157129,-0.096554,1.415777,-0.085039,0.070039,-0.005995
0.55,4,5,352.0,162.0,0.5438,-0.0482,0.0664,1,1,0,0.01305,0.6795,1.4149,-1.199323,-0.00083,-0.103125,1.414924,-0.040593,0.072161,-0.004357
0.55,4,6,416.0,162.0,0.5273,-0.1394,0.0712,1,1,1,9e-05,1.2119,0.9316,-0.931563,-0.111504,-0.129748,0.882471,0.006053,0.360391,-0.027304
0.55,4,7,480.0,162.0,0.4989,-0.2176,0.0793,1,1,1,9e-05,1.2963,0.6634,-0.663406,-0.17447,-0.211393,0.543139,0.030895,0.318082,-0.041447
0.55,4,8,544.0,162.0,0.4649,-0.28,0.0891,1,1,1,5e-05,1.3688,0.4896,-0.489646,-0.225605,-0.289716,0.368472,0.046788,0.245654,-0.051614
0.55,4,9,608.0,162.0,0.4305,-0.3277,0.099,1,1,1,6e-05,1.3008,0.3596,-0.359411,-0.262583,-0.35956,0.253631,0.055108,0.184483,-0.068084
0.55,5,0,32.0,198.0,0.4291,0.3396,0.0553,0,0,0,,,,,,,,,,
0.55,5,1,96.0,198.0,0.4649,0.2912,0.0405,0,0,0,,,,,,,,,,
0.55,5,2,160.0,198.0,0.5003,0.2271,0.0258,0,0,0,,,,,,,,,,
0.55,5,3,224.0,198.0,0.5301,0.1459,0.0135,0,1,0,0.08169,,1.4122,,,,,,,
0.55,5,4,288.0,198.0,0.5476,0.0505,0.0062,0,1,0,0.06247,,1.4113,,,,,,,
0.55,5,5,352.0,198.0,0.5476,-0.0505,0.0062,1,1,0,0.03895,0.6834,1.411,-1.104059,0.025407,-0.231277,1.410983,-0.058324,0.067729,-0.00514
0.55,5,6,416.0,198.0,0.5301,-0.1459,0.0135,1,1,0,0.01328,0.6834,1.411,-1.064868,-0.134253,-0.219372,1.411037,-0.015332,0.070927,-0.004976
0.55,5,7,480.0,198.0,0.5003,-0.2271,0.0258,1,1,1,0.0001,1.2245,0.8699,-0.796309,-0.21929,-0.23064,0.86994,0.028506,0.351192,-0.025944
0.55,5,8,544.0,198.0,0.4649,-0.2912,0.0405,1,1,1,8e-05,1.3111,0.549,-0.54233,-0.260035,-0.30055,0.548968,0.047817,0.303301,-0.036089
0.55,5,9,608.0,198.0,0.4291,-0.3396,0.0553,1,1,1,0.0001,1.3777,0.3838,-0.380774,-0.293434,-0.367114,0.383809,0.057751,0.236686,-0.049238
0.55,6,0,32.0,234.0,0.4247,0.3493,0.01,0,0,0,,,,,,,,,,
0.55,6,1,96.0,234.0,0.4608,0.3001,-0.0099,0,0,0,,,,,,,,,,
0.55,6,2,160.0,234.0,0.4966,0.2345,-0.0297,0,0,0,,,,,,,,,,
0.55,6,3,224.0,234.0,0.5268,0.1509,-0.0464,0,1,0,0.107,,1.4079,,,,,,,
0.55,6,4,288.0,234.0,0.5446,0.0523,-0.0562,0,1,0,0.08861,,1.4067,,,,,,,
0.55,6,5,352.0,234.0,0.5446,-0.0523,-0.0562,0,1,0,0.06506,,1.4063,,,,,,,
0.55,6,6,416.0,234.0,0.5268,-0.1509,-0.0464,1,1,0,0.0385,0.6875,1.4069,-0.973023,-0.106999,-0.346951,1.406926,-0.035604,0.065914,-0.003309
0.55,6,7,480.0,234.0,0.4966,-0.2345,-0.0297,1,1,0,0.01176,0.687,1.4074,-0.938,-0.256387,-0.313265,1.407409,0.004994,0.070622,-0.00525
0.55,6,8,544.0,234.0,0.4608,-0.3001,-0.0099,1,1,1,0.0001,1.246,0.8484,-0.66145,-0.308179,-0.314264,0.848366,0.045465,0.340951,-0.021444
0.55,6,9,608.0,234.0,0.4247,-0.3493,0.01,1,1,1,8e-05,1.3239,0.5561,-0.429722,-0.329467,-0.373017,0.556096,0.060314,0.290576,-0.028916
0.55,7,0,32.0,270.0,0.4172,0.3566,-0.0361,0,0,0,,,,,,,,,,
0.55,7,1,96.0,270.0,0.4526,0.3065,-0.0609,0,0,0,,,,,,,,,,
0.55,7,2,160.0,270.0,0.4877,0.2395,-0.0854,0,0,0,,,,,,,,,,
0.55,7,3,224.0,270.0,0.5172,0.1541,-0.1061,0,1,0,0.13129,,1.4042,,,,,,,
0.55,7,4,288.0,270.0,0.5345,0.0534,-0.1182,0,1,0,0.11381,,1.4027,,,,,,,
0.55,7,5,352.0,270.0,0.5345,-0.0534,-0.1182,0,1,0,0.09047,,1.402,,,,,,,
0.55,7,6,416.0,270.0,0.5172,-0.1541,-0.1061,0,1,0,0.06336,,1.4025,,,,,,,
0.55,7,7,480.0,270.0,0.4877,-0.2395,-0.0854,1,1,0,0.03542,0.6903,1.4041,-0.853006,-0.226925,-0.430598,1.404099,-0.015383,0.064919,-0.001728
0.55,7,8,544.0,270.0,0.4526,-0.3065,-0.0609,1,1,0,0.00908,0.6916,1.4028,-0.822939,-0.358898,-0.3818,1.402757,0.022262,0.072443,-0.005814
0.55,7,9,608.0,270.0,0.4172,-0.3566,-0.0361,1,1,1,0.0001,1.27,0.8244,-0.535258,-0.376811,-0.380402,0.824374,0.059173,0.32971,-0.014671
0.55,8,0,32.0,306.0,0.4066,0.3612,-0.0817,0,0,0,,,,,,,,,,
0.55,8,1,96.0,306.0,0.4405,0.3101,-0.111,0,0,0,,,,,,,,,,
0.55,8,2,160.0,306.0,0.4738,0.2419,-0.1397,0,0,0,,,,,,,,,,
0.55,8,3,224.0,306.0,0.5016,0.1554,-0.1637,0,1,0,0.15569,,1.4179,,,,,,,
0.55,8,4,288.0,306.0,0.5177,0.0538,-0.1776,0,1,0,0.13728,,1.3996,,,,,,,
0.55,8,5,352.0,306.0,0.5177,-0.0538,-0.1776,0,1,0,0.11438,,1.3986,,,,,,,
0.55,8,6,416.0,306.0,0.5016,-0.1554,-0.1637,0,1,0,0.08711,,1.3988,,,,,,,
0.55,8,7,480.0,306.0,0.4738,-0.2419,-0.1397,0,1,0,0.05839,,1.4002,,,,,,,
0.55,8,8,544.0,306.0,0.4405,-0.3101,-0.111,1,1,0,0.03081,0.692,1.4024,-0.746908,-0.327413,-0.48533,1.402366,0.00406,0.064656,-0.001115
0.55,8,9,608.0,306.0,0.4066,-0.3612,-0.0817,1,1,0,0.00593,0.7044,1.39,-0.71951,-0.439515,-0.429699,1.390004,0.037828,0.082068,-0.007162
0.55,9,0,32.0,342.0,0.3934,0.3631,-0.1261,0,0,0,,,,,,,,,,
0.55,9,1,96.0,342.0,0.4249,0.3109,-0.159,0,0,0,,,,,,,,,,
0.55,9,2,160.0,342.0,0.4556,0.2418,-0.1909,0,0,0,,,,,,,,,,
0.55,9,3,224.0,342.0,0.481,0.1549,-0.2172,0,1,0,0.18464,,1.4375,,,,,,,
0.55,9,4,288.0,342.0,0.4956,0.0535,-0.2325,0,1,0,0.16425,,1.3496,,,,,,,
0.55,9,5,352.0,342.0,0.4956,-0.0535,-0.2325,0,1,0,0.13624,,1.3962,,,,,,,
0.55,9,6,416.0,342.0,0.481,-0.1549,-0.2172,0,1,0,0.10917,,1.3961,,,,,,,
0.55,9,7,480.0,342.0,0.4556,-0.2418,-0.1909,0,1,0,0.08013,,1.3971,,,,,,,
0.55,9,8,544.0,342.0,0.4249,-0.3109,-0.159,0,1,0,0.05174,,1.399,,,,,,,
0.55,9,9,608.0,342.0,0.3934,-0.3631,-0.1261,1,1,0,0.0257,0.693,1.4014,-0.65521,-0.407904,-0.519788,1.401381,0.022795,0.064873,-0.001478
0.6,0,0,32.0,18.0,0.4539,0.3028,0.2496,0,0,0,,,,,,,,,,
0.6,0,1,96.0,18.0,0.4815,0.253,0.2533,0,0,0,,,,,,,,,,
0.6,0,2,160.0,18.0,0.5071,0.1922,0.2567,0,1,0,0.03666,,1.654,,,,,,,
0.6,0,3,224.0,18.0,0.5274,0.1208,0.2594,0,1,0,0.0177,,1.6206,,,,,,,
0.6,0,4,288.0,18.0,0.5387,0.0413,0.2609,1,1,0,0.00016,0.9403,1.4889,-1.488858,0.065208,0.015741,1.154062,-0.048615,0.27607,-0.004989
0.6,0,5,352.0,18.0,0.5387,-0.0413,0.2609,1,1,1,8e-05,1.2078,1.1853,-1.185342,-0.016248,-0.056701,0.663108,-0.011763,0.406658,-0.051359
0.6,0,6,416.0,18.0,0.5274,-0.1208,0.2594,1,1,1,8e-05,1.2591,0.9892,-0.98924,-0.090565,-0.145502,0.439242,0.02331,0.355299,-0.06514
0.6,0,7,480.0,18.0,0.5071,-0.1922,0.2567,1,1,1,5e-05,1.3217,0.8422,-0.842249,-0.1578,-0.233862,0.301244,0.052971,0.292767,-0.070266
0.6,0,8,544.0,18.0,0.4815,-0.253,0.2533,1,1,1,9e-05,1.2551,0.7234,-0.723399,-0.215794,-0.316612,0.207914,0.075243,0.237818,-0.076307
0.6,0,9,608.0,18.0,0.4539,-0.3028,0.2496,1,1,1,5e-05,1.1903,0.6245,-0.624477,-0.264205,-0.391846,0.143109,0.091174,0.193611,-0.084911
0.6,1,0,32.0,54.0,0.4606,0.319,0.2146,0,0,0,,,,,,,,,,
0.6,1,1,96.0,54.0,0.4914,0.2682,0.2158,0,0,0,,,,,,,,,,
0.6,1,2,160.0,54.0,0.5205,0.2051,0.2169,0,0,0,,,,,,,,,,
0.6,1,3,224.0,54.0,0.5438,0.1296,0.2178,1,1,0,0.03799,0.6774,1.546,-1.545983,0.222122,-0.062999,1.417012,-0.108668,0.07384,-0.007036
0.6,1,4,288.0,54.0,0.5571,0.0444,0.2183,1,1,0,0.01703,0.6776,1.5074,-1.507403,0.081035,-0.062343,1.416784,-0.064501,0.073507,-0.004317
0.6,1,5,352.0,54.0,0.5571,-0.0444,0.2183,1,1,1,0.0001,1.0193,1.3432,-1.343184,-0.047872,-0.080162,1.075071,-0.011191,0.318636,-0.016893
0.6,1,6,416.0,54.0,0.5438,-0.1296,0.2178,1,1,1,8e-05,1.2238,1.0522,-1.052162,-0.1201,-0.161094,0.632938,0.023775,0.390639,-0.05328
0.6,1,7,480.0,54.0,0.5205,-0.2051,0.2169,1,1,1,7e-05,1.2806,0.8662,-0.866224,-0.186768,-0.248907,0.432648,0.052871,0.333805,-0.062487
0.6,1,8,544.0,54.0,0.4914,-0.2682,0.2158,1,1,1,5e-05,1.3386,0.7271,-0.72712,-0.24471,-0.331339,0.310446,0.075014,0.275828,-0.068267
0.6,1,9,608.0,54.0,0.4606,-0.319,0.2146,1,1,1,9e-05,1.2753,0.6153,-0.615313,-0.292351,-0.405832,0.22809,0.090725,0.227659,-0.076011
0.6,2,0,32.0,90.0,0.4658,0.3349,0.1759,0,0,0,,,,,,,,,,
0.6,2,1,96.0,90.0,0.4996,0.2833,0.1737,0,0,0,,,,,,,,,,
0.6,2,2,160.0,90.0,0.532,0.218,0.1717,0,0,0,,,,,,,,,,
0.6,2,3,224.0,90.0,0.5585,0.1385,0.1701,0,1,0,0.0603,,1.4643,,,,,,,
0.6,2,4,288.0,90.0,0.5737,0.0476,0.1691,1,1,0,0.03921,0.681,1.4243,-1.424319,0.107936,-0.163826,1.413385,-0.077469,0.07205,-0.006845
0.6,2,5,352.0,90.0,0.5737,-0.0476,0.1691,1,1,0,0.01657,0.6813,1.4131,-1.381922,-0.046903,-0.169665,1.413091,-0.030741,0.072195,-0.005305
0.6,2,6,416.0,90.0,0.5585,-0.1385,0.1701,1,1,1,0.0001,1.0577,1.2027,-1.202724,-0.167771,-0.187699,1.036739,0.020849,0.331733,-0.024532
0.6,2,7,480.0,90.0,0.532,-0.218,0.1717,1,1,1,0.0001,1.2404,0.9244,-0.924423,-0.224742,-0.265596,0.629347,0.051887,0.374059,-0.05013
0.6,2,8,544.0,90.0,0.4996,-0.2833,0.1737,1,1,1,7e-05,1.2954,0.7489,-0.748902,-0.279177,-0.345468,0.447099,0.074349,0.319021,-0.05697
0.6,2,9,608.0,90.0,0.4658,-0.3349,0.1759,1,1,1,6e-05,1.3471,0.6183,-0.618252,-0.324819,-0.418217,0.335891,0.090273,0.267312,-0.063636
0.6,3,0,32.0,126.0,0.4687,0.35,0.1335,0,0,0,,,,,,,,,,
0.6,3,1,96.0,126.0,0.5051,0.2977,0.1272,0,0,0,,,,,,,,,,
0.6,3,2,160.0,126.0,0.5406,0.2304,0.1212,0,0,0,,,,,,,,,,
0.6,3,3,224.0,126.0,0.57,0.1471,0.1161,0,1,0,0.08435,,1.4097,,,,,,,
0.6,3,4,288.0,126.0,0.587,0.0507,0.1132,0,1,0,0.06341,,1.4093,,,,,,,
0.6,3,5,352.0,126.0,0.587,-0.0507,0.1132,1,1,0,0.04009,0.6853,1.4091,-1.292869,-0.022366,-0.28568,1.409076,-0.047605,0.069979,-0.005755
0.6,3,6,416.0,126.0,0.57,-0.1471,0.1161,1,1,0,0.01643,0.6852,1.4092,-1.249117,-0.181217,-0.28496,1.409183,-0.002853,0.070883,-0.005664
0.6,3,7,480.0,126.0,0.5406,-0.2304,0.1212,1,1,1,0.0001,1.0548,1.0741,-1.074078,-0.286801,-0.292978,1.039597,0.044763,0.323592,-0.026183
0.6,3,8,544.0,126.0,0.5051,-0.2977,0.1272,1,1,1,8e-05,1.2539,0.8068,-0.806788,-0.323859,-0.360134,0.64989,0.072092,0.36052,-0.04263
0.6,3,9,608.0,126.0,0.4687,-0.35,0.1335,1,1,1,8e-05,1.3035,0.6407,-0.640713,-0.363124,-0.428929,0.477937,0.089365,0.310896,-0.048268
0.6,4,0,32.0,162.0,0.469,0.3638,0.0879,0,0,0,,,,,,,,,,
0.6,4,1,96.0,162.0,0.5074,0.3109,0.0769,0,0,0,,,,,,,,,,
0.6,4,2,160.0,162.0,0.5452,0.2417,0.066,0,0,0,,,,,,,,,,
0.6,4,3,224.0,162.0,0.5769,0.1549,0.0569,0,1,0,0.10964,,1.4056,,,,,,,
0.6,4,4,288.0,162.0,0.5954,0.0535,0.0515,0,1,0,0.08914,,1.405,,,,,,,
0.6,4,5,352.0,162.0,0.5954,-0.0535,0.0515,0,1,0,0.06533,,1.4046,,,,,,,
0.6,4,6,416.0,162.0,0.5769,-0.1549,0.0569,1,1,0,0.04039,0.6895,1.4049,-1.157984,-0.157239,-0.407208,1.404873,-0.023085,0.067932,-0.003759
0.6,4,7,480.0,162.0,0.5452,-0.2417,0.066,1,1,0,0.01666,0.6888,1.4056,-1.115843,-0.308155,-0.392327,1.405618,0.01765,0.069701,-0.005367
0.6,4,8,544.0,162.0,0.5074,-0.3109,0.0769,1,1,1,0.0001,1.0145,1.0799,-0.962308,-0.397501,-0.385802,1.079859,0.060615,0.298782,-0.023642
0.6,4,9,608.0,162.0,0.469,-0.3638,0.0879,1,1,1,9e-05,1.2641,0.7019,-0.701905,-0.412379,-0.439266,0.687768,0.086191,0.350297,-0.032449
0.6,5,0,32.0,198.0,0.4662,0.3756,0.04,0,0,0,,,,,,,,,,
0.6,5,1,96.0,198.0,0.5057,0.3221,0.0236,0,0,0,,,,,,,,,,
0.6,5,2,160.0,198.0,0.5448,0.2512,0.0074,0,0,0,,,,,,,,,,
0.6,5,3,224.0,198.0,0.5778,0.1614,-0.0063,0,1,0,0.13545,,1.4017,,,,,,,
0.6,5,4,288.0,198.0,0.5972,0.0559,-0.0143,0,1,0,0.11564,,1.4007,,,,,,,
0.6,5,5,352.0,198.0,0.5972,-0.0559,-0.0143,0,1,0,0.09158,,1.4001,,,,,,,
0.6,5,6,416.0,198.0,0.5778,-0.1614,-0.0063,0,1,0,0.06552,,1.4004,,,,,,,
0.6,5,7,480.0,198.0,0.5448,-0.2512,0.0074,1,1,0,0.04008,0.693,1.4014,-1.02674,-0.282685,-0.509811,1.40144,-0.005037,0.066195,-0.001352
0.6,5,8,544.0,198.0,0.5057,-0.3221,0.0236,1,1,0,0.01713,0.6917,1.4027,-0.988768,-0.417183,-0.482004,1.402719,0.032337,0.068684,-0.004666
0.6,5,9,608.0,198.0,0.4662,-0.3756,0.04,1,1,0,0.00018,0.9435,1.1509,-0.869437,-0.494998,-0.46264,1.150875,0.070314,0.256603,-0.01994
0.6,6,0,32.0,234.0,0.46,0.3851,-0.0095,0,0,0,,,,,,,,,,
0.6,6,1,96.0,234.0,0.4996,0.3307,-0.0313,0,0,0,,,,,,,,,,
0.6,6,2,160.0,234.0,0.5389,0.2584,-0.053,0,0,0,,,,,,,,,,
0.6,6,3,224.0,234.0,0.5721,0.1662,-0.0713,0,1,0,0.16542,,1.4348,,,,,,,
0.6,6,4,288.0,234.0,0.5916,0.0576,-0.082,0,1,0,0.14202,,1.3967,,,,,,,
0.6,6,5,352.0,234.0,0.5916,-0.0576,-0.082,0,1,0,0.11797,,1.3964,,,,,,,
0.6,6,6,416.0,234.0,0.5721,-0.1662,-0.0713,0,1,0,0.09104,,1.3965,,,,,,,
0.6,6,7,480.0,234.0,0.5389,-0.2584,-0.053,0,1,0,0.06409,,1.3975,,,,,,,
0.6,6,8,544.0,234.0,0.4996,-0.3307,-0.0313,1,1,0,0.03931,0.6955,1.3989,-0.904911,-0.38914,-0.587466,1.398949,0.008858,0.064849,0.000834
0.6,6,9,608.0,234.0,0.46,-0.3851,-0.0095,1,1,0,0.01771,0.6939,1.4005,-0.872577,-0.504529,-0.552197,1.40052,0.043754,0.067804,-0.003859
0.6,7,0,32.0,270.0,0.4505,0.3918,-0.0594,0,0,0,,,,,,,,,,
0.6,7,1,96.0,270.0,0.4891,0.3366,-0.0865,0,0,0,,,,,,,,,,
0.6,7,2,160.0,270.0,0.5273,0.2629,-0.1132,0,0,0,,,,,,,,,,
0.6,7,3,224.0,270.0,0.5595,0.169,-0.1357,0,1,0,0.19982,,1.4476,,,,,,,
0.6,7,4,288.0,270.0,0.5783,0.0586,-0.1489,0,1,0,0.17718,,1.3287,,,,,,,
0.6,7,5,352.0,270.0,0.5783,-0.0586,-0.1489,0,1,0,0.14478,,1.3543,,,,,,,
0.6,7,6,416.0,270.0,0.5595,-0.169,-0.1357,0,1,0,0.11614,,1.3934,,,,,,,
0.6,7,7,480.0,270.0,0.5273,-0.2629,-0.1132,0,1,0,0.08802,,1.3942,,,,,,,
0.6,7,8,544.0,270.0,0.4891,-0.3366,-0.0865,0,1,0,0.06164,,1.3956,,,,,,,
0.6,7,9,608.0,270.0,0.4505,-0.3918,-0.0594,1,1,0,0.03829,0.6972,1.3972,-0.795838,-0.474031,-0.643551,1.397238,0.021232,0.063833,0.002456
0.6,8,0,32.0,306.0,0.4378,0.3957,-0.1086,0,0,0,,,,,,,,,,
0.6,8,1,96.0,306.0,0.4745,0.3393,-0.1403,0,0,0,,,,,,,,,,
0.6,8,2,160.0,306.0,0.5105,0.2645,-0.1714,0,0,0,,,,,,,,,,
0.6,8,3,224.0,306.0,0.5406,0.1698,-0.1973,0,1,0,0.23103,,1.5072,,,,,,,
0.6,8,4,288.0,306.0,0.5581,0.0587,-0.2124,0,1,0,0.21544,,1.5549,,,,,,,
0.6,8,5,352.0,306.0,0.5581,-0.0587,-0.2124,0,1,0,0.1778,,1.292,,,,,,,
0.6,8,6,416.0,306.0,0.5406,-0.1698,-0.1973,0,1,0,0.14091,,1.3556,,,,,,,
0.6,8,7,480.0,306.0,0.5105,-0.2645,-0.1714,0,1,0,0.11119,,1.3919,,,,,,,
0.6,8,8,544.0,306.0,0.4745,-0.3393,-0.1403,0,1,0,0.08359,,1.393,,,,,,,
0.6,8,9,608.0,306.0,0.4378,-0.3957,-0.1086,0,1,0,0.05875,,1.3944,,,,,,,
0.6,9,0,32.0,342.0,0.4223,0.3966,-0.1562,0,0,0,,,,,,,,,,
0.6,9,1,96.0,342.0,0.4563,0.3392,-0.1916,0,0,0,,,,,,,,,,
0.6,9,2,160.0,342.0,0.4894,0.2636,-0.226,0,0,0,,,,,,,,,,
0.6,9,3,224.0,342.0,0.5166,0.1687,-0.2543,0,1,0,0.2703,,1.5272,,,,,,,
0.6,9,4,288.0,342.0,0.5323,0.0582,-0.2707,0,1,0,0.24793,,2.0649,,,,,,,
0.6,9,5,352.0,342.0,0.5323,-0.0582,-0.2707,0,1,0,0.20673,,1.2571,,,,,,,
0.6,9,6,416.0,342.0,0.5166,-0.1687,-0.2543,0,1,0,0.17073,,1.2832,,,,,,,
0.6,9,7,480.0,342.0,0.4894,-0.2636,-0.226,0,1,0,0.13308,,1.3897,,,,,,,
0.6,9,8,544.0,342.0,0.4563,-0.3392,-0.1916,0,1,0,0.1047,,1.3911,,,,,,,
0.6,9,9,608.0,342.0,0.4223,-0.3966,-0.1562,0,1,0,0.07872,,1.3923,,,,,,,
0.65,0,0,32.0,18.0,0.4946,0.3359,0.255,0,0,0,,,,,,,,,,
0.65,0,1,96.0,18.0,0.5258,0.2809,0.2592,0,0,0,,,,,,,,,,
0.65,0,2,160.0,18.0,0.5547,0.2136,0.263,0,0,0,,,,,,,,,,
0.65,0,3,224.0,18.0,0.5776,0.1344,0.2661,0,1,0,0.06908,,1.6278,,,,,,,
0.65,0,4,288.0,18.0,0.5905,0.0459,0.2678,0,1,0,0.04788,,1.5898,,,,,,,
0.65,0,5,352.0,18.0,0.5905,-0.0459,0.2678,1,1,0,0.02648,0.6847,1.5488,-1.548847,-0.086343,-0.271529,1.409657,-0.023201,0.072977,-0.006457
0.65,0,6,416.0,18.0,0.5776,-0.1344,0.2661,1,1,0,0.00643,0.6987,1.5015,-1.501495,-0.231757,-0.284085,1.395747,0.024036,0.083232,-0.007791
0.65,0,7,480.0,18.0,0.5547,-0.2136,0.263,1,1,1,9e-05,1.2118,1.2617,-1.261692,-0.298996,-0.327956,0.882551,0.072984,0.391549,-0.045707
0.65,0,8,544.0,18.0,0.5258,-0.2809,0.2592,1,1,1,0.0001,1.2135,1.0644,-1.064417,-0.348622,-0.402429,0.623737,0.10331,0.400968,-0.059393
0.65,0,9,608.0,18.0,0.4946,-0.3359,0.255,1,1,1,7e-05,1.2463,0.925,-0.925034,-0.398498,-0.473552,0.490382,0.126495,0.368118,-0.061274
0.65,1,0,32.0,54.0,0.5012,0.353,0.2162,0,0,0,,,,,,,,,,
0.65,1,1,96.0,54.0,0.5357,0.297,0.2175,0,0,0,,,,,,,,,,
0.65,1,2,160.0,54.0,0.5683,0.2273,0.2188,0,0,0,,,,,,,,,,
0.65,1,3,224.0,54.0,0.5946,0.1437,0.2198,0,1,0,0.08978,,1.5539,,,,,,,
0.65,1,4,288.0,54.0,0.6095,0.0493,0.2204,0,1,0,0.06821,,1.5139,,,,,,,
0.65,1,5,352.0,54.0,0.6095,-0.0493,0.2204,1,1,0,0.04588,0.6882,1.4714,-1.471405,-0.065524,-0.367369,1.406229,-0.037287,0.072163,-0.006579
0.65,1,6,416.0,54.0,0.5946,-0.1437,0.2198,1,1,0,0.02456,0.6882,1.4268,-1.426821,-0.218277,-0.375871,1.406183,0.008424,0.07135,-0.006169
0.65,1,7,480.0,54.0,0.5683,-0.2273,0.2188,1,1,0,0.00571,0.707,1.3874,-1.375712,-0.359533,-0.386823,1.387359,0.050686,0.086476,-0.009254
0.65,1,8,544.0,54.0,0.5357,-0.297,0.2175,1,1,1,0.0001,1.19,1.1466,-1.146554,-0.409902,-0.424239,0.904385,0.095229,0.374831,-0.042658
0.65,1,9,608.0,54.0,0.5012,-0.353,0.2162,1,1,1,9e-05,1.2269,0.9606,-0.960635,-0.447888,-0.488412,0.665665,0.121417,0.387493,-0.049441
0.65,2,0,32.0,90.0,0.5058,0.3696,0.1734,0,0,0,,,,,,,,,,
0.65,2,1,96.0,90.0,0.5435,0.3129,0.171,0,0,0,,,,,,,,,,
0.65,2,2,160.0,90.0,0.5796,0.241,0.1687,0,0,0,,,,,,,,,,
0.65,2,3,224.0,90.0,0.6093,0.1531,0.1669,0,1,0,0.1125,,1.4734,,,,,,,
0.65,2,4,288.0,90.0,0.6263,0.0527,0.1658,0,1,0,0.09081,,1.4319,,,,,,,
0.65,2,5,352.0,90.0,0.6263,-0.0527,0.1658,0,1,0,0.06765,,1.4024,,,,,,,
0.65,2,6,416.0,90.0,0.6093,-0.1531,0.1669,1,1,0,0.04501,0.692,1.4024,-1.343239,-0.199782,-0.481332,1.402386,-0.008941,0.070012,-0.00431
0.65,2,7,480.0,90.0,0.5796,-0.241,0.1687,1,1,0,0.02459,0.6918,1.4026,-1.297379,-0.347594,-0.48415,1.402648,0.031812,0.069882,-0.00526
0.65,2,8,544.0,90.0,0.5435,-0.3129,0.171,1,1,0,0.00729,0.7005,1.3939,-1.249389,-0.477626,-0.488129,1.393887,0.067903,0.077302,-0.008862
0.65,2,9,608.0,90.0,0.5058,-0.3696,0.1734,1,1,1,0.0001,1.1018,1.0593,-1.059346,-0.521545,-0.50924,0.992564,0.107857,0.337097,-0.034961
0.65,3,0,32.0,126.0,0.5079,0.3853,0.1268,0,0,0,,,,,,,,,,
0.65,3,1,96.0,126.0,0.5483,0.3279,0.1199,0,0,0,,,,,,,,,,
0.65,3,2,160.0,126.0,0.5876,0.2539,0.1131,0,0,0,,,,,,,,,,
0.65,3,3,224.0,126.0,0.6202,0.1621,0.1075,0,1,0,0.13694,,1.3994,,,,,,,
0.65,3,4,288.0,126.0,0.6391,0.0559,0.1043,0,1,0,0.11542,,1.3989,,,,,,,
0.65,3,5,352.0,126.0,0.6391,-0.0559,0.1043,0,1,0,0.09159,,1.3984,,,,,,,
0.65,3,6,416.0,126.0,0.6202,-0.1621,0.1075,0,1,0,0.0676,,1.3984,,,,,,,
0.65,3,7,480.0,126.0,0.5876,-0.2539,0.1131,1,1,0,0.04549,0.6956,1.3988,-1.210796,-0.329135,-0.590186,1.398839,0.010446,0.067986,-0.001332
0.65,3,8,544.0,126.0,0.5483,-0.3279,0.1199,1,1,0,0.02642,0.6949,1.3995,-1.166553,-0.462852,-0.584052,1.399452,0.046306,0.06855,-0.003523
0.65,3,9,608.0,126.0,0.5079,-0.3853,0.1268,1,1,0,0.01065,0.6961,1.3983,-1.123566,-0.576782,-0.579775,1.39828,0.077637,0.070346,-0.00733
0.65,4,0,32.0,162.0,0.507,0.3993,0.077,0,0,0,,,,,,,,,,
0.65,4,1,96.0,162.0,0.5493,0.3414,0.0648,0,0,0,,,,,,,,,,
0.65,4,2,160.0,162.0,0.591,0.2655,0.0528,0,0,0,,,,,,,,,,
0.65,4,3,224.0,162.0,0.6259,0.1702,0.0427,0,1,0,0.16747,,1.4488,,,,,,,
0.65,4,4,288.0,162.0,0.6463,0.0588,0.0369,0,1,0,0.14151,,1.3947,,,,,,,
0.65,4,5,352.0,162.0,0.6463,-0.0588,0.0369,0,1,0,0.11722,,1.3947,,,,,,,
0.65,4,6,416.0,162.0,0.6259,-0.1702,0.0427,0,1,0,0.09195,,1.3947,,,,,,,
0.65,4,7,480.0,162.0,0.591,-0.2655,0.0528,0,1,0,0.06807,,1.3952,,,,,,,
0.65,4,8,544.0,162.0,0.5493,-0.3414,0.0648,1,1,0,0.04709,0.6984,1.396,-1.080493,-0.442327,-0.681424,1.395968,0.020876,0.066152,0.00217
0.65,4,9,608.0,162.0,0.507,-0.3993,0.077,1,1,0,0.02947,0.6976,1.3968,-1.040365,-0.557593,-0.66816,1.396818,0.053939,0.067276,-0.001092
0.65,5,0,32.0,198.0,0.5028,0.4112,0.0248,0,0,0,,,,,,,,,,
0.65,5,1,96.0,198.0,0.546,0.3526,0.0069,0,0,0,,,,,,,,,,
0.65,5,2,160.0,198.0,0.5889,0.275,-0.0109,0,0,0,,,,,,,,,,
0.65,5,3,224.0,198.0,0.625,0.1767,-0.0258,0,1,0,0.20342,,1.4032,,,,,,,
0.65,5,4,288.0,198.0,0.6462,0.0612,-0.0346,0,1,0,0.17769,,1.3097,,,,,,,
0.65,5,5,352.0,198.0,0.6462,-0.0612,-0.0346,0,1,0,0.14505,,1.3494,,,,,,,
0.65,5,6,416.0,198.0,0.625,-0.1767,-0.0258,0,1,0,0.11743,,1.3915,,,,,,,
0.65,5,7,480.0,198.0,0.5889,-0.275,-0.0109,0,1,0,0.09185,,1.392,,,,,,,
0.65,5,8,544.0,198.0,0.546,-0.3526,0.0069,0,1,0,0.06891,,1.3929,,,,,,,
0.65,5,9,608.0,198.0,0.5028,-0.4112,0.0248,1,1,0,0.04934,0.7006,1.3938,-0.957885,-0.534056,-0.751578,1.393833,0.025514,0.064487,0.005802
0.65,6,0,32.0,234.0,0.4949,0.4204,-0.0287,0,0,0,,,,,,,,,,
0.65,6,1,96.0,234.0,0.538,0.361,-0.0525,0,0,0,,,,,,,,,,
0.65,6,2,160.0,234.0,0.5807,0.2819,-0.0761,0,0,0,,,,,,,,,,
0.65,6,3,224.0,234.0,0.6168,0.1813,-0.0959,0,1,0,0.241,,1.4457,,,,,,,
0.65,6,4,288.0,234.0,0.6379,0.0628,-0.1076,0,1,0,0.21312,,1.4262,,,,,,,
0.65,6,5,352.0,234.0,0.6379,-0.0628,-0.1076,0,1,0,0.18127,,1.277,,,,,,,
0.65,6,6,416.0,234.0,0.6168,-0.1813,-0.0959,0,1,0,0.14483,,1.3397,,,,,,,
0.65,6,7,480.0,234.0,0.5807,-0.2819,-0.0761,0,1,0,0.11617,,1.3897,,,,,,,
0.65,6,8,544.0,234.0,0.538,-0.361,-0.0525,0,1,0,0.09139,,1.3904,,,,,,,
0.65,6,9,608.0,234.0,0.4949,-0.4204,-0.0287,0,1,0,0.0699,,1.3913,,,,,,,
0.65,7,0,32.0,270.0,0.4834,0.4267,-0.0824,0,0,0,,,,,,,,,,
0.65,7,1,96.0,270.0,0.5252,0.3663,-0.1117,0,0,0,,,,,,,,,,
0.65,7,2,160.0,270.0,0.5666,0.2859,-0.1407,0,0,0,,,,,,,,,,
0.65,7,3,224.0,270.0,0.6013,0.1838,-0.165,0,1,0,0.27414,,1.5017,,,,,,,
0.65,7,4,288.0,270.0,0.6216,0.0636,-0.1792,0,1,0,0.26449,,2.0419,,,,,,,
0.65,7,5,352.0,270.0,0.6216,-0.0636,-0.1792,0,1,0,0.21669,,1.2457,,,,,,,
0.65,7,6,416.0,270.0,0.6013,-0.1838,-0.165,0,1,0,0.17879,,1.2683,,,,,,,
0.65,7,7,480.0,270.0,0.5666,-0.2859,-0.1407,0,1,0,0.14122,,1.3501,,,,,,,
0.65,7,8,544.0,270.0,0.5252,-0.3663,-0.1117,0,1,0,0.11398,,1.3887,,,,,,,
0.65,7,9,608.0,270.0,0.4834,-0.4267,-0.0824,0,1,0,0.09073,,1.3895,,,,,,,
0.65,8,0,32.0,306.0,0.4686,0.4297,-0.1352,0,0,0,,,,,,,,,,
0.65,8,1,96.0,306.0,0.5081,0.3683,-0.1693,0,0,0,,,,,,,,,,
0.65,8,2,160.0,306.0,0.5469,0.2869,-0.2028,0,0,0,,,,,,,,,,
0.65,8,3,224.0,306.0,0.5792,0.184,-0.2306,0,1,0,0.32701,,1.4836,,,,,,,
0.65,8,4,288.0,306.0,0.5979,0.0636,-0.2468,0,1,0,0.29644,,2.2816,,,,,,,
0.65,8,5,352.0,306.0,0.5979,-0.0636,-0.2468,0,1,0,0.25404,,1.2694,,,,,,,
0.65,8,6,416.0,306.0,0.5792,-0.184,-0.2306,0,1,0,0.21188,,1.2331,,,,,,,
0.65,8,7,480.0,306.0,0.5469,-0.2869,-0.2028,0,1,0,0.17244,,1.273,,,,,,,
0.65,8,8,544.0,306.0,0.5081,-0.3683,-0.1693,0,1,0,0.13618,,1.3799,,,,,,,
0.65,8,9,608.0,306.0,0.4686,-0.4297,-0.1352,0,1,0,0.11141,,1.3882,,,,,,,
0.65,9,0,32.0,342.0,0.4508,0.4298,-0.1859,0,0,0,,,,,,,,,,
0.65,9,1,96.0,342.0,0.4874,0.3672,-0.2239,0,0,0,,,,,,,,,,
0.65,9,2,160.0,342.0,0.5227,0.285,-0.2607,0,0,0,,,,,,,,,,
0.65,9,3,224.0,342.0,0.5519,0.1823,-0.291,0,1,0,0.36431,,1.4842,,,,,,,
0.65,9,4,288.0,342.0,0.5687,0.0629,-0.3085,0,1,0,0.332,,2.2737,,,,,,,
0.65,9,5,352.0,342.0,0.5687,-0.0629,-0.3085,0,1,0,0.28016,,1.4191,,,,,,,
0.65,9,6,416.0,342.0,0.5519,-0.1823,-0.291,0,1,0,0.24496,,1.2293,,,,,,,
0.65,9,7,480.0,342.0,0.5227,-0.285,-0.2607,0,1,0,0.20267,,1.2378,,,,,,,
0.65,9,8,544.0,342.0,0.4874,-0.3672,-0.2239,0,1,0,0.16425,,1.2838,,,,,,,
0.65,9,9,608.0,342.0,0.4508,-0.4298,-0.1859,0,1,0,0.13155,,1.3875,,,,,,,
0.7,0,0,32.0,18.0,0.5351,0.3686,0.2604,0,0,0,,,,,,,,,,
0.7,0,1,96.0,18.0,0.5697,0.3085,0.265,0,0,0,,,,,,,,,,
0.7,0,2,160.0,18.0,0.6019,0.2349,0.2693,0,0,0,,,,,,,,,,
0.7,0,3,224.0,18.0,0.6275,0.1478,0.2727,0,1,0,0.12024,,1.6422,,,,,,,
0.7,0,4,288.0,18.0,0.6419,0.0506,0.2746,0,1,0,0.09849,,1.6025,,,,,,,
0.7,0,5,352.0,18.0,0.6419,-0.0506,0.2746,0,1,0,0.07666,,1.5607,,,,,,,
0.7,0,6,416.0,18.0,0.6275,-0.1478,0.2727,0,1,0,0.05637,,1.5167,,,,,,,
0.7,0,7,480.0,18.0,0.6019,-0.2349,0.2693,1,1,0,0.03882,0.6957,1.4711,-1.47114,-0.372189,-0.602996,1.398687,0.040708,0.071264,-0.004188
0.7,0,8,544.0,18.0,0.5697,-0.3085,0.265,1,1,0,0.02449,0.6958,1.4249,-1.424919,-0.49951,-0.620127,1.39857,0.076298,0.069956,-0.005744
0.7,0,9,608.0,18.0,0.5351,-0.3686,0.2604,1,1,0,0.01323,0.6965,1.3979,-1.378765,-0.610476,-0.63836,1.397922,0.106703,0.069239,-0.008253
0.7,1,0,32.0,54.0,0.5414,0.3867,0.2177,0,0,0,,,,,,,,,,
0.7,1,1,96.0,54.0,0.5796,0.3256,0.2192,0,0,0,,,,,,,,,,
0.7,1,2,160.0,54.0,0.6157,0.2494,0.2206,0,0,0,,,,,,,,,,
0.7,1,3,224.0,54.0,0.6449,0.1578,0.2217,0,1,0,0.1413,,1.5691,,,,,,,
0.7,1,4,288.0,54.0,0.6615,0.0541,0.2224,0,0,0,,,,,,,,,,
0.7,1,5,352.0,54.0,0.6615,-0.0541,0.2224,0,0,0,,,,,,,,,,
0.7,1,6,416.0,54.0,0.6449,-0.1578,0.2217,0,1,0,0.07485,,1.439,,,,,,,
0.7,1,7,480.0,54.0,0.6157,-0.2494,0.2206,0,1,0,0.05593,,1.3957,,,,,,,
0.7,1,8,544.0,54.0,0.5796,-0.3256,0.2192,1,1,0,0.04029,0.6987,1.3957,-1.345984,-0.492033,-0.700482,1.395719,0.057416,0.069617,-0.001435
0.7,1,9,608.0,54.0,0.5414,-0.3867,0.2177,1,1,0,0.02785,0.6986,1.3958,-1.300089,-0.604874,-0.711889,1.395787,0.087174,0.068889,-0.003392
0.7,2,0,32.0,90.0,0.5455,0.4041,0.1709,0,0,0,,,,,,,,,,
0.7,2,1,96.0,90.0,0.587,0.3423,0.1683,0,0,0,,,,,,,,,,
0.7,2,2,160.0,90.0,0.6269,0.2637,0.1658,0,0,0,,,,,,,,,,
0.7,2,3,224.0,90.0,0.6596,0.1677,0.1637,0,0,0,,,,,,,,,,
0.7,2,4,288.0,90.0,0.6784,0.0577,0.1625,0,0,0,,,,,,,,,,
0.7,2,5,352.0,90.0,0.6784,-0.0577,0.1625,0,0,0,,,,,,,,,,
0.7,2,6,416.0,90.0,0.6596,-0.1677,0.1637,0,0,0,,,,,,,,,,
0.7,2,7,480.0,90.0,0.6269,-0.2637,0.1658,0,1,0,0.07518,,1.3927,,,,,,,
0.7,2,8,544.0,90.0,0.587,-0.3423,0.1683,0,1,0,0.05799,,1.3929,,,,,,,
0.7,2,9,608.0,90.0,0.5455,-0.4041,0.1709,1,1,0,0.0441,0.7012,1.3932,-1.218323,-0.595039,-0.785664,1.393172,0.062789,0.068156,0.002412
0.7,3,0,32.0,126.0,0.5468,0.4203,0.1201,0,0,0,,,,,,,,,,
0.7,3,1,96.0,126.0,0.591,0.3578,0.1125,0,0,0,,,,,,,,,,
0.7,3,2,160.0,126.0,0.6341,0.2772,0.1052,0,0,0,,,,,,,,,,
0.7,3,3,224.0,126.0,0.67,0.1771,0.099,0,0,0,,,,,,,,,,
0.7,3,4,288.0,126.0,0.6908,0.0611,0.0955,0,0,0,,,,,,,,,,
0.7,3,5,352.0,126.0,0.6908,-0.0611,0.0955,0,0,0,,,,,,,,,,
0.7,3,6,416.0,126.0,0.67,-0.1771,0.099,0,0,0,,,,,,,,,,
0.7,3,7,480.0,126.0,0.6341,-0.2772,0.1052,0,1,0,0.09644,,1.39,,,,,,,
0.7,3,8,544.0,126.0,0.591,-0.3578,0.1125,0,1,0,0.07746,,1.3904,,,,,,,
0.7,3,9,608.0,126.0,0.5468,-0.4203,0.1201,0,1,0,0.06189,,1.3908,,,,,,,
0.7,4,0,32.0,162.0,0.5448,0.4346,0.0661,0,0,0,,,,,,,,,,
0.7,4,1,96.0,162.0,0.5909,0.3716,0.0528,0,0,0,,,,,,,,,,
0.7,4,2,160.0,162.0,0.6363,0.289,0.0397,0,0,0,,,,,,,,,,
0.7,4,3,224.0,162.0,0.6744,0.1853,0.0288,0,0,0,,,,,,,,,,
0.7,4,4,288.0,162.0,0.6967,0.0641,0.0223,0,0,0,,,,,,,,,,
0.7,4,5,352.0,162.0,0.6967,-0.0641,0.0223,0,0,0,,,,,,,,,,
0.7,4,6,416.0,162.0,0.6744,-0.1853,0.0288,0,0,0,,,,,,,,,,
0.7,4,7,480.0,162.0,0.6363,-0.289,0.0397,0,1,0,0.11937,,1.3878,,,,,,,
0.7,4,8,544.0,162.0,0.5909,-0.3716,0.0528,0,1,0,0.09846,,1.3883,,,,,,,
0.7,4,9,608.0,162.0,0.5448,-0.4346,0.0661,0,1,0,0.08102,,1.3888,,,,,,,
0.7,5,0,32.0,198.0,0.539,0.4465,0.0098,0,0,0,,,,,,,,,,
0.7,5,1,96.0,198.0,0.586,0.3828,-0.0097,0,0,0,,,,,,,,,,
0.7,5,2,160.0,198.0,0.6325,0.2985,-0.029,0,0,0,,,,,,,,,,
0.7,5,3,224.0,198.0,0.6717,0.1918,-0.0452,0,0,0,,,,,,,,,,
0.7,5,4,288.0,198.0,0.6947,0.0664,-0.0547,0,0,0,,,,,,,,,,
0.7,5,5,352.0,198.0,0.6947,-0.0664,-0.0547,0,0,0,,,,,,,,,,
0.7,5,6,416.0,198.0,0.6717,-0.1918,-0.0452,0,0,0,,,,,,,,,,
0.7,5,7,480.0,198.0,0.6325,-0.2985,-0.029,0,1,0,0.14491,,1.3377,,,,,,,
0.7,5,8,544.0,198.0,0.586,-0.3828,-0.0097,0,1,0,0.12059,,1.3867,,,,,,,
0.7,5,9,608.0,198.0,0.539,-0.4465,0.0098,0,1,0,0.10118,,1.3873,,,,,,,
0.7,6,0,32.0,234.0,0.5294,0.4554,-0.0478,0,0,0,,,,,,,,,,
0.7,6,1,96.0,234.0,0.576,0.3909,-0.0734,0,0,0,,,,,,,,,,
0.7,6,2,160.0,234.0,0.6221,0.3052,-0.0989,0,0,0,,,,,,,,,,
0.7,6,3,224.0,234.0,0.6611,0.1963,-0.1203,0,0,0,,,,,,,,,,
0.7,6,4,288.0,234.0,0.6839,0.068,-0.1329,0,0,0,,,,,,,,,,
0.7,6,5,352.0,234.0,0.6839,-0.068,-0.1329,0,0,0,,,,,,,,,,
0.7,6,6,416.0,234.0,0.6611,-0.1963,-0.1203,0,0,0,,,,,,,,,,
0.7,6,7,480.0,234.0,0.6221,-0.3052,-0.0989,0,1,0,0.17788,,1.2659,,,,,,,
0.7,6,8,544.0,234.0,0.576,-0.3909,-0.0734,0,1,0,0.1448,,1.3367,,,,,,,
0.7,6,9,608.0,234.0,0.5294,-0.4554,-0.0478,0,1,0,0.12199,,1.3862,,,,,,,
0.7,7,0,32.0,270.0,0.516,0.4611,-0.1053,0,0,0,,,,,,,,,,
0.7,7,1,96.0,270.0,0.561,0.3957,-0.1368,0,0,0,,,,,,,,,,
0.7,7,2,160.0,270.0,0.6054,0.3087,-0.1679,0,0,0,,,,,,,,,,
0.7,7,3,224.0,270.0,0.6427,0.1984,-0.194,0,1,0,0.38171,,1.4678,,,,,,,
0.7,7,4,288.0,270.0,0.6645,0.0687,-0.2092,0,0,0,,,,,,,,,,
0.7,7,5,352.0,270.0,0.6645,-0.0687,-0.2092,0,0,0,,,,,,,,,,
0.7,7,6,416.0,270.0,0.6427,-0.1984,-0.194,0,1,0,0.25226,,1.2252,,,,,,,
0.7,7,7,480.0,270.0,0.6054,-0.3087,-0.1679,0,1,0,0.2114,,1.3277,,,,,,,
0.7,7,8,544.0,270.0,0.561,-0.3957,-0.1368,0,1,0,0.17566,,1.2673,,,,,,,
0.7,7,9,608.0,270.0,0.516,-0.4611,-0.1053,0,1,0,0.14451,,1.3368,,,,,,,
0.7,8,0,32.0,306.0,0.4991,0.4635,-0.1615,0,0,0,,,,,,,,,,
0.7,8,1,96.0,306.0,0.5415,0.397,-0.1981,0,0,0,,,,,,,,,,
0.7,8,2,160.0,306.0,0.5829,0.309,-0.2339,0,0,0,,,,,,,,,,
0.7,8,3,224.0,306.0,0.6175,0.1981,-0.2636,0,1,0,0.42663,,1.4786,,,,,,,
0.7,8,4,288.0,306.0,0.6375,0.0685,-0.2809,0,1,0,0.38709,,1.4685,,,,,,,
0.7,8,5,352.0,306.0,0.6375,-0.0685,-0.2809,0,1,0,0.32823,,1.5163,,,,,,,
0.7,8,6,416.0,306.0,0.6175,-0.1981,-0.2636,0,1,0,0.29024,,1.2341,,,,,,,
0.7,8,7,480.0,306.0,0.5829,-0.309,-0.2339,0,1,0,0.24544,,1.2598,,,,,,,
0.7,8,8,544.0,306.0,0.5415,-0.397,-0.1981,0,1,0,0.20651,,1.3344,,,,,,,
0.7,8,9,608.0,306.0,0.4991,-0.4635,-0.1615,0,1,0,0.173,,1.2709,,,,,,,
0.7,9,0,32.0,342.0,0.4792,0.4626,-0.2154,0,0,0,,,,,,,,,,
0.7,9,1,96.0,342.0,0.5182,0.3949,-0.256,0,0,0,,,,,,,,,,
0.7,9,2,160.0,342.0,0.5559,0.3064,-0.2952,0,0,0,,,,,,,,,,
0.7,9,3,224.0,342.0,0.5869,0.1958,-0.3275,0,1,0,0.46838,,1.4884,,,,,,,
0.7,9,4,288.0,342.0,0.6047,0.0676,-0.346,0,1,0,0.42612,,1.4765,,,,,,,
0.7,9,5,352.0,342.0,0.6047,-0.0676,-0.346,0,1,0,0.35952,,1.4149,,,,,,,
0.7,9,6,416.0,342.0,0.5869,-0.1958,-0.3275,0,1,0,0.32043,,1.2348,,,,,,,
0.7,9,7,480.0,342.0,0.5559,-0.3064,-0.2952,0,1,0,0.2786,,1.2151,,,,,,,
0.7,9,8,544.0,342.0,0.5182,-0.3949,-0.256,0,1,0,0.23713,,1.3528,,,,,,,
0.7,9,9,608.0,342.0,0.4792,-0.4626,-0.2154,0,1,0,0.20114,,1.2855,,,,,,,
0.75,0,0,32.0,18.0,0.5753,0.4012,0.2657,0,0,0,,,,,,,,,,
0.75,0,1,96.0,18.0,0.6134,0.336,0.2708,0,0,0,,,,,,,,,,
0.75,0,2,160.0,18.0,0.6489,0.256,0.2755,0,0,0,,,,,,,,,,
0.75,0,3,224.0,18.0,0.6771,0.1612,0.2793,0,0,0,,,,,,,,,,
0.75,0,4,288.0,18.0,0.693,0.0552,0.2814,0,0,0,,,,,,,,,,
0.75,0,5,352.0,18.0,0.693,-0.0552,0.2814,0,0,0,,,,,,,,,,
0.75,0,6,416.0,18.0,0.6771,-0.1612,0.2793,0,0,0,,,,,,,,,,
0.75,0,7,480.0,18.0,0.6489,-0.256,0.2755,0,1,0,0.08883,,1.4884,,,,,,,
0.75,0,8,544.0,18.0,0.6134,-0.336,0.2708,0,1,0,0.07466,,1.4418,,,,,,,
0.75,0,9,608.0,18.0,0.5753,-0.4012,0.2657,0,1,0,0.06368,,1.3955,,,,,,,
0.75,1,0,32.0,54.0,0.5813,0.4201,0.2193,0,0,0,,,,,,,,,,
0.75,1,1,96.0,54.0,0.6232,0.3541,0.2209,0,0,0,,,,,,,,,,
0.75,1,2,160.0,54.0,0.6629,0.2714,0.2224,0,0,0,,,,,,,,,,
0.75,1,3,224.0,54.0,0.695,0.1718,0.2236,0,0,0,,,,,,,,,,
0.75,1,4,288.0,54.0,0.7132,0.059,0.2243,0,0,0,,,,,,,,,,
0.75,1,5,352.0,54.0,0.7132,-0.059,0.2243,0,0,0,,,,,,,,,,
0.75,1,6,416.0,54.0,0.695,-0.1718,0.2236,0,0,0,,,,,,,,,,
0.75,1,7,480.0,54.0,0.6629,-0.2714,0.2224,0,0,0,,,,,,,,,,
0.75,1,8,544.0,54.0,0.6232,-0.3541,0.2209,0,1,0,0.09075,,1.3879,,,,,,,
0.75,1,9,608.0,54.0,0.5813,-0.4201,0.2193,0,1,0,0.07857,,1.388,,,,,,,
0.75,2,0,32.0,90.0,0.5849,0.4383,0.1684,0,0,0,,,,,,,,,,
0.75,2,1,96.0,90.0,0.6302,0.3715,0.1656,0,0,0,,,,,,,,,,
0.75,2,2,160.0,90.0,0.6738,0.2864,0.1628,0,0,0,,,,,,,,,,
0.75,2,3,224.0,90.0,0.7096,0.1822,0.1606,0,0,0,,,,,,,,,,
0.75,2,4,288.0,90.0,0.7302,0.0627,0.1593,0,0,0,,,,,,,,,,
0.75,2,5,352.0,90.0,0.7302,-0.0627,0.1593,0,0,0,,,,,,,,,,
0.75,2,6,416.0,90.0,0.7096,-0.1822,0.1606,0,0,0,,,,,,,,,,
0.75,2,7,480.0,90.0,0.6738,-0.2864,0.1628,0,0,0,,,,,,,,,,
0.75,2,8,544.0,90.0,0.6302,-0.3715,0.1656,0,1,0,0.10874,,1.3863,,,,,,,
0.75,2,9,608.0,90.0,0.5849,-0.4383,0.1684,0,1,0,0.0951,,1.3865,,,,,,,
0.75,3,0,32.0,126.0,0.5853,0.455,0.1135,0,0,0,,,,,,,,,,
0.75,3,1,96.0,126.0,0.6334,0.3875,0.1053,0,0,0,,,,,,,,,,
0.75,3,2,160.0,126.0,0.6803,0.3003,0.0973,0,0,0,,,,,,,,,,
0.75,3,3,224.0,126.0,0.7194,0.1919,0.0906,0,0,0,,,,,,,,,,
0.75,3,4,288.0,126.0,0.742,0.0662,0.0867,0,0,0,,,,,,,,,,
0.75,3,5,352.0,126.0,0.742,-0.0662,0.0867,0,0,0,,,,,,,,,,
0.75,3,6,416.0,126.0,0.7194,-0.1919,0.0906,0,0,0,,,,,,,,,,
0.75,3,7,480.0,126.0,0.6803,-0.3003,0.0973,0,0,0,,,,,,,,,,
0.75,3,8,544.0,126.0,0.6334,-0.3875,0.1053,0,1,0,0.12851,,1.3851,,,,,,,
0.75,3,9,608.0,126.0,0.5853,-0.455,0.1135,0,1,0,0.11316,,1.3854,,,,,,,
0.75,4,0,32.0,162.0,0.5822,0.4696,0.0553,0,0,0,,,,,,,,,,
0.75,4,1,96.0,162.0,0.6321,0.4016,0.0409,0,0,0,,,,,,,,,,
0.75,4,2,160.0,162.0,0.6813,0.3124,0.0268,0,0,0,,,,,,,,,,
0.75,4,3,224.0,162.0,0.7226,0.2003,0.0149,0,0,0,,,,,,,,,,
0.75,4,4,288.0,162.0,0.7468,0.0693,0.0079,0,0,0,,,,,,,,,,
0.75,4,5,352.0,162.0,0.7468,-0.0693,0.0079,0,0,0,,,,,,,,,,
0.75,4,6,416.0,162.0,0.7226,-0.2003,0.0149,0,0,0,,,,,,,,,,
0.75,4,7,480.0,162.0,0.6813,-0.3124,0.0268,0,0,0,,,,,,,,,,
0.75,4,8,544.0,162.0,0.6321,-0.4016,0.0409,0,1,0,0.15307,,1.3126,,,,,,,
0.75,4,9,608.0,162.0,0.5822,-0.4696,0.0553,0,1,0,0.13255,,1.3847,,,,,,,
0.75,5,0,32.0,198.0,0.575,0.4815,-0.0051,0,0,0,,,,,,,,,,
0.75,5,1,96.0,198.0,0.6256,0.4128,-0.0261,0,0,0,,,,,,,,,,
0.75,5,2,160.0,198.0,0.6758,0.3219,-0.0469,0,0,0,,,,,,,,,,
0.75,5,3,224.0,198.0,0.718,0.2069,-0.0644,0,0,0,,,,,,,,,,
0.75,5,4,288.0,198.0,0.7428,0.0716,-0.0747,0,0,0,,,,,,,,,,
0.75,5,5,352.0,198.0,0.7428,-0.0716,-0.0747,0,0,0,,,,,,,,,,
0.75,5,6,416.0,198.0,0.718,-0.2069,-0.0644,0,0,0,,,,,,,,,,
0.75,5,7,480.0,198.0,0.6758,-0.3219,-0.0469,0,0,0,,,,,,,,,,
0.75,5,8,544.0,198.0,0.6256,-0.4128,-0.0261,0,1,0,0.18355,,1.294,,,,,,,
0.75,5,9,608.0,198.0,0.575,-0.4815,-0.0051,0,1,0,0.15749,,1.3018,,,,,,,
0.75,6,0,32.0,234.0,0.5637,0.4902,-0.0667,0,0,0,,,,,,,,,,
0.75,6,1,96.0,234.0,0.6137,0.4207,-0.0942,0,0,0,,,,,,,,,,
0.75,6,2,160.0,234.0,0.6633,0.3284,-0.1216,0,0,0,,,,,,,,,,
0.75,6,3,224.0,234.0,0.705,0.2111,-0.1446,0,0,0,,,,,,,,,,
0.75,6,4,288.0,234.0,0.7295,0.0731,-0.1581,0,0,0,,,,,,,,,,
0.75,6,5,352.0,234.0,0.7295,-0.0731,-0.1581,0,0,0,,,,,,,,,,
0.75,6,6,416.0,234.0,0.705,-0.2111,-0.1446,0,0,0,,,,,,,,,,
0.75,6,7,480.0,234.0,0.6633,-0.3284,-0.1216,0,0,0,,,,,,,,,,
0.75,6,8,544.0,234.0,0.6137,-0.4207,-0.0942,0,1,0,0.2154,,1.3293,,,,,,,
0.75,6,9,608.0,234.0,0.5637,-0.4902,-0.0667,0,1,0,0.18651,,1.2572,,,,,,,
0.75,7,0,32.0,270.0,0.5484,0.4954,-0.1279,0,0,0,,,,,,,,,,
0.75,7,1,96.0,270.0,0.5965,0.4249,-0.1617,0,0,0,,,,,,,,,,
0.75,7,2,160.0,270.0,0.644,0.3314,-0.1949,0,0,0,,,,,,,,,,
0.75,7,3,224.0,270.0,0.6838,0.2129,-0.2228,0,0,0,,,,,,,,,,
0.75,7,4,288.0,270.0,0.7071,0.0737,-0.239,0,0,0,,,,,,,,,,
0.75,7,5,352.0,270.0,0.7071,-0.0737,-0.239,0,0,0,,,,,,,,,,
0.75,7,6,416.0,270.0,0.6838,-0.2129,-0.2228,0,0,0,,,,,,,,,,
0.75,7,7,480.0,270.0,0.644,-0.3314,-0.1949,0,1,0,0.28693,,1.2158,,,,,,,
0.75,7,8,544.0,270.0,0.5965,-0.4249,-0.1617,0,1,0,0.24858,,1.3342,,,,,,,
0.75,7,9,608.0,270.0,0.5484,-0.4954,-0.1279,0,1,0,0.21627,,1.2525,,,,,,,
0.75,8,0,32.0,306.0,0.5294,0.497,-0.1877,0,0,0,,,,,,,,,,
0.75,8,1,96.0,306.0,0.5746,0.4254,-0.2266,0,0,0,,,,,,,,,,
0.75,8,2,160.0,306.0,0.6187,0.331,-0.2647,0,0,0,,,,,,,,,,
0.75,8,3,224.0,306.0,0.6555,0.2121,-0.2964,0,0,0,,,,,,,,,,
0.75,8,4,288.0,306.0,0.6768,0.0733,-0.3148,0,0,0,,,,,,,,,,
0.75,8,5,352.0,306.0,0.6768,-0.0733,-0.3148,0,0,0,,,,,,,,,,
0.75,8,6,416.0,306.0,0.6555,-0.2121,-0.2964,0,0,0,,,,,,,,,,
0.75,8,7,480.0,306.0,0.6187,-0.331,-0.2647,0,1,0,0.32053,,1.2156,,,,,,,
0.75,8,8,544.0,306.0,0.5746,-0.4254,-0.2266,0,1,0,0.28264,,1.3218,,,,,,,
0.75,8,9,608.0,306.0,0.5294,-0.497,-0.1877,0,1,0,0.24648,,1.3039,,,,,,,
0.75,9,0,32.0,342.0,0.5073,0.4952,-0.2447,0,0,0,,,,,,,,,,
0.75,9,1,96.0,342.0,0.5488,0.4225,-0.2878,0,0,0,,,,,,,,,,
0.75,9,2,160.0,342.0,0.5888,0.3276,-0.3295,0,0,0,,,,,,,,,,
0.75,9,3,224.0,342.0,0.6217,0.2092,-0.3637,0,0,0,,,,,,,,,,
0.75,9,4,288.0,342.0,0.6406,0.0722,-0.3834,0,0,0,,,,,,,,,,
0.75,9,5,352.0,342.0,0.6406,-0.0722,-0.3834,0,0,0,,,,,,,,,,
0.75,9,6,416.0,342.0,0.6217,-0.2092,-0.3637,0,0,0,,,,,,,,,,
0.75,9,7,480.0,342.0,0.5888,-0.3276,-0.3295,0,1,0,0.35002,,1.189,,,,,,,
0.75,9,8,544.0,342.0,0.5488,-0.4225,-0.2878,0,1,0,0.31664,,1.3617,,,,,,,
0.75,9,9,608.0,342.0,0.5073,-0.4952,-0.2447,0,1,0,0.27636,,1.4758,,,,,,,
0.8,0,0,32.0,18.0,0.6153,0.4336,0.271,0,0,0,,,,,,,,,,
0.8,0,1,96.0,18.0,0.6568,0.3634,0.2766,0,0,0,,,,,,,,,,
0.8,0,2,160.0,18.0,0.6956,0.277,0.2817,0,0,0,,,,,,,,,,
0.8,0,3,224.0,18.0,0.7265,0.1746,0.2858,0,0,0,,,,,,,,,,
0.8,0,4,288.0,18.0,0.7439,0.0598,0.2881,0,0,0,,,,,,,,,,
0.8,0,5,352.0,18.0,0.7439,-0.0598,0.2881,0,0,0,,,,,,,,,,
0.8,0,6,416.0,18.0,0.7265,-0.1746,0.2858,0,0,0,,,,,,,,,,
0.8,0,7,480.0,18.0,0.6956,-0.277,0.2817,0,0,0,,,,,,,,,,
0.8,0,8,544.0,18.0,0.6568,-0.3634,0.2766,0,0,0,,,,,,,,,,
0.8,0,9,608.0,18.0,0.6153,-0.4336,0.271,0,1,0,0.11426,,1.4107,,,,,,,
0.8,1,0,32.0,54.0,0.621,0.4534,0.2208,0,0,0,,,,,,,,,,
0.8,1,1,96.0,54.0,0.6666,0.3823,0.2226,0,0,0,,,,,,,,,,
0.8,1,2,160.0,54.0,0.7098,0.2932,0.2242,0,0,0,,,,,,,,,,
0.8,1,3,224.0,54.0,0.7447,0.1857,0.2256,0,0,0,,,,,,,,,,
0.8,1,4,288.0,54.0,0.7647,0.0638,0.2263,0,0,0,,,,,,,,,,
0.8,1,5,352.0,54.0,0.7647,-0.0638,0.2263,0,0,0,,,,,,,,,,
0.8,1,6,416.0,54.0,0.7447,-0.1857,0.2256,0,0,0,,,,,,,,,,
0.8,1,7,480.0,54.0,0.7098,-0.2932,0.2242,0,0,0,,,,,,,,,,
0.8,1,8,544.0,54.0,0.6666,-0.3823,0.2226,0,0,0,,,,,,,,,,
0.8,1,9,608.0,54.0,0.621,-0.4534,0.2208,0,1,0,0.12938,,1.3839,,,,,,,
0.8,2,0,32.0,90.0,0.624,0.4723,0.1659,0,0,0,,,,,,,,,,
0.8,2,1,96.0,90.0,0.6731,0.4005,0.1629,0,0,0,,,,,,,,,,
0.8,2,2,160.0,90.0,0.7204,0.3089,0.1599,0,0,0,,,,,,,,,,
0.8,2,3,224.0,90.0,0.7593,0.1966,0.1575,0,0,0,,,,,,,,,,
0.8,2,4,288.0,90.0,0.7817,0.0677,0.1561,0,0,0,,,,,,,,,,
0.8,2,5,352.0,90.0,0.7817,-0.0677,0.1561,0,0,0,,,,,,,,,,
0.8,2,6,416.0,90.0,0.7593,-0.1966,0.1575,0,0,0,,,,,,,,,,
0.8,2,7,480.0,90.0,0.7204,-0.3089,0.1599,0,0,0,,,,,,,,,,
0.8,2,8,544.0,90.0,0.6731,-0.4005,0.1629,0,0,0,,,,,,,,,,
0.8,2,9,608.0,90.0,0.624,-0.4723,0.1659,0,1,0,0.14777,,1.3337,,,,,,,
0.8,3,0,32.0,126.0,0.6237,0.4895,0.107,0,0,0,,,,,,,,,,
0.8,3,1,96.0,126.0,0.6756,0.4171,0.0981,0,0,0,,,,,,,,,,
0.8,3,2,160.0,126.0,0.7263,0.3233,0.0894,0,0,0,,,,,,,,,,
0.8,3,3,224.0,126.0,0.7685,0.2066,0.0822,0,0,0,,,,,,,,,,
0.8,3,4,288.0,126.0,0.793,0.0713,0.078,0,0,0,,,,,,,,,,
0.8,3,5,352.0,126.0,0.793,-0.0713,0.078,0,0,0,,,,,,,,,,
0.8,3,6,416.0,126.0,0.7685,-0.2066,0.0822,0,0,0,,,,,,,,,,
0.8,3,7,480.0,126.0,0.7263,-0.3233,0.0894,0,0,0,,,,,,,,,,
0.8,3,8,544.0,126.0,0.6756,-0.4171,0.0981,0,0,0,,,,,,,,,,
0.8,3,9,608.0,126.0,0.6237,-0.4895,0.107,0,1,0,0.17283,,1.2783,,,,,,,
0.8,4,0,32.0,162.0,0.6194,0.5044,0.0446,0,0,0,,,,,,,,,,
0.8,4,1,96.0,162.0,0.6731,0.4314,0.0291,0,0,0,,,,,,,,,,
0.8,4,2,160.0,162.0,0.7261,0.3356,0.0139,0,0,0,,,,,,,,,,
0.8,4,3,224.0,162.0,0.7705,0.2152,0.0011,0,0,0,,,,,,,,,,
0.8,4,4,288.0,162.0,0.7965,0.0744,-0.0064,0,0,0,,,,,,,,,,
0.8,4,5,352.0,162.0,0.7965,-0.0744,-0.0064,0,0,0,,,,,,,,,,
0.8,4,6,416.0,162.0,0.7705,-0.2152,0.0011,0,0,0,,,,,,,,,,
0.8,4,7,480.0,162.0,0.7261,-0.3356,0.0139,0,0,0,,,,,,,,,,
0.8,4,8,544.0,162.0,0.6731,-0.4314,0.0291,0,0,0,,,,,,,,,,
0.8,4,9,608.0,162.0,0.6194,-0.5044,0.0446,0,1,0,0.20021,,1.2515,,,,,,,
0.8,5,0,32.0,198.0,0.6108,0.5163,-0.02,0,0,0,,,,,,,,,,
0.8,5,1,96.0,198.0,0.6651,0.4426,-0.0425,0,0,0,,,,,,,,,,
0.8,5,2,160.0,198.0,0.7188,0.3452,-0.0647,0,0,0,,,,,,,,,,
0.8,5,3,224.0,198.0,0.7641,0.2218,-0.0835,0,0,0,,,,,,,,,,
0.8,5,4,288.0,198.0,0.7907,0.0768,-0.0945,0,0,0,,,,,,,,,,
0.8,5,5,352.0,198.0,0.7907,-0.0768,-0.0945,0,0,0,,,,,,,,,,
0.8,5,6,416.0,198.0,0.7641,-0.2218,-0.0835,0,0,0,,,,,,,,,,
0.8,5,7,480.0,198.0,0.7188,-0.3452,-0.0647,0,0,0,,,,,,,,,,
0.8,5,8,544.0,198.0,0.6651,-0.4426,-0.0425,0,0,0,,,,,,,,,,
0.8,5,9,608.0,198.0,0.6108,-0.5163,-0.02,0,1,0,0.22936,,1.2342,,,,,,,
0.8,6,0,32.0,234.0,0.5978,0.5247,-0.0855,0,0,0,,,,,,,,,,
0.8,6,1,96.0,234.0,0.6512,0.4502,-0.1149,0,0,0,,,,,,,,,,
0.8,6,2,160.0,234.0,0.7041,0.3514,-0.1441,0,0,0,,,,,,,,,,
0.8,6,3,224.0,234.0,0.7487,0.2259,-0.1687,0,0,0,,,,,,,,,,
0.8,6,4,288.0,234.0,0.7748,0.0782,-0.1831,0,0,0,,,,,,,,,,
0.8,6,5,352.0,234.0,0.7748,-0.0782,-0.1831,0,0,0,,,,,,,,,,
0.8,6,6,416.0,234.0,0.7487,-0.2259,-0.1687,0,0,0,,,,,,,,,,
0.8,6,7,480.0,234.0,0.7041,-0.3514,-0.1441,0,0,0,,,,,,,,,,
0.8,6,8,544.0,234.0,0.6512,-0.4502,-0.1149,0,0,0,,,,,,,,,,
0.8,6,9,608.0,234.0,0.5978,-0.5247,-0.0855,0,1,0,0.25961,,1.2163,,,,,,,
0.8,7,0,32.0,270.0,0.5806,0.5294,-0.1505,0,0,0,,,,,,,,,,
0.8,7,1,96.0,270.0,0.6318,0.4539,-0.1864,0,0,0,,,,,,,,,,
0.8,7,2,160.0,270.0,0.6823,0.3539,-0.2217,0,0,0,,,,,,,,,,
0.8,7,3,224.0,270.0,0.7247,0.2273,-0.2514,0,0,0,,,,,,,,,,
0.8,7,4,288.0,270.0,0.7494,0.0787,-0.2687,0,0,0,,,,,,,,,,
0.8,7,5,352.0,270.0,0.7494,-0.0787,-0.2687,0,0,0,,,,,,,,,,
0.8,7,6,416.0,270.0,0.7247,-0.2273,-0.2514,0,0,0,,,,,,,,,,
0.8,7,7,480.0,270.0,0.6823,-0.3539,-0.2217,0,0,0,,,,,,,,,,
0.8,7,8,544.0,270.0,0.6318,-0.4539,-0.1864,0,1,0,0.32744,,1.2787,,,,,,,
0.8,7,9,608.0,270.0,0.5806,-0.5294,-0.1505,0,1,0,0.28438,,1.3541,,,,,,,
0.8,8,0,32.0,306.0,0.5595,0.5303,-0.2137,0,0,0,,,,,,,,,,
0.8,8,1,96.0,306.0,0.6075,0.4538,-0.255,0,0,0,,,,,,,,,,
0.8,8,2,160.0,306.0,0.6544,0.3529,-0.2955,0,0,0,,,,,,,,,,
0.8,8,3,224.0,306.0,0.6933,0.2261,-0.329,0,0,0,,,,,,,,,,
0.8,8,4,288.0,306.0,0.7158,0.0781,-0.3485,0,0,0,,,,,,,,,,
0.8,8,5,352.0,306.0,0.7158,-0.0781,-0.3485,0,0,0,,,,,,,,,,
0.8,8,6,416.0,306.0,0.6933,-0.2261,-0.329,0,0,0,,,,,,,,,,
0.8,8,7,480.0,306.0,0.6544,-0.3529,-0.2955,0,0,0,,,,,,,,,,
0.8,8,8,544.0,306.0,0.6075,-0.4538,-0.255,0,1,0,0.35986,,1.5494,,,,,,,
0.8,8,9,608.0,306.0,0.5595,-0.5303,-0.2137,0,1,0,0.32249,,1.5722,,,,,,,
0.8,9,0,32.0,342.0,0.5353,0.5277,-0.2738,0,0,0,,,,,,,,,,
0.8,9,1,96.0,342.0,0.5792,0.45,-0.3195,0,0,0,,,,,,,,,,
0.8,9,2,160.0,342.0,0.6215,0.3486,-0.3635,0,0,0,,,,,,,,,,
0.8,9,3,224.0,342.0,0.6563,0.2226,-0.3997,0,0,0,,,,,,,,,,
0.8,9,4,288.0,342.0,0.6762,0.0768,-0.4205,0,0,0,,,,,,,,,,
0.8,9,5,352.0,342.0,0.6762,-0.0768,-0.4205,0,0,0,,,,,,,,,,
0.8,9,6,416.0,342.0,0.6563,-0.2226,-0.3997,0,0,0,,,,,,,,,,
0.8,9,7,480.0,342.0,0.6215,-0.3486,-0.3635,0,0,0,,,,,,,,,,
0.8,9,8,544.0,342.0,0.5792,-0.45,-0.3195,0,1,0,0.56457,,1.5732,,,,,,,
0.8,9,9,608.0,342.0,0.5353,-0.5277,-0.2738,0,1,0,0.35282,,1.5864,,,,,,,
